point,waveType,dacVoltage,pulse,rawSensor1,rawSensor2,sensor1,sensor2,voltage1,voltage2,gasType,ppm
0,0,3.3,255,20673,4219,20673,4219,2.58416,0.52738,H2S,0.35
1,0,3.3,255,22010,4492,22010,4492,2.75135,0.5615,H2S,0.67
2,0,3.3,255,24078,4914,24078,4914,3.00983,0.61425,H2S,1.16
3,0,3.3,255,26214,5350,26214,5350,3.27687,0.66875,H2S,1.66
4,0,3.3,255,28376,5791,28376,5791,3.54701,0.72388,H2S,2.17
5,0,3.3,255,30517,6228,30517,6228,3.81465,0.7785,H2S,2.68
6,0,3.3,255,32673,6668,32673,6668,4.08415,0.8335,H2S,3.18
7,0,3.3,255,34809,7104,34809,7104,4.3512,0.888,H2S,3.69
8,0,3.3,255,36902,7531,36902,7531,4.61276,0.94138,H2S,4.18
9,0,3.3,255,38999,7959,38999,7959,4.87491,0.99488,H2S,4.68
10,0,3.3,255,41042,8376,41042,8376,5.1303,1.047,H2S,5.16
11,0,3.3,255,43051,8786,43051,8786,5.38143,1.09825,H2S,5.63
12,0,3.3,255,45006,9185,45006,9185,5.62584,1.14813,H2S,6.09
13,0,3.3,255,46927,9576,46927,9576,5.86589,1.19712,H2S,6.55
14,0,3.3,255,48798,9958,48798,9958,6.09986,1.24487,H2S,6.99
15,0,3.3,255,50617,10330,50617,10330,6.32713,1.29125,H2S,7.42
16,0,3.3,255,52381,10690,52381,10690,6.54763,1.33625,H2S,7.83
17,0,3.3,255,54081,11037,54081,11037,6.76019,1.37963,H2S,8.24
18,0,3.3,255,55727,11372,55727,11372,6.96594,1.42162,H2S,8.62
19,0,3.3,255,57310,11696,57310,11696,7.1638,1.462,H2S,9.0
20,0,3.3,255,58849,12010,58849,12010,7.35613,1.50125,H2S,9.36
21,0,3.3,255,60333,12313,60333,12313,7.54174,1.53913,H2S,9.71
22,0,3.3,255,61759,12604,61759,12604,7.71995,1.5755,H2S,10.05
23,0,3.3,255,63092,12876,63092,12876,7.88655,1.6095,H2S,10.36
24,0,3.3,255,64391,13141,64391,13141,8.04889,1.64263,H2S,10.67
25,0,3.3,255,65654,13398,65654,13398,8.20686,1.67487,H2S,10.97
26,0,3.3,255,66855,13644,66855,13644,8.35695,1.7055,H2S,11.25
27,0,3.3,255,68002,13878,68002,13878,8.50028,1.73475,H2S,11.52
28,0,3.3,255,69109,14104,69109,14104,8.6387,1.763,H2S,11.78
29,0,3.3,255,70158,14318,70158,14318,8.76978,1.78975,H2S,12.03
30,0,3.3,255,71157,14522,71157,14522,8.89473,1.81525,H2S,12.26
31,0,3.3,255,72059,14706,72059,14706,9.00742,1.83825,H2S,12.48
32,0,3.3,255,72995,14897,72995,14897,9.12444,1.86213,H2S,12.7
33,0,3.3,255,73813,15064,73813,15064,9.2267,1.883,H2S,12.89
34,0,3.3,255,74641,15233,74641,15233,9.33024,1.90413,H2S,13.09
35,0,3.3,255,75460,15400,75460,15400,9.4325,1.925,H2S,13.28
36,0,3.3,255,76238,15558,76238,15558,9.52986,1.94487,H2S,13.46
37,0,3.3,255,76944,15702,76944,15702,9.61806,1.96287,H2S,13.63
38,0,3.3,255,77586,15834,77586,15834,9.69833,1.97925,H2S,13.78
39,0,3.3,255,78209,15961,78209,15961,9.77614,1.99513,H2S,13.93
40,0,3.3,255,78787,16079,78787,16079,9.84841,2.00988,H2S,14.06
41,0,3.3,255,79311,16186,79311,16186,9.91393,2.02325,H2S,14.19
42,0,3.3,255,79904,16306,79904,16306,9.98801,2.03837,H2S,14.33
43,0,3.3,255,80414,16411,80414,16411,10.05176,2.05138,H2S,14.45
44,0,3.3,255,80884,16507,80884,16507,10.11056,2.06338,H2S,14.56
45,0,3.3,255,81325,16597,81325,16597,10.16569,2.07463,H2S,14.66
46,0,3.3,255,81687,16670,81687,16670,10.21096,2.08387,H2S,14.75
47,0,3.3,255,82109,16757,82109,16757,10.26369,2.09463,H2S,14.85
48,0,3.3,255,82462,16829,82462,16829,10.30779,2.10363,H2S,14.93
49,0,3.3,255,82859,16910,82859,16910,10.35738,2.11375,H2S,15.02
50,0,3.3,255,83153,16970,83153,16970,10.39413,2.12125,H2S,15.09
51,0,3.3,255,83417,17024,83417,17024,10.4272,2.128,H2S,15.16
52,0,3.3,255,83706,17082,83706,17082,10.46331,2.13537,H2S,15.22
53,0,3.3,255,84020,17146,84020,17146,10.50251,2.14337,H2S,15.3
54,0,3.3,255,84221,17188,84221,17188,10.52765,2.1485,H2S,15.35
55,0,3.3,255,84500,17245,84500,17245,10.56259,2.15563,H2S,15.41
56,0,3.3,255,84691,17284,84691,17284,10.58645,2.1605,H2S,15.46
57,0,3.3,255,84873,17321,84873,17321,10.60914,2.16513,H2S,15.5
58,0,3.3,255,85044,17356,85044,17356,10.63055,2.1695,H2S,15.54
59,0,3.3,255,85260,17400,85260,17400,10.6575,2.175,H2S,15.59
60,0,3.3,255,85412,17431,85412,17431,10.67651,2.17888,H2S,15.63
61,0,3.3,255,85558,17460,85558,17460,10.69484,2.18262,H2S,15.66
62,0,3.3,255,85637,17477,85637,17477,10.70469,2.18463,H2S,15.68
63,0,3.3,255,85838,17518,85838,17518,10.72978,2.18975,H2S,15.73
64,0,3.3,255,85926,17536,85926,17536,10.7408,2.192,H2S,15.75
65,0,3.3,255,86068,17565,86068,17565,10.75859,2.19563,H2S,15.78
66,0,3.3,255,86151,17582,86151,17582,10.76898,2.19775,H2S,15.8
67,0,3.3,255,86230,17598,86230,17598,10.77877,2.19975,H2S,15.82
68,0,3.3,255,86249,17602,86249,17602,10.78123,2.20025,H2S,15.82
69,0,3.3,255,86377,17628,86377,17628,10.79715,2.2035,H2S,15.85
70,0,3.3,255,86440,17640,86440,17640,10.80509,2.20512,H2S,15.87
71,0,3.3,255,86426,17638,86426,17638,10.80328,2.20475,H2S,15.87
72,0,3.3,255,86455,17644,86455,17644,10.80695,2.2055,H2S,15.87
73,0,3.3,255,86573,17668,86573,17668,10.82165,2.2085,H2S,15.9
74,0,3.3,255,86548,17663,86548,17663,10.81861,2.20788,H2S,15.9
75,0,3.3,255,86656,17684,86656,17684,10.83204,2.21062,H2S,15.92
76,0,3.3,255,86685,17690,86685,17690,10.83571,2.21137,H2S,15.93
77,0,3.3,255,86607,17675,86607,17675,10.82596,2.20938,H2S,15.91
78,0,3.3,255,86656,17684,86656,17684,10.83204,2.21062,H2S,15.92
79,0,3.3,255,86597,17672,86597,17672,10.82469,2.20912,H2S,15.91
80,0,3.3,255,86666,17687,86666,17687,10.83331,2.21088,H2S,15.92
81,0,3.3,255,86685,17690,86685,17690,10.83571,2.21137,H2S,15.93
82,0,3.3,255,86626,17678,86626,17678,10.82836,2.20987,H2S,15.91
83,0,3.3,255,86685,17690,86685,17690,10.83571,2.21137,H2S,15.93
84,0,3.3,255,86666,17687,86666,17687,10.83331,2.21088,H2S,15.92
85,0,3.3,255,86617,17676,86617,17676,10.82714,2.20962,H2S,15.91
86,0,3.3,255,86676,17689,86676,17689,10.83454,2.21113,H2S,15.93
87,0,3.3,255,86671,17688,86671,17688,10.8339,2.211,H2S,15.92
88,0,3.3,255,86651,17684,86651,17684,10.83145,2.2105,H2S,15.92
89,0,3.3,255,86637,17681,86637,17681,10.82964,2.21013,H2S,15.92
90,0,3.3,255,86578,17669,86578,17669,10.82229,2.20863,H2S,15.9
91,0,3.3,255,86553,17664,86553,17664,10.8192,2.208,H2S,15.9
92,0,3.3,255,86465,17646,86465,17646,10.80818,2.20575,H2S,15.88
93,0,3.3,255,86524,17658,86524,17658,10.81553,2.20725,H2S,15.89
94,0,3.3,255,86426,17638,86426,17638,10.80328,2.20475,H2S,15.87
95,0,3.3,255,86489,17650,86489,17650,10.81121,2.20637,H2S,15.88
96,0,3.3,255,86436,17640,86436,17640,10.8045,2.205,H2S,15.87
97,0,3.3,255,86352,17623,86352,17623,10.79411,2.20288,H2S,15.85
98,0,3.3,255,86387,17630,86387,17630,10.79838,2.20375,H2S,15.86
99,0,3.3,255,86352,17623,86352,17623,10.79411,2.20288,H2S,15.85
100,0,3.3,255,86318,17616,86318,17616,10.7898,2.202,H2S,15.84
101,0,3.3,255,86205,17592,86205,17592,10.77569,2.19912,H2S,15.81
102,0,3.3,255,86235,17599,86235,17599,10.77941,2.19988,H2S,15.82
103,0,3.3,255,86200,17592,86200,17592,10.7751,2.199,H2S,15.81
104,0,3.3,255,86112,17574,86112,17574,10.76408,2.19675,H2S,15.79
105,0,3.3,255,86142,17580,86142,17580,10.76775,2.1975,H2S,15.8
106,0,3.3,255,86098,17571,86098,17571,10.76226,2.19638,H2S,15.79
107,0,3.3,255,86024,17556,86024,17556,10.75305,2.1945,H2S,15.77
108,0,3.3,255,86058,17562,86058,17562,10.75731,2.19537,H2S,15.78
109,0,3.3,255,86019,17554,86019,17554,10.75241,2.19437,H2S,15.77
110,0,3.3,255,85970,17545,85970,17545,10.74634,2.19313,H2S,15.76
111,0,3.3,255,85921,17535,85921,17535,10.74021,2.19188,H2S,15.75
112,0,3.3,255,85818,17514,85818,17514,10.72733,2.18925,H2S,15.72
113,0,3.3,255,85853,17521,85853,17521,10.73164,2.19013,H2S,15.73
114,0,3.3,255,85823,17515,85823,17515,10.72796,2.18938,H2S,15.72
115,0,3.3,255,85794,17509,85794,17509,10.72429,2.18863,H2S,15.72
116,0,3.3,255,85715,17492,85715,17492,10.71444,2.18662,H2S,15.7
117,0,3.3,255,85676,17484,85676,17484,10.70954,2.18562,H2S,15.69
118,0,3.3,255,85715,17492,85715,17492,10.71444,2.18662,H2S,15.7
119,0,3.3,255,85671,17484,85671,17484,10.70895,2.1855,H2S,15.69
120,0,3.3,255,85598,17469,85598,17469,10.69979,2.18363,H2S,15.67
121,0,3.3,255,85617,17472,85617,17472,10.70219,2.18412,H2S,15.68
122,0,3.3,255,85573,17464,85573,17464,10.6967,2.183,H2S,15.67
123,0,3.3,255,85485,17446,85485,17446,10.68568,2.18075,H2S,15.64
124,0,3.3,255,85514,17452,85514,17452,10.68935,2.1815,H2S,15.65
125,0,0.0,0,102532,20925,102532,20925,12.81659,2.61563,H2S,19.67
126,0,0.0,0,100459,20502,100459,20502,12.55748,2.56275,H2S,19.18
127,0,0.0,0,97730,19945,97730,19945,12.21634,2.49313,H2S,18.53
128,0,0.0,0,95103,19408,95103,19408,11.88799,2.42612,H2S,17.91
129,0,0.0,0,92561,18890,92561,18890,11.57013,2.36125,H2S,17.31
130,0,0.0,0,90115,18390,90115,18390,11.26446,2.29887,H2S,16.74
131,0,0.0,0,87749,17908,87749,17908,10.96865,2.2385,H2S,16.18
132,0,0.0,0,85460,17440,85460,17440,10.68259,2.18012,H2S,15.64
133,0,0.0,0,83270,16994,83270,16994,10.40883,2.12425,H2S,15.12
134,0,0.0,0,81144,16560,81144,16560,10.143,2.07,H2S,14.62
135,0,0.0,0,79086,16140,79086,16140,9.88575,2.0175,H2S,14.13
136,0,0.0,0,77116,15738,77116,15738,9.63953,1.96725,H2S,13.67
137,0,0.0,0,75220,15351,75220,15351,9.40251,1.91888,H2S,13.22
138,0,0.0,0,73411,14982,73411,14982,9.17647,1.87275,H2S,12.8
139,0,0.0,0,71632,14618,71632,14618,8.95411,1.82737,H2S,12.38
140,0,0.0,0,69947,14275,69947,14275,8.74346,1.78438,H2S,11.98
141,0,0.0,0,68320,13942,68320,13942,8.54006,1.74287,H2S,11.59
142,0,0.0,0,66747,13622,66747,13622,8.34347,1.70275,H2S,11.22
143,0,0.0,0,65243,13314,65243,13314,8.15541,1.66437,H2S,10.87
144,0,0.0,0,63807,13022,63807,13022,7.97598,1.62775,H2S,10.53
145,0,0.0,0,62401,12734,62401,12734,7.80016,1.59187,H2S,10.2
146,0,0.0,0,61078,12464,61078,12464,7.63479,1.55812,H2S,9.89
147,0,0.0,0,59799,12204,59799,12204,7.47495,1.5255,H2S,9.58
148,0,0.0,0,58579,11955,58579,11955,7.32246,1.49438,H2S,9.3
149,0,0.0,0,57398,11714,57398,11714,7.17483,1.46425,H2S,9.02
150,0,0.0,0,56242,11478,56242,11478,7.03028,1.43475,H2S,8.75
151,0,0.0,0,55159,11256,55159,11256,6.89489,1.40712,H2S,8.49
152,0,0.0,0,54076,11036,54076,11036,6.75955,1.3795,H2S,8.23
153,0,0.0,0,53027,10822,53027,10822,6.62847,1.35275,H2S,7.99
154,0,0.0,0,52081,10628,52081,10628,6.51024,1.32862,H2S,7.76
155,0,0.0,0,51141,10436,51141,10436,6.39264,1.30462,H2S,7.54
156,0,0.0,0,50249,10255,50249,10255,6.28121,1.28188,H2S,7.33
157,0,0.0,0,49352,10072,49352,10072,6.1691,1.259,H2S,7.12
158,0,0.0,0,48539,9906,48539,9906,6.06743,1.23825,H2S,6.93
159,0,0.0,0,47726,9740,47726,9740,5.96575,1.2175,H2S,6.74
160,0,0.0,0,46956,9583,46956,9583,5.86961,1.19788,H2S,6.55
161,0,0.0,0,46182,9425,46182,9425,5.77284,1.17813,H2S,6.37
162,0,0.0,0,45472,9280,45472,9280,5.684,1.16,H2S,6.2
163,0,0.0,0,44737,9130,44737,9130,5.59213,1.14125,H2S,6.03
164,0,0.0,0,44090,8998,44090,8998,5.51128,1.12475,H2S,5.88
165,0,0.0,0,43423,8862,43423,8862,5.42798,1.10775,H2S,5.72
166,0,0.0,0,42806,8736,42806,8736,5.3508,1.092,H2S,5.58
167,0,0.0,0,42194,8611,42194,8611,5.27426,1.07638,H2S,5.43
168,0,0.0,0,41591,8488,41591,8488,5.1989,1.061,H2S,5.29
169,0,0.0,0,41012,8370,41012,8370,5.12662,1.04625,H2S,5.15
170,0,0.0,0,40474,8260,40474,8260,5.05925,1.0325,H2S,5.03
171,0,0.0,0,39929,8148,39929,8148,4.99124,1.01862,H2S,4.9
172,0,0.0,0,39435,8048,39435,8048,4.9294,1.006,H2S,4.78
173,0,0.0,0,38920,7943,38920,7943,4.86511,0.99288,H2S,4.66
174,0,0.0,0,38440,7844,38440,7844,4.80504,0.98062,H2S,4.55
175,0,0.0,0,37980,7751,37980,7751,4.74751,0.96888,H2S,4.44
176,0,0.0,0,37519,7657,37519,7657,4.68994,0.95713,H2S,4.33
177,0,0.0,0,37087,7568,37087,7568,4.63599,0.94612,H2S,4.23
178,0,0.0,0,36671,7484,36671,7484,4.58395,0.9355,H2S,4.13
179,0,0.0,0,36255,7399,36255,7399,4.53191,0.92488,H2S,4.03
180,0,0.0,0,35877,7322,35877,7322,4.48473,0.91525,H2S,3.94
181,0,0.0,0,35461,7237,35461,7237,4.43269,0.90463,H2S,3.84
182,0,0.0,0,35098,7163,35098,7163,4.38736,0.89538,H2S,3.76
183,0,0.0,0,34731,7088,34731,7088,4.3414,0.886,H2S,3.67
184,0,0.0,0,34378,7016,34378,7016,4.2973,0.877,H2S,3.59
185,0,0.0,0,34049,6948,34049,6948,4.25624,0.86862,H2S,3.51
186,0,0.0,0,33726,6883,33726,6883,4.21586,0.86038,H2S,3.43
187,0,0.0,0,33383,6812,33383,6812,4.17294,0.85162,H2S,3.35
188,0,0.0,0,33089,6753,33089,6753,4.13624,0.84413,H2S,3.28
189,0,0.0,0,32776,6689,32776,6689,4.09704,0.83613,H2S,3.21
190,0,0.0,0,32506,6634,32506,6634,4.06333,0.82925,H2S,3.15
191,0,0.0,0,32227,6576,32227,6576,4.02839,0.82212,H2S,3.08
192,0,0.0,0,31977,6526,31977,6526,3.99718,0.81575,H2S,3.02
193,0,0.0,0,31683,6466,31683,6466,3.96043,0.80825,H2S,2.95
194,0,0.0,0,31433,6415,31433,6415,3.92921,0.80188,H2S,2.89
195,0,0.0,0,31178,6363,31178,6363,3.89736,0.79538,H2S,2.83
196,0,0.0,0,30933,6312,30933,6312,3.86669,0.78912,H2S,2.77
197,0,0.0,0,30708,6267,30708,6267,3.83856,0.78338,H2S,2.72
198,0,0.0,0,30483,6221,30483,6221,3.81039,0.77763,H2S,2.67
199,0,0.0,0,30257,6174,30257,6174,3.78216,0.77187,H2S,2.61
200,0,0.0,0,30032,6129,30032,6129,3.75404,0.76613,H2S,2.56
201,0,0.0,0,29826,6086,29826,6086,3.72826,0.76087,H2S,2.51
202,0,0.0,0,29640,6049,29640,6049,3.70504,0.75613,H2S,2.47
203,0,0.0,0,29439,6008,29439,6008,3.6799,0.751,H2S,2.42
204,0,0.0,0,29258,5971,29258,5971,3.65726,0.74638,H2S,2.38
205,0,0.0,0,29071,5932,29071,5932,3.63394,0.74162,H2S,2.34
206,0,0.0,0,28890,5896,28890,5896,3.6113,0.737,H2S,2.29
207,0,0.0,0,28699,5857,28699,5857,3.58744,0.73213,H2S,2.25
208,0,0.0,0,28542,5825,28542,5825,3.56784,0.72813,H2S,2.21
209,0,0.0,0,28371,5790,28371,5790,3.54638,0.72375,H2S,2.17
210,0,0.0,0,28204,5756,28204,5756,3.52555,0.7195,H2S,2.13
211,0,0.0,0,28042,5722,28042,5722,3.50531,0.71537,H2S,2.09
212,0,0.0,0,27905,5695,27905,5695,3.48821,0.71188,H2S,2.06
213,0,0.0,0,27758,5665,27758,5665,3.46984,0.70813,H2S,2.03
214,0,0.0,0,27611,5634,27611,5634,3.45141,0.70437,H2S,1.99
215,0,0.0,0,27459,5604,27459,5604,3.43245,0.7005,H2S,1.95
216,0,0.0,0,27327,5576,27327,5576,3.41589,0.69712,H2S,1.92
217,0,0.0,0,27204,5552,27204,5552,3.4006,0.694,H2S,1.89
218,0,0.0,0,27082,5527,27082,5527,3.38531,0.69088,H2S,1.87
219,0,0.0,0,26964,5503,26964,5503,3.37061,0.68788,H2S,1.84
220,0,0.0,0,26842,5478,26842,5478,3.35528,0.68475,H2S,1.81
221,0,0.0,0,26729,5455,26729,5455,3.34121,0.68188,H2S,1.78
222,0,0.0,0,26631,5435,26631,5435,3.32896,0.67938,H2S,1.76
223,0,0.0,0,26523,5413,26523,5413,3.31549,0.67663,H2S,1.73
224,0,0.0,0,26411,5390,26411,5390,3.30138,0.67375,H2S,1.71
225,0,0.0,0,26307,5368,26307,5368,3.28849,0.67112,H2S,1.68
226,0,0.0,0,26214,5350,26214,5350,3.27687,0.66875,H2S,1.66
227,0,0.0,0,26102,5326,26102,5326,3.26276,0.66587,H2S,1.63
228,0,0.0,0,26038,5314,26038,5314,3.25483,0.66425,H2S,1.62
229,0,0.0,0,25911,5288,25911,5288,3.2389,0.661,H2S,1.59
230,0,0.0,0,25847,5275,25847,5275,3.23096,0.65938,H2S,1.57
231,0,0.0,0,25734,5252,25734,5252,3.21685,0.6565,H2S,1.55
232,0,0.0,0,25685,5242,25685,5242,3.21073,0.65525,H2S,1.54
233,0,0.0,0,25602,5225,25602,5225,3.20034,0.65313,H2S,1.52
234,0,0.0,0,25524,5209,25524,5209,3.19054,0.65113,H2S,1.5
235,0,0.0,0,25435,5190,25435,5190,3.17946,0.64887,H2S,1.48
236,0,0.0,0,25377,5179,25377,5179,3.17216,0.64738,H2S,1.46
237,0,0.0,0,25289,5161,25289,5161,3.16114,0.64513,H2S,1.44
238,0,0.0,0,25230,5149,25230,5149,3.15379,0.64363,H2S,1.43
239,0,0.0,0,25146,5132,25146,5132,3.14335,0.6415,H2S,1.41
240,0,0.0,0,25093,5121,25093,5121,3.13664,0.64013,H2S,1.4
241,0,0.0,0,25024,5107,25024,5107,3.12806,0.63838,H2S,1.38
242,0,0.0,0,24975,5097,24975,5097,3.12194,0.63713,H2S,1.37
243,0,0.0,0,24886,5078,24886,5078,3.11086,0.63487,H2S,1.35
244,0,0.0,0,24843,5070,24843,5070,3.10538,0.63375,H2S,1.34
245,0,0.0,0,24764,5054,24764,5054,3.09558,0.63175,H2S,1.32
246,0,0.0,0,24735,5048,24735,5048,3.0919,0.631,H2S,1.31
247,0,0.0,0,24656,5032,24656,5032,3.0821,0.629,H2S,1.29
248,0,0.0,0,24617,5024,24617,5024,3.0772,0.628,H2S,1.28
249,0,0.0,0,24554,5011,24554,5011,3.06926,0.62638,H2S,1.27
0,0,3.3,255,20570,4198,20570,4198,2.57128,0.52475,H2S,0.33
1,0,3.3,255,21922,4474,21922,4474,2.74033,0.55925,H2S,0.65
2,0,3.3,255,23980,4894,23980,4894,2.99758,0.61175,H2S,1.13
3,0,3.3,255,26146,5336,26146,5336,3.2683,0.667,H2S,1.65
4,0,3.3,255,28287,5772,28287,5772,3.53594,0.72162,H2S,2.15
5,0,3.3,255,30463,6217,30463,6217,3.80794,0.77713,H2S,2.66
6,0,3.3,255,32609,6655,32609,6655,4.07621,0.83188,H2S,3.17
7,0,3.3,255,34755,7092,34755,7092,4.34444,0.88662,H2S,3.68
8,0,3.3,255,36887,7528,36887,7528,4.6109,0.941,H2S,4.18
9,0,3.3,255,38974,7954,38974,7954,4.87183,0.99425,H2S,4.67
10,0,3.3,255,41022,8372,41022,8372,5.12785,1.0465,H2S,5.15
11,0,3.3,255,43031,8782,43031,8782,5.37898,1.09775,H2S,5.63
12,0,3.3,255,45006,9185,45006,9185,5.62584,1.14813,H2S,6.09
13,0,3.3,255,46942,9580,46942,9580,5.86775,1.1975,H2S,6.55
14,0,3.3,255,48798,9958,48798,9958,6.09986,1.24487,H2S,6.99
15,0,3.3,255,50617,10330,50617,10330,6.32713,1.29125,H2S,7.42
16,0,3.3,255,52386,10691,52386,10691,6.54826,1.33638,H2S,7.84
17,0,3.3,255,54090,11038,54090,11038,6.76136,1.37987,H2S,8.24
18,0,3.3,255,55747,11377,55747,11377,6.96844,1.42213,H2S,8.63
19,0,3.3,255,57349,11704,57349,11704,7.1687,1.463,H2S,9.01
20,0,3.3,255,58912,12022,58912,12022,7.36406,1.50287,H2S,9.38
21,0,3.3,255,60392,12324,60392,12324,7.54904,1.54062,H2S,9.72
22,0,3.3,255,61783,12608,61783,12608,7.72299,1.57612,H2S,10.05
23,0,3.3,255,63146,12887,63146,12887,7.89331,1.61088,H2S,10.37
24,0,3.3,255,64429,13148,64429,13148,8.05374,1.64362,H2S,10.68
25,0,3.3,255,65684,13404,65684,13404,8.21054,1.67562,H2S,10.97
26,0,3.3,255,66875,13648,66875,13648,8.3594,1.706,H2S,11.25
27,0,3.3,255,68012,13880,68012,13880,8.5015,1.735,H2S,11.52
28,0,3.3,255,69109,14104,69109,14104,8.6387,1.763,H2S,11.78
29,0,3.3,255,70143,14314,70143,14314,8.76791,1.78937,H2S,12.02
30,0,3.3,255,71143,14519,71143,14519,8.89291,1.81488,H2S,12.26
31,0,3.3,255,72093,14712,72093,14712,9.01169,1.83912,H2S,12.48
32,0,3.3,255,72931,14884,72931,14884,9.11645,1.8605,H2S,12.68
33,0,3.3,255,73867,15074,73867,15074,9.23341,1.88437,H2S,12.9
34,0,3.3,255,74666,15238,74666,15238,9.33328,1.90475,H2S,13.09
35,0,3.3,255,75454,15398,75454,15398,9.43186,1.92487,H2S,13.28
36,0,3.3,255,76185,15548,76185,15548,9.52315,1.9435,H2S,13.45
37,0,3.3,255,76827,15679,76827,15679,9.60341,1.95988,H2S,13.6
38,0,3.3,255,77562,15829,77562,15829,9.69529,1.97863,H2S,13.78
39,0,3.3,255,78174,15954,78174,15954,9.77183,1.99425,H2S,13.92
40,0,3.3,255,78762,16074,78762,16074,9.84533,2.00925,H2S,14.06
41,0,3.3,255,79267,16176,79267,16176,9.90839,2.02212,H2S,14.18
42,0,3.3,255,79864,16298,79864,16298,9.98311,2.03737,H2S,14.32
43,0,3.3,255,80335,16394,80335,16394,10.04191,2.04937,H2S,14.43
44,0,3.3,255,80761,16482,80761,16482,10.09523,2.06025,H2S,14.53
45,0,3.3,255,81271,16586,81271,16586,10.15892,2.07325,H2S,14.65
46,0,3.3,255,81668,16667,81668,16667,10.20856,2.08338,H2S,14.74
47,0,3.3,255,82065,16748,82065,16748,10.25815,2.0935,H2S,14.84
48,0,3.3,255,82423,16821,82423,16821,10.30289,2.10263,H2S,14.92
49,0,3.3,255,82731,16884,82731,16884,10.34145,2.1105,H2S,14.99
50,0,3.3,255,83098,16958,83098,16958,10.38736,2.11987,H2S,15.08
51,0,3.3,255,83388,17018,83388,17018,10.42353,2.12725,H2S,15.15
52,0,3.3,255,83618,17065,83618,17065,10.45234,2.13313,H2S,15.2
53,0,3.3,255,83966,17136,83966,17136,10.4958,2.142,H2S,15.29
54,0,3.3,255,84206,17184,84206,17184,10.52579,2.14812,H2S,15.34
55,0,3.3,255,84387,17222,84387,17222,10.54848,2.15275,H2S,15.39
56,0,3.3,255,84593,17264,84593,17264,10.5742,2.158,H2S,15.43
57,0,3.3,255,84853,17317,84853,17317,10.60669,2.16463,H2S,15.5
58,0,3.3,255,85029,17353,85029,17353,10.62874,2.16913,H2S,15.54
59,0,3.3,255,85196,17387,85196,17387,10.64956,2.17338,H2S,15.58
60,0,3.3,255,85358,17420,85358,17420,10.66975,2.1775,H2S,15.61
61,0,3.3,255,85480,17445,85480,17445,10.68509,2.18063,H2S,15.64
62,0,3.3,255,85622,17474,85622,17474,10.70283,2.18425,H2S,15.68
63,0,3.3,255,85671,17484,85671,17484,10.70895,2.1855,H2S,15.69
64,0,3.3,255,85838,17518,85838,17518,10.72978,2.18975,H2S,15.73
65,0,3.3,255,85916,17534,85916,17534,10.73958,2.19175,H2S,15.75
66,0,3.3,255,85999,17550,85999,17550,10.74996,2.19387,H2S,15.77
67,0,3.3,255,86078,17567,86078,17567,10.75981,2.19588,H2S,15.78
68,0,3.3,255,86137,17579,86137,17579,10.76716,2.19738,H2S,15.8
69,0,3.3,255,86151,17582,86151,17582,10.76898,2.19775,H2S,15.8
70,0,3.3,255,86259,17604,86259,17604,10.78245,2.2005,H2S,15.83
71,0,3.3,255,86269,17606,86269,17606,10.78368,2.20075,H2S,15.83
72,0,3.3,255,86382,17629,86382,17629,10.79779,2.20363,H2S,15.86
73,0,3.3,255,86396,17632,86396,17632,10.7996,2.204,H2S,15.86
74,0,3.3,255,86372,17626,86372,17626,10.79651,2.20337,H2S,15.85
75,0,3.3,255,86484,17650,86484,17650,10.81062,2.20625,H2S,15.88
76,0,3.3,255,86509,17655,86509,17655,10.81371,2.20688,H2S,15.89
77,0,3.3,255,86470,17646,86470,17646,10.80876,2.20587,H2S,15.88
78,0,3.3,255,86553,17664,86553,17664,10.8192,2.208,H2S,15.9
79,0,3.3,255,86509,17655,86509,17655,10.81371,2.20688,H2S,15.89
80,0,3.3,255,86470,17646,86470,17646,10.80876,2.20587,H2S,15.88
81,0,3.3,255,86539,17661,86539,17661,10.81739,2.20763,H2S,15.89
82,0,3.3,255,86509,17655,86509,17655,10.81371,2.20688,H2S,15.89
83,0,3.3,255,86460,17644,86460,17644,10.80754,2.20562,H2S,15.87
84,0,3.3,255,86519,17657,86519,17657,10.81494,2.20713,H2S,15.89
85,0,3.3,255,86534,17660,86534,17660,10.81675,2.2075,H2S,15.89
86,0,3.3,255,86504,17654,86504,17654,10.81308,2.20675,H2S,15.88
87,0,3.3,255,86509,17655,86509,17655,10.81371,2.20688,H2S,15.89
88,0,3.3,255,86494,17652,86494,17652,10.81185,2.2065,H2S,15.88
89,0,3.3,255,86465,17646,86465,17646,10.80818,2.20575,H2S,15.88
90,0,3.3,255,86362,17624,86362,17624,10.79529,2.20312,H2S,15.85
91,0,3.3,255,86421,17637,86421,17637,10.80269,2.20463,H2S,15.87
92,0,3.3,255,86377,17628,86377,17628,10.79715,2.2035,H2S,15.85
93,0,3.3,255,86357,17624,86357,17624,10.7947,2.203,H2S,15.85
94,0,3.3,255,86303,17612,86303,17612,10.78794,2.20162,H2S,15.84
95,0,3.3,255,86249,17602,86249,17602,10.78123,2.20025,H2S,15.82
96,0,3.3,255,86289,17610,86289,17610,10.78613,2.20125,H2S,15.83
97,0,3.3,255,86254,17603,86254,17603,10.78186,2.20038,H2S,15.83
98,0,3.3,255,86225,17597,86225,17597,10.77819,2.19963,H2S,15.82
99,0,3.3,255,86146,17580,86146,17580,10.76834,2.19762,H2S,15.8
100,0,3.3,255,86142,17580,86142,17580,10.76775,2.1975,H2S,15.8
101,0,3.3,255,86161,17584,86161,17584,10.7702,2.198,H2S,15.8
102,0,3.3,255,86058,17562,86058,17562,10.75731,2.19537,H2S,15.78
103,0,3.3,255,86087,17568,86087,17568,10.76099,2.19612,H2S,15.79
104,0,3.3,255,86058,17562,86058,17562,10.75731,2.19537,H2S,15.78
105,0,3.3,255,86029,17556,86029,17556,10.75364,2.19462,H2S,15.77
106,0,3.3,255,85995,17550,85995,17550,10.74938,2.19375,H2S,15.76
107,0,3.3,255,85955,17542,85955,17542,10.74448,2.19275,H2S,15.76
108,0,3.3,255,85916,17534,85916,17534,10.73958,2.19175,H2S,15.75
109,0,3.3,255,85867,17524,85867,17524,10.73345,2.1905,H2S,15.73
110,0,3.3,255,85774,17504,85774,17504,10.72179,2.18812,H2S,15.71
111,0,3.3,255,85799,17510,85799,17510,10.72488,2.18875,H2S,15.72
112,0,3.3,255,85755,17501,85755,17501,10.71939,2.18763,H2S,15.71
113,0,3.3,255,85720,17494,85720,17494,10.71508,2.18675,H2S,15.7
114,0,3.3,255,85617,17472,85617,17472,10.70219,2.18412,H2S,15.68
115,0,3.3,255,85573,17464,85573,17464,10.6967,2.183,H2S,15.67
116,0,3.3,255,85588,17466,85588,17466,10.69851,2.18337,H2S,15.67
117,0,3.3,255,85534,17456,85534,17456,10.6918,2.182,H2S,15.66
118,0,3.3,255,85505,17450,85505,17450,10.68813,2.18125,H2S,15.65
119,0,3.3,255,85401,17428,85401,17428,10.67524,2.17862,H2S,15.62
120,0,3.3,255,85372,17422,85372,17422,10.67156,2.17787,H2S,15.62
121,0,3.3,255,85407,17430,85407,17430,10.67588,2.17875,H2S,15.63
122,0,3.3,255,85353,17419,85353,17419,10.66916,2.17738,H2S,15.61
123,0,3.3,255,85264,17400,85264,17400,10.65809,2.17512,H2S,15.59
124,0,3.3,255,85294,17407,85294,17407,10.66181,2.17588,H2S,15.6
125,0,0.0,0,102243,20866,102243,20866,12.78043,2.60825,H2S,19.6
126,0,0.0,0,100165,20442,100165,20442,12.52073,2.55525,H2S,19.11
127,0,0.0,0,97446,19887,97446,19887,12.18081,2.48588,H2S,18.47
128,0,0.0,0,94790,19344,94790,19344,11.84879,2.41812,H2S,17.84
129,0,0.0,0,92212,18818,92212,18818,11.52661,2.35237,H2S,17.23
130,0,0.0,0,89773,18321,89773,18321,11.22164,2.29013,H2S,16.66
131,0,0.0,0,87410,17838,87410,17838,10.92636,2.22987,H2S,16.1
132,0,0.0,0,85117,17370,85117,17370,10.63971,2.17137,H2S,15.56
133,0,0.0,0,82908,16920,82908,16920,10.3635,2.115,H2S,15.04
134,0,0.0,0,80791,16488,80791,16488,10.0989,2.061,H2S,14.54
135,0,0.0,0,78743,16070,78743,16070,9.84288,2.00875,H2S,14.05
136,0,0.0,0,76758,15664,76758,15664,9.59479,1.95812,H2S,13.59
137,0,0.0,0,74896,15285,74896,15285,9.36209,1.91063,H2S,13.15
138,0,0.0,0,73073,14913,73073,14913,9.13424,1.86413,H2S,12.72
139,0,0.0,0,71285,14548,71285,14548,8.91065,1.8185,H2S,12.29
140,0,0.0,0,69609,14206,69609,14206,8.70118,1.77575,H2S,11.9
141,0,0.0,0,67977,13872,67977,13872,8.49719,1.73412,H2S,11.51
142,0,0.0,0,66424,13556,66424,13556,8.30305,1.6945,H2S,11.15
143,0,0.0,0,64910,13246,64910,13246,8.11376,1.65587,H2S,10.79
144,0,0.0,0,63474,12954,63474,12954,7.93433,1.61925,H2S,10.45
145,0,0.0,0,62097,12673,62097,12673,7.76224,1.58413,H2S,10.13
146,0,0.0,0,60754,12398,60754,12398,7.59436,1.54987,H2S,9.81
147,0,0.0,0,59491,12141,59491,12141,7.43639,1.51763,H2S,9.51
148,0,0.0,0,58241,11886,58241,11886,7.28017,1.48575,H2S,9.22
149,0,0.0,0,57065,11646,57065,11646,7.13318,1.45575,H2S,8.94
150,0,0.0,0,55933,11414,55933,11414,6.99166,1.42687,H2S,8.67
151,0,0.0,0,54845,11192,54845,11192,6.85569,1.39912,H2S,8.42
152,0,0.0,0,53806,10980,53806,10980,6.72584,1.37262,H2S,8.17
153,0,0.0,0,52778,10771,52778,10771,6.59726,1.34638,H2S,7.93
154,0,0.0,0,51817,10574,51817,10574,6.47716,1.32187,H2S,7.7
155,0,0.0,0,50847,10377,50847,10377,6.35594,1.29713,H2S,7.47
156,0,0.0,0,49955,10195,49955,10195,6.24446,1.27438,H2S,7.26
157,0,0.0,0,49078,10016,49078,10016,6.1348,1.252,H2S,7.06
158,0,0.0,0,48260,9849,48260,9849,6.03254,1.23113,H2S,6.86
159,0,0.0,0,47441,9682,47441,9682,5.93023,1.21025,H2S,6.67
160,0,0.0,0,46667,9524,46667,9524,5.83345,1.1905,H2S,6.49
161,0,0.0,0,45927,9372,45927,9372,5.74094,1.17162,H2S,6.31
162,0,0.0,0,45202,9224,45202,9224,5.65029,1.15312,H2S,6.14
163,0,0.0,0,44496,9080,44496,9080,5.56209,1.13512,H2S,5.97
164,0,0.0,0,43830,8945,43830,8945,5.47884,1.11813,H2S,5.82
165,0,0.0,0,43178,8812,43178,8812,5.39735,1.1015,H2S,5.66
166,0,0.0,0,42546,8682,42546,8682,5.31831,1.08537,H2S,5.51
167,0,0.0,0,41944,8560,41944,8560,5.243,1.07,H2S,5.37
168,0,0.0,0,41361,8441,41361,8441,5.17014,1.05513,H2S,5.23
169,0,0.0,0,40787,8324,40787,8324,5.09845,1.0405,H2S,5.1
170,0,0.0,0,40248,8214,40248,8214,5.03108,1.02675,H2S,4.97
171,0,0.0,0,39695,8101,39695,8101,4.96189,1.01263,H2S,4.84
172,0,0.0,0,39200,8000,39200,8000,4.9,1.0,H2S,4.72
173,0,0.0,0,38690,7896,38690,7896,4.8363,0.987,H2S,4.6
174,0,0.0,0,38220,7800,38220,7800,4.7775,0.975,H2S,4.49
175,0,0.0,0,37749,7704,37749,7704,4.7187,0.963,H2S,4.38
176,0,0.0,0,37289,7610,37289,7610,4.66113,0.95125,H2S,4.27
177,0,0.0,0,36867,7524,36867,7524,4.60845,0.9405,H2S,4.17
178,0,0.0,0,36451,7439,36451,7439,4.55641,0.92988,H2S,4.08
179,0,0.0,0,36034,7354,36034,7354,4.50433,0.91925,H2S,3.98
180,0,0.0,0,35637,7273,35637,7273,4.45474,0.90913,H2S,3.88
181,0,0.0,0,35265,7197,35265,7197,4.40819,0.89963,H2S,3.8
182,0,0.0,0,34882,7118,34882,7118,4.36036,0.88987,H2S,3.71
183,0,0.0,0,34505,7042,34505,7042,4.31323,0.88025,H2S,3.62
184,0,0.0,0,34187,6977,34187,6977,4.27344,0.87213,H2S,3.54
185,0,0.0,0,33834,6905,33834,6905,4.22934,0.86313,H2S,3.46
186,0,0.0,0,33521,6841,33521,6841,4.19014,0.85513,H2S,3.38
187,0,0.0,0,33187,6773,33187,6773,4.14849,0.84663,H2S,3.31
188,0,0.0,0,32908,6716,32908,6716,4.11355,0.8395,H2S,3.24
189,0,0.0,0,32589,6650,32589,6650,4.07371,0.83137,H2S,3.17
190,0,0.0,0,32325,6597,32325,6597,4.04069,0.82463,H2S,3.1
191,0,0.0,0,32021,6535,32021,6535,4.00271,0.81688,H2S,3.03
192,0,0.0,0,31761,6482,31761,6482,3.97023,0.81025,H2S,2.97
193,0,0.0,0,31487,6426,31487,6426,3.93593,0.80325,H2S,2.91
194,0,0.0,0,31242,6376,31242,6376,3.9053,0.797,H2S,2.85
195,0,0.0,0,30997,6326,30997,6326,3.87467,0.79075,H2S,2.79
196,0,0.0,0,30752,6276,30752,6276,3.84405,0.7845,H2S,2.73
197,0,0.0,0,30512,6227,30512,6227,3.81406,0.77838,H2S,2.68
198,0,0.0,0,30291,6182,30291,6182,3.78648,0.77275,H2S,2.62
199,0,0.0,0,30066,6136,30066,6136,3.7583,0.767,H2S,2.57
200,0,0.0,0,29865,6094,29865,6094,3.73316,0.76187,H2S,2.52
201,0,0.0,0,29644,6050,29644,6050,3.70562,0.75625,H2S,2.47
202,0,0.0,0,29449,6010,29449,6010,3.68113,0.75125,H2S,2.42
203,0,0.0,0,29238,5967,29238,5967,3.65481,0.74588,H2S,2.37
204,0,0.0,0,29052,5929,29052,5929,3.63154,0.74113,H2S,2.33
205,0,0.0,0,28870,5892,28870,5892,3.60885,0.7365,H2S,2.29
206,0,0.0,0,28714,5860,28714,5860,3.58925,0.7325,H2S,2.25
207,0,0.0,0,28522,5820,28522,5820,3.56534,0.72762,H2S,2.21
208,0,0.0,0,28380,5792,28380,5792,3.5476,0.724,H2S,2.17
209,0,0.0,0,28219,5759,28219,5759,3.52741,0.71988,H2S,2.13
210,0,0.0,0,28028,5720,28028,5720,3.5035,0.715,H2S,2.09
211,0,0.0,0,27871,5688,27871,5688,3.4839,0.711,H2S,2.05
212,0,0.0,0,27724,5658,27724,5658,3.46553,0.70725,H2S,2.02
213,0,0.0,0,27596,5632,27596,5632,3.4496,0.704,H2S,1.99
214,0,0.0,0,27454,5602,27454,5602,3.43181,0.70037,H2S,1.95
215,0,0.0,0,27297,5570,27297,5570,3.41221,0.69637,H2S,1.92
216,0,0.0,0,27195,5550,27195,5550,3.39938,0.69375,H2S,1.89
217,0,0.0,0,27043,5519,27043,5519,3.38041,0.68988,H2S,1.86
218,0,0.0,0,26925,5495,26925,5495,3.36571,0.68688,H2S,1.83
219,0,0.0,0,26778,5464,26778,5464,3.34729,0.68312,H2S,1.79
220,0,0.0,0,26651,5439,26651,5439,3.33141,0.67988,H2S,1.76
221,0,0.0,0,26543,5416,26543,5416,3.31789,0.67712,H2S,1.74
222,0,0.0,0,26460,5400,26460,5400,3.3075,0.675,H2S,1.72
223,0,0.0,0,26347,5376,26347,5376,3.29339,0.67212,H2S,1.69
224,0,0.0,0,26229,5352,26229,5352,3.27869,0.66912,H2S,1.66
225,0,0.0,0,26141,5334,26141,5334,3.26766,0.66687,H2S,1.64
226,0,0.0,0,26043,5315,26043,5315,3.25546,0.66438,H2S,1.62
227,0,0.0,0,25945,5294,25945,5294,3.24316,0.66187,H2S,1.6
228,0,0.0,0,25847,5275,25847,5275,3.23096,0.65938,H2S,1.57
229,0,0.0,0,25749,5254,25749,5254,3.21866,0.65687,H2S,1.55
230,0,0.0,0,25676,5240,25676,5240,3.2095,0.655,H2S,1.53
231,0,0.0,0,25578,5220,25578,5220,3.19725,0.6525,H2S,1.51
232,0,0.0,0,25509,5206,25509,5206,3.18868,0.65075,H2S,1.49
233,0,0.0,0,25411,5186,25411,5186,3.17643,0.64825,H2S,1.47
234,0,0.0,0,25338,5171,25338,5171,3.16726,0.64638,H2S,1.45
235,0,0.0,0,25269,5157,25269,5157,3.15869,0.64463,H2S,1.44
236,0,0.0,0,25195,5142,25195,5142,3.14948,0.64275,H2S,1.42
237,0,0.0,0,25107,5124,25107,5124,3.13845,0.6405,H2S,1.4
238,0,0.0,0,25048,5112,25048,5112,3.1311,0.639,H2S,1.39
239,0,0.0,0,24970,5096,24970,5096,3.1213,0.637,H2S,1.37
240,0,0.0,0,24906,5083,24906,5083,3.11336,0.63538,H2S,1.35
241,0,0.0,0,24867,5075,24867,5075,3.10846,0.63438,H2S,1.34
242,0,0.0,0,24784,5058,24784,5058,3.09803,0.63225,H2S,1.32
243,0,0.0,0,24720,5044,24720,5044,3.09004,0.63062,H2S,1.31
244,0,0.0,0,24676,5036,24676,5036,3.08455,0.6295,H2S,1.3
245,0,0.0,0,24617,5024,24617,5024,3.0772,0.628,H2S,1.28
246,0,0.0,0,24548,5010,24548,5010,3.06862,0.62625,H2S,1.27
247,0,0.0,0,24514,5003,24514,5003,3.06436,0.62538,H2S,1.26
248,0,0.0,0,24436,4987,24436,4987,3.05456,0.62338,H2S,1.24
249,0,0.0,0,24382,4976,24382,4976,3.0478,0.622,H2S,1.23
0,0,3.3,255,20428,4169,20428,4169,2.55354,0.52113,H2S,0.3
1,0,3.3,255,21775,4444,21775,4444,2.72195,0.5555,H2S,0.61
2,0,3.3,255,23833,4864,23833,4864,2.9792,0.608,H2S,1.1
3,0,3.3,255,25984,5302,25984,5302,3.24806,0.66287,H2S,1.61
4,0,3.3,255,28135,5742,28135,5742,3.51698,0.71775,H2S,2.11
5,0,3.3,255,30296,6182,30296,6182,3.78706,0.77287,H2S,2.62
6,0,3.3,255,32438,6620,32438,6620,4.05475,0.8275,H2S,3.13
7,0,3.3,255,34579,7057,34579,7057,4.32244,0.88213,H2S,3.63
8,0,3.3,255,36695,7488,36695,7488,4.58699,0.93612,H2S,4.13
9,0,3.3,255,38768,7912,38768,7912,4.8461,0.989,H2S,4.62
10,0,3.3,255,40821,8330,40821,8330,5.10271,1.04137,H2S,5.11
11,0,3.3,255,42835,8742,42835,8742,5.35448,1.09275,H2S,5.58
12,0,3.3,255,44810,9144,44810,9144,5.60129,1.14312,H2S,6.05
13,0,3.3,255,46740,9538,46740,9538,5.84261,1.19237,H2S,6.5
14,0,3.3,255,48612,9920,48612,9920,6.07659,1.24012,H2S,6.95
15,0,3.3,255,50426,10291,50426,10291,6.30326,1.28638,H2S,7.37
16,0,3.3,255,52199,10653,52199,10653,6.52499,1.33163,H2S,7.79
17,0,3.3,255,53939,11008,53939,11008,6.7424,1.376,H2S,8.2
18,0,3.3,255,55585,11344,55585,11344,6.9482,1.418,H2S,8.59
19,0,3.3,255,57202,11674,57202,11674,7.15033,1.45925,H2S,8.97
20,0,3.3,255,58765,11993,58765,11993,7.34574,1.49913,H2S,9.34
21,0,3.3,255,60299,12306,60299,12306,7.53742,1.53825,H2S,9.7
22,0,3.3,255,61730,12598,61730,12598,7.71628,1.57475,H2S,10.04
23,0,3.3,255,63117,12881,63117,12881,7.88964,1.61013,H2S,10.37
24,0,3.3,255,64435,13150,64435,13150,8.05438,1.64375,H2S,10.68
25,0,3.3,255,65738,13416,65738,13416,8.2173,1.677,H2S,10.99
26,0,3.3,255,66973,13668,66973,13668,8.37165,1.7085,H2S,11.28
27,0,3.3,255,68168,13912,68168,13912,8.5211,1.739,H2S,11.56
28,0,3.3,255,69305,14144,69305,14144,8.6632,1.768,H2S,11.83
29,0,3.3,255,70364,14360,70364,14360,8.7955,1.795,H2S,12.08
30,0,3.3,255,71466,14585,71466,14585,8.93334,1.82313,H2S,12.34
31,0,3.3,255,72461,14788,72461,14788,9.05765,1.8485,H2S,12.57
32,0,3.3,255,73411,14982,73411,14982,9.17647,1.87275,H2S,12.8
33,0,3.3,255,74318,15166,74318,15166,9.28976,1.89587,H2S,13.01
34,0,3.3,255,75190,15345,75190,15345,9.39884,1.91813,H2S,13.22
35,0,3.3,255,75974,15505,75974,15505,9.49684,1.93813,H2S,13.4
36,0,3.3,255,76817,15676,76817,15676,9.60214,1.95962,H2S,13.6
37,0,3.3,255,77552,15826,77552,15826,9.69401,1.97837,H2S,13.77
38,0,3.3,255,78262,15972,78262,15972,9.78285,1.9965,H2S,13.94
39,0,3.3,255,78948,16111,78948,16111,9.8686,2.014,H2S,14.1
40,0,3.3,255,79556,16236,79556,16236,9.94455,2.0295,H2S,14.25
41,0,3.3,255,80169,16361,80169,16361,10.02114,2.04513,H2S,14.39
42,0,3.3,255,80708,16471,80708,16471,10.08851,2.05888,H2S,14.52
43,0,3.3,255,81242,16580,81242,16580,10.15525,2.0725,H2S,14.64
44,0,3.3,255,81726,16678,81726,16678,10.21586,2.08487,H2S,14.76
45,0,3.3,255,82197,16774,82197,16774,10.27466,2.09687,H2S,14.87
46,0,3.3,255,82619,16861,82619,16861,10.32739,2.10763,H2S,14.97
47,0,3.3,255,83040,16946,83040,16946,10.38001,2.11837,H2S,15.07
48,0,3.3,255,83383,17016,83383,17016,10.42289,2.12712,H2S,15.15
49,0,3.3,255,83765,17094,83765,17094,10.47066,2.13687,H2S,15.24
50,0,3.3,255,84044,17152,84044,17152,10.5056,2.144,H2S,15.3
51,0,3.3,255,84407,17226,84407,17226,10.55092,2.15325,H2S,15.39
52,0,3.3,255,84691,17284,84691,17284,10.58645,2.1605,H2S,15.46
53,0,3.3,255,84936,17334,84936,17334,10.61707,2.16675,H2S,15.51
54,0,3.3,255,85132,17374,85132,17374,10.64157,2.17175,H2S,15.56
55,0,3.3,255,85401,17428,85401,17428,10.67524,2.17862,H2S,15.62
56,0,3.3,255,85637,17477,85637,17477,10.70469,2.18463,H2S,15.68
57,0,3.3,255,85842,17518,85842,17518,10.73036,2.18987,H2S,15.73
58,0,3.3,255,86024,17556,86024,17556,10.75305,2.1945,H2S,15.77
59,0,3.3,255,86127,17577,86127,17577,10.76594,2.19713,H2S,15.8
60,0,3.3,255,86284,17609,86284,17609,10.78554,2.20113,H2S,15.83
61,0,3.3,255,86426,17638,86426,17638,10.80328,2.20475,H2S,15.87
62,0,3.3,255,86583,17670,86583,17670,10.82288,2.20875,H2S,15.9
63,0,3.3,255,86705,17695,86705,17695,10.83821,2.21188,H2S,15.93
64,0,3.3,255,86803,17714,86803,17714,10.85041,2.21437,H2S,15.96
65,0,3.3,255,86901,17734,86901,17734,10.86266,2.21687,H2S,15.98
66,0,3.3,255,86984,17752,86984,17752,10.8731,2.219,H2S,16.0
67,0,3.3,255,87063,17768,87063,17768,10.8829,2.221,H2S,16.02
68,0,3.3,255,87073,17770,87073,17770,10.88413,2.22125,H2S,16.02
69,0,3.3,255,87190,17794,87190,17794,10.89883,2.22425,H2S,16.05
70,0,3.3,255,87190,17794,87190,17794,10.89883,2.22425,H2S,16.05
71,0,3.3,255,87220,17800,87220,17800,10.9025,2.225,H2S,16.05
72,0,3.3,255,87323,17821,87323,17821,10.91539,2.22763,H2S,16.08
73,0,3.3,255,87357,17828,87357,17828,10.91965,2.2285,H2S,16.09
74,0,3.3,255,87347,17826,87347,17826,10.91843,2.22825,H2S,16.08
75,0,3.3,255,87386,17834,87386,17834,10.92333,2.22925,H2S,16.09
76,0,3.3,255,87381,17832,87381,17832,10.92269,2.22912,H2S,16.09
77,0,3.3,255,87391,17835,87391,17835,10.92396,2.22938,H2S,16.09
78,0,3.3,255,87406,17838,87406,17838,10.92578,2.22975,H2S,16.1
79,0,3.3,255,87391,17835,87391,17835,10.92396,2.22938,H2S,16.09
80,0,3.3,255,87323,17821,87323,17821,10.91539,2.22763,H2S,16.08
81,0,3.3,255,87376,17832,87376,17832,10.9221,2.229,H2S,16.09
82,0,3.3,255,87308,17818,87308,17818,10.91353,2.22725,H2S,16.07
83,0,3.3,255,87367,17830,87367,17830,10.92088,2.22875,H2S,16.09
84,0,3.3,255,87347,17826,87347,17826,10.91843,2.22825,H2S,16.08
85,0,3.3,255,87298,17816,87298,17816,10.9123,2.227,H2S,16.07
86,0,3.3,255,87244,17804,87244,17804,10.90554,2.22562,H2S,16.06
87,0,3.3,255,87229,17802,87229,17802,10.90372,2.22525,H2S,16.06
88,0,3.3,255,87278,17812,87278,17812,10.90985,2.2265,H2S,16.07
89,0,3.3,255,87244,17804,87244,17804,10.90554,2.22562,H2S,16.06
90,0,3.3,255,87205,17797,87205,17797,10.90069,2.22463,H2S,16.05
91,0,3.3,255,87166,17789,87166,17789,10.89579,2.22363,H2S,16.04
92,0,3.3,255,87141,17784,87141,17784,10.8927,2.223,H2S,16.04
93,0,3.3,255,87126,17780,87126,17780,10.89084,2.22262,H2S,16.03
94,0,3.3,255,87048,17765,87048,17765,10.88109,2.22063,H2S,16.01
95,0,3.3,255,87004,17756,87004,17756,10.87555,2.2195,H2S,16.0
96,0,3.3,255,87024,17760,87024,17760,10.878,2.22,H2S,16.01
97,0,3.3,255,86926,17740,86926,17740,10.86575,2.2175,H2S,15.98
98,0,3.3,255,86950,17745,86950,17745,10.86884,2.21813,H2S,15.99
99,0,3.3,255,86862,17727,86862,17727,10.85781,2.21588,H2S,15.97
100,0,3.3,255,86828,17720,86828,17720,10.8535,2.215,H2S,15.96
101,0,3.3,255,86847,17724,86847,17724,10.85595,2.2155,H2S,15.97
102,0,3.3,255,86798,17714,86798,17714,10.84982,2.21425,H2S,15.95
103,0,3.3,255,86710,17696,86710,17696,10.8388,2.212,H2S,15.93
104,0,3.3,255,86725,17699,86725,17699,10.84066,2.21238,H2S,15.94
105,0,3.3,255,86641,17682,86641,17682,10.83023,2.21025,H2S,15.92
106,0,3.3,255,86656,17684,86656,17684,10.83204,2.21062,H2S,15.92
107,0,3.3,255,86622,17678,86622,17678,10.82778,2.20975,H2S,15.91
108,0,3.3,255,86514,17656,86514,17656,10.8143,2.207,H2S,15.89
109,0,3.3,255,86509,17655,86509,17655,10.81371,2.20688,H2S,15.89
110,0,3.3,255,86436,17640,86436,17640,10.8045,2.205,H2S,15.87
111,0,3.3,255,86460,17644,86460,17644,10.80754,2.20562,H2S,15.87
112,0,3.3,255,86430,17638,86430,17638,10.80386,2.20487,H2S,15.87
113,0,3.3,255,86382,17629,86382,17629,10.79779,2.20363,H2S,15.86
114,0,3.3,255,86279,17608,86279,17608,10.7849,2.201,H2S,15.83
115,0,3.3,255,86308,17614,86308,17614,10.78858,2.20175,H2S,15.84
116,0,3.3,255,86264,17605,86264,17605,10.78309,2.20063,H2S,15.83
117,0,3.3,255,86166,17585,86166,17585,10.77084,2.19813,H2S,15.81
118,0,3.3,255,86200,17592,86200,17592,10.7751,2.199,H2S,15.81
119,0,3.3,255,86098,17571,86098,17571,10.76226,2.19638,H2S,15.79
120,0,3.3,255,86102,17572,86102,17572,10.76285,2.1965,H2S,15.79
121,0,3.3,255,86078,17567,86078,17567,10.75981,2.19588,H2S,15.78
122,0,3.3,255,85975,17546,85975,17546,10.74693,2.19325,H2S,15.76
123,0,3.3,255,86009,17553,86009,17553,10.75124,2.19413,H2S,15.77
124,0,3.3,255,85955,17542,85955,17542,10.74448,2.19275,H2S,15.76
125,0,0.0,0,103012,21022,103012,21022,12.87656,2.62787,H2S,19.78
126,0,0.0,0,100944,20600,100944,20600,12.61809,2.57512,H2S,19.29
127,0,0.0,0,98254,20052,98254,20052,12.28185,2.5065,H2S,18.66
128,0,0.0,0,95638,19518,95638,19518,11.95478,2.43975,H2S,18.04
129,0,0.0,0,93094,18998,93094,18998,11.63686,2.37487,H2S,17.44
130,0,0.0,0,90699,18510,90699,18510,11.33738,2.31375,H2S,16.87
131,0,0.0,0,88341,18028,88341,18028,11.04274,2.25362,H2S,16.32
132,0,0.0,0,86087,17568,86087,17568,10.76099,2.19612,H2S,15.79
133,0,0.0,0,83907,17124,83907,17124,10.48845,2.1405,H2S,15.27
134,0,0.0,0,81800,16694,81800,16694,10.22508,2.08675,H2S,14.78
135,0,0.0,0,79796,16285,79796,16285,9.97459,2.03563,H2S,14.3
136,0,0.0,0,77836,15884,77836,15884,9.72954,1.98562,H2S,13.84
137,0,0.0,0,75959,15502,75959,15502,9.49498,1.93775,H2S,13.4
138,0,0.0,0,74146,15132,74146,15132,9.26835,1.8915,H2S,12.97
139,0,0.0,0,72387,14772,72387,14772,9.04844,1.84662,H2S,12.55
140,0,0.0,0,70702,14429,70702,14429,8.83779,1.80363,H2S,12.16
141,0,0.0,0,69075,14096,69075,14096,8.63439,1.76212,H2S,11.77
142,0,0.0,0,67516,13778,67516,13778,8.43961,1.72237,H2S,11.41
143,0,0.0,0,66037,13477,66037,13477,8.25469,1.68463,H2S,11.06
144,0,0.0,0,64572,13178,64572,13178,8.07153,1.64725,H2S,10.71
145,0,0.0,0,63195,12897,63195,12897,7.89944,1.61213,H2S,10.39
146,0,0.0,0,61847,12622,61847,12622,7.73098,1.57775,H2S,10.07
147,0,0.0,0,60569,12361,60569,12361,7.57114,1.54513,H2S,9.77
148,0,0.0,0,59344,12111,59344,12111,7.41801,1.51388,H2S,9.48
149,0,0.0,0,58153,11868,58153,11868,7.26915,1.4835,H2S,9.2
150,0,0.0,0,57021,11637,57021,11637,7.12769,1.45463,H2S,8.93
151,0,0.0,0,55904,11409,55904,11409,6.98804,1.42613,H2S,8.67
152,0,0.0,0,54850,11194,54850,11194,6.85633,1.39925,H2S,8.42
153,0,0.0,0,53811,10982,53811,10982,6.72647,1.37275,H2S,8.17
154,0,0.0,0,52836,10782,52836,10782,6.60456,1.34787,H2S,7.94
155,0,0.0,0,51886,10589,51886,10589,6.48579,1.32363,H2S,7.72
156,0,0.0,0,50984,10404,50984,10404,6.37304,1.30062,H2S,7.5
157,0,0.0,0,50087,10222,50087,10222,6.26098,1.27775,H2S,7.29
158,0,0.0,0,49250,10051,49250,10051,6.15626,1.25638,H2S,7.1
159,0,0.0,0,48441,9886,48441,9886,6.05518,1.23575,H2S,6.9
160,0,0.0,0,47637,9722,47637,9722,5.95472,1.21525,H2S,6.72
161,0,0.0,0,46878,9567,46878,9567,5.85981,1.19588,H2S,6.54
162,0,0.0,0,46138,9416,46138,9416,5.7673,1.177,H2S,6.36
163,0,0.0,0,45437,9272,45437,9272,5.67969,1.15912,H2S,6.2
164,0,0.0,0,44761,9134,44761,9134,5.59516,1.14187,H2S,6.04
165,0,0.0,0,44114,9003,44114,9003,5.51436,1.12538,H2S,5.88
166,0,0.0,0,43472,8872,43472,8872,5.4341,1.109,H2S,5.73
167,0,0.0,0,42875,8750,42875,8750,5.35938,1.09375,H2S,5.59
168,0,0.0,0,42272,8627,42272,8627,5.28406,1.07838,H2S,5.45
169,0,0.0,0,41699,8510,41699,8510,5.21238,1.06375,H2S,5.31
170,0,0.0,0,41145,8397,41145,8397,5.14319,1.04963,H2S,5.18
171,0,0.0,0,40630,8292,40630,8292,5.07885,1.0365,H2S,5.06
172,0,0.0,0,40086,8180,40086,8180,5.01084,1.02262,H2S,4.93
173,0,0.0,0,39606,8083,39606,8083,4.95086,1.01038,H2S,4.82
174,0,0.0,0,39102,7980,39102,7980,4.88775,0.9975,H2S,4.7
175,0,0.0,0,38646,7887,38646,7887,4.83081,0.98588,H2S,4.59
176,0,0.0,0,38185,7793,38185,7793,4.77324,0.97413,H2S,4.49
177,0,0.0,0,37749,7704,37749,7704,4.7187,0.963,H2S,4.38
178,0,0.0,0,37343,7621,37343,7621,4.66789,0.95263,H2S,4.29
179,0,0.0,0,36916,7534,36916,7534,4.61458,0.94175,H2S,4.19
180,0,0.0,0,36510,7451,36510,7451,4.56376,0.93138,H2S,4.09
181,0,0.0,0,36127,7373,36127,7373,4.51599,0.92163,H2S,4.0
182,0,0.0,0,35735,7293,35735,7293,4.46699,0.91163,H2S,3.91
183,0,0.0,0,35392,7222,35392,7222,4.42406,0.90287,H2S,3.83
184,0,0.0,0,35039,7150,35039,7150,4.37996,0.89387,H2S,3.74
185,0,0.0,0,34682,7078,34682,7078,4.33528,0.88475,H2S,3.66
186,0,0.0,0,34344,7009,34344,7009,4.29304,0.87613,H2S,3.58
187,0,0.0,0,34045,6948,34045,6948,4.25565,0.8685,H2S,3.51
188,0,0.0,0,33736,6884,33736,6884,4.21704,0.86062,H2S,3.44
189,0,0.0,0,33432,6823,33432,6823,4.17911,0.85288,H2S,3.36
190,0,0.0,0,33114,6758,33114,6758,4.13928,0.84475,H2S,3.29
191,0,0.0,0,32844,6703,32844,6703,4.10561,0.83788,H2S,3.23
192,0,0.0,0,32580,6649,32580,6649,4.07254,0.83113,H2S,3.16
193,0,0.0,0,32305,6592,32305,6592,4.03819,0.82412,H2S,3.1
194,0,0.0,0,32026,6536,32026,6536,4.0033,0.817,H2S,3.03
195,0,0.0,0,31786,6487,31786,6487,3.97331,0.81088,H2S,2.98
196,0,0.0,0,31560,6440,31560,6440,3.94509,0.80512,H2S,2.92
197,0,0.0,0,31310,6390,31310,6390,3.91387,0.79875,H2S,2.86
198,0,0.0,0,31075,6342,31075,6342,3.88448,0.79275,H2S,2.81
199,0,0.0,0,30875,6301,30875,6301,3.85939,0.78763,H2S,2.76
200,0,0.0,0,30634,6252,30634,6252,3.82935,0.7815,H2S,2.7
201,0,0.0,0,30409,6206,30409,6206,3.80118,0.77575,H2S,2.65
202,0,0.0,0,30208,6165,30208,6165,3.77609,0.77063,H2S,2.6
203,0,0.0,0,30027,6128,30027,6128,3.7534,0.766,H2S,2.56
204,0,0.0,0,29826,6086,29826,6086,3.72826,0.76087,H2S,2.51
205,0,0.0,0,29630,6046,29630,6046,3.70376,0.75587,H2S,2.47
206,0,0.0,0,29454,6011,29454,6011,3.68176,0.75138,H2S,2.43
207,0,0.0,0,29258,5971,29258,5971,3.65726,0.74638,H2S,2.38
208,0,0.0,0,29096,5938,29096,5938,3.63702,0.74225,H2S,2.34
209,0,0.0,0,28919,5902,28919,5902,3.61498,0.73775,H2S,2.3
210,0,0.0,0,28757,5868,28757,5868,3.59474,0.73362,H2S,2.26
211,0,0.0,0,28596,5836,28596,5836,3.57455,0.7295,H2S,2.22
212,0,0.0,0,28444,5804,28444,5804,3.55554,0.72562,H2S,2.19
213,0,0.0,0,28282,5772,28282,5772,3.53535,0.7215,H2S,2.15
214,0,0.0,0,28160,5746,28160,5746,3.52001,0.71837,H2S,2.12
215,0,0.0,0,28008,5716,28008,5716,3.50105,0.7145,H2S,2.08
216,0,0.0,0,27871,5688,27871,5688,3.4839,0.711,H2S,2.05
217,0,0.0,0,27728,5658,27728,5658,3.46611,0.70737,H2S,2.02
218,0,0.0,0,27601,5633,27601,5633,3.45024,0.70413,H2S,1.99
219,0,0.0,0,27479,5608,27479,5608,3.4349,0.701,H2S,1.96
220,0,0.0,0,27347,5581,27347,5581,3.41839,0.69763,H2S,1.93
221,0,0.0,0,27224,5556,27224,5556,3.40305,0.6945,H2S,1.9
222,0,0.0,0,27111,5533,27111,5533,3.38899,0.69163,H2S,1.87
223,0,0.0,0,27008,5512,27008,5512,3.3761,0.689,H2S,1.85
224,0,0.0,0,26891,5488,26891,5488,3.3614,0.686,H2S,1.82
225,0,0.0,0,26773,5464,26773,5464,3.3467,0.683,H2S,1.79
226,0,0.0,0,26675,5444,26675,5444,3.33445,0.6805,H2S,1.77
227,0,0.0,0,26577,5424,26577,5424,3.3222,0.678,H2S,1.75
228,0,0.0,0,26474,5403,26474,5403,3.30936,0.67538,H2S,1.72
229,0,0.0,0,26362,5380,26362,5380,3.29525,0.6725,H2S,1.7
230,0,0.0,0,26278,5363,26278,5363,3.28486,0.67038,H2S,1.68
231,0,0.0,0,26200,5347,26200,5347,3.27506,0.66838,H2S,1.66
232,0,0.0,0,26102,5326,26102,5326,3.26276,0.66587,H2S,1.63
233,0,0.0,0,26014,5309,26014,5309,3.25179,0.66363,H2S,1.61
234,0,0.0,0,25940,5294,25940,5294,3.24257,0.66175,H2S,1.6
235,0,0.0,0,25842,5274,25842,5274,3.23033,0.65925,H2S,1.57
236,0,0.0,0,25759,5256,25759,5256,3.21989,0.65712,H2S,1.55
237,0,0.0,0,25700,5245,25700,5245,3.21259,0.65563,H2S,1.54
238,0,0.0,0,25617,5228,25617,5228,3.20215,0.6535,H2S,1.52
239,0,0.0,0,25534,5211,25534,5211,3.19176,0.65138,H2S,1.5
240,0,0.0,0,25480,5200,25480,5200,3.185,0.65,H2S,1.49
241,0,0.0,0,25421,5188,25421,5188,3.17765,0.6485,H2S,1.47
242,0,0.0,0,25347,5173,25347,5173,3.16849,0.64663,H2S,1.46
243,0,0.0,0,25278,5158,25278,5158,3.15986,0.64487,H2S,1.44
244,0,0.0,0,25210,5145,25210,5145,3.15134,0.64313,H2S,1.42
245,0,0.0,0,25156,5134,25156,5134,3.14458,0.64175,H2S,1.41
246,0,0.0,0,25093,5121,25093,5121,3.13664,0.64013,H2S,1.4
247,0,0.0,0,25029,5108,25029,5108,3.12865,0.6385,H2S,1.38
248,0,0.0,0,24994,5100,24994,5100,3.12434,0.63762,H2S,1.37
249,0,0.0,0,24921,5086,24921,5086,3.11518,0.63575,H2S,1.36
0,0,3.3,255,20874,4260,20874,4260,2.60925,0.5325,H2S,0.4
1,0,3.3,255,22231,4536,22231,4536,2.77889,0.56712,H2S,0.72
2,0,3.3,255,24343,4968,24343,4968,3.0429,0.621,H2S,1.22
3,0,3.3,255,26514,5411,26514,5411,3.31426,0.67638,H2S,1.73
4,0,3.3,255,28699,5857,28699,5857,3.58744,0.73213,H2S,2.25
5,0,3.3,255,30889,6304,30889,6304,3.8612,0.788,H2S,2.76
6,0,3.3,255,33080,6751,33080,6751,4.13501,0.84388,H2S,3.28
7,0,3.3,255,35221,7188,35221,7188,4.40265,0.8985,H2S,3.79
8,0,3.3,255,37357,7624,37357,7624,4.6697,0.953,H2S,4.29
9,0,3.3,255,39464,8054,39464,8054,4.93308,1.00675,H2S,4.79
10,0,3.3,255,41546,8478,41546,8478,5.19336,1.05987,H2S,5.28
11,0,3.3,255,43585,8894,43585,8894,5.44816,1.11187,H2S,5.76
12,0,3.3,255,45579,9302,45579,9302,5.69747,1.16275,H2S,6.23
13,0,3.3,255,47549,9704,47549,9704,5.9437,1.213,H2S,6.69
14,0,3.3,255,49460,10094,49460,10094,6.18257,1.26175,H2S,7.15
15,0,3.3,255,51303,10470,51303,10470,6.41288,1.30875,H2S,7.58
16,0,3.3,255,53130,10842,53130,10842,6.64131,1.35537,H2S,8.01
17,0,3.3,255,54874,11198,54874,11198,6.85936,1.39987,H2S,8.42
18,0,3.3,255,56555,11542,56555,11542,7.06948,1.44275,H2S,8.82
19,0,3.3,255,58177,11872,58177,11872,7.27219,1.48412,H2S,9.2
20,0,3.3,255,59760,12196,59760,12196,7.47005,1.5245,H2S,9.58
21,0,3.3,255,61294,12509,61294,12509,7.66179,1.56363,H2S,9.94
22,0,3.3,255,62769,12810,62769,12810,7.84613,1.60125,H2S,10.29
23,0,3.3,255,64150,13092,64150,13092,8.01885,1.6365,H2S,10.61
24,0,3.3,255,65581,13384,65581,13384,8.1977,1.673,H2S,10.95
25,0,3.3,255,66914,13656,66914,13656,8.3643,1.707,H2S,11.26
26,0,3.3,255,68173,13913,68173,13913,8.52174,1.73913,H2S,11.56
27,0,3.3,255,69374,14158,69374,14158,8.67178,1.76975,H2S,11.84
28,0,3.3,255,70554,14398,70554,14398,8.81936,1.79987,H2S,12.12
29,0,3.3,255,71716,14636,71716,14636,8.96455,1.8295,H2S,12.4
30,0,3.3,255,72784,14854,72784,14854,9.09807,1.85675,H2S,12.65
31,0,3.3,255,73784,15058,73784,15058,9.22302,1.88225,H2S,12.88
32,0,3.3,255,74769,15259,74769,15259,9.34616,1.90738,H2S,13.12
33,0,3.3,255,75636,15436,75636,15436,9.45455,1.9295,H2S,13.32
34,0,3.3,255,76577,15628,76577,15628,9.57215,1.9535,H2S,13.54
35,0,3.3,255,77410,15798,77410,15798,9.67628,1.97475,H2S,13.74
36,0,3.3,255,78204,15960,78204,15960,9.7755,1.995,H2S,13.93
37,0,3.3,255,78939,16110,78939,16110,9.86738,2.01375,H2S,14.1
38,0,3.3,255,79600,16245,79600,16245,9.95009,2.03063,H2S,14.26
39,0,3.3,255,80262,16379,80262,16379,10.03275,2.0475,H2S,14.41
40,0,3.3,255,80913,16513,80913,16513,10.11424,2.06413,H2S,14.57
41,0,3.3,255,81432,16618,81432,16618,10.17911,2.07737,H2S,14.69
42,0,3.3,255,82050,16745,82050,16745,10.25634,2.09313,H2S,14.83
43,0,3.3,255,82565,16850,82565,16850,10.32063,2.10625,H2S,14.96
44,0,3.3,255,83025,16944,83025,16944,10.3782,2.118,H2S,15.06
45,0,3.3,255,83437,17028,83437,17028,10.42965,2.1285,H2S,15.16
46,0,3.3,255,83912,17124,83912,17124,10.48904,2.14062,H2S,15.27
47,0,3.3,255,84260,17196,84260,17196,10.53255,2.1495,H2S,15.36
48,0,3.3,255,84623,17270,84623,17270,10.57788,2.15875,H2S,15.44
49,0,3.3,255,84951,17336,84951,17336,10.61889,2.16712,H2S,15.52
50,0,3.3,255,85211,17390,85211,17390,10.65138,2.17375,H2S,15.58
51,0,3.3,255,85588,17466,85588,17466,10.69851,2.18337,H2S,15.67
52,0,3.3,255,85848,17520,85848,17520,10.731,2.19,H2S,15.73
53,0,3.3,255,86098,17571,86098,17571,10.76226,2.19638,H2S,15.79
54,0,3.3,255,86338,17620,86338,17620,10.79225,2.2025,H2S,15.85
55,0,3.3,255,86534,17660,86534,17660,10.81675,2.2075,H2S,15.89
56,0,3.3,255,86725,17699,86725,17699,10.84066,2.21238,H2S,15.94
57,0,3.3,255,86842,17722,86842,17722,10.85531,2.21537,H2S,15.96
58,0,3.3,255,87078,17771,87078,17771,10.88476,2.22138,H2S,16.02
59,0,3.3,255,87190,17794,87190,17794,10.89883,2.22425,H2S,16.05
60,0,3.3,255,87381,17832,87381,17832,10.92269,2.22912,H2S,16.09
61,0,3.3,255,87484,17854,87484,17854,10.93558,2.23175,H2S,16.12
62,0,3.3,255,87587,17875,87587,17875,10.94846,2.23438,H2S,16.14
63,0,3.3,255,87700,17898,87700,17898,10.96253,2.23725,H2S,16.17
64,0,3.3,255,87788,17916,87788,17916,10.97355,2.2395,H2S,16.19
65,0,3.3,255,87798,17918,87798,17918,10.97478,2.23975,H2S,16.19
66,0,3.3,255,87915,17942,87915,17942,10.98948,2.24275,H2S,16.22
67,0,3.3,255,87989,17957,87989,17957,10.99869,2.24463,H2S,16.24
68,0,3.3,255,88004,17960,88004,17960,11.0005,2.245,H2S,16.24
69,0,3.3,255,88062,17972,88062,17972,11.00785,2.2465,H2S,16.25
70,0,3.3,255,88087,17977,88087,17977,11.01094,2.24713,H2S,16.26
71,0,3.3,255,88131,17986,88131,17986,11.01643,2.24825,H2S,16.27
72,0,3.3,255,88160,17992,88160,17992,11.0201,2.249,H2S,16.28
73,0,3.3,255,88136,17986,88136,17986,11.01701,2.24837,H2S,16.27
74,0,3.3,255,88141,17988,88141,17988,11.01765,2.2485,H2S,16.27
75,0,3.3,255,88175,17995,88175,17995,11.02196,2.24938,H2S,16.28
76,0,3.3,255,88175,17995,88175,17995,11.02196,2.24938,H2S,16.28
77,0,3.3,255,88170,17994,88170,17994,11.02133,2.24925,H2S,16.28
78,0,3.3,255,88146,17989,88146,17989,11.01829,2.24863,H2S,16.27
79,0,3.3,255,88096,17978,88096,17978,11.01211,2.24737,H2S,16.26
80,0,3.3,255,88136,17986,88136,17986,11.01701,2.24837,H2S,16.27
81,0,3.3,255,88107,17981,88107,17981,11.01339,2.24763,H2S,16.26
82,0,3.3,255,88102,17980,88102,17980,11.01275,2.2475,H2S,16.26
83,0,3.3,255,88077,17975,88077,17975,11.00971,2.24688,H2S,16.26
84,0,3.3,255,88043,17968,88043,17968,11.0054,2.246,H2S,16.25
85,0,3.3,255,87994,17958,87994,17958,10.99927,2.24475,H2S,16.24
86,0,3.3,255,87920,17943,87920,17943,10.99011,2.24288,H2S,16.22
87,0,3.3,255,87901,17939,87901,17939,10.98766,2.24238,H2S,16.21
88,0,3.3,255,87866,17932,87866,17932,10.98335,2.2415,H2S,16.21
89,0,3.3,255,87886,17936,87886,17936,10.9858,2.242,H2S,16.21
90,0,3.3,255,87862,17931,87862,17931,10.98276,2.24138,H2S,16.21
91,0,3.3,255,87817,17922,87817,17922,10.97723,2.24025,H2S,16.19
92,0,3.3,255,87724,17902,87724,17902,10.96556,2.23787,H2S,16.17
93,0,3.3,255,87749,17908,87749,17908,10.96865,2.2385,H2S,16.18
94,0,3.3,255,87695,17896,87695,17896,10.96189,2.23712,H2S,16.17
95,0,3.3,255,87621,17882,87621,17882,10.95273,2.23525,H2S,16.15
96,0,3.3,255,87557,17868,87557,17868,10.94474,2.23362,H2S,16.13
97,0,3.3,255,87572,17872,87572,17872,10.9466,2.234,H2S,16.14
98,0,3.3,255,87474,17852,87474,17852,10.93435,2.2315,H2S,16.11
99,0,3.3,255,87489,17855,87489,17855,10.93621,2.23188,H2S,16.12
100,0,3.3,255,87445,17846,87445,17846,10.93068,2.23075,H2S,16.11
101,0,3.3,255,87381,17832,87381,17832,10.92269,2.22912,H2S,16.09
102,0,3.3,255,87332,17823,87332,17823,10.91661,2.22788,H2S,16.08
103,0,3.3,255,87249,17806,87249,17806,10.90618,2.22575,H2S,16.06
104,0,3.3,255,87254,17806,87254,17806,10.90676,2.22587,H2S,16.06
105,0,3.3,255,87185,17792,87185,17792,10.89819,2.22412,H2S,16.05
106,0,3.3,255,87141,17784,87141,17784,10.8927,2.223,H2S,16.04
107,0,3.3,255,87097,17774,87097,17774,10.88716,2.22187,H2S,16.02
108,0,3.3,255,86999,17754,86999,17754,10.87491,2.21937,H2S,16.0
109,0,3.3,255,87009,17757,87009,17757,10.87619,2.21963,H2S,16.0
110,0,3.3,255,86965,17748,86965,17748,10.87065,2.2185,H2S,15.99
111,0,3.3,255,86886,17732,86886,17732,10.86085,2.2165,H2S,15.97
112,0,3.3,255,86833,17721,86833,17721,10.85414,2.21513,H2S,15.96
113,0,3.3,255,86808,17716,86808,17716,10.85105,2.2145,H2S,15.96
114,0,3.3,255,86764,17707,86764,17707,10.84556,2.21338,H2S,15.95
115,0,3.3,255,86646,17682,86646,17682,10.83081,2.21037,H2S,15.92
116,0,3.3,255,86666,17687,86666,17687,10.83331,2.21088,H2S,15.92
117,0,3.3,255,86563,17666,86563,17666,10.82043,2.20825,H2S,15.9
118,0,3.3,255,86578,17669,86578,17669,10.82229,2.20863,H2S,15.9
119,0,3.3,255,86519,17657,86519,17657,10.81494,2.20713,H2S,15.89
120,0,3.3,255,86460,17644,86460,17644,10.80754,2.20562,H2S,15.87
121,0,3.3,255,86347,17622,86347,17622,10.79348,2.20275,H2S,15.85
122,0,3.3,255,86313,17614,86313,17614,10.78916,2.20187,H2S,15.84
123,0,3.3,255,86332,17618,86332,17618,10.79161,2.20237,H2S,15.84
124,0,3.3,255,86284,17609,86284,17609,10.78554,2.20113,H2S,15.83
125,0,0.0,0,103385,21099,103385,21099,12.92316,2.63738,H2S,19.87
126,0,0.0,0,101273,20668,101273,20668,12.65915,2.5835,H2S,19.37
127,0,0.0,0,98592,20120,98592,20120,12.32409,2.51512,H2S,18.74
128,0,0.0,0,95981,19588,95981,19588,11.99765,2.4485,H2S,18.12
129,0,0.0,0,93457,19073,93457,19073,11.68224,2.38413,H2S,17.53
130,0,0.0,0,91002,18572,91002,18572,11.37535,2.3215,H2S,16.95
131,0,0.0,0,88655,18092,88655,18092,11.08194,2.26162,H2S,16.39
132,0,0.0,0,86387,17630,86387,17630,10.79838,2.20375,H2S,15.86
133,0,0.0,0,84211,17186,84211,17186,10.52643,2.14825,H2S,15.34
134,0,0.0,0,82133,16762,82133,16762,10.26673,2.09525,H2S,14.85
135,0,0.0,0,80080,16342,80080,16342,10.01006,2.04287,H2S,14.37
136,0,0.0,0,78120,15942,78120,15942,9.76506,1.99287,H2S,13.91
137,0,0.0,0,76214,15554,76214,15554,9.52683,1.94425,H2S,13.46
138,0,0.0,0,74416,15186,74416,15186,9.30201,1.89837,H2S,13.03
139,0,0.0,0,72652,14826,72652,14826,9.08151,1.85337,H2S,12.62
140,0,0.0,0,70971,14484,70971,14484,8.87145,1.8105,H2S,12.22
141,0,0.0,0,69344,14152,69344,14152,8.6681,1.769,H2S,11.84
142,0,0.0,0,67791,13835,67791,13835,8.47396,1.72938,H2S,11.47
143,0,0.0,0,66291,13528,66291,13528,8.28649,1.69112,H2S,11.12
144,0,0.0,0,64821,13228,64821,13228,8.10274,1.65362,H2S,10.77
145,0,0.0,0,63435,12946,63435,12946,7.92943,1.61825,H2S,10.44
146,0,0.0,0,62107,12675,62107,12675,7.76346,1.58438,H2S,10.13
147,0,0.0,0,60799,12408,60799,12408,7.5999,1.551,H2S,9.82
148,0,0.0,0,59569,12157,59569,12157,7.44619,1.51963,H2S,9.53
149,0,0.0,0,58378,11914,58378,11914,7.29733,1.48925,H2S,9.25
150,0,0.0,0,57236,11680,57236,11680,7.15459,1.46012,H2S,8.98
151,0,0.0,0,56119,11452,56119,11452,7.01494,1.43162,H2S,8.72
152,0,0.0,0,55056,11236,55056,11236,6.88205,1.4045,H2S,8.47
153,0,0.0,0,54017,11024,54017,11024,6.7522,1.378,H2S,8.22
154,0,0.0,0,53052,10826,53052,10826,6.63151,1.35337,H2S,7.99
155,0,0.0,0,52101,10632,52101,10632,6.51269,1.32912,H2S,7.77
156,0,0.0,0,51185,10446,51185,10446,6.39818,1.30575,H2S,7.55
157,0,0.0,0,50298,10265,50298,10265,6.28734,1.28313,H2S,7.34
158,0,0.0,0,49445,10090,49445,10090,6.18071,1.26137,H2S,7.14
159,0,0.0,0,48627,9924,48627,9924,6.07845,1.2405,H2S,6.95
160,0,0.0,0,47858,9766,47858,9766,5.98226,1.22087,H2S,6.77
161,0,0.0,0,47088,9610,47088,9610,5.88612,1.20125,H2S,6.59
162,0,0.0,0,46363,9462,46363,9462,5.79548,1.18275,H2S,6.41
163,0,0.0,0,45658,9318,45658,9318,5.70728,1.16475,H2S,6.25
164,0,0.0,0,44982,9180,44982,9180,5.62275,1.1475,H2S,6.09
165,0,0.0,0,44315,9044,44315,9044,5.53945,1.1305,H2S,5.93
166,0,0.0,0,43673,8913,43673,8913,5.45924,1.11413,H2S,5.78
167,0,0.0,0,43056,8787,43056,8787,5.38206,1.09838,H2S,5.63
168,0,0.0,0,42478,8669,42478,8669,5.30979,1.08363,H2S,5.5
169,0,0.0,0,41900,8551,41900,8551,5.23751,1.06888,H2S,5.36
170,0,0.0,0,41341,8436,41341,8436,5.16764,1.05462,H2S,5.23
171,0,0.0,0,40797,8326,40797,8326,5.09968,1.04075,H2S,5.1
172,0,0.0,0,40278,8220,40278,8220,5.03475,1.0275,H2S,4.98
173,0,0.0,0,39773,8117,39773,8117,4.97169,1.01463,H2S,4.86
174,0,0.0,0,39288,8018,39288,8018,4.91103,1.00225,H2S,4.75
175,0,0.0,0,38813,7921,38813,7921,4.85164,0.99013,H2S,4.63
176,0,0.0,0,38376,7832,38376,7832,4.7971,0.979,H2S,4.53
177,0,0.0,0,37920,7738,37920,7738,4.74011,0.96737,H2S,4.42
178,0,0.0,0,37499,7653,37499,7653,4.68749,0.95663,H2S,4.32
179,0,0.0,0,37087,7568,37087,7568,4.63599,0.94612,H2S,4.23
180,0,0.0,0,36686,7487,36686,7487,4.58581,0.93588,H2S,4.13
181,0,0.0,0,36303,7408,36303,7408,4.53799,0.92612,H2S,4.04
182,0,0.0,0,35931,7333,35931,7333,4.49149,0.91663,H2S,3.95
183,0,0.0,0,35579,7261,35579,7261,4.44739,0.90763,H2S,3.87
184,0,0.0,0,35221,7188,35221,7188,4.40265,0.8985,H2S,3.79
185,0,0.0,0,34878,7118,34878,7118,4.35978,0.88975,H2S,3.71
186,0,0.0,0,34530,7046,34530,7046,4.31626,0.88087,H2S,3.62
187,0,0.0,0,34226,6985,34226,6985,4.27834,0.87313,H2S,3.55
188,0,0.0,0,33893,6916,33893,6916,4.23664,0.86462,H2S,3.47
189,0,0.0,0,33604,6858,33604,6858,4.20052,0.85725,H2S,3.4
190,0,0.0,0,33320,6800,33320,6800,4.165,0.85,H2S,3.34
191,0,0.0,0,33035,6742,33035,6742,4.12948,0.84275,H2S,3.27
192,0,0.0,0,32751,6684,32751,6684,4.09395,0.8355,H2S,3.2
193,0,0.0,0,32487,6630,32487,6630,4.06088,0.82875,H2S,3.14
194,0,0.0,0,32227,6576,32227,6576,4.02839,0.82212,H2S,3.08
195,0,0.0,0,31982,6527,31982,6527,3.99781,0.81588,H2S,3.02
196,0,0.0,0,31727,6475,31727,6475,3.96596,0.80938,H2S,2.96
197,0,0.0,0,31502,6429,31502,6429,3.93779,0.80363,H2S,2.91
198,0,0.0,0,31262,6380,31262,6380,3.90775,0.7975,H2S,2.85
199,0,0.0,0,31036,6334,31036,6334,3.87957,0.79175,H2S,2.8
200,0,0.0,0,30821,6290,30821,6290,3.85263,0.78625,H2S,2.75
201,0,0.0,0,30605,6246,30605,6246,3.82568,0.78075,H2S,2.7
202,0,0.0,0,30404,6205,30404,6205,3.80059,0.77563,H2S,2.65
203,0,0.0,0,30178,6158,30178,6158,3.77236,0.76987,H2S,2.6
204,0,0.0,0,30012,6124,30012,6124,3.75154,0.76562,H2S,2.56
205,0,0.0,0,29797,6081,29797,6081,3.72464,0.76013,H2S,2.51
206,0,0.0,0,29605,6042,29605,6042,3.70073,0.75525,H2S,2.46
207,0,0.0,0,29434,6007,29434,6007,3.67931,0.75088,H2S,2.42
208,0,0.0,0,29267,5972,29267,5972,3.65844,0.74662,H2S,2.38
209,0,0.0,0,29091,5937,29091,5937,3.63644,0.74213,H2S,2.34
210,0,0.0,0,28934,5905,28934,5905,3.61684,0.73813,H2S,2.3
211,0,0.0,0,28768,5871,28768,5871,3.59601,0.73388,H2S,2.26
212,0,0.0,0,28621,5841,28621,5841,3.57764,0.73013,H2S,2.23
213,0,0.0,0,28454,5807,28454,5807,3.55681,0.72588,H2S,2.19
214,0,0.0,0,28326,5780,28326,5780,3.54084,0.72262,H2S,2.16
215,0,0.0,0,28170,5749,28170,5749,3.52129,0.71863,H2S,2.12
216,0,0.0,0,28033,5721,28033,5721,3.50414,0.71513,H2S,2.09
217,0,0.0,0,27900,5694,27900,5694,3.48758,0.71175,H2S,2.06
218,0,0.0,0,27758,5665,27758,5665,3.46984,0.70813,H2S,2.03
219,0,0.0,0,27641,5641,27641,5641,3.45514,0.70513,H2S,2.0
220,0,0.0,0,27518,5616,27518,5616,3.4398,0.702,H2S,1.97
221,0,0.0,0,27386,5589,27386,5589,3.42329,0.69863,H2S,1.94
222,0,0.0,0,27273,5566,27273,5566,3.40918,0.69575,H2S,1.91
223,0,0.0,0,27151,5541,27151,5541,3.39389,0.69263,H2S,1.88
224,0,0.0,0,27077,5526,27077,5526,3.38468,0.69075,H2S,1.86
225,0,0.0,0,26930,5496,26930,5496,3.3663,0.687,H2S,1.83
226,0,0.0,0,26827,5475,26827,5475,3.35346,0.68438,H2S,1.81
227,0,0.0,0,26729,5455,26729,5455,3.34121,0.68188,H2S,1.78
228,0,0.0,0,26651,5439,26651,5439,3.33141,0.67988,H2S,1.76
229,0,0.0,0,26528,5414,26528,5414,3.31608,0.67675,H2S,1.74
230,0,0.0,0,26420,5392,26420,5392,3.3026,0.674,H2S,1.71
231,0,0.0,0,26347,5376,26347,5376,3.29339,0.67212,H2S,1.69
232,0,0.0,0,26258,5358,26258,5358,3.28236,0.66987,H2S,1.67
233,0,0.0,0,26161,5339,26161,5339,3.27016,0.66738,H2S,1.65
234,0,0.0,0,26092,5325,26092,5325,3.26159,0.66563,H2S,1.63
235,0,0.0,0,26014,5309,26014,5309,3.25179,0.66363,H2S,1.61
236,0,0.0,0,25940,5294,25940,5294,3.24257,0.66175,H2S,1.6
237,0,0.0,0,25857,5277,25857,5277,3.23219,0.65963,H2S,1.58
238,0,0.0,0,25774,5260,25774,5260,3.22175,0.6575,H2S,1.56
239,0,0.0,0,25695,5244,25695,5244,3.21195,0.6555,H2S,1.54
240,0,0.0,0,25627,5230,25627,5230,3.20338,0.65375,H2S,1.52
241,0,0.0,0,25592,5222,25592,5222,3.19906,0.65287,H2S,1.51
242,0,0.0,0,25499,5204,25499,5204,3.18745,0.6505,H2S,1.49
243,0,0.0,0,25435,5190,25435,5190,3.17946,0.64887,H2S,1.48
244,0,0.0,0,25352,5174,25352,5174,3.16908,0.64675,H2S,1.46
245,0,0.0,0,25308,5165,25308,5165,3.16359,0.64563,H2S,1.45
246,0,0.0,0,25249,5153,25249,5153,3.15624,0.64413,H2S,1.43
247,0,0.0,0,25191,5141,25191,5141,3.14889,0.64263,H2S,1.42
248,0,0.0,0,25117,5126,25117,5126,3.13968,0.64075,H2S,1.4
249,0,0.0,0,25078,5118,25078,5118,3.13478,0.63975,H2S,1.39
0,0,3.3,255,21011,4288,21011,4288,2.6264,0.536,H2S,0.43
1,0,3.3,255,22368,4565,22368,4565,2.79609,0.57063,H2S,0.75
2,0,3.3,255,24480,4996,24480,4996,3.06005,0.6245,H2S,1.25
3,0,3.3,255,26665,5442,26665,5442,3.33323,0.68025,H2S,1.77
4,0,3.3,255,28851,5888,28851,5888,3.6064,0.736,H2S,2.28
5,0,3.3,255,31041,6334,31041,6334,3.88016,0.79187,H2S,2.8
6,0,3.3,255,33207,6777,33207,6777,4.15094,0.84713,H2S,3.31
7,0,3.3,255,35392,7222,35392,7222,4.42406,0.90287,H2S,3.83
8,0,3.3,255,37524,7658,37524,7658,4.69053,0.95725,H2S,4.33
9,0,3.3,255,39636,8089,39636,8089,4.95454,1.01113,H2S,4.83
10,0,3.3,255,41708,8512,41708,8512,5.2136,1.064,H2S,5.32
11,0,3.3,255,43757,8930,43757,8930,5.46963,1.11625,H2S,5.8
12,0,3.3,255,45756,9338,45756,9338,5.71952,1.16725,H2S,6.27
13,0,3.3,255,47686,9732,47686,9732,5.96085,1.2165,H2S,6.73
14,0,3.3,255,49607,10124,49607,10124,6.20095,1.2655,H2S,7.18
15,0,3.3,255,51440,10498,51440,10498,6.43002,1.31225,H2S,7.61
16,0,3.3,255,53253,10868,53253,10868,6.65665,1.3585,H2S,8.04
17,0,3.3,255,54992,11223,54992,11223,6.87411,1.40288,H2S,8.45
18,0,3.3,255,56673,11566,56673,11566,7.08418,1.44575,H2S,8.85
19,0,3.3,255,58285,11894,58285,11894,7.28566,1.48687,H2S,9.23
20,0,3.3,255,59872,12218,59872,12218,7.48411,1.52737,H2S,9.6
21,0,3.3,255,61396,12530,61396,12530,7.67462,1.56625,H2S,9.96
22,0,3.3,255,62852,12826,62852,12826,7.85651,1.60337,H2S,10.3
23,0,3.3,255,64282,13118,64282,13118,8.03536,1.63987,H2S,10.64
24,0,3.3,255,65640,13396,65640,13396,8.20505,1.6745,H2S,10.96
25,0,3.3,255,66948,13663,66948,13663,8.36861,1.70788,H2S,11.27
26,0,3.3,255,68198,13918,68198,13918,8.52477,1.73975,H2S,11.57
27,0,3.3,255,69384,14160,69384,14160,8.673,1.77,H2S,11.85
28,0,3.3,255,70550,14398,70550,14398,8.81878,1.79975,H2S,12.12
29,0,3.3,255,71652,14622,71652,14622,8.95656,1.82787,H2S,12.38
30,0,3.3,255,72696,14836,72696,14836,9.08705,1.8545,H2S,12.63
31,0,3.3,255,73715,15044,73715,15044,9.21445,1.8805,H2S,12.87
32,0,3.3,255,74666,15238,74666,15238,9.33328,1.90475,H2S,13.09
33,0,3.3,255,75553,15419,75553,15419,9.44416,1.92738,H2S,13.3
34,0,3.3,255,76415,15595,76415,15595,9.55196,1.94938,H2S,13.5
35,0,3.3,255,77238,15762,77238,15762,9.65481,1.97037,H2S,13.7
36,0,3.3,255,77988,15916,77988,15916,9.74855,1.9895,H2S,13.88
37,0,3.3,255,78728,16067,78728,16067,9.84106,2.00838,H2S,14.05
38,0,3.3,255,79404,16204,79404,16204,9.92554,2.02562,H2S,14.21
39,0,3.3,255,80051,16336,80051,16336,10.00639,2.04212,H2S,14.36
40,0,3.3,255,80688,16466,80688,16466,10.08601,2.05837,H2S,14.51
41,0,3.3,255,81242,16580,81242,16580,10.15525,2.0725,H2S,14.64
42,0,3.3,255,81766,16687,81766,16687,10.22081,2.08588,H2S,14.77
43,0,3.3,255,82271,16790,82271,16790,10.28388,2.09875,H2S,14.89
44,0,3.3,255,82746,16887,82746,16887,10.34331,2.11088,H2S,15.0
45,0,3.3,255,83118,16963,83118,16963,10.38986,2.12038,H2S,15.09
46,0,3.3,255,83554,17052,83554,17052,10.44435,2.1315,H2S,15.19
47,0,3.3,255,83986,17140,83986,17140,10.49825,2.1425,H2S,15.29
48,0,3.3,255,84329,17210,84329,17210,10.54113,2.15125,H2S,15.37
49,0,3.3,255,84672,17280,84672,17280,10.584,2.16,H2S,15.45
50,0,3.3,255,84980,17342,84980,17342,10.62256,2.16787,H2S,15.53
51,0,3.3,255,85235,17394,85235,17394,10.65441,2.17437,H2S,15.59
52,0,3.3,255,85544,17458,85544,17458,10.69303,2.18225,H2S,15.66
53,0,3.3,255,85779,17506,85779,17506,10.72243,2.18825,H2S,15.71
54,0,3.3,255,85960,17542,85960,17542,10.74506,2.19287,H2S,15.76
55,0,3.3,255,86210,17594,86210,17594,10.77633,2.19925,H2S,15.82
56,0,3.3,255,86426,17638,86426,17638,10.80328,2.20475,H2S,15.87
57,0,3.3,255,86602,17674,86602,17674,10.82533,2.20925,H2S,15.91
58,0,3.3,255,86779,17710,86779,17710,10.84738,2.21375,H2S,15.95
59,0,3.3,255,86926,17740,86926,17740,10.86575,2.2175,H2S,15.98
60,0,3.3,255,87058,17766,87058,17766,10.88226,2.22087,H2S,16.02
61,0,3.3,255,87151,17786,87151,17786,10.89393,2.22325,H2S,16.04
62,0,3.3,255,87283,17812,87283,17812,10.91044,2.22662,H2S,16.07
63,0,3.3,255,87396,17836,87396,17836,10.92455,2.2295,H2S,16.1
64,0,3.3,255,87489,17855,87489,17855,10.93621,2.23188,H2S,16.12
65,0,3.3,255,87563,17870,87563,17870,10.94538,2.23375,H2S,16.13
66,0,3.3,255,87636,17885,87636,17885,10.95459,2.23563,H2S,16.15
67,0,3.3,255,87695,17896,87695,17896,10.96189,2.23712,H2S,16.17
68,0,3.3,255,87759,17910,87759,17910,10.96988,2.23875,H2S,16.18
69,0,3.3,255,87764,17911,87764,17911,10.97051,2.23888,H2S,16.18
70,0,3.3,255,87856,17930,87856,17930,10.98212,2.24125,H2S,16.2
71,0,3.3,255,87881,17934,87881,17934,10.98516,2.24187,H2S,16.21
72,0,3.3,255,87856,17930,87856,17930,10.98212,2.24125,H2S,16.2
73,0,3.3,255,87940,17946,87940,17946,10.99251,2.24337,H2S,16.22
74,0,3.3,255,87896,17938,87896,17938,10.98703,2.24225,H2S,16.21
75,0,3.3,255,87906,17940,87906,17940,10.98825,2.2425,H2S,16.22
76,0,3.3,255,87950,17949,87950,17949,10.99379,2.24363,H2S,16.23
77,0,3.3,255,87960,17951,87960,17951,10.99501,2.24388,H2S,16.23
78,0,3.3,255,87925,17944,87925,17944,10.9907,2.243,H2S,16.22
79,0,3.3,255,87886,17936,87886,17936,10.9858,2.242,H2S,16.21
80,0,3.3,255,87940,17946,87940,17946,10.99251,2.24337,H2S,16.22
81,0,3.3,255,87891,17937,87891,17937,10.98644,2.24213,H2S,16.21
82,0,3.3,255,87856,17930,87856,17930,10.98212,2.24125,H2S,16.2
83,0,3.3,255,87842,17926,87842,17926,10.98026,2.24087,H2S,16.2
84,0,3.3,255,87866,17932,87866,17932,10.98335,2.2415,H2S,16.21
85,0,3.3,255,87851,17928,87851,17928,10.98149,2.24112,H2S,16.2
86,0,3.3,255,87832,17925,87832,17925,10.97909,2.24063,H2S,16.2
87,0,3.3,255,87749,17908,87749,17908,10.96865,2.2385,H2S,16.18
88,0,3.3,255,87724,17902,87724,17902,10.96556,2.23787,H2S,16.17
89,0,3.3,255,87700,17898,87700,17898,10.96253,2.23725,H2S,16.17
90,0,3.3,255,87636,17885,87636,17885,10.95459,2.23563,H2S,16.15
91,0,3.3,255,87636,17885,87636,17885,10.95459,2.23563,H2S,16.15
92,0,3.3,255,87563,17870,87563,17870,10.94538,2.23375,H2S,16.13
93,0,3.3,255,87582,17874,87582,17874,10.94782,2.23425,H2S,16.14
94,0,3.3,255,87533,17864,87533,17864,10.9417,2.233,H2S,16.13
95,0,3.3,255,87450,17847,87450,17847,10.93131,2.23088,H2S,16.11
96,0,3.3,255,87416,17840,87416,17840,10.927,2.23,H2S,16.1
97,0,3.3,255,87410,17838,87410,17838,10.92636,2.22987,H2S,16.1
98,0,3.3,255,87367,17830,87367,17830,10.92088,2.22875,H2S,16.09
99,0,3.3,255,87278,17812,87278,17812,10.90985,2.2265,H2S,16.07
100,0,3.3,255,87269,17810,87269,17810,10.90863,2.22625,H2S,16.07
101,0,3.3,255,87239,17804,87239,17804,10.90495,2.2255,H2S,16.06
102,0,3.3,255,87151,17786,87151,17786,10.89393,2.22325,H2S,16.04
103,0,3.3,255,87126,17780,87126,17780,10.89084,2.22262,H2S,16.03
104,0,3.3,255,87058,17766,87058,17766,10.88226,2.22087,H2S,16.02
105,0,3.3,255,87033,17762,87033,17762,10.87923,2.22025,H2S,16.01
106,0,3.3,255,86999,17754,86999,17754,10.87491,2.21937,H2S,16.0
107,0,3.3,255,86945,17744,86945,17744,10.8682,2.218,H2S,15.99
108,0,3.3,255,86901,17734,86901,17734,10.86266,2.21687,H2S,15.98
109,0,3.3,255,86857,17726,86857,17726,10.85717,2.21575,H2S,15.97
110,0,3.3,255,86764,17707,86764,17707,10.84556,2.21338,H2S,15.95
111,0,3.3,255,86769,17708,86769,17708,10.84615,2.2135,H2S,15.95
112,0,3.3,255,86720,17698,86720,17698,10.84003,2.21225,H2S,15.94
113,0,3.3,255,86671,17688,86671,17688,10.8339,2.211,H2S,15.92
114,0,3.3,255,86573,17668,86573,17668,10.82165,2.2085,H2S,15.9
115,0,3.3,255,86528,17658,86528,17658,10.81611,2.20737,H2S,15.89
116,0,3.3,255,86504,17654,86504,17654,10.81308,2.20675,H2S,15.88
117,0,3.3,255,86455,17644,86455,17644,10.80695,2.2055,H2S,15.87
118,0,3.3,255,86455,17644,86455,17644,10.80695,2.2055,H2S,15.87
119,0,3.3,255,86367,17626,86367,17626,10.79593,2.20325,H2S,15.85
120,0,3.3,255,86332,17618,86332,17618,10.79161,2.20237,H2S,15.84
121,0,3.3,255,86230,17598,86230,17598,10.77877,2.19975,H2S,15.82
122,0,3.3,255,86249,17602,86249,17602,10.78123,2.20025,H2S,15.82
123,0,3.3,255,86181,17588,86181,17588,10.77265,2.1985,H2S,15.81
124,0,3.3,255,86132,17578,86132,17578,10.76652,2.19725,H2S,15.8
125,0,0.0,0,103243,21070,103243,21070,12.90538,2.63375,H2S,19.83
126,0,0.0,0,101170,20646,101170,20646,12.64626,2.58087,H2S,19.34
127,0,0.0,0,98431,20088,98431,20088,12.3039,2.511,H2S,18.7
128,0,0.0,0,95804,19552,95804,19552,11.9756,2.444,H2S,18.08
129,0,0.0,0,93281,19036,93281,19036,11.66014,2.37962,H2S,17.48
130,0,0.0,0,90826,18536,90826,18536,11.3533,2.317,H2S,16.9
131,0,0.0,0,88484,18058,88484,18058,11.06053,2.25725,H2S,16.35
132,0,0.0,0,86215,17594,86215,17594,10.77691,2.19937,H2S,15.82
133,0,0.0,0,84034,17150,84034,17150,10.50437,2.14375,H2S,15.3
134,0,0.0,0,81903,16714,81903,16714,10.23791,2.08937,H2S,14.8
135,0,0.0,0,79864,16298,79864,16298,9.98311,2.03737,H2S,14.32
136,0,0.0,0,77919,15902,77919,15902,9.73997,1.98775,H2S,13.86
137,0,0.0,0,76018,15514,76018,15514,9.50233,1.93925,H2S,13.41
138,0,0.0,0,74220,15147,74220,15147,9.27756,1.89338,H2S,12.99
139,0,0.0,0,72461,14788,72461,14788,9.05765,1.8485,H2S,12.57
140,0,0.0,0,70775,14444,70775,14444,8.84695,1.8055,H2S,12.17
141,0,0.0,0,69144,14111,69144,14111,8.64301,1.76388,H2S,11.79
142,0,0.0,0,67580,13792,67580,13792,8.4476,1.724,H2S,11.42
143,0,0.0,0,66076,13484,66076,13484,8.25954,1.68562,H2S,11.07
144,0,0.0,0,64631,13190,64631,13190,8.07888,1.64875,H2S,10.72
145,0,0.0,0,63249,12908,63249,12908,7.90615,1.6135,H2S,10.4
146,0,0.0,0,61911,12634,61911,12634,7.73891,1.57937,H2S,10.08
147,0,0.0,0,60642,12376,60642,12376,7.5803,1.547,H2S,9.78
148,0,0.0,0,59382,12118,59382,12118,7.42286,1.51487,H2S,9.49
149,0,0.0,0,58177,11872,58177,11872,7.27219,1.48412,H2S,9.2
150,0,0.0,0,57041,11641,57041,11641,7.13014,1.45513,H2S,8.93
151,0,0.0,0,55928,11414,55928,11414,6.99108,1.42675,H2S,8.67
152,0,0.0,0,54894,11202,54894,11202,6.86181,1.40037,H2S,8.43
153,0,0.0,0,53841,10988,53841,10988,6.73015,1.3735,H2S,8.18
154,0,0.0,0,52885,10792,52885,10792,6.61069,1.34912,H2S,7.95
155,0,0.0,0,51920,10596,51920,10596,6.49005,1.3245,H2S,7.73
156,0,0.0,0,51028,10414,51028,10414,6.37858,1.30175,H2S,7.52
157,0,0.0,0,50131,10230,50131,10230,6.26646,1.27887,H2S,7.3
158,0,0.0,0,49308,10063,49308,10063,6.16361,1.25788,H2S,7.11
159,0,0.0,0,48461,9890,48461,9890,6.05763,1.23625,H2S,6.91
160,0,0.0,0,47686,9732,47686,9732,5.96085,1.2165,H2S,6.73
161,0,0.0,0,46927,9576,46927,9576,5.86589,1.19712,H2S,6.55
162,0,0.0,0,46197,9428,46197,9428,5.77465,1.1785,H2S,6.38
163,0,0.0,0,45496,9285,45496,9285,5.68709,1.16063,H2S,6.21
164,0,0.0,0,44839,9150,44839,9150,5.60496,1.14387,H2S,6.06
165,0,0.0,0,44149,9010,44149,9010,5.51863,1.12625,H2S,5.89
166,0,0.0,0,43546,8887,43546,8887,5.44331,1.11088,H2S,5.75
167,0,0.0,0,42899,8755,42899,8755,5.36246,1.09438,H2S,5.6
168,0,0.0,0,42341,8641,42341,8641,5.29264,1.08013,H2S,5.47
169,0,0.0,0,41738,8518,41738,8518,5.21728,1.06475,H2S,5.32
170,0,0.0,0,41223,8413,41223,8413,5.15299,1.05163,H2S,5.2
171,0,0.0,0,40675,8301,40675,8301,5.08439,1.03763,H2S,5.07
172,0,0.0,0,40165,8196,40165,8196,5.02064,1.02462,H2S,4.95
173,0,0.0,0,39621,8086,39621,8086,4.95268,1.01075,H2S,4.82
174,0,0.0,0,39185,7996,39185,7996,4.89814,0.99962,H2S,4.72
175,0,0.0,0,38700,7898,38700,7898,4.83753,0.98725,H2S,4.61
176,0,0.0,0,38264,7809,38264,7809,4.78304,0.97613,H2S,4.5
177,0,0.0,0,37793,7713,37793,7713,4.72424,0.96413,H2S,4.39
178,0,0.0,0,37382,7629,37382,7629,4.67279,0.95363,H2S,4.3
179,0,0.0,0,36985,7548,36985,7548,4.62315,0.9435,H2S,4.2
180,0,0.0,0,36578,7464,36578,7464,4.57229,0.93312,H2S,4.11
181,0,0.0,0,36196,7387,36196,7387,4.52456,0.92338,H2S,4.02
182,0,0.0,0,35838,7314,35838,7314,4.47982,0.91425,H2S,3.93
183,0,0.0,0,35495,7244,35495,7244,4.43695,0.9055,H2S,3.85
184,0,0.0,0,35118,7166,35118,7166,4.38976,0.89587,H2S,3.76
185,0,0.0,0,34799,7102,34799,7102,4.34998,0.88775,H2S,3.69
186,0,0.0,0,34456,7032,34456,7032,4.3071,0.879,H2S,3.61
187,0,0.0,0,34099,6959,34099,6959,4.26241,0.86988,H2S,3.52
188,0,0.0,0,33800,6898,33800,6898,4.22503,0.86225,H2S,3.45
189,0,0.0,0,33491,6834,33491,6834,4.18641,0.85437,H2S,3.38
190,0,0.0,0,33207,6777,33207,6777,4.15094,0.84713,H2S,3.31
191,0,0.0,0,32937,6722,32937,6722,4.11723,0.84025,H2S,3.25
192,0,0.0,0,32658,6665,32658,6665,4.08234,0.83313,H2S,3.18
193,0,0.0,0,32389,6610,32389,6610,4.04863,0.82625,H2S,3.12
194,0,0.0,0,32129,6557,32129,6557,4.01619,0.81963,H2S,3.06
195,0,0.0,0,31850,6500,31850,6500,3.98125,0.8125,H2S,2.99
196,0,0.0,0,31619,6453,31619,6453,3.95249,0.80663,H2S,2.94
197,0,0.0,0,31379,6404,31379,6404,3.92245,0.8005,H2S,2.88
198,0,0.0,0,31164,6360,31164,6360,3.8955,0.795,H2S,2.83
199,0,0.0,0,30928,6312,30928,6312,3.8661,0.789,H2S,2.77
200,0,0.0,0,30727,6270,30727,6270,3.84096,0.78387,H2S,2.73
201,0,0.0,0,30517,6228,30517,6228,3.81465,0.7785,H2S,2.68
202,0,0.0,0,30311,6186,30311,6186,3.78893,0.77325,H2S,2.63
203,0,0.0,0,30091,6141,30091,6141,3.76139,0.76763,H2S,2.58
204,0,0.0,0,29899,6102,29899,6102,3.73748,0.76275,H2S,2.53
205,0,0.0,0,29703,6062,29703,6062,3.71298,0.75775,H2S,2.48
206,0,0.0,0,29512,6022,29512,6022,3.68906,0.75287,H2S,2.44
207,0,0.0,0,29331,5986,29331,5986,3.66643,0.74825,H2S,2.4
208,0,0.0,0,29174,5954,29174,5954,3.64683,0.74425,H2S,2.36
209,0,0.0,0,28993,5916,28993,5916,3.62414,0.73962,H2S,2.32
210,0,0.0,0,28836,5884,28836,5884,3.60454,0.73562,H2S,2.28
211,0,0.0,0,28679,5852,28679,5852,3.58494,0.73162,H2S,2.24
212,0,0.0,0,28503,5817,28503,5817,3.56294,0.72713,H2S,2.2
213,0,0.0,0,28380,5792,28380,5792,3.5476,0.724,H2S,2.17
214,0,0.0,0,28229,5761,28229,5761,3.52864,0.72013,H2S,2.14
215,0,0.0,0,28062,5727,28062,5727,3.50781,0.71588,H2S,2.1
216,0,0.0,0,27949,5704,27949,5704,3.4937,0.713,H2S,2.07
217,0,0.0,0,27802,5674,27802,5674,3.47533,0.70925,H2S,2.04
218,0,0.0,0,27665,5646,27665,5646,3.45818,0.70575,H2S,2.0
219,0,0.0,0,27543,5621,27543,5621,3.44289,0.70263,H2S,1.97
220,0,0.0,0,27405,5592,27405,5592,3.42569,0.69912,H2S,1.94
221,0,0.0,0,27287,5568,27287,5568,3.41099,0.69612,H2S,1.91
222,0,0.0,0,27200,5551,27200,5551,3.40001,0.69388,H2S,1.89
223,0,0.0,0,27091,5528,27091,5528,3.38649,0.69112,H2S,1.87
224,0,0.0,0,26945,5499,26945,5499,3.36816,0.68738,H2S,1.83
225,0,0.0,0,26832,5476,26832,5476,3.35405,0.6845,H2S,1.81
226,0,0.0,0,26739,5456,26739,5456,3.34239,0.68212,H2S,1.78
227,0,0.0,0,26631,5435,26631,5435,3.32896,0.67938,H2S,1.76
228,0,0.0,0,26548,5418,26548,5418,3.31853,0.67725,H2S,1.74
229,0,0.0,0,26445,5397,26445,5397,3.30569,0.67463,H2S,1.72
230,0,0.0,0,26337,5375,26337,5375,3.29221,0.67188,H2S,1.69
231,0,0.0,0,26254,5358,26254,5358,3.28178,0.66975,H2S,1.67
232,0,0.0,0,26171,5341,26171,5341,3.27139,0.66763,H2S,1.65
233,0,0.0,0,26097,5326,26097,5326,3.26218,0.66575,H2S,1.63
234,0,0.0,0,26038,5314,26038,5314,3.25483,0.66425,H2S,1.62
235,0,0.0,0,25945,5294,25945,5294,3.24316,0.66187,H2S,1.6
236,0,0.0,0,25857,5277,25857,5277,3.23219,0.65963,H2S,1.58
237,0,0.0,0,25754,5256,25754,5256,3.2193,0.657,H2S,1.55
238,0,0.0,0,25715,5248,25715,5248,3.2144,0.656,H2S,1.54
239,0,0.0,0,25651,5235,25651,5235,3.20646,0.65438,H2S,1.53
240,0,0.0,0,25568,5218,25568,5218,3.19603,0.65225,H2S,1.51
241,0,0.0,0,25504,5205,25504,5205,3.18809,0.65063,H2S,1.49
242,0,0.0,0,25401,5184,25401,5184,3.1752,0.648,H2S,1.47
243,0,0.0,0,25342,5172,25342,5172,3.16785,0.6465,H2S,1.46
244,0,0.0,0,25278,5158,25278,5158,3.15986,0.64487,H2S,1.44
245,0,0.0,0,25220,5147,25220,5147,3.15256,0.64338,H2S,1.43
246,0,0.0,0,25161,5134,25161,5134,3.14516,0.64187,H2S,1.41
247,0,0.0,0,25102,5123,25102,5123,3.13786,0.64038,H2S,1.4
248,0,0.0,0,25033,5108,25033,5108,3.12924,0.63862,H2S,1.38
249,0,0.0,0,24994,5100,24994,5100,3.12434,0.63762,H2S,1.37
0,0,3.3,255,20932,4272,20932,4272,2.6166,0.534,H2S,0.42
1,0,3.3,255,22324,4556,22324,4556,2.79055,0.5695,H2S,0.74
2,0,3.3,255,24392,4978,24392,4978,3.04902,0.62225,H2S,1.23
3,0,3.3,255,26582,5424,26582,5424,3.32279,0.67812,H2S,1.75
4,0,3.3,255,28743,5866,28743,5866,3.59293,0.73325,H2S,2.26
5,0,3.3,255,30948,6316,30948,6316,3.86855,0.7895,H2S,2.78
6,0,3.3,255,33138,6762,33138,6762,4.14231,0.84537,H2S,3.29
7,0,3.3,255,35304,7205,35304,7205,4.41309,0.90063,H2S,3.81
8,0,3.3,255,37441,7641,37441,7641,4.68014,0.95513,H2S,4.31
9,0,3.3,255,39547,8070,39547,8070,4.94346,1.00887,H2S,4.81
10,0,3.3,255,41615,8493,41615,8493,5.20199,1.06163,H2S,5.29
11,0,3.3,255,43649,8908,43649,8908,5.45615,1.1135,H2S,5.77
12,0,3.3,255,45658,9318,45658,9318,5.70728,1.16475,H2S,6.25
13,0,3.3,255,47579,9710,47579,9710,5.94738,1.21375,H2S,6.7
14,0,3.3,255,49475,10096,49475,10096,6.18439,1.26212,H2S,7.15
15,0,3.3,255,51346,10478,51346,10478,6.41836,1.30987,H2S,7.59
16,0,3.3,255,53135,10844,53135,10844,6.64195,1.3555,H2S,8.01
17,0,3.3,255,54845,11192,54845,11192,6.85569,1.39912,H2S,8.42
18,0,3.3,255,56565,11544,56565,11544,7.0707,1.443,H2S,8.82
19,0,3.3,255,58177,11872,58177,11872,7.27219,1.48412,H2S,9.2
20,0,3.3,255,59701,12184,59701,12184,7.4627,1.523,H2S,9.56
21,0,3.3,255,61245,12499,61245,12499,7.65566,1.56238,H2S,9.93
22,0,3.3,255,62685,12792,62685,12792,7.83569,1.59912,H2S,10.27
23,0,3.3,255,64047,13070,64047,13070,8.00596,1.63387,H2S,10.59
24,0,3.3,255,65420,13351,65420,13351,8.17751,1.66888,H2S,10.91
25,0,3.3,255,66723,13617,66723,13617,8.34044,1.70213,H2S,11.22
26,0,3.3,255,67957,13868,67957,13868,8.49474,1.73362,H2S,11.51
27,0,3.3,255,69129,14108,69129,14108,8.64115,1.7635,H2S,11.79
28,0,3.3,255,70280,14342,70280,14342,8.78506,1.79287,H2S,12.06
29,0,3.3,255,71314,14554,71314,14554,8.91433,1.81925,H2S,12.3
30,0,3.3,255,72407,14776,72407,14776,9.05089,1.84712,H2S,12.56
31,0,3.3,255,73347,14968,73347,14968,9.16849,1.87112,H2S,12.78
32,0,3.3,255,74337,15170,74337,15170,9.29221,1.89637,H2S,13.01
33,0,3.3,255,75195,15346,75195,15346,9.39943,1.91825,H2S,13.22
34,0,3.3,255,76008,15512,76008,15512,9.5011,1.939,H2S,13.41
35,0,3.3,255,76886,15691,76886,15691,9.61076,1.96138,H2S,13.62
36,0,3.3,255,77640,15845,77640,15845,9.70509,1.98063,H2S,13.79
37,0,3.3,255,78292,15978,78292,15978,9.78653,1.99725,H2S,13.95
38,0,3.3,255,79042,16131,79042,16131,9.88026,2.01638,H2S,14.12
39,0,3.3,255,79678,16260,79678,16260,9.95984,2.03262,H2S,14.27
40,0,3.3,255,80291,16386,80291,16386,10.03642,2.04825,H2S,14.42
41,0,3.3,255,80850,16500,80850,16500,10.10625,2.0625,H2S,14.55
42,0,3.3,255,81384,16609,81384,16609,10.17304,2.07613,H2S,14.68
43,0,3.3,255,81844,16702,81844,16702,10.23056,2.08787,H2S,14.79
44,0,3.3,255,82300,16796,82300,16796,10.28755,2.0995,H2S,14.89
45,0,3.3,255,82810,16900,82810,16900,10.35125,2.1125,H2S,15.01
46,0,3.3,255,83216,16983,83216,16983,10.40211,2.12288,H2S,15.11
47,0,3.3,255,83559,17053,83559,17053,10.44499,2.13163,H2S,15.19
48,0,3.3,255,83966,17136,83966,17136,10.4958,2.142,H2S,15.29
49,0,3.3,255,84304,17204,84304,17204,10.53804,2.15062,H2S,15.37
50,0,3.3,255,84623,17270,84623,17270,10.57788,2.15875,H2S,15.44
51,0,3.3,255,84882,17323,84882,17323,10.61036,2.16538,H2S,15.5
52,0,3.3,255,85157,17379,85157,17379,10.64466,2.17238,H2S,15.57
53,0,3.3,255,85441,17437,85441,17437,10.68019,2.17963,H2S,15.63
54,0,3.3,255,85622,17474,85622,17474,10.70283,2.18425,H2S,15.68
55,0,3.3,255,85838,17518,85838,17518,10.72978,2.18975,H2S,15.73
56,0,3.3,255,86093,17570,86093,17570,10.76163,2.19625,H2S,15.79
57,0,3.3,255,86279,17608,86279,17608,10.7849,2.201,H2S,15.83
58,0,3.3,255,86392,17631,86392,17631,10.79901,2.20388,H2S,15.86
59,0,3.3,255,86587,17670,86587,17670,10.82346,2.20887,H2S,15.9
60,0,3.3,255,86730,17700,86730,17700,10.84125,2.2125,H2S,15.94
61,0,3.3,255,86857,17726,86857,17726,10.85717,2.21575,H2S,15.97
62,0,3.3,255,86975,17750,86975,17750,10.87188,2.21875,H2S,16.0
63,0,3.3,255,87073,17770,87073,17770,10.88413,2.22125,H2S,16.02
64,0,3.3,255,87171,17790,87171,17790,10.89638,2.22375,H2S,16.04
65,0,3.3,255,87224,17800,87224,17800,10.90309,2.22512,H2S,16.05
66,0,3.3,255,87327,17822,87327,17822,10.91597,2.22775,H2S,16.08
67,0,3.3,255,87342,17824,87342,17824,10.91779,2.22812,H2S,16.08
68,0,3.3,255,87450,17847,87450,17847,10.93131,2.23088,H2S,16.11
69,0,3.3,255,87494,17856,87494,17856,10.9368,2.232,H2S,16.12
70,0,3.3,255,87499,17856,87499,17856,10.93739,2.23212,H2S,16.12
71,0,3.3,255,87582,17874,87582,17874,10.94782,2.23425,H2S,16.14
72,0,3.3,255,87602,17878,87602,17878,10.95028,2.23475,H2S,16.14
73,0,3.3,255,87612,17880,87612,17880,10.9515,2.235,H2S,16.15
74,0,3.3,255,87602,17878,87602,17878,10.95028,2.23475,H2S,16.14
75,0,3.3,255,87675,17893,87675,17893,10.95949,2.23663,H2S,16.16
76,0,3.3,255,87636,17885,87636,17885,10.95459,2.23563,H2S,16.15
77,0,3.3,255,87617,17881,87617,17881,10.95214,2.23513,H2S,16.15
78,0,3.3,255,87670,17892,87670,17892,10.95885,2.2365,H2S,16.16
79,0,3.3,255,87700,17898,87700,17898,10.96253,2.23725,H2S,16.17
80,0,3.3,255,87646,17887,87646,17887,10.95581,2.23588,H2S,16.15
81,0,3.3,255,87607,17879,87607,17879,10.95091,2.23488,H2S,16.14
82,0,3.3,255,87655,17888,87655,17888,10.95699,2.23612,H2S,16.16
83,0,3.3,255,87612,17880,87612,17880,10.9515,2.235,H2S,16.15
84,0,3.3,255,87543,17866,87543,17866,10.94293,2.23325,H2S,16.13
85,0,3.3,255,87587,17875,87587,17875,10.94846,2.23438,H2S,16.14
86,0,3.3,255,87563,17870,87563,17870,10.94538,2.23375,H2S,16.13
87,0,3.3,255,87494,17856,87494,17856,10.9368,2.232,H2S,16.12
88,0,3.3,255,87509,17859,87509,17859,10.93866,2.23238,H2S,16.12
89,0,3.3,255,87435,17844,87435,17844,10.92945,2.2305,H2S,16.1
90,0,3.3,255,87435,17844,87435,17844,10.92945,2.2305,H2S,16.1
91,0,3.3,255,87401,17836,87401,17836,10.92514,2.22962,H2S,16.1
92,0,3.3,255,87308,17818,87308,17818,10.91353,2.22725,H2S,16.07
93,0,3.3,255,87342,17824,87342,17824,10.91779,2.22812,H2S,16.08
94,0,3.3,255,87278,17812,87278,17812,10.90985,2.2265,H2S,16.07
95,0,3.3,255,87264,17809,87264,17809,10.90804,2.22613,H2S,16.06
96,0,3.3,255,87205,17797,87205,17797,10.90069,2.22463,H2S,16.05
97,0,3.3,255,87146,17785,87146,17785,10.89334,2.22313,H2S,16.04
98,0,3.3,255,87053,17766,87053,17766,10.88167,2.22075,H2S,16.01
99,0,3.3,255,87078,17771,87078,17771,10.88476,2.22138,H2S,16.02
100,0,3.3,255,87024,17760,87024,17760,10.878,2.22,H2S,16.01
101,0,3.3,255,86984,17752,86984,17752,10.8731,2.219,H2S,16.0
102,0,3.3,255,86906,17736,86906,17736,10.8633,2.217,H2S,15.98
103,0,3.3,255,86906,17736,86906,17736,10.8633,2.217,H2S,15.98
104,0,3.3,255,86857,17726,86857,17726,10.85717,2.21575,H2S,15.97
105,0,3.3,255,86813,17716,86813,17716,10.85164,2.21462,H2S,15.96
106,0,3.3,255,86730,17700,86730,17700,10.84125,2.2125,H2S,15.94
107,0,3.3,255,86700,17694,86700,17694,10.83758,2.21175,H2S,15.93
108,0,3.3,255,86651,17684,86651,17684,10.83145,2.2105,H2S,15.92
109,0,3.3,255,86626,17678,86626,17678,10.82836,2.20987,H2S,15.91
110,0,3.3,255,86534,17660,86534,17660,10.81675,2.2075,H2S,15.89
111,0,3.3,255,86494,17652,86494,17652,10.81185,2.2065,H2S,15.88
112,0,3.3,255,86475,17648,86475,17648,10.8094,2.206,H2S,15.88
113,0,3.3,255,86401,17632,86401,17632,10.80019,2.20412,H2S,15.86
114,0,3.3,255,86426,17638,86426,17638,10.80328,2.20475,H2S,15.87
115,0,3.3,255,86377,17628,86377,17628,10.79715,2.2035,H2S,15.85
116,0,3.3,255,86332,17618,86332,17618,10.79161,2.20237,H2S,15.84
117,0,3.3,255,86230,17598,86230,17598,10.77877,2.19975,H2S,15.82
118,0,3.3,255,86244,17600,86244,17600,10.78059,2.20012,H2S,15.82
119,0,3.3,255,86196,17591,86196,17591,10.77451,2.19888,H2S,15.81
120,0,3.3,255,86132,17578,86132,17578,10.76652,2.19725,H2S,15.8
121,0,3.3,255,86093,17570,86093,17570,10.76163,2.19625,H2S,15.79
122,0,3.3,255,86053,17562,86053,17562,10.75673,2.19525,H2S,15.78
123,0,3.3,255,85975,17546,85975,17546,10.74693,2.19325,H2S,15.76
124,0,3.3,255,85931,17536,85931,17536,10.74139,2.19212,H2S,15.75
125,0,0.0,0,102963,21013,102963,21013,12.87049,2.62663,H2S,19.77
126,0,0.0,0,100876,20586,100876,20586,12.60951,2.57337,H2S,19.28
127,0,0.0,0,98161,20033,98161,20033,12.27024,2.50413,H2S,18.63
128,0,0.0,0,95544,19498,95544,19498,11.94311,2.43737,H2S,18.02
129,0,0.0,0,93002,18980,93002,18980,11.62525,2.3725,H2S,17.42
130,0,0.0,0,90557,18481,90557,18481,11.31964,2.31013,H2S,16.84
131,0,0.0,0,88200,18000,88200,18000,11.025,2.25,H2S,16.28
132,0,0.0,0,85936,17538,85936,17538,10.74203,2.19225,H2S,15.75
133,0,0.0,0,83731,17088,83731,17088,10.4664,2.136,H2S,15.23
134,0,0.0,0,81648,16663,81648,16663,10.20611,2.08288,H2S,14.74
135,0,0.0,0,79590,16242,79590,16242,9.94881,2.03037,H2S,14.25
136,0,0.0,0,77630,15842,77630,15842,9.70381,1.98037,H2S,13.79
137,0,0.0,0,75759,15461,75759,15461,9.46989,1.93263,H2S,13.35
138,0,0.0,0,73926,15086,73926,15086,9.24076,1.88587,H2S,12.92
139,0,0.0,0,72162,14727,72162,14727,9.02031,1.84088,H2S,12.5
140,0,0.0,0,70496,14387,70496,14387,8.81206,1.79838,H2S,12.11
141,0,0.0,0,68854,14052,68854,14052,8.60685,1.7565,H2S,11.72
142,0,0.0,0,67316,13738,67316,13738,8.41453,1.71725,H2S,11.36
143,0,0.0,0,65792,13426,65792,13426,8.22401,1.67837,H2S,11.0
144,0,0.0,0,64346,13132,64346,13132,8.04335,1.6415,H2S,10.66
145,0,0.0,0,62984,12854,62984,12854,7.87308,1.60675,H2S,10.34
146,0,0.0,0,61646,12580,61646,12580,7.70584,1.57262,H2S,10.02
147,0,0.0,0,60343,12314,60343,12314,7.54291,1.53937,H2S,9.71
148,0,0.0,0,59118,12064,59118,12064,7.38979,1.50812,H2S,9.42
149,0,0.0,0,57922,11820,57922,11820,7.24034,1.47762,H2S,9.14
150,0,0.0,0,56786,11589,56786,11589,7.09829,1.44863,H2S,8.87
151,0,0.0,0,55683,11364,55683,11364,6.96045,1.4205,H2S,8.61
152,0,0.0,0,54625,11148,54625,11148,6.82815,1.3935,H2S,8.36
153,0,0.0,0,53606,10940,53606,10940,6.70075,1.3675,H2S,8.12
154,0,0.0,0,52611,10737,52611,10737,6.57644,1.34213,H2S,7.89
155,0,0.0,0,51675,10546,51675,10546,6.45943,1.31825,H2S,7.67
156,0,0.0,0,50769,10361,50769,10361,6.34614,1.29513,H2S,7.45
157,0,0.0,0,49891,10182,49891,10182,6.23648,1.27275,H2S,7.25
158,0,0.0,0,49044,10009,49044,10009,6.13054,1.25113,H2S,7.05
159,0,0.0,0,48220,9840,48220,9840,6.02759,1.23012,H2S,6.85
160,0,0.0,0,47451,9684,47451,9684,5.93145,1.2105,H2S,6.67
161,0,0.0,0,46691,9528,46691,9528,5.83649,1.19112,H2S,6.49
162,0,0.0,0,45967,9381,45967,9381,5.74589,1.17263,H2S,6.32
163,0,0.0,0,45271,9239,45271,9239,5.65891,1.15488,H2S,6.16
164,0,0.0,0,44580,9098,44580,9098,5.57253,1.13725,H2S,5.99
165,0,0.0,0,43923,8964,43923,8964,5.49045,1.1205,H2S,5.84
166,0,0.0,0,43311,8839,43311,8839,5.41391,1.10488,H2S,5.69
167,0,0.0,0,42684,8711,42684,8711,5.33551,1.08888,H2S,5.55
168,0,0.0,0,42100,8592,42100,8592,5.2626,1.074,H2S,5.41
169,0,0.0,0,41527,8474,41527,8474,5.19091,1.05937,H2S,5.27
170,0,0.0,0,40993,8366,40993,8366,5.12418,1.04575,H2S,5.15
171,0,0.0,0,40459,8256,40459,8256,5.05739,1.03212,H2S,5.02
172,0,0.0,0,39929,8148,39929,8148,4.99124,1.01862,H2S,4.9
173,0,0.0,0,39425,8045,39425,8045,4.92818,1.00575,H2S,4.78
174,0,0.0,0,38974,7954,38974,7954,4.87183,0.99425,H2S,4.67
175,0,0.0,0,38484,7854,38484,7854,4.81058,0.98175,H2S,4.56
176,0,0.0,0,38038,7762,38038,7762,4.75481,0.97037,H2S,4.45
177,0,0.0,0,37617,7677,37617,7677,4.70219,0.95963,H2S,4.35
178,0,0.0,0,37191,7590,37191,7590,4.64888,0.94875,H2S,4.25
179,0,0.0,0,36769,7504,36769,7504,4.5962,0.938,H2S,4.15
180,0,0.0,0,36377,7424,36377,7424,4.5472,0.928,H2S,4.06
181,0,0.0,0,35995,7346,35995,7346,4.49943,0.91825,H2S,3.97
182,0,0.0,0,35622,7270,35622,7270,4.45287,0.90875,H2S,3.88
183,0,0.0,0,35270,7198,35270,7198,4.40878,0.89975,H2S,3.8
184,0,0.0,0,34912,7124,34912,7124,4.36404,0.89062,H2S,3.71
185,0,0.0,0,34584,7058,34584,7058,4.32303,0.88225,H2S,3.64
186,0,0.0,0,34236,6987,34236,6987,4.27956,0.87338,H2S,3.55
187,0,0.0,0,33913,6921,33913,6921,4.23914,0.86513,H2S,3.48
188,0,0.0,0,33614,6860,33614,6860,4.20175,0.8575,H2S,3.41
189,0,0.0,0,33315,6799,33315,6799,4.16441,0.84988,H2S,3.34
190,0,0.0,0,33035,6742,33035,6742,4.12948,0.84275,H2S,3.27
191,0,0.0,0,32732,6680,32732,6680,4.0915,0.835,H2S,3.2
192,0,0.0,0,32472,6626,32472,6626,4.05901,0.82837,H2S,3.14
193,0,0.0,0,32222,6576,32222,6576,4.0278,0.822,H2S,3.08
194,0,0.0,0,31928,6516,31928,6516,3.99105,0.8145,H2S,3.01
195,0,0.0,0,31688,6467,31688,6467,3.96106,0.80838,H2S,2.95
196,0,0.0,0,31438,6416,31438,6416,3.9298,0.802,H2S,2.89
197,0,0.0,0,31207,6368,31207,6368,3.90099,0.79612,H2S,2.84
198,0,0.0,0,30977,6322,30977,6322,3.87223,0.79025,H2S,2.78
199,0,0.0,0,30747,6275,30747,6275,3.84346,0.78438,H2S,2.73
200,0,0.0,0,30536,6232,30536,6232,3.8171,0.779,H2S,2.68
201,0,0.0,0,30321,6188,30321,6188,3.79015,0.7735,H2S,2.63
202,0,0.0,0,30139,6150,30139,6150,3.76746,0.76887,H2S,2.59
203,0,0.0,0,29933,6108,29933,6108,3.74174,0.76362,H2S,2.54
204,0,0.0,0,29723,6066,29723,6066,3.71543,0.75825,H2S,2.49
205,0,0.0,0,29541,6028,29541,6028,3.69274,0.75362,H2S,2.45
206,0,0.0,0,29356,5991,29356,5991,3.66951,0.74888,H2S,2.4
207,0,0.0,0,29179,5955,29179,5955,3.64746,0.74438,H2S,2.36
208,0,0.0,0,29022,5923,29022,5923,3.62786,0.74038,H2S,2.32
209,0,0.0,0,28861,5890,28861,5890,3.60763,0.73625,H2S,2.29
210,0,0.0,0,28669,5850,28669,5850,3.58371,0.73137,H2S,2.24
211,0,0.0,0,28518,5820,28518,5820,3.56475,0.7275,H2S,2.2
212,0,0.0,0,28390,5794,28390,5794,3.54882,0.72425,H2S,2.17
213,0,0.0,0,28214,5758,28214,5758,3.52678,0.71975,H2S,2.13
214,0,0.0,0,28081,5730,28081,5730,3.51021,0.71637,H2S,2.1
215,0,0.0,0,27949,5704,27949,5704,3.4937,0.713,H2S,2.07
216,0,0.0,0,27827,5679,27827,5679,3.47841,0.70988,H2S,2.04
217,0,0.0,0,27665,5646,27665,5646,3.45818,0.70575,H2S,2.0
218,0,0.0,0,27523,5616,27523,5616,3.44039,0.70212,H2S,1.97
219,0,0.0,0,27425,5597,27425,5597,3.42819,0.69963,H2S,1.95
220,0,0.0,0,27287,5568,27287,5568,3.41099,0.69612,H2S,1.91
221,0,0.0,0,27175,5546,27175,5546,3.39693,0.69325,H2S,1.89
222,0,0.0,0,27057,5522,27057,5522,3.38223,0.69025,H2S,1.86
223,0,0.0,0,26940,5498,26940,5498,3.36753,0.68725,H2S,1.83
224,0,0.0,0,26842,5478,26842,5478,3.35528,0.68475,H2S,1.81
225,0,0.0,0,26734,5456,26734,5456,3.3418,0.682,H2S,1.78
226,0,0.0,0,26616,5432,26616,5432,3.3271,0.679,H2S,1.76
227,0,0.0,0,26523,5413,26523,5413,3.31549,0.67663,H2S,1.73
228,0,0.0,0,26425,5392,26425,5392,3.30319,0.67412,H2S,1.71
229,0,0.0,0,26322,5372,26322,5372,3.29035,0.6715,H2S,1.69
230,0,0.0,0,26234,5354,26234,5354,3.27933,0.66925,H2S,1.67
231,0,0.0,0,26141,5334,26141,5334,3.26766,0.66687,H2S,1.64
232,0,0.0,0,26062,5318,26062,5318,3.25786,0.66487,H2S,1.63
233,0,0.0,0,25970,5300,25970,5300,3.24625,0.6625,H2S,1.6
234,0,0.0,0,25896,5285,25896,5285,3.23709,0.66063,H2S,1.59
235,0,0.0,0,25793,5264,25793,5264,3.2242,0.658,H2S,1.56
236,0,0.0,0,25739,5253,25739,5253,3.21749,0.65663,H2S,1.55
237,0,0.0,0,25651,5235,25651,5235,3.20646,0.65438,H2S,1.53
238,0,0.0,0,25587,5222,25587,5222,3.19848,0.65275,H2S,1.51
239,0,0.0,0,25509,5206,25509,5206,3.18868,0.65075,H2S,1.49
240,0,0.0,0,25426,5189,25426,5189,3.17829,0.64863,H2S,1.48
241,0,0.0,0,25352,5174,25352,5174,3.16908,0.64675,H2S,1.46
242,0,0.0,0,25303,5164,25303,5164,3.16295,0.6455,H2S,1.45
243,0,0.0,0,25220,5147,25220,5147,3.15256,0.64338,H2S,1.43
244,0,0.0,0,25171,5137,25171,5137,3.14644,0.64213,H2S,1.42
245,0,0.0,0,25082,5118,25082,5118,3.13536,0.63987,H2S,1.39
246,0,0.0,0,25039,5110,25039,5110,3.12988,0.63875,H2S,1.38
247,0,0.0,0,24980,5098,24980,5098,3.12252,0.63725,H2S,1.37
248,0,0.0,0,24921,5086,24921,5086,3.11518,0.63575,H2S,1.36
249,0,0.0,0,24862,5074,24862,5074,3.10783,0.63425,H2S,1.34
0,0,3.3,255,20854,4256,20854,4256,2.6068,0.532,H2S,0.4
1,0,3.3,255,22201,4530,22201,4530,2.77521,0.56637,H2S,0.71
2,0,3.3,255,24309,4961,24309,4961,3.03864,0.62013,H2S,1.21
3,0,3.3,255,26479,5404,26479,5404,3.30995,0.6755,H2S,1.72
4,0,3.3,255,28669,5850,28669,5850,3.58371,0.73137,H2S,2.24
5,0,3.3,255,30850,6296,30850,6296,3.8563,0.787,H2S,2.75
6,0,3.3,255,33020,6738,33020,6738,4.12761,0.84237,H2S,3.27
7,0,3.3,255,35182,7180,35182,7180,4.39775,0.8975,H2S,3.78
8,0,3.3,255,37313,7615,37313,7615,4.66421,0.95188,H2S,4.28
9,0,3.3,255,39410,8042,39410,8042,4.92631,1.00537,H2S,4.77
10,0,3.3,255,41508,8471,41508,8471,5.18851,1.05888,H2S,5.27
11,0,3.3,255,43526,8882,43526,8882,5.44081,1.11037,H2S,5.75
12,0,3.3,255,45526,9291,45526,9291,5.69076,1.16138,H2S,6.22
13,0,3.3,255,47476,9689,47476,9689,5.93454,1.21113,H2S,6.68
14,0,3.3,255,49377,10076,49377,10076,6.17214,1.25962,H2S,7.13
15,0,3.3,255,51214,10452,51214,10452,6.40185,1.3065,H2S,7.56
16,0,3.3,255,53003,10817,53003,10817,6.62544,1.35213,H2S,7.98
17,0,3.3,255,54742,11172,54742,11172,6.84285,1.3965,H2S,8.39
18,0,3.3,255,56394,11509,56394,11509,7.04929,1.43863,H2S,8.78
19,0,3.3,255,58006,11838,58006,11838,7.25077,1.47975,H2S,9.16
20,0,3.3,255,59554,12154,59554,12154,7.44433,1.51925,H2S,9.53
21,0,3.3,255,61048,12458,61048,12458,7.63111,1.55737,H2S,9.88
22,0,3.3,255,62504,12756,62504,12756,7.81305,1.5945,H2S,10.22
23,0,3.3,255,63901,13041,63901,13041,7.98764,1.63013,H2S,10.55
24,0,3.3,255,65228,13312,65228,13312,8.1536,1.664,H2S,10.87
25,0,3.3,255,66522,13576,66522,13576,8.3153,1.697,H2S,11.17
26,0,3.3,255,67742,13824,67742,13824,8.46779,1.72812,H2S,11.46
27,0,3.3,255,68913,14064,68913,14064,8.6142,1.758,H2S,11.73
28,0,3.3,255,70040,14294,70040,14294,8.75508,1.78675,H2S,12.0
29,0,3.3,255,71118,14514,71118,14514,8.88983,1.81425,H2S,12.25
30,0,3.3,255,72147,14724,72147,14724,9.01845,1.8405,H2S,12.5
31,0,3.3,255,73117,14922,73117,14922,9.13973,1.86525,H2S,12.73
32,0,3.3,255,74058,15114,74058,15114,9.25733,1.88925,H2S,12.95
33,0,3.3,255,74901,15286,74901,15286,9.36268,1.91075,H2S,13.15
34,0,3.3,255,75754,15460,75754,15460,9.46925,1.9325,H2S,13.35
35,0,3.3,255,76557,15624,76557,15624,9.5697,1.953,H2S,13.54
36,0,3.3,255,77312,15778,77312,15778,9.66403,1.97225,H2S,13.72
37,0,3.3,255,77973,15913,77973,15913,9.74674,1.98913,H2S,13.87
38,0,3.3,255,78664,16053,78664,16053,9.83307,2.00675,H2S,14.04
39,0,3.3,255,79365,16196,79365,16196,9.92064,2.02462,H2S,14.2
40,0,3.3,255,79953,16317,79953,16317,9.99419,2.03963,H2S,14.34
41,0,3.3,255,80521,16432,80521,16432,10.06519,2.05412,H2S,14.47
42,0,3.3,255,81041,16539,81041,16539,10.13016,2.06738,H2S,14.6
43,0,3.3,255,81555,16644,81555,16644,10.19445,2.0805,H2S,14.72
44,0,3.3,255,82026,16740,82026,16740,10.25325,2.0925,H2S,14.83
45,0,3.3,255,82457,16828,82457,16828,10.30715,2.1035,H2S,14.93
46,0,3.3,255,82805,16899,82805,16899,10.35066,2.11238,H2S,15.01
47,0,3.3,255,83275,16995,83275,16995,10.40946,2.12438,H2S,15.12
48,0,3.3,255,83628,17067,83628,17067,10.45356,2.13338,H2S,15.21
49,0,3.3,255,83976,17138,83976,17138,10.49703,2.14225,H2S,15.29
50,0,3.3,255,84255,17195,84255,17195,10.53196,2.14938,H2S,15.35
51,0,3.3,255,84564,17258,84564,17258,10.57052,2.15725,H2S,15.43
52,0,3.3,255,84853,17317,84853,17317,10.60669,2.16463,H2S,15.5
53,0,3.3,255,85049,17356,85049,17356,10.63114,2.16962,H2S,15.54
54,0,3.3,255,85353,17419,85353,17419,10.66916,2.17738,H2S,15.61
55,0,3.3,255,85568,17463,85568,17463,10.69611,2.18288,H2S,15.66
56,0,3.3,255,85715,17492,85715,17492,10.71444,2.18662,H2S,15.7
57,0,3.3,255,85911,17533,85911,17533,10.73899,2.19163,H2S,15.74
58,0,3.3,255,86087,17568,86087,17568,10.76099,2.19612,H2S,15.79
59,0,3.3,255,86264,17605,86264,17605,10.78309,2.20063,H2S,15.83
60,0,3.3,255,86440,17640,86440,17640,10.80509,2.20512,H2S,15.87
61,0,3.3,255,86524,17658,86524,17658,10.81553,2.20725,H2S,15.89
62,0,3.3,255,86671,17688,86671,17688,10.8339,2.211,H2S,15.92
63,0,3.3,255,86739,17702,86739,17702,10.84248,2.21275,H2S,15.94
64,0,3.3,255,86877,17730,86877,17730,10.85963,2.21625,H2S,15.97
65,0,3.3,255,86916,17738,86916,17738,10.86453,2.21725,H2S,15.98
66,0,3.3,255,87024,17760,87024,17760,10.878,2.22,H2S,16.01
67,0,3.3,255,87043,17764,87043,17764,10.88045,2.2205,H2S,16.01
68,0,3.3,255,87146,17785,87146,17785,10.89334,2.22313,H2S,16.04
69,0,3.3,255,87210,17798,87210,17798,10.90128,2.22475,H2S,16.05
70,0,3.3,255,87254,17806,87254,17806,10.90676,2.22587,H2S,16.06
71,0,3.3,255,87254,17806,87254,17806,10.90676,2.22587,H2S,16.06
72,0,3.3,255,87259,17808,87259,17808,10.9074,2.226,H2S,16.06
73,0,3.3,255,87347,17826,87347,17826,10.91843,2.22825,H2S,16.08
74,0,3.3,255,87357,17828,87357,17828,10.91965,2.2285,H2S,16.09
75,0,3.3,255,87371,17830,87371,17830,10.92146,2.22887,H2S,16.09
76,0,3.3,255,87386,17834,87386,17834,10.92333,2.22925,H2S,16.09
77,0,3.3,255,87318,17820,87318,17820,10.91475,2.2275,H2S,16.08
78,0,3.3,255,87386,17834,87386,17834,10.92333,2.22925,H2S,16.09
79,0,3.3,255,87318,17820,87318,17820,10.91475,2.2275,H2S,16.08
80,0,3.3,255,87371,17830,87371,17830,10.92146,2.22887,H2S,16.09
81,0,3.3,255,87362,17829,87362,17829,10.92029,2.22863,H2S,16.09
82,0,3.3,255,87347,17826,87347,17826,10.91843,2.22825,H2S,16.08
83,0,3.3,255,87269,17810,87269,17810,10.90863,2.22625,H2S,16.07
84,0,3.3,255,87332,17823,87332,17823,10.91661,2.22788,H2S,16.08
85,0,3.3,255,87303,17817,87303,17817,10.91294,2.22713,H2S,16.07
86,0,3.3,255,87244,17804,87244,17804,10.90554,2.22562,H2S,16.06
87,0,3.3,255,87180,17792,87180,17792,10.8976,2.224,H2S,16.04
88,0,3.3,255,87229,17802,87229,17802,10.90372,2.22525,H2S,16.06
89,0,3.3,255,87195,17795,87195,17795,10.89946,2.22438,H2S,16.05
90,0,3.3,255,87166,17789,87166,17789,10.89579,2.22363,H2S,16.04
91,0,3.3,255,87087,17772,87087,17772,10.88594,2.22162,H2S,16.02
92,0,3.3,255,87102,17776,87102,17776,10.8878,2.222,H2S,16.03
93,0,3.3,255,87078,17771,87078,17771,10.88476,2.22138,H2S,16.02
94,0,3.3,255,86980,17751,86980,17751,10.87251,2.21888,H2S,16.0
95,0,3.3,255,86969,17748,86969,17748,10.87124,2.21862,H2S,15.99
96,0,3.3,255,86965,17748,86965,17748,10.87065,2.2185,H2S,15.99
97,0,3.3,255,86882,17731,86882,17731,10.86026,2.21638,H2S,15.97
98,0,3.3,255,86882,17731,86882,17731,10.86026,2.21638,H2S,15.97
99,0,3.3,255,86828,17720,86828,17720,10.8535,2.215,H2S,15.96
100,0,3.3,255,86798,17714,86798,17714,10.84982,2.21425,H2S,15.95
101,0,3.3,255,86764,17707,86764,17707,10.84556,2.21338,H2S,15.95
102,0,3.3,255,86720,17698,86720,17698,10.84003,2.21225,H2S,15.94
103,0,3.3,255,86622,17678,86622,17678,10.82778,2.20975,H2S,15.91
104,0,3.3,255,86632,17680,86632,17680,10.829,2.21,H2S,15.91
105,0,3.3,255,86578,17669,86578,17669,10.82229,2.20863,H2S,15.9
106,0,3.3,255,86499,17652,86499,17652,10.81244,2.20662,H2S,15.88
107,0,3.3,255,86489,17650,86489,17650,10.81121,2.20637,H2S,15.88
108,0,3.3,255,86455,17644,86455,17644,10.80695,2.2055,H2S,15.87
109,0,3.3,255,86411,17635,86411,17635,10.80146,2.20438,H2S,15.86
110,0,3.3,255,86313,17614,86313,17614,10.78916,2.20187,H2S,15.84
111,0,3.3,255,86323,17617,86323,17617,10.79044,2.20213,H2S,15.84
112,0,3.3,255,86200,17592,86200,17592,10.7751,2.199,H2S,15.81
113,0,3.3,255,86225,17597,86225,17597,10.77819,2.19963,H2S,15.82
114,0,3.3,255,86181,17588,86181,17588,10.77265,2.1985,H2S,15.81
115,0,3.3,255,86142,17580,86142,17580,10.76775,2.1975,H2S,15.8
116,0,3.3,255,86044,17560,86044,17560,10.7555,2.195,H2S,15.78
117,0,3.3,255,86004,17552,86004,17552,10.7506,2.194,H2S,15.77
118,0,3.3,255,85989,17548,85989,17548,10.74874,2.19362,H2S,15.76
119,0,3.3,255,85916,17534,85916,17534,10.73958,2.19175,H2S,15.75
120,0,3.3,255,85921,17535,85921,17535,10.74021,2.19188,H2S,15.75
121,0,3.3,255,85857,17522,85857,17522,10.73222,2.19025,H2S,15.73
122,0,3.3,255,85842,17518,85842,17518,10.73036,2.18987,H2S,15.73
123,0,3.3,255,85803,17510,85803,17510,10.72546,2.18887,H2S,15.72
124,0,3.3,255,85720,17494,85720,17494,10.71508,2.18675,H2S,15.7
125,0,0.0,0,102694,20958,102694,20958,12.83677,2.61975,H2S,19.7
126,0,0.0,0,100611,20533,100611,20533,12.57649,2.56663,H2S,19.21
127,0,0.0,0,97911,19982,97911,19982,12.23897,2.49775,H2S,18.58
128,0,0.0,0,95265,19442,95265,19442,11.90823,2.43025,H2S,17.95
129,0,0.0,0,92727,18924,92727,18924,11.59095,2.3655,H2S,17.35
130,0,0.0,0,90282,18425,90282,18425,11.28534,2.30313,H2S,16.78
131,0,0.0,0,87940,17946,87940,17946,10.99251,2.24337,H2S,16.22
132,0,0.0,0,85661,17482,85661,17482,10.70772,2.18525,H2S,15.69
133,0,0.0,0,83471,17035,83471,17035,10.43396,2.12938,H2S,15.17
134,0,0.0,0,81335,16599,81335,16599,10.16691,2.07488,H2S,14.67
135,0,0.0,0,79311,16186,79311,16186,9.91393,2.02325,H2S,14.19
136,0,0.0,0,77370,15790,77370,15790,9.67137,1.97375,H2S,13.73
137,0,0.0,0,75460,15400,75460,15400,9.4325,1.925,H2S,13.28
138,0,0.0,0,73671,15035,73671,15035,9.20896,1.87938,H2S,12.86
139,0,0.0,0,71897,14673,71897,14673,8.98724,1.83413,H2S,12.44
140,0,0.0,0,70236,14334,70236,14334,8.77958,1.79175,H2S,12.05
141,0,0.0,0,68600,14000,68600,14000,8.575,1.75,H2S,11.66
142,0,0.0,0,67041,13682,67041,13682,8.38023,1.71025,H2S,11.29
143,0,0.0,0,65537,13375,65537,13375,8.19221,1.67188,H2S,10.94
144,0,0.0,0,64101,13082,64101,13082,8.01273,1.63525,H2S,10.6
145,0,0.0,0,62720,12800,62720,12800,7.84,1.6,H2S,10.27
146,0,0.0,0,61382,12526,61382,12526,7.67276,1.56587,H2S,9.96
147,0,0.0,0,60098,12265,60098,12265,7.51234,1.53313,H2S,9.66
148,0,0.0,0,58863,12012,58863,12012,7.35794,1.50162,H2S,9.36
149,0,0.0,0,57697,11775,57697,11775,7.21221,1.47188,H2S,9.09
150,0,0.0,0,56546,11540,56546,11540,7.06825,1.4425,H2S,8.82
151,0,0.0,0,55448,11316,55448,11316,6.93105,1.4145,H2S,8.56
152,0,0.0,0,54380,11098,54380,11098,6.79753,1.38725,H2S,8.31
153,0,0.0,0,53361,10890,53361,10890,6.67013,1.36125,H2S,8.07
154,0,0.0,0,52400,10694,52400,10694,6.55008,1.33675,H2S,7.84
155,0,0.0,0,51464,10503,51464,10503,6.43311,1.31288,H2S,7.62
156,0,0.0,0,50553,10317,50553,10317,6.31919,1.28963,H2S,7.4
157,0,0.0,0,49676,10138,49676,10138,6.20953,1.26725,H2S,7.2
158,0,0.0,0,48833,9966,48833,9966,6.10417,1.24575,H2S,7.0
159,0,0.0,0,48034,9803,48034,9803,6.00436,1.22538,H2S,6.81
160,0,0.0,0,47255,9644,47255,9644,5.90695,1.2055,H2S,6.63
161,0,0.0,0,46501,9490,46501,9490,5.81263,1.18625,H2S,6.45
162,0,0.0,0,45780,9342,45780,9342,5.72256,1.16787,H2S,6.28
163,0,0.0,0,45070,9198,45070,9198,5.63378,1.14975,H2S,6.11
164,0,0.0,0,44403,9062,44403,9062,5.55047,1.13275,H2S,5.95
165,0,0.0,0,43757,8930,43757,8930,5.46963,1.11625,H2S,5.8
166,0,0.0,0,43129,8802,43129,8802,5.39123,1.10025,H2S,5.65
167,0,0.0,0,42487,8670,42487,8670,5.31096,1.08387,H2S,5.5
168,0,0.0,0,41944,8560,41944,8560,5.243,1.07,H2S,5.37
169,0,0.0,0,41385,8446,41385,8446,5.17318,1.05575,H2S,5.24
170,0,0.0,0,40826,8332,40826,8332,5.10335,1.0415,H2S,5.11
171,0,0.0,0,40297,8224,40297,8224,5.0372,1.028,H2S,4.98
172,0,0.0,0,39778,8118,39778,8118,4.97228,1.01475,H2S,4.86
173,0,0.0,0,39303,8021,39303,8021,4.91289,1.00263,H2S,4.75
174,0,0.0,0,38817,7922,38817,7922,4.85222,0.99025,H2S,4.63
175,0,0.0,0,38342,7825,38342,7825,4.79284,0.97813,H2S,4.52
176,0,0.0,0,37920,7738,37920,7738,4.74011,0.96737,H2S,4.42
177,0,0.0,0,37465,7646,37465,7646,4.68318,0.95575,H2S,4.32
178,0,0.0,0,37063,7564,37063,7564,4.63295,0.9455,H2S,4.22
179,0,0.0,0,36666,7483,36666,7483,4.58336,0.93538,H2S,4.13
180,0,0.0,0,36264,7400,36264,7400,4.53309,0.92512,H2S,4.03
181,0,0.0,0,35868,7320,35868,7320,4.4835,0.915,H2S,3.94
182,0,0.0,0,35510,7246,35510,7246,4.43876,0.90587,H2S,3.85
183,0,0.0,0,35138,7171,35138,7171,4.39226,0.89638,H2S,3.77
184,0,0.0,0,34814,7105,34814,7105,4.35184,0.88813,H2S,3.69
185,0,0.0,0,34476,7036,34476,7036,4.30955,0.8795,H2S,3.61
186,0,0.0,0,34167,6972,34167,6972,4.27094,0.87162,H2S,3.54
187,0,0.0,0,33829,6904,33829,6904,4.2287,0.863,H2S,3.46
188,0,0.0,0,33521,6841,33521,6841,4.19014,0.85513,H2S,3.38
189,0,0.0,0,33236,6783,33236,6783,4.15461,0.84788,H2S,3.32
190,0,0.0,0,32947,6724,32947,6724,4.11845,0.8405,H2S,3.25
191,0,0.0,0,32643,6662,32643,6662,4.08047,0.83275,H2S,3.18
192,0,0.0,0,32398,6612,32398,6612,4.04985,0.8265,H2S,3.12
193,0,0.0,0,32119,6554,32119,6554,4.01491,0.81937,H2S,3.05
194,0,0.0,0,31884,6507,31884,6507,3.98556,0.81338,H2S,3.0
195,0,0.0,0,31624,6454,31624,6454,3.95308,0.80675,H2S,2.94
196,0,0.0,0,31394,6407,31394,6407,3.92431,0.80088,H2S,2.88
197,0,0.0,0,31164,6360,31164,6360,3.8955,0.795,H2S,2.83
198,0,0.0,0,30953,6317,30953,6317,3.86919,0.78963,H2S,2.78
199,0,0.0,0,30713,6268,30713,6268,3.83915,0.7835,H2S,2.72
200,0,0.0,0,30512,6227,30512,6227,3.81406,0.77838,H2S,2.68
201,0,0.0,0,30272,6178,30272,6178,3.78403,0.77225,H2S,2.62
202,0,0.0,0,30091,6141,30091,6141,3.76139,0.76763,H2S,2.58
203,0,0.0,0,29899,6102,29899,6102,3.73748,0.76275,H2S,2.53
204,0,0.0,0,29708,6062,29708,6062,3.71356,0.75787,H2S,2.49
205,0,0.0,0,29527,6026,29527,6026,3.69093,0.75325,H2S,2.44
206,0,0.0,0,29336,5987,29336,5987,3.66706,0.74838,H2S,2.4
207,0,0.0,0,29169,5953,29169,5953,3.64624,0.74413,H2S,2.36
208,0,0.0,0,29032,5924,29032,5924,3.62904,0.74062,H2S,2.33
209,0,0.0,0,28831,5884,28831,5884,3.60395,0.7355,H2S,2.28
210,0,0.0,0,28689,5855,28689,5855,3.58621,0.73188,H2S,2.25
211,0,0.0,0,28518,5820,28518,5820,3.56475,0.7275,H2S,2.2
212,0,0.0,0,28361,5788,28361,5788,3.54515,0.7235,H2S,2.17
213,0,0.0,0,28224,5760,28224,5760,3.528,0.72,H2S,2.14
214,0,0.0,0,28077,5730,28077,5730,3.50963,0.71625,H2S,2.1
215,0,0.0,0,27920,5698,27920,5698,3.49003,0.71225,H2S,2.06
216,0,0.0,0,27802,5674,27802,5674,3.47533,0.70925,H2S,2.04
217,0,0.0,0,27685,5650,27685,5650,3.46063,0.70625,H2S,2.01
218,0,0.0,0,27543,5621,27543,5621,3.44289,0.70263,H2S,1.97
219,0,0.0,0,27425,5597,27425,5597,3.42819,0.69963,H2S,1.95
220,0,0.0,0,27307,5573,27307,5573,3.41349,0.69663,H2S,1.92
221,0,0.0,0,27200,5551,27200,5551,3.40001,0.69388,H2S,1.89
222,0,0.0,0,27087,5528,27087,5528,3.3859,0.691,H2S,1.87
223,0,0.0,0,26969,5504,26969,5504,3.3712,0.688,H2S,1.84
224,0,0.0,0,26861,5482,26861,5482,3.35773,0.68525,H2S,1.81
225,0,0.0,0,26754,5460,26754,5460,3.34425,0.6825,H2S,1.79
226,0,0.0,0,26670,5443,26670,5443,3.33386,0.68038,H2S,1.77
227,0,0.0,0,26543,5416,26543,5416,3.31789,0.67712,H2S,1.74
228,0,0.0,0,26445,5397,26445,5397,3.30569,0.67463,H2S,1.72
229,0,0.0,0,26362,5380,26362,5380,3.29525,0.6725,H2S,1.7
230,0,0.0,0,26273,5362,26273,5362,3.28423,0.67025,H2S,1.68
231,0,0.0,0,26195,5346,26195,5346,3.27443,0.66825,H2S,1.66
232,0,0.0,0,26097,5326,26097,5326,3.26218,0.66575,H2S,1.63
233,0,0.0,0,26038,5314,26038,5314,3.25483,0.66425,H2S,1.62
234,0,0.0,0,25945,5294,25945,5294,3.24316,0.66187,H2S,1.6
235,0,0.0,0,25862,5278,25862,5278,3.23278,0.65975,H2S,1.58
236,0,0.0,0,25783,5262,25783,5262,3.22297,0.65775,H2S,1.56
237,0,0.0,0,25715,5248,25715,5248,3.2144,0.656,H2S,1.54
238,0,0.0,0,25670,5238,25670,5238,3.20886,0.65487,H2S,1.53
239,0,0.0,0,25553,5214,25553,5214,3.19416,0.65187,H2S,1.51
240,0,0.0,0,25509,5206,25509,5206,3.18868,0.65075,H2S,1.49
241,0,0.0,0,25450,5194,25450,5194,3.18133,0.64925,H2S,1.48
242,0,0.0,0,25357,5174,25357,5174,3.16966,0.64687,H2S,1.46
243,0,0.0,0,25323,5168,25323,5168,3.1654,0.646,H2S,1.45
244,0,0.0,0,25235,5150,25235,5150,3.15438,0.64375,H2S,1.43
245,0,0.0,0,25195,5142,25195,5142,3.14948,0.64275,H2S,1.42
246,0,0.0,0,25132,5129,25132,5129,3.14154,0.64113,H2S,1.41
247,0,0.0,0,25082,5118,25082,5118,3.13536,0.63987,H2S,1.39
248,0,0.0,0,25024,5107,25024,5107,3.12806,0.63838,H2S,1.38
249,0,0.0,0,24975,5097,24975,5097,3.12194,0.63713,H2S,1.37
0,0,3.3,255,20942,4274,20942,4274,2.61783,0.53425,H2S,0.42
1,0,3.3,255,22304,4552,22304,4552,2.7881,0.569,H2S,0.74
2,0,3.3,255,24416,4983,24416,4983,3.05211,0.62288,H2S,1.24
3,0,3.3,255,26602,5429,26602,5429,3.32529,0.67863,H2S,1.75
4,0,3.3,255,28797,5876,28797,5876,3.59964,0.73462,H2S,2.27
5,0,3.3,255,30992,6325,30992,6325,3.87409,0.79063,H2S,2.79
6,0,3.3,255,33173,6770,33173,6770,4.14663,0.84625,H2S,3.3
7,0,3.3,255,35343,7213,35343,7213,4.41799,0.90163,H2S,3.81
8,0,3.3,255,37485,7650,37485,7650,4.68563,0.95625,H2S,4.32
9,0,3.3,255,39601,8082,39601,8082,4.95023,1.01025,H2S,4.82
10,0,3.3,255,41674,8505,41674,8505,5.20934,1.06313,H2S,5.31
11,0,3.3,255,43717,8922,43717,8922,5.46473,1.11525,H2S,5.79
12,0,3.3,255,45741,9335,45741,9335,5.71771,1.16688,H2S,6.27
13,0,3.3,255,47681,9730,47681,9730,5.96021,1.21637,H2S,6.73
14,0,3.3,255,49602,10122,49602,10122,6.20031,1.26537,H2S,7.18
15,0,3.3,255,51464,10503,51464,10503,6.43311,1.31288,H2S,7.62
16,0,3.3,255,53233,10864,53233,10864,6.6542,1.358,H2S,8.04
17,0,3.3,255,54953,11214,54953,11214,6.86916,1.40187,H2S,8.44
18,0,3.3,255,56614,11554,56614,11554,7.07683,1.44425,H2S,8.83
19,0,3.3,255,58251,11888,58251,11888,7.2814,1.486,H2S,9.22
20,0,3.3,255,59799,12204,59799,12204,7.47495,1.5255,H2S,9.58
21,0,3.3,255,61308,12512,61308,12512,7.6636,1.564,H2S,9.94
22,0,3.3,255,62763,12808,62763,12808,7.84549,1.60112,H2S,10.28
23,0,3.3,255,64150,13092,64150,13092,8.01885,1.6365,H2S,10.61
24,0,3.3,255,65458,13358,65458,13358,8.18236,1.66987,H2S,10.92
25,0,3.3,255,66738,13620,66738,13620,8.34225,1.7025,H2S,11.22
26,0,3.3,255,67982,13874,67982,13874,8.49783,1.73425,H2S,11.52
27,0,3.3,255,69148,14112,69148,14112,8.6436,1.764,H2S,11.79
28,0,3.3,255,70256,14338,70256,14338,8.78203,1.79225,H2S,12.05
29,0,3.3,255,71338,14558,71338,14558,8.91736,1.81987,H2S,12.31
30,0,3.3,255,72328,14760,72328,14760,9.04109,1.84512,H2S,12.54
31,0,3.3,255,73294,14958,73294,14958,9.16178,1.86975,H2S,12.77
32,0,3.3,255,74166,15136,74166,15136,9.2708,1.892,H2S,12.97
33,0,3.3,255,75077,15322,75077,15322,9.38472,1.91525,H2S,13.19
34,0,3.3,255,75905,15490,75905,15490,9.48821,1.93637,H2S,13.38
35,0,3.3,255,76616,15636,76616,15636,9.57705,1.9545,H2S,13.55
36,0,3.3,255,77410,15798,77410,15798,9.67628,1.97475,H2S,13.74
37,0,3.3,255,78101,15939,78101,15939,9.76266,1.99238,H2S,13.9
38,0,3.3,255,78762,16074,78762,16074,9.84533,2.00925,H2S,14.06
39,0,3.3,255,79385,16201,79385,16201,9.92314,2.02513,H2S,14.21
40,0,3.3,255,79938,16314,79938,16314,9.99233,2.03925,H2S,14.34
41,0,3.3,255,80458,16420,80458,16420,10.05725,2.0525,H2S,14.46
42,0,3.3,255,81046,16540,81046,16540,10.13075,2.0675,H2S,14.6
43,0,3.3,255,81492,16631,81492,16631,10.18651,2.07888,H2S,14.7
44,0,3.3,255,81986,16732,81986,16732,10.24835,2.0915,H2S,14.82
45,0,3.3,255,82388,16814,82388,16814,10.29858,2.10175,H2S,14.91
46,0,3.3,255,82800,16898,82800,16898,10.35003,2.11225,H2S,15.01
47,0,3.3,255,83128,16964,83128,16964,10.39104,2.12062,H2S,15.09
48,0,3.3,255,83549,17050,83549,17050,10.44371,2.13137,H2S,15.19
49,0,3.3,255,83844,17111,83844,17111,10.48051,2.13888,H2S,15.26
50,0,3.3,255,84108,17164,84108,17164,10.51354,2.14562,H2S,15.32
51,0,3.3,255,84466,17238,84466,17238,10.55828,2.15475,H2S,15.4
52,0,3.3,255,84716,17289,84716,17289,10.58954,2.16113,H2S,15.46
53,0,3.3,255,84966,17340,84966,17340,10.62075,2.1675,H2S,15.52
54,0,3.3,255,85137,17375,85137,17375,10.64221,2.17188,H2S,15.56
55,0,3.3,255,85333,17414,85333,17414,10.66666,2.17687,H2S,15.61
56,0,3.3,255,85578,17464,85578,17464,10.69729,2.18312,H2S,15.67
57,0,3.3,255,85715,17492,85715,17492,10.71444,2.18662,H2S,15.7
58,0,3.3,255,85941,17539,85941,17539,10.74266,2.19238,H2S,15.75
59,0,3.3,255,86093,17570,86093,17570,10.76163,2.19625,H2S,15.79
60,0,3.3,255,86171,17586,86171,17586,10.77143,2.19825,H2S,15.81
61,0,3.3,255,86357,17624,86357,17624,10.7947,2.203,H2S,15.85
62,0,3.3,255,86406,17634,86406,17634,10.80083,2.20425,H2S,15.86
63,0,3.3,255,86597,17672,86597,17672,10.82469,2.20912,H2S,15.91
64,0,3.3,255,86612,17676,86612,17676,10.82655,2.2095,H2S,15.91
65,0,3.3,255,86739,17702,86739,17702,10.84248,2.21275,H2S,15.94
66,0,3.3,255,86803,17714,86803,17714,10.85041,2.21437,H2S,15.96
67,0,3.3,255,86823,17719,86823,17719,10.85291,2.21488,H2S,15.96
68,0,3.3,255,86940,17742,86940,17742,10.86756,2.21787,H2S,15.99
69,0,3.3,255,86994,17754,86994,17754,10.87433,2.21925,H2S,16.0
70,0,3.3,255,86980,17751,86980,17751,10.87251,2.21888,H2S,16.0
71,0,3.3,255,87043,17764,87043,17764,10.88045,2.2205,H2S,16.01
72,0,3.3,255,87092,17774,87092,17774,10.88658,2.22175,H2S,16.02
73,0,3.3,255,87073,17770,87073,17770,10.88413,2.22125,H2S,16.02
74,0,3.3,255,87156,17786,87156,17786,10.89451,2.22337,H2S,16.04
75,0,3.3,255,87171,17790,87171,17790,10.89638,2.22375,H2S,16.04
76,0,3.3,255,87171,17790,87171,17790,10.89638,2.22375,H2S,16.04
77,0,3.3,255,87107,17777,87107,17777,10.88844,2.22213,H2S,16.03
78,0,3.3,255,87180,17792,87180,17792,10.8976,2.224,H2S,16.04
79,0,3.3,255,87156,17786,87156,17786,10.89451,2.22337,H2S,16.04
80,0,3.3,255,87102,17776,87102,17776,10.8878,2.222,H2S,16.03
81,0,3.3,255,87136,17783,87136,17783,10.89211,2.22288,H2S,16.03
82,0,3.3,255,87092,17774,87092,17774,10.88658,2.22175,H2S,16.02
83,0,3.3,255,87122,17780,87122,17780,10.89025,2.2225,H2S,16.03
84,0,3.3,255,87043,17764,87043,17764,10.88045,2.2205,H2S,16.01
85,0,3.3,255,87033,17762,87033,17762,10.87923,2.22025,H2S,16.01
86,0,3.3,255,87067,17768,87067,17768,10.88349,2.22112,H2S,16.02
87,0,3.3,255,87028,17760,87028,17760,10.87859,2.22012,H2S,16.01
88,0,3.3,255,87004,17756,87004,17756,10.87555,2.2195,H2S,16.0
89,0,3.3,255,86916,17738,86916,17738,10.86453,2.21725,H2S,15.98
90,0,3.3,255,86955,17746,86955,17746,10.86942,2.21825,H2S,15.99
91,0,3.3,255,86906,17736,86906,17736,10.8633,2.217,H2S,15.98
92,0,3.3,255,86896,17734,86896,17734,10.86208,2.21675,H2S,15.98
93,0,3.3,255,86857,17726,86857,17726,10.85717,2.21575,H2S,15.97
94,0,3.3,255,86818,17718,86818,17718,10.85228,2.21475,H2S,15.96
95,0,3.3,255,86735,17701,86735,17701,10.84189,2.21263,H2S,15.94
96,0,3.3,255,86735,17701,86735,17701,10.84189,2.21263,H2S,15.94
97,0,3.3,255,86730,17700,86730,17700,10.84125,2.2125,H2S,15.94
98,0,3.3,255,86656,17684,86656,17684,10.83204,2.21062,H2S,15.92
99,0,3.3,255,86632,17680,86632,17680,10.829,2.21,H2S,15.91
100,0,3.3,255,86543,17662,86543,17662,10.81798,2.20775,H2S,15.89
101,0,3.3,255,86573,17668,86573,17668,10.82165,2.2085,H2S,15.9
102,0,3.3,255,86460,17644,86460,17644,10.80754,2.20562,H2S,15.87
103,0,3.3,255,86484,17650,86484,17650,10.81062,2.20625,H2S,15.88
104,0,3.3,255,86445,17642,86445,17642,10.80573,2.20525,H2S,15.87
105,0,3.3,255,86406,17634,86406,17634,10.80083,2.20425,H2S,15.86
106,0,3.3,255,86323,17617,86323,17617,10.79044,2.20213,H2S,15.84
107,0,3.3,255,86313,17614,86313,17614,10.78916,2.20187,H2S,15.84
108,0,3.3,255,86274,17606,86274,17606,10.78426,2.20087,H2S,15.83
109,0,3.3,255,86220,17596,86220,17596,10.77755,2.1995,H2S,15.82
110,0,3.3,255,86176,17586,86176,17586,10.77201,2.19837,H2S,15.81
111,0,3.3,255,86107,17573,86107,17573,10.76349,2.19663,H2S,15.79
112,0,3.3,255,86098,17571,86098,17571,10.76226,2.19638,H2S,15.79
113,0,3.3,255,86034,17558,86034,17558,10.75427,2.19475,H2S,15.77
114,0,3.3,255,85970,17545,85970,17545,10.74634,2.19313,H2S,15.76
115,0,3.3,255,85946,17540,85946,17540,10.74325,2.1925,H2S,15.75
116,0,3.3,255,85906,17532,85906,17532,10.73835,2.1915,H2S,15.74
117,0,3.3,255,85813,17513,85813,17513,10.72674,2.18913,H2S,15.72
118,0,3.3,255,85842,17518,85842,17518,10.73036,2.18987,H2S,15.73
119,0,3.3,255,85808,17512,85808,17512,10.7261,2.189,H2S,15.72
120,0,3.3,255,85774,17504,85774,17504,10.72179,2.18812,H2S,15.71
121,0,3.3,255,85720,17494,85720,17494,10.71508,2.18675,H2S,15.7
122,0,3.3,255,85676,17484,85676,17484,10.70954,2.18562,H2S,15.69
123,0,3.3,255,85642,17478,85642,17478,10.70528,2.18475,H2S,15.68
124,0,3.3,255,85568,17463,85568,17463,10.69611,2.18288,H2S,15.66
125,0,0.0,0,102498,20918,102498,20918,12.81227,2.61475,H2S,19.66
126,0,0.0,0,100391,20488,100391,20488,12.5489,2.561,H2S,19.16
127,0,0.0,0,97676,19934,97676,19934,12.20958,2.49175,H2S,18.52
128,0,0.0,0,95074,19402,95074,19402,11.88431,2.42537,H2S,17.91
129,0,0.0,0,92517,18881,92517,18881,11.56464,2.36013,H2S,17.3
130,0,0.0,0,90086,18385,90086,18385,11.26084,2.29813,H2S,16.73
131,0,0.0,0,87729,17904,87729,17904,10.9662,2.238,H2S,16.17
132,0,0.0,0,85465,17442,85465,17442,10.68323,2.18025,H2S,15.64
133,0,0.0,0,83270,16994,83270,16994,10.40883,2.12425,H2S,15.12
134,0,0.0,0,81163,16564,81163,16564,10.14545,2.0705,H2S,14.62
135,0,0.0,0,79130,16149,79130,16149,9.89129,2.01863,H2S,14.15
136,0,0.0,0,77194,15754,77194,15754,9.64933,1.96925,H2S,13.69
137,0,0.0,0,75322,15372,75322,15372,9.41535,1.9215,H2S,13.25
138,0,0.0,0,73495,14999,73495,14999,9.18691,1.87488,H2S,12.82
139,0,0.0,0,71741,14641,71741,14641,8.96764,1.83013,H2S,12.4
140,0,0.0,0,70094,14304,70094,14304,8.76179,1.78812,H2S,12.01
141,0,0.0,0,68453,13970,68453,13970,8.55663,1.74625,H2S,11.63
142,0,0.0,0,66914,13656,66914,13656,8.3643,1.707,H2S,11.26
143,0,0.0,0,65429,13352,65429,13352,8.17869,1.66912,H2S,10.91
144,0,0.0,0,64003,13062,64003,13062,8.00047,1.63275,H2S,10.58
145,0,0.0,0,62612,12778,62612,12778,7.82653,1.59725,H2S,10.25
146,0,0.0,0,61289,12508,61289,12508,7.66115,1.5635,H2S,9.94
147,0,0.0,0,60025,12250,60025,12250,7.50313,1.53125,H2S,9.64
148,0,0.0,0,58800,12000,58800,12000,7.35,1.5,H2S,9.35
149,0,0.0,0,57628,11760,57628,11760,7.20359,1.47012,H2S,9.07
150,0,0.0,0,56502,11531,56502,11531,7.06276,1.44138,H2S,8.81
151,0,0.0,0,55419,11310,55419,11310,6.92738,1.41375,H2S,8.55
152,0,0.0,0,54380,11098,54380,11098,6.79753,1.38725,H2S,8.31
153,0,0.0,0,53375,10893,53375,10893,6.67199,1.36163,H2S,8.07
154,0,0.0,0,52410,10696,52410,10696,6.5513,1.337,H2S,7.84
155,0,0.0,0,51489,10508,51489,10508,6.43615,1.3135,H2S,7.62
156,0,0.0,0,50602,10326,50602,10326,6.32526,1.29087,H2S,7.41
157,0,0.0,0,49749,10153,49749,10153,6.21874,1.26913,H2S,7.21
158,0,0.0,0,48911,9982,48911,9982,6.11397,1.24775,H2S,7.02
159,0,0.0,0,48118,9820,48118,9820,6.01475,1.2275,H2S,6.83
160,0,0.0,0,47363,9666,47363,9666,5.92043,1.20825,H2S,6.65
161,0,0.0,0,46608,9512,46608,9512,5.8261,1.189,H2S,6.47
162,0,0.0,0,45912,9370,45912,9370,5.73912,1.17125,H2S,6.31
163,0,0.0,0,45227,9230,45227,9230,5.65338,1.15375,H2S,6.15
164,0,0.0,0,44565,9095,44565,9095,5.57071,1.13688,H2S,5.99
165,0,0.0,0,43898,8958,43898,8958,5.48736,1.11987,H2S,5.83
166,0,0.0,0,43296,8836,43296,8836,5.41205,1.1045,H2S,5.69
167,0,0.0,0,42722,8718,42722,8718,5.34036,1.08987,H2S,5.56
168,0,0.0,0,42140,8600,42140,8600,5.2675,1.075,H2S,5.42
169,0,0.0,0,41571,8484,41571,8484,5.19645,1.0605,H2S,5.28
170,0,0.0,0,41042,8376,41042,8376,5.1303,1.047,H2S,5.16
171,0,0.0,0,40532,8272,40532,8272,5.0666,1.034,H2S,5.04
172,0,0.0,0,40042,8172,40042,8172,5.00535,1.0215,H2S,4.92
173,0,0.0,0,39547,8070,39547,8070,4.94346,1.00887,H2S,4.81
174,0,0.0,0,39092,7978,39092,7978,4.88652,0.99725,H2S,4.7
175,0,0.0,0,38626,7883,38626,7883,4.82836,0.98538,H2S,4.59
176,0,0.0,0,38200,7796,38200,7796,4.77505,0.9745,H2S,4.49
177,0,0.0,0,37769,7708,37769,7708,4.72115,0.9635,H2S,4.39
178,0,0.0,0,37367,7626,37367,7626,4.67093,0.95325,H2S,4.29
179,0,0.0,0,36951,7541,36951,7541,4.61889,0.94263,H2S,4.19
180,0,0.0,0,36583,7466,36583,7466,4.57293,0.93325,H2S,4.11
181,0,0.0,0,36225,7392,36225,7392,4.52819,0.92412,H2S,4.02
182,0,0.0,0,35868,7320,35868,7320,4.4835,0.915,H2S,3.94
183,0,0.0,0,35510,7246,35510,7246,4.43876,0.90587,H2S,3.85
184,0,0.0,0,35187,7181,35187,7181,4.39839,0.89763,H2S,3.78
185,0,0.0,0,34839,7110,34839,7110,4.35488,0.88875,H2S,3.7
186,0,0.0,0,34535,7048,34535,7048,4.3169,0.881,H2S,3.62
187,0,0.0,0,34236,6987,34236,6987,4.27956,0.87338,H2S,3.55
188,0,0.0,0,33957,6930,33957,6930,4.24463,0.86625,H2S,3.49
189,0,0.0,0,33653,6868,33653,6868,4.20665,0.8585,H2S,3.42
190,0,0.0,0,33373,6810,33373,6810,4.17171,0.85137,H2S,3.35
191,0,0.0,0,33119,6759,33119,6759,4.13991,0.84488,H2S,3.29
192,0,0.0,0,32854,6705,32854,6705,4.10684,0.83813,H2S,3.23
193,0,0.0,0,32580,6649,32580,6649,4.07254,0.83113,H2S,3.16
194,0,0.0,0,32349,6602,32349,6602,4.04373,0.82525,H2S,3.11
195,0,0.0,0,32109,6552,32109,6552,4.01369,0.81912,H2S,3.05
196,0,0.0,0,31884,6507,31884,6507,3.98556,0.81338,H2S,3.0
197,0,0.0,0,31659,6461,31659,6461,3.95739,0.80763,H2S,2.95
198,0,0.0,0,31438,6416,31438,6416,3.9298,0.802,H2S,2.89
199,0,0.0,0,31222,6372,31222,6372,3.90285,0.7965,H2S,2.84
200,0,0.0,0,31031,6333,31031,6333,3.87899,0.79163,H2S,2.8
201,0,0.0,0,30815,6288,30815,6288,3.85199,0.78612,H2S,2.75
202,0,0.0,0,30639,6253,30639,6253,3.82999,0.78163,H2S,2.71
203,0,0.0,0,30424,6209,30424,6209,3.80304,0.77613,H2S,2.65
204,0,0.0,0,30272,6178,30272,6178,3.78403,0.77225,H2S,2.62
205,0,0.0,0,30086,6140,30086,6140,3.76075,0.7675,H2S,2.57
206,0,0.0,0,29914,6105,29914,6105,3.73934,0.76313,H2S,2.53
207,0,0.0,0,29752,6072,29752,6072,3.7191,0.759,H2S,2.5
208,0,0.0,0,29596,6040,29596,6040,3.6995,0.755,H2S,2.46
209,0,0.0,0,29449,6010,29449,6010,3.68113,0.75125,H2S,2.42
210,0,0.0,0,29287,5977,29287,5977,3.66094,0.74713,H2S,2.39
211,0,0.0,0,29140,5947,29140,5947,3.64256,0.74338,H2S,2.35
212,0,0.0,0,28988,5916,28988,5916,3.62355,0.7395,H2S,2.32
213,0,0.0,0,28851,5888,28851,5888,3.6064,0.736,H2S,2.28
214,0,0.0,0,28708,5858,28708,5858,3.58861,0.73237,H2S,2.25
215,0,0.0,0,28586,5834,28586,5834,3.57333,0.72925,H2S,2.22
216,0,0.0,0,28454,5807,28454,5807,3.55681,0.72588,H2S,2.19
217,0,0.0,0,28336,5783,28336,5783,3.54211,0.72288,H2S,2.16
218,0,0.0,0,28199,5754,28199,5754,3.52491,0.71937,H2S,2.13
219,0,0.0,0,28111,5737,28111,5737,3.51394,0.71713,H2S,2.11
220,0,0.0,0,27984,5711,27984,5711,3.49801,0.71388,H2S,2.08
221,0,0.0,0,27890,5692,27890,5692,3.48635,0.7115,H2S,2.06
222,0,0.0,0,27778,5669,27778,5669,3.47229,0.70863,H2S,2.03
223,0,0.0,0,27675,5648,27675,5648,3.4594,0.706,H2S,2.01
224,0,0.0,0,27572,5626,27572,5626,3.44651,0.70337,H2S,1.98
225,0,0.0,0,27479,5608,27479,5608,3.4349,0.701,H2S,1.96
226,0,0.0,0,27381,5588,27381,5588,3.42265,0.6985,H2S,1.94
227,0,0.0,0,27287,5568,27287,5568,3.41099,0.69612,H2S,1.91
228,0,0.0,0,27195,5550,27195,5550,3.39938,0.69375,H2S,1.89
229,0,0.0,0,27121,5535,27121,5535,3.39021,0.69188,H2S,1.88
230,0,0.0,0,27038,5518,27038,5518,3.37977,0.68975,H2S,1.86
231,0,0.0,0,26940,5498,26940,5498,3.36753,0.68725,H2S,1.83
232,0,0.0,0,26871,5484,26871,5484,3.35895,0.6855,H2S,1.82
233,0,0.0,0,26808,5471,26808,5471,3.35101,0.68388,H2S,1.8
234,0,0.0,0,26719,5453,26719,5453,3.33999,0.68163,H2S,1.78
235,0,0.0,0,26660,5440,26660,5440,3.33259,0.68012,H2S,1.77
236,0,0.0,0,26597,5428,26597,5428,3.32465,0.6785,H2S,1.75
237,0,0.0,0,26523,5413,26523,5413,3.31549,0.67663,H2S,1.73
238,0,0.0,0,26464,5400,26464,5400,3.30809,0.67512,H2S,1.72
239,0,0.0,0,26381,5384,26381,5384,3.2977,0.673,H2S,1.7
240,0,0.0,0,26337,5375,26337,5375,3.29221,0.67188,H2S,1.69
241,0,0.0,0,26278,5363,26278,5363,3.28486,0.67038,H2S,1.68
242,0,0.0,0,26229,5352,26229,5352,3.27869,0.66912,H2S,1.66
243,0,0.0,0,26175,5342,26175,5342,3.27197,0.66775,H2S,1.65
244,0,0.0,0,26122,5331,26122,5331,3.26526,0.66638,H2S,1.64
245,0,0.0,0,26062,5318,26062,5318,3.25786,0.66487,H2S,1.63
246,0,0.0,0,25999,5306,25999,5306,3.24993,0.66325,H2S,1.61
247,0,0.0,0,25965,5299,25965,5299,3.24566,0.66238,H2S,1.6
248,0,0.0,0,25921,5290,25921,5290,3.24013,0.66125,H2S,1.59
249,0,0.0,0,25886,5283,25886,5283,3.23586,0.66038,H2S,1.58
0,0,3.3,255,21707,4430,21707,4430,2.71338,0.55375,H2S,0.6
1,0,3.3,255,23133,4721,23133,4721,2.89164,0.59013,H2S,0.93
2,0,3.3,255,25293,5162,25293,5162,3.16173,0.64525,H2S,1.44
3,0,3.3,255,27532,5618,27532,5618,3.44161,0.70237,H2S,1.97
4,0,3.3,255,29816,6084,29816,6084,3.72704,0.76062,H2S,2.51
5,0,3.3,255,32090,6549,32090,6549,4.01129,0.81863,H2S,3.05
6,0,3.3,255,34339,7008,34339,7008,4.2924,0.876,H2S,3.58
7,0,3.3,255,36568,7463,36568,7463,4.57111,0.93288,H2S,4.1
8,0,3.3,255,38773,7913,38773,7913,4.84674,0.98913,H2S,4.62
9,0,3.3,255,40939,8355,40939,8355,5.11746,1.04438,H2S,5.14
10,0,3.3,255,43065,8788,43065,8788,5.38324,1.09862,H2S,5.64
11,0,3.3,255,45163,9217,45163,9217,5.64544,1.15213,H2S,6.13
12,0,3.3,255,47211,9634,47211,9634,5.90141,1.20437,H2S,6.61
13,0,3.3,255,49220,10044,49220,10044,6.15254,1.25562,H2S,7.09
14,0,3.3,255,51156,10440,51156,10440,6.3945,1.305,H2S,7.55
15,0,3.3,255,53057,10828,53057,10828,6.63215,1.3535,H2S,7.99
16,0,3.3,255,54885,11201,54885,11201,6.86064,1.40013,H2S,8.43
17,0,3.3,255,56658,11563,56658,11563,7.08236,1.44538,H2S,8.84
18,0,3.3,255,58359,11910,58359,11910,7.29488,1.48875,H2S,9.24
19,0,3.3,255,60005,12246,60005,12246,7.50068,1.53075,H2S,9.63
20,0,3.3,255,61583,12568,61583,12568,7.6979,1.571,H2S,10.01
21,0,3.3,255,63106,12878,63106,12878,7.88836,1.60987,H2S,10.36
22,0,3.3,255,64567,13176,64567,13176,8.07089,1.64712,H2S,10.71
23,0,3.3,255,65924,13454,65924,13454,8.24058,1.68175,H2S,11.03
24,0,3.3,255,67311,13737,67311,13737,8.41394,1.71713,H2S,11.36
25,0,3.3,255,68590,13998,68590,13998,8.57377,1.74975,H2S,11.66
26,0,3.3,255,69790,14243,69790,14243,8.72386,1.78038,H2S,11.94
27,0,3.3,255,70991,14488,70991,14488,8.8739,1.811,H2S,12.22
28,0,3.3,255,72103,14714,72103,14714,9.01291,1.83937,H2S,12.49
29,0,3.3,255,73137,14926,73137,14926,9.14217,1.86575,H2S,12.73
30,0,3.3,255,74156,15134,74156,15134,9.26958,1.89175,H2S,12.97
31,0,3.3,255,75126,15332,75126,15332,9.39085,1.9165,H2S,13.2
32,0,3.3,255,76003,15510,76003,15510,9.50046,1.93887,H2S,13.41
33,0,3.3,255,76890,15692,76890,15692,9.61135,1.9615,H2S,13.62
34,0,3.3,255,77689,15855,77689,15855,9.71121,1.98188,H2S,13.81
35,0,3.3,255,78483,16016,78483,16016,9.81039,2.00212,H2S,13.99
36,0,3.3,255,79208,16164,79208,16164,9.90104,2.02062,H2S,14.16
37,0,3.3,255,79889,16303,79889,16303,9.9862,2.038,H2S,14.32
38,0,3.3,255,80536,16436,80536,16436,10.06705,2.0545,H2S,14.48
39,0,3.3,255,81085,16548,81085,16548,10.13565,2.0685,H2S,14.61
40,0,3.3,255,81707,16675,81707,16675,10.21346,2.08438,H2S,14.75
41,0,3.3,255,82212,16778,82212,16778,10.27652,2.09725,H2S,14.87
42,0,3.3,255,82746,16887,82746,16887,10.34331,2.11088,H2S,15.0
43,0,3.3,255,83216,16983,83216,16983,10.40211,2.12288,H2S,15.11
44,0,3.3,255,83613,17064,83613,17064,10.4517,2.133,H2S,15.2
45,0,3.3,255,84069,17157,84069,17157,10.50869,2.14463,H2S,15.31
46,0,3.3,255,84461,17236,84461,17236,10.55764,2.15462,H2S,15.4
47,0,3.3,255,84784,17303,84784,17303,10.59811,2.16288,H2S,15.48
48,0,3.3,255,85152,17378,85152,17378,10.64403,2.17225,H2S,15.57
49,0,3.3,255,85475,17444,85475,17444,10.68445,2.1805,H2S,15.64
50,0,3.3,255,85720,17494,85720,17494,10.71508,2.18675,H2S,15.7
51,0,3.3,255,85975,17546,85975,17546,10.74693,2.19325,H2S,15.76
52,0,3.3,255,86313,17614,86313,17614,10.78916,2.20187,H2S,15.84
53,0,3.3,255,86519,17657,86519,17657,10.81494,2.20713,H2S,15.89
54,0,3.3,255,86700,17694,86700,17694,10.83758,2.21175,H2S,15.93
55,0,3.3,255,86916,17738,86916,17738,10.86453,2.21725,H2S,15.98
56,0,3.3,255,87112,17778,87112,17778,10.88903,2.22225,H2S,16.03
57,0,3.3,255,87234,17803,87234,17803,10.90436,2.22538,H2S,16.06
58,0,3.3,255,87430,17842,87430,17842,10.92881,2.23037,H2S,16.1
59,0,3.3,255,87563,17870,87563,17870,10.94538,2.23375,H2S,16.13
60,0,3.3,255,87641,17886,87641,17886,10.95518,2.23575,H2S,16.15
61,0,3.3,255,87808,17920,87808,17920,10.976,2.24,H2S,16.19
62,0,3.3,255,87881,17934,87881,17934,10.98516,2.24187,H2S,16.21
63,0,3.3,255,87994,17958,87994,17958,10.99927,2.24475,H2S,16.24
64,0,3.3,255,88033,17966,88033,17966,11.00418,2.24575,H2S,16.25
65,0,3.3,255,88131,17986,88131,17986,11.01643,2.24825,H2S,16.27
66,0,3.3,255,88146,17989,88146,17989,11.01829,2.24863,H2S,16.27
67,0,3.3,255,88244,18009,88244,18009,11.03054,2.25113,H2S,16.3
68,0,3.3,255,88278,18016,88278,18016,11.0348,2.252,H2S,16.3
69,0,3.3,255,88322,18024,88322,18024,11.04029,2.25312,H2S,16.31
70,0,3.3,255,88356,18032,88356,18032,11.0446,2.254,H2S,16.32
71,0,3.3,255,88322,18024,88322,18024,11.04029,2.25312,H2S,16.31
72,0,3.3,255,88361,18033,88361,18033,11.04524,2.25413,H2S,16.32
73,0,3.3,255,88396,18040,88396,18040,11.0495,2.255,H2S,16.33
74,0,3.3,255,88386,18038,88386,18038,11.04828,2.25475,H2S,16.33
75,0,3.3,255,88361,18033,88361,18033,11.04524,2.25413,H2S,16.32
76,0,3.3,255,88396,18040,88396,18040,11.0495,2.255,H2S,16.33
77,0,3.3,255,88347,18030,88347,18030,11.04338,2.25375,H2S,16.32
78,0,3.3,255,88337,18028,88337,18028,11.04215,2.2535,H2S,16.32
79,0,3.3,255,88307,18022,88307,18022,11.03848,2.25275,H2S,16.31
80,0,3.3,255,88273,18015,88273,18015,11.03421,2.25188,H2S,16.3
81,0,3.3,255,88307,18022,88307,18022,11.03848,2.25275,H2S,16.31
82,0,3.3,255,88229,18006,88229,18006,11.02868,2.25075,H2S,16.29
83,0,3.3,255,88263,18013,88263,18013,11.03299,2.25163,H2S,16.3
84,0,3.3,255,88194,17998,88194,17998,11.02436,2.24987,H2S,16.28
85,0,3.3,255,88126,17984,88126,17984,11.01579,2.24812,H2S,16.27
86,0,3.3,255,88141,17988,88141,17988,11.01765,2.2485,H2S,16.27
87,0,3.3,255,88082,17976,88082,17976,11.0103,2.247,H2S,16.26
88,0,3.3,255,88018,17963,88018,17963,11.00236,2.24538,H2S,16.24
89,0,3.3,255,87998,17958,87998,17958,10.99986,2.24487,H2S,16.24
90,0,3.3,255,87915,17942,87915,17942,10.98948,2.24275,H2S,16.22
91,0,3.3,255,87935,17946,87935,17946,10.99193,2.24325,H2S,16.22
92,0,3.3,255,87886,17936,87886,17936,10.9858,2.242,H2S,16.21
93,0,3.3,255,87842,17926,87842,17926,10.98026,2.24087,H2S,16.2
94,0,3.3,255,87734,17905,87734,17905,10.96684,2.23813,H2S,16.18
95,0,3.3,255,87759,17910,87759,17910,10.96988,2.23875,H2S,16.18
96,0,3.3,255,87695,17896,87695,17896,10.96189,2.23712,H2S,16.17
97,0,3.3,255,87646,17887,87646,17887,10.95581,2.23588,H2S,16.15
98,0,3.3,255,87519,17861,87519,17861,10.93989,2.23263,H2S,16.12
99,0,3.3,255,87484,17854,87484,17854,10.93558,2.23175,H2S,16.12
100,0,3.3,255,87509,17859,87509,17859,10.93866,2.23238,H2S,16.12
101,0,3.3,255,87450,17847,87450,17847,10.93131,2.23088,H2S,16.11
102,0,3.3,255,87401,17836,87401,17836,10.92514,2.22962,H2S,16.1
103,0,3.3,255,87308,17818,87308,17818,10.91353,2.22725,H2S,16.07
104,0,3.3,255,87214,17798,87214,17798,10.90186,2.22487,H2S,16.05
105,0,3.3,255,87249,17806,87249,17806,10.90618,2.22575,H2S,16.06
106,0,3.3,255,87161,17788,87161,17788,10.89515,2.2235,H2S,16.04
107,0,3.3,255,87087,17772,87087,17772,10.88594,2.22162,H2S,16.02
108,0,3.3,255,87082,17772,87082,17772,10.88535,2.2215,H2S,16.02
109,0,3.3,255,87009,17757,87009,17757,10.87619,2.21963,H2S,16.0
110,0,3.3,255,86965,17748,86965,17748,10.87065,2.2185,H2S,15.99
111,0,3.3,255,86857,17726,86857,17726,10.85717,2.21575,H2S,15.97
112,0,3.3,255,86871,17728,86871,17728,10.85899,2.21612,H2S,15.97
113,0,3.3,255,86813,17716,86813,17716,10.85164,2.21462,H2S,15.96
114,0,3.3,255,86764,17707,86764,17707,10.84556,2.21338,H2S,15.95
115,0,3.3,255,86720,17698,86720,17698,10.84003,2.21225,H2S,15.94
116,0,3.3,255,86676,17689,86676,17689,10.83454,2.21113,H2S,15.93
117,0,3.3,255,86626,17678,86626,17678,10.82836,2.20987,H2S,15.91
118,0,3.3,255,86534,17660,86534,17660,10.81675,2.2075,H2S,15.89
119,0,3.3,255,86509,17655,86509,17655,10.81371,2.20688,H2S,15.89
120,0,3.3,255,86411,17635,86411,17635,10.80146,2.20438,H2S,15.86
121,0,3.3,255,86352,17623,86352,17623,10.79411,2.20288,H2S,15.85
122,0,3.3,255,86387,17630,86387,17630,10.79838,2.20375,H2S,15.86
123,0,3.3,255,86313,17614,86313,17614,10.78916,2.20187,H2S,15.84
124,0,3.3,255,86279,17608,86279,17608,10.7849,2.201,H2S,15.83
125,0,0.0,0,103262,21074,103262,21074,12.90783,2.63425,H2S,19.84
126,0,0.0,0,101185,20650,101185,20650,12.64813,2.58125,H2S,19.35
127,0,0.0,0,98475,20097,98475,20097,12.30944,2.51213,H2S,18.71
128,0,0.0,0,95848,19560,95848,19560,11.98109,2.44512,H2S,18.09
129,0,0.0,0,93310,19042,93310,19042,11.66381,2.38037,H2S,17.49
130,0,0.0,0,90880,18547,90880,18547,11.36006,2.31838,H2S,16.92
131,0,0.0,0,88548,18071,88548,18071,11.06851,2.25888,H2S,16.37
132,0,0.0,0,86303,17612,86303,17612,10.78794,2.20162,H2S,15.84
133,0,0.0,0,84137,17170,84137,17170,10.51721,2.14637,H2S,15.33
134,0,0.0,0,82045,16744,82045,16744,10.2557,2.093,H2S,14.83
135,0,0.0,0,80007,16328,80007,16328,10.0009,2.041,H2S,14.35
136,0,0.0,0,78091,15936,78091,15936,9.76139,1.99212,H2S,13.9
137,0,0.0,0,76224,15556,76224,15556,9.52805,1.9445,H2S,13.46
138,0,0.0,0,74406,15185,74406,15185,9.30084,1.89813,H2S,13.03
139,0,0.0,0,72676,14832,72676,14832,9.0846,1.854,H2S,12.62
140,0,0.0,0,71030,14496,71030,14496,8.8788,1.812,H2S,12.23
141,0,0.0,0,69418,14166,69418,14166,8.67726,1.77087,H2S,11.85
142,0,0.0,0,67889,13855,67889,13855,8.48621,1.73188,H2S,11.49
143,0,0.0,0,66419,13554,66419,13554,8.30241,1.69437,H2S,11.15
144,0,0.0,0,65052,13276,65052,13276,8.13155,1.6595,H2S,10.82
145,0,0.0,0,63636,12987,63636,12987,7.95456,1.62338,H2S,10.49
146,0,0.0,0,62347,12724,62347,12724,7.79345,1.5905,H2S,10.19
147,0,0.0,0,61112,12472,61112,12472,7.6391,1.559,H2S,9.89
148,0,0.0,0,59931,12230,59931,12230,7.49146,1.52887,H2S,9.62
149,0,0.0,0,58765,11993,58765,11993,7.34574,1.49913,H2S,9.34
150,0,0.0,0,57663,11768,57663,11768,7.2079,1.471,H2S,9.08
151,0,0.0,0,56624,11556,56624,11556,7.07805,1.4445,H2S,8.84
152,0,0.0,0,55610,11349,55610,11349,6.95129,1.41863,H2S,8.6
153,0,0.0,0,54625,11148,54625,11148,6.82815,1.3935,H2S,8.36
154,0,0.0,0,53709,10961,53709,10961,6.71364,1.37013,H2S,8.15
155,0,0.0,0,52787,10772,52787,10772,6.59844,1.34662,H2S,7.93
156,0,0.0,0,51910,10594,51910,10594,6.48883,1.32425,H2S,7.72
157,0,0.0,0,51092,10426,51092,10426,6.38651,1.30337,H2S,7.53
158,0,0.0,0,50283,10262,50283,10262,6.28548,1.28275,H2S,7.34
159,0,0.0,0,49485,10099,49485,10099,6.18566,1.26238,H2S,7.15
160,0,0.0,0,48774,9954,48774,9954,6.09683,1.24425,H2S,6.98
161,0,0.0,0,48069,9810,48069,9810,6.00863,1.22625,H2S,6.82
162,0,0.0,0,47373,9668,47373,9668,5.92165,1.2085,H2S,6.65
163,0,0.0,0,46702,9531,46702,9531,5.83776,1.19138,H2S,6.49
164,0,0.0,0,46069,9402,46069,9402,5.75873,1.17525,H2S,6.35
165,0,0.0,0,45442,9274,45442,9274,5.68032,1.15925,H2S,6.2
166,0,0.0,0,44825,9148,44825,9148,5.60315,1.1435,H2S,6.05
167,0,0.0,0,44256,9032,44256,9032,5.5321,1.129,H2S,5.92
168,0,0.0,0,43688,8916,43688,8916,5.46105,1.1145,H2S,5.78
169,0,0.0,0,43169,8810,43169,8810,5.39613,1.10125,H2S,5.66
170,0,0.0,0,42644,8702,42644,8702,5.33056,1.08787,H2S,5.54
171,0,0.0,0,42140,8600,42140,8600,5.2675,1.075,H2S,5.42
172,0,0.0,0,41664,8503,41664,8503,5.20811,1.06288,H2S,5.31
173,0,0.0,0,41184,8404,41184,8404,5.14804,1.05062,H2S,5.19
174,0,0.0,0,40719,8310,40719,8310,5.08988,1.03875,H2S,5.08
175,0,0.0,0,40287,8222,40287,8222,5.03597,1.02775,H2S,4.98
176,0,0.0,0,39861,8134,39861,8134,4.98266,1.01687,H2S,4.88
177,0,0.0,0,39454,8052,39454,8052,4.93185,1.0065,H2S,4.78
178,0,0.0,0,39062,7972,39062,7972,4.88285,0.9965,H2S,4.69
179,0,0.0,0,38685,7895,38685,7895,4.83571,0.98688,H2S,4.6
180,0,0.0,0,38298,7816,38298,7816,4.7873,0.977,H2S,4.51
181,0,0.0,0,37931,7741,37931,7741,4.74139,0.96763,H2S,4.43
182,0,0.0,0,37592,7672,37592,7672,4.6991,0.959,H2S,4.35
183,0,0.0,0,37249,7602,37249,7602,4.65623,0.95025,H2S,4.26
184,0,0.0,0,36941,7539,36941,7539,4.61766,0.94238,H2S,4.19
185,0,0.0,0,36617,7472,36617,7472,4.57719,0.93412,H2S,4.12
186,0,0.0,0,36303,7408,36303,7408,4.53799,0.92612,H2S,4.04
187,0,0.0,0,36015,7350,36015,7350,4.50188,0.91875,H2S,3.97
188,0,0.0,0,35735,7293,35735,7293,4.46699,0.91163,H2S,3.91
189,0,0.0,0,35451,7235,35451,7235,4.43146,0.90438,H2S,3.84
190,0,0.0,0,35182,7180,35182,7180,4.39775,0.8975,H2S,3.78
191,0,0.0,0,34922,7126,34922,7126,4.36526,0.89087,H2S,3.72
192,0,0.0,0,34682,7078,34682,7078,4.33528,0.88475,H2S,3.66
193,0,0.0,0,34437,7028,34437,7028,4.30465,0.8785,H2S,3.6
194,0,0.0,0,34172,6974,34172,6974,4.27158,0.87175,H2S,3.54
195,0,0.0,0,33952,6929,33952,6929,4.24404,0.86613,H2S,3.49
196,0,0.0,0,33761,6890,33761,6890,4.22013,0.86125,H2S,3.44
197,0,0.0,0,33525,6842,33525,6842,4.19073,0.85525,H2S,3.39
198,0,0.0,0,33329,6802,33329,6802,4.16622,0.85025,H2S,3.34
199,0,0.0,0,33114,6758,33114,6758,4.13928,0.84475,H2S,3.29
200,0,0.0,0,32933,6721,32933,6721,4.11664,0.84013,H2S,3.25
201,0,0.0,0,32737,6681,32737,6681,4.09214,0.83513,H2S,3.2
202,0,0.0,0,32555,6644,32555,6644,4.06945,0.8305,H2S,3.16
203,0,0.0,0,32374,6607,32374,6607,4.04681,0.82588,H2S,3.11
204,0,0.0,0,32202,6572,32202,6572,4.02535,0.8215,H2S,3.07
205,0,0.0,0,32040,6538,32040,6538,4.00511,0.81737,H2S,3.04
206,0,0.0,0,31874,6504,31874,6504,3.98429,0.81312,H2S,3.0
207,0,0.0,0,31722,6474,31722,6474,3.96533,0.80925,H2S,2.96
208,0,0.0,0,31560,6440,31560,6440,3.94509,0.80512,H2S,2.92
209,0,0.0,0,31414,6411,31414,6411,3.92676,0.80138,H2S,2.89
210,0,0.0,0,31276,6383,31276,6383,3.90961,0.79788,H2S,2.86
211,0,0.0,0,31139,6355,31139,6355,3.89246,0.79438,H2S,2.82
212,0,0.0,0,31011,6328,31011,6328,3.87649,0.79112,H2S,2.79
213,0,0.0,0,30889,6304,30889,6304,3.8612,0.788,H2S,2.76
214,0,0.0,0,30762,6278,30762,6278,3.84527,0.78475,H2S,2.73
215,0,0.0,0,30634,6252,30634,6252,3.82935,0.7815,H2S,2.7
216,0,0.0,0,30497,6224,30497,6224,3.8122,0.778,H2S,2.67
217,0,0.0,0,30404,6205,30404,6205,3.80059,0.77563,H2S,2.65
218,0,0.0,0,30291,6182,30291,6182,3.78648,0.77275,H2S,2.62
219,0,0.0,0,30169,6157,30169,6157,3.77119,0.76963,H2S,2.59
220,0,0.0,0,30066,6136,30066,6136,3.7583,0.767,H2S,2.57
221,0,0.0,0,29978,6118,29978,6118,3.74728,0.76475,H2S,2.55
222,0,0.0,0,29885,6099,29885,6099,3.73566,0.76238,H2S,2.53
223,0,0.0,0,29786,6078,29786,6078,3.72336,0.75987,H2S,2.5
224,0,0.0,0,29694,6060,29694,6060,3.71175,0.7575,H2S,2.48
225,0,0.0,0,29601,6041,29601,6041,3.70014,0.75513,H2S,2.46
226,0,0.0,0,29532,6027,29532,6027,3.69156,0.75338,H2S,2.44
227,0,0.0,0,29454,6011,29454,6011,3.68176,0.75138,H2S,2.43
228,0,0.0,0,29341,5988,29341,5988,3.66765,0.7485,H2S,2.4
229,0,0.0,0,29277,5975,29277,5975,3.65971,0.74688,H2S,2.38
230,0,0.0,0,29209,5961,29209,5961,3.65114,0.74513,H2S,2.37
231,0,0.0,0,29140,5947,29140,5947,3.64256,0.74338,H2S,2.35
232,0,0.0,0,29071,5932,29071,5932,3.63394,0.74162,H2S,2.34
233,0,0.0,0,28988,5916,28988,5916,3.62355,0.7395,H2S,2.32
234,0,0.0,0,28944,5907,28944,5907,3.61806,0.73838,H2S,2.31
235,0,0.0,0,28875,5892,28875,5892,3.60944,0.73662,H2S,2.29
236,0,0.0,0,28802,5878,28802,5878,3.60028,0.73475,H2S,2.27
237,0,0.0,0,28753,5868,28753,5868,3.59415,0.7335,H2S,2.26
238,0,0.0,0,28704,5858,28704,5858,3.58803,0.73225,H2S,2.25
239,0,0.0,0,28635,5844,28635,5844,3.57945,0.7305,H2S,2.23
240,0,0.0,0,28606,5838,28606,5838,3.57578,0.72975,H2S,2.23
241,0,0.0,0,28547,5826,28547,5826,3.56842,0.72825,H2S,2.21
242,0,0.0,0,28493,5815,28493,5815,3.56171,0.72688,H2S,2.2
243,0,0.0,0,28439,5804,28439,5804,3.55495,0.7255,H2S,2.19
244,0,0.0,0,28400,5796,28400,5796,3.55005,0.7245,H2S,2.18
245,0,0.0,0,28351,5786,28351,5786,3.54393,0.72325,H2S,2.17
246,0,0.0,0,28331,5782,28331,5782,3.54148,0.72275,H2S,2.16
247,0,0.0,0,28282,5772,28282,5772,3.53535,0.7215,H2S,2.15
248,0,0.0,0,28253,5766,28253,5766,3.53168,0.72075,H2S,2.14
249,0,0.0,0,28224,5760,28224,5760,3.528,0.72,H2S,2.14
0,0,3.3,255,23676,4832,23676,4832,2.9596,0.604,H2S,1.06
1,0,3.3,255,25176,5138,25176,5138,3.14703,0.64225,H2S,1.42
2,0,3.3,255,27538,5620,27538,5620,3.44225,0.7025,H2S,1.97
3,0,3.3,255,29929,6108,29929,6108,3.74115,0.7635,H2S,2.54
4,0,3.3,255,32354,6602,32354,6602,4.04431,0.82537,H2S,3.11
5,0,3.3,255,34770,7096,34770,7096,4.3463,0.887,H2S,3.68
6,0,3.3,255,37151,7582,37151,7582,4.64398,0.94775,H2S,4.24
7,0,3.3,255,39518,8064,39518,8064,4.93979,1.00812,H2S,4.8
8,0,3.3,255,41836,8538,41836,8538,5.22953,1.06725,H2S,5.35
9,0,3.3,255,44119,9004,44119,9004,5.51495,1.1255,H2S,5.89
10,0,3.3,255,46359,9461,46359,9461,5.79489,1.18263,H2S,6.41
11,0,3.3,255,48563,9910,48563,9910,6.07046,1.23887,H2S,6.93
12,0,3.3,255,50700,10346,50700,10346,6.33751,1.29337,H2S,7.44
13,0,3.3,255,52768,10769,52768,10769,6.59604,1.34613,H2S,7.93
14,0,3.3,255,54806,11185,54806,11185,6.85084,1.39813,H2S,8.41
15,0,3.3,255,56761,11584,56761,11584,7.0952,1.448,H2S,8.87
16,0,3.3,255,58647,11968,58647,11968,7.33099,1.49612,H2S,9.31
17,0,3.3,255,60480,12342,60480,12342,7.56006,1.54287,H2S,9.75
18,0,3.3,255,62220,12698,62220,12698,7.77753,1.58725,H2S,10.16
19,0,3.3,255,63915,13044,63915,13044,7.98945,1.6305,H2S,10.56
20,0,3.3,255,65571,13382,65571,13382,8.19647,1.67275,H2S,10.95
21,0,3.3,255,67105,13695,67105,13695,8.38821,1.71188,H2S,11.31
22,0,3.3,255,68570,13994,68570,13994,8.57132,1.74925,H2S,11.65
23,0,3.3,255,69972,14280,69972,14280,8.7465,1.785,H2S,11.98
24,0,3.3,255,71314,14554,71314,14554,8.91433,1.81925,H2S,12.3
25,0,3.3,255,72588,14814,72588,14814,9.07357,1.85175,H2S,12.6
26,0,3.3,255,73788,15058,73788,15058,9.22361,1.88237,H2S,12.88
27,0,3.3,255,74945,15294,74945,15294,9.36816,1.91187,H2S,13.16
28,0,3.3,255,76028,15516,76028,15516,9.50355,1.9395,H2S,13.41
29,0,3.3,255,77018,15718,77018,15718,9.62728,1.96475,H2S,13.65
30,0,3.3,255,78057,15930,78057,15930,9.75713,1.99125,H2S,13.89
31,0,3.3,255,78997,16122,78997,16122,9.87473,2.01525,H2S,14.11
32,0,3.3,255,79860,16297,79860,16297,9.98252,2.03725,H2S,14.32
33,0,3.3,255,80683,16466,80683,16466,10.08543,2.05825,H2S,14.51
34,0,3.3,255,81457,16624,81457,16624,10.1822,2.078,H2S,14.69
35,0,3.3,255,82182,16772,82182,16772,10.27285,2.0965,H2S,14.87
36,0,3.3,255,82859,16910,82859,16910,10.35738,2.11375,H2S,15.02
37,0,3.3,255,83496,17040,83496,17040,10.437,2.13,H2S,15.18
38,0,3.3,255,84103,17164,84103,17164,10.51295,2.1455,H2S,15.32
39,0,3.3,255,84657,17277,84657,17277,10.58219,2.15963,H2S,15.45
40,0,3.3,255,85186,17385,85186,17385,10.64834,2.17313,H2S,15.57
41,0,3.3,255,85637,17477,85637,17477,10.70469,2.18463,H2S,15.68
42,0,3.3,255,86137,17579,86137,17579,10.76716,2.19738,H2S,15.8
43,0,3.3,255,86548,17663,86548,17663,10.81861,2.20788,H2S,15.9
44,0,3.3,255,86921,17739,86921,17739,10.86516,2.21738,H2S,15.98
45,0,3.3,255,87308,17818,87308,17818,10.91353,2.22725,H2S,16.07
46,0,3.3,255,87710,17900,87710,17900,10.96375,2.2375,H2S,16.17
47,0,3.3,255,87969,17952,87969,17952,10.99619,2.24412,H2S,16.23
48,0,3.3,255,88322,18024,88322,18024,11.04029,2.25312,H2S,16.31
49,0,3.3,255,88596,18080,88596,18080,11.07459,2.26012,H2S,16.38
50,0,3.3,255,88788,18120,88788,18120,11.0985,2.265,H2S,16.42
51,0,3.3,255,89087,18181,89087,18181,11.13589,2.27263,H2S,16.49
52,0,3.3,255,89238,18212,89238,18212,11.15485,2.2765,H2S,16.53
53,0,3.3,255,89439,18253,89439,18253,11.17999,2.28163,H2S,16.58
54,0,3.3,255,89679,18302,89679,18302,11.20998,2.28775,H2S,16.63
55,0,3.3,255,89841,18335,89841,18335,11.23021,2.29188,H2S,16.67
56,0,3.3,255,89978,18362,89978,18362,11.24731,2.29537,H2S,16.7
57,0,3.3,255,90111,18390,90111,18390,11.26388,2.29875,H2S,16.74
58,0,3.3,255,90238,18416,90238,18416,11.2798,2.302,H2S,16.77
59,0,3.3,255,90336,18436,90336,18436,11.29205,2.3045,H2S,16.79
60,0,3.3,255,90370,18443,90370,18443,11.29636,2.30538,H2S,16.8
61,0,3.3,255,90508,18471,90508,18471,11.31351,2.30888,H2S,16.83
62,0,3.3,255,90581,18486,90581,18486,11.32268,2.31075,H2S,16.85
63,0,3.3,255,90596,18489,90596,18489,11.32454,2.31113,H2S,16.85
64,0,3.3,255,90620,18494,90620,18494,11.32758,2.31175,H2S,16.86
65,0,3.3,255,90723,18515,90723,18515,11.34046,2.31438,H2S,16.88
66,0,3.3,255,90742,18518,90742,18518,11.34286,2.31487,H2S,16.88
67,0,3.3,255,90777,18526,90777,18526,11.34718,2.31575,H2S,16.89
68,0,3.3,255,90713,18513,90713,18513,11.33924,2.31413,H2S,16.88
69,0,3.3,255,90811,18533,90811,18533,11.35149,2.31663,H2S,16.9
70,0,3.3,255,90753,18521,90753,18521,11.34414,2.31513,H2S,16.89
71,0,3.3,255,90767,18524,90767,18524,11.34595,2.3155,H2S,16.89
72,0,3.3,255,90708,18512,90708,18512,11.3386,2.314,H2S,16.88
73,0,3.3,255,90753,18521,90753,18521,11.34414,2.31513,H2S,16.89
74,0,3.3,255,90728,18516,90728,18516,11.34105,2.3145,H2S,16.88
75,0,3.3,255,90689,18508,90689,18508,11.33615,2.3135,H2S,16.87
76,0,3.3,255,90605,18490,90605,18490,11.32571,2.31137,H2S,16.85
77,0,3.3,255,90600,18490,90600,18490,11.32512,2.31125,H2S,16.85
78,0,3.3,255,90591,18488,90591,18488,11.3239,2.311,H2S,16.85
79,0,3.3,255,90493,18468,90493,18468,11.31165,2.3085,H2S,16.83
80,0,3.3,255,90508,18471,90508,18471,11.31351,2.30888,H2S,16.83
81,0,3.3,255,90414,18452,90414,18452,11.30185,2.3065,H2S,16.81
82,0,3.3,255,90419,18452,90419,18452,11.30244,2.30662,H2S,16.81
83,0,3.3,255,90316,18432,90316,18432,11.2896,2.304,H2S,16.78
84,0,3.3,255,90248,18418,90248,18418,11.28102,2.30225,H2S,16.77
85,0,3.3,255,90174,18402,90174,18402,11.27181,2.30037,H2S,16.75
86,0,3.3,255,90184,18405,90184,18405,11.27309,2.30063,H2S,16.75
87,0,3.3,255,90125,18393,90125,18393,11.26574,2.29913,H2S,16.74
88,0,3.3,255,90047,18376,90047,18376,11.25589,2.29712,H2S,16.72
89,0,3.3,255,89954,18358,89954,18358,11.24428,2.29475,H2S,16.7
90,0,3.3,255,89954,18358,89954,18358,11.24428,2.29475,H2S,16.7
91,0,3.3,255,89871,18341,89871,18341,11.23389,2.29263,H2S,16.68
92,0,3.3,255,89826,18332,89826,18332,11.22835,2.2915,H2S,16.67
93,0,3.3,255,89758,18318,89758,18318,11.21978,2.28975,H2S,16.65
94,0,3.3,255,89630,18292,89630,18292,11.20385,2.2865,H2S,16.62
95,0,3.3,255,89630,18292,89630,18292,11.20385,2.2865,H2S,16.62
96,0,3.3,255,89566,18278,89566,18278,11.19586,2.28487,H2S,16.61
97,0,3.3,255,89430,18251,89430,18251,11.17876,2.28138,H2S,16.57
98,0,3.3,255,89425,18250,89425,18250,11.17813,2.28125,H2S,16.57
99,0,3.3,255,89292,18222,89292,18222,11.16156,2.27787,H2S,16.54
100,0,3.3,255,89287,18222,89287,18222,11.16098,2.27775,H2S,16.54
101,0,3.3,255,89175,18199,89175,18199,11.14691,2.27488,H2S,16.51
102,0,3.3,255,89096,18182,89096,18182,11.13706,2.27287,H2S,16.5
103,0,3.3,255,89101,18184,89101,18184,11.1377,2.273,H2S,16.5
104,0,3.3,255,89013,18166,89013,18166,11.12668,2.27075,H2S,16.48
105,0,3.3,255,88890,18140,88890,18140,11.11134,2.26762,H2S,16.45
106,0,3.3,255,88886,18140,88886,18140,11.11075,2.2675,H2S,16.45
107,0,3.3,255,88832,18129,88832,18129,11.10404,2.26613,H2S,16.43
108,0,3.3,255,88748,18112,88748,18112,11.0936,2.264,H2S,16.41
109,0,3.3,255,88641,18090,88641,18090,11.08013,2.26125,H2S,16.39
110,0,3.3,255,88646,18091,88646,18091,11.08076,2.26138,H2S,16.39
111,0,3.3,255,88562,18074,88562,18074,11.07033,2.25925,H2S,16.37
112,0,3.3,255,88503,18062,88503,18062,11.06298,2.25775,H2S,16.36
113,0,3.3,255,88439,18048,88439,18048,11.05499,2.25612,H2S,16.34
114,0,3.3,255,88317,18024,88317,18024,11.0397,2.253,H2S,16.31
115,0,3.3,255,88322,18024,88322,18024,11.04029,2.25312,H2S,16.31
116,0,3.3,255,88249,18010,88249,18010,11.03113,2.25125,H2S,16.3
117,0,3.3,255,88190,17998,88190,17998,11.02378,2.24975,H2S,16.28
118,0,3.3,255,88121,17984,88121,17984,11.0152,2.248,H2S,16.27
119,0,3.3,255,88062,17972,88062,17972,11.00785,2.2465,H2S,16.25
120,0,3.3,255,88004,17960,88004,17960,11.0005,2.245,H2S,16.24
121,0,3.3,255,87881,17934,87881,17934,10.98516,2.24187,H2S,16.21
122,0,3.3,255,87881,17934,87881,17934,10.98516,2.24187,H2S,16.21
123,0,3.3,255,87832,17925,87832,17925,10.97909,2.24063,H2S,16.2
124,0,3.3,255,87700,17898,87700,17898,10.96253,2.23725,H2S,16.17
125,0,0.0,0,105021,21432,105021,21432,13.12769,2.67912,H2S,20.25
126,0,0.0,0,102949,21010,102949,21010,12.86863,2.62625,H2S,19.76
127,0,0.0,0,100278,20464,100278,20464,12.53479,2.55812,H2S,19.13
128,0,0.0,0,97730,19945,97730,19945,12.21634,2.49313,H2S,18.53
129,0,0.0,0,95177,19424,95177,19424,11.8972,2.428,H2S,17.93
130,0,0.0,0,92762,18931,92762,18931,11.59526,2.36638,H2S,17.36
131,0,0.0,0,90454,18460,90454,18460,11.30675,2.3075,H2S,16.82
132,0,0.0,0,88229,18006,88229,18006,11.02868,2.25075,H2S,16.29
133,0,0.0,0,86083,17568,86083,17568,10.7604,2.196,H2S,15.79
134,0,0.0,0,84015,17146,84015,17146,10.50193,2.14325,H2S,15.3
135,0,0.0,0,82011,16736,82011,16736,10.25139,2.09212,H2S,14.82
136,0,0.0,0,80110,16349,80110,16349,10.01379,2.04363,H2S,14.38
137,0,0.0,0,78258,15971,78258,15971,9.78226,1.99638,H2S,13.94
138,0,0.0,0,76474,15606,76474,15606,9.55926,1.95087,H2S,13.52
139,0,0.0,0,74754,15256,74754,15256,9.3443,1.907,H2S,13.11
140,0,0.0,0,73112,14920,73112,14920,9.13909,1.86512,H2S,12.73
141,0,0.0,0,71535,14599,71535,14599,8.94191,1.82488,H2S,12.35
142,0,0.0,0,70026,14291,70026,14291,8.75326,1.78638,H2S,12.0
143,0,0.0,0,68570,13994,68570,13994,8.57132,1.74925,H2S,11.65
144,0,0.0,0,67184,13711,67184,13711,8.39801,1.71388,H2S,11.33
145,0,0.0,0,65875,13444,65875,13444,8.23445,1.6805,H2S,11.02
146,0,0.0,0,64621,13188,64621,13188,8.07765,1.6485,H2S,10.72
147,0,0.0,0,63391,12936,63391,12936,7.92389,1.61712,H2S,10.43
148,0,0.0,0,62244,12702,62244,12702,7.78056,1.58787,H2S,10.16
149,0,0.0,0,61132,12476,61132,12476,7.64155,1.5595,H2S,9.9
150,0,0.0,0,60054,12256,60054,12256,7.5068,1.532,H2S,9.64
151,0,0.0,0,58996,12040,58996,12040,7.3745,1.505,H2S,9.39
152,0,0.0,0,58025,11842,58025,11842,7.25323,1.48025,H2S,9.17
153,0,0.0,0,57065,11646,57065,11646,7.13318,1.45575,H2S,8.94
154,0,0.0,0,56173,11464,56173,11464,7.0217,1.433,H2S,8.73
155,0,0.0,0,55272,11280,55272,11280,6.909,1.41,H2S,8.52
156,0,0.0,0,54433,11108,54433,11108,6.80424,1.38862,H2S,8.32
157,0,0.0,0,53601,10939,53601,10939,6.70016,1.36738,H2S,8.12
158,0,0.0,0,52812,10778,52812,10778,6.60153,1.34725,H2S,7.94
159,0,0.0,0,52038,10620,52038,10620,6.50475,1.3275,H2S,7.75
160,0,0.0,0,51327,10474,51327,10474,6.41591,1.30937,H2S,7.59
161,0,0.0,0,50602,10326,50602,10326,6.32526,1.29087,H2S,7.41
162,0,0.0,0,49945,10192,49945,10192,6.24319,1.27412,H2S,7.26
163,0,0.0,0,49264,10054,49264,10054,6.15808,1.25675,H2S,7.1
164,0,0.0,0,48632,9925,48632,9925,6.07909,1.24063,H2S,6.95
165,0,0.0,0,48025,9801,48025,9801,6.00314,1.22513,H2S,6.81
166,0,0.0,0,47412,9676,47412,9676,5.92655,1.2095,H2S,6.66
167,0,0.0,0,46848,9560,46848,9560,5.85609,1.19512,H2S,6.53
168,0,0.0,0,46304,9450,46304,9450,5.78812,1.18125,H2S,6.4
169,0,0.0,0,45766,9340,45766,9340,5.72075,1.1675,H2S,6.27
170,0,0.0,0,45251,9234,45251,9234,5.65641,1.15437,H2S,6.15
171,0,0.0,0,44776,9138,44776,9138,5.59703,1.14225,H2S,6.04
172,0,0.0,0,44261,9032,44261,9032,5.53269,1.12912,H2S,5.92
173,0,0.0,0,43801,8939,43801,8939,5.47516,1.11738,H2S,5.81
174,0,0.0,0,43355,8848,43355,8848,5.4194,1.106,H2S,5.7
175,0,0.0,0,42933,8762,42933,8762,5.36673,1.09525,H2S,5.61
176,0,0.0,0,42517,8676,42517,8676,5.31464,1.08462,H2S,5.51
177,0,0.0,0,42071,8586,42071,8586,5.25893,1.07325,H2S,5.4
178,0,0.0,0,41699,8510,41699,8510,5.21238,1.06375,H2S,5.31
179,0,0.0,0,41331,8435,41331,8435,5.16646,1.05438,H2S,5.23
180,0,0.0,0,40944,8356,40944,8356,5.11805,1.0445,H2S,5.14
181,0,0.0,0,40596,8285,40596,8285,5.07459,1.03563,H2S,5.05
182,0,0.0,0,40238,8212,40238,8212,5.02985,1.0265,H2S,4.97
183,0,0.0,0,39920,8147,39920,8147,4.99006,1.01838,H2S,4.89
184,0,0.0,0,39606,8083,39606,8083,4.95086,1.01038,H2S,4.82
185,0,0.0,0,39263,8012,39263,8012,4.90794,1.00162,H2S,4.74
186,0,0.0,0,38960,7951,38960,7951,4.87001,0.99388,H2S,4.67
187,0,0.0,0,38700,7898,38700,7898,4.83753,0.98725,H2S,4.61
188,0,0.0,0,38396,7836,38396,7836,4.79955,0.9795,H2S,4.54
189,0,0.0,0,38127,7781,38127,7781,4.76589,0.97263,H2S,4.47
190,0,0.0,0,37842,7722,37842,7722,4.73031,0.96537,H2S,4.4
191,0,0.0,0,37558,7665,37558,7665,4.69484,0.95813,H2S,4.34
192,0,0.0,0,37338,7620,37338,7620,4.66725,0.9525,H2S,4.29
193,0,0.0,0,37068,7565,37068,7565,4.63359,0.94563,H2S,4.22
194,0,0.0,0,36887,7528,36887,7528,4.6109,0.941,H2S,4.18
195,0,0.0,0,36632,7476,36632,7476,4.57905,0.9345,H2S,4.12
196,0,0.0,0,36367,7422,36367,7422,4.54598,0.92775,H2S,4.06
197,0,0.0,0,36167,7381,36167,7381,4.52089,0.92263,H2S,4.01
198,0,0.0,0,35971,7341,35971,7341,4.49639,0.91763,H2S,3.96
199,0,0.0,0,35765,7299,35765,7299,4.47066,0.91238,H2S,3.91
200,0,0.0,0,35559,7257,35559,7257,4.44494,0.90713,H2S,3.87
201,0,0.0,0,35417,7228,35417,7228,4.42715,0.9035,H2S,3.83
202,0,0.0,0,35221,7188,35221,7188,4.40265,0.8985,H2S,3.79
203,0,0.0,0,35035,7150,35035,7150,4.37938,0.89375,H2S,3.74
204,0,0.0,0,34848,7112,34848,7112,4.3561,0.889,H2S,3.7
205,0,0.0,0,34692,7080,34692,7080,4.3365,0.885,H2S,3.66
206,0,0.0,0,34520,7044,34520,7044,4.31504,0.88062,H2S,3.62
207,0,0.0,0,34358,7012,34358,7012,4.29485,0.8765,H2S,3.58
208,0,0.0,0,34211,6982,34211,6982,4.27648,0.87275,H2S,3.55
209,0,0.0,0,34069,6953,34069,6953,4.25874,0.86913,H2S,3.51
210,0,0.0,0,33908,6920,33908,6920,4.2385,0.865,H2S,3.48
211,0,0.0,0,33790,6896,33790,6896,4.2238,0.862,H2S,3.45
212,0,0.0,0,33638,6865,33638,6865,4.20484,0.85813,H2S,3.41
213,0,0.0,0,33525,6842,33525,6842,4.19073,0.85525,H2S,3.39
214,0,0.0,0,33393,6815,33393,6815,4.17421,0.85188,H2S,3.35
215,0,0.0,0,33276,6791,33276,6791,4.15951,0.84888,H2S,3.33
216,0,0.0,0,33177,6770,33177,6770,4.14721,0.84637,H2S,3.3
217,0,0.0,0,33045,6744,33045,6744,4.1307,0.843,H2S,3.27
218,0,0.0,0,32947,6724,32947,6724,4.11845,0.8405,H2S,3.25
219,0,0.0,0,32839,6702,32839,6702,4.10498,0.83775,H2S,3.22
220,0,0.0,0,32746,6682,32746,6682,4.09331,0.83537,H2S,3.2
221,0,0.0,0,32624,6658,32624,6658,4.07803,0.83225,H2S,3.17
222,0,0.0,0,32526,6638,32526,6638,4.06578,0.82975,H2S,3.15
223,0,0.0,0,32438,6620,32438,6620,4.05475,0.8275,H2S,3.13
224,0,0.0,0,32344,6600,32344,6600,4.04309,0.82512,H2S,3.11
225,0,0.0,0,32286,6589,32286,6589,4.03579,0.82363,H2S,3.09
226,0,0.0,0,32207,6573,32207,6573,4.02599,0.82163,H2S,3.08
227,0,0.0,0,32100,6551,32100,6551,4.01251,0.81888,H2S,3.05
228,0,0.0,0,32040,6538,32040,6538,4.00511,0.81737,H2S,3.04
229,0,0.0,0,31977,6526,31977,6526,3.99718,0.81575,H2S,3.02
230,0,0.0,0,31918,6514,31918,6514,3.98983,0.81425,H2S,3.01
231,0,0.0,0,31835,6496,31835,6496,3.97939,0.81212,H2S,2.99
232,0,0.0,0,31766,6483,31766,6483,3.97086,0.81038,H2S,2.97
233,0,0.0,0,31688,6467,31688,6467,3.96106,0.80838,H2S,2.95
234,0,0.0,0,31639,6456,31639,6456,3.95489,0.80712,H2S,2.94
235,0,0.0,0,31580,6445,31580,6445,3.94759,0.80563,H2S,2.93
236,0,0.0,0,31502,6429,31502,6429,3.93779,0.80363,H2S,2.91
237,0,0.0,0,31463,6421,31463,6421,3.93289,0.80263,H2S,2.9
238,0,0.0,0,31414,6411,31414,6411,3.92676,0.80138,H2S,2.89
239,0,0.0,0,31369,6402,31369,6402,3.92123,0.80025,H2S,2.88
240,0,0.0,0,31301,6388,31301,6388,3.91265,0.7985,H2S,2.86
241,0,0.0,0,31267,6381,31267,6381,3.90839,0.79763,H2S,2.85
242,0,0.0,0,31237,6375,31237,6375,3.90471,0.79688,H2S,2.85
243,0,0.0,0,31178,6363,31178,6363,3.89736,0.79538,H2S,2.83
244,0,0.0,0,31164,6360,31164,6360,3.8955,0.795,H2S,2.83
245,0,0.0,0,31119,6350,31119,6350,3.88996,0.79387,H2S,2.82
246,0,0.0,0,31071,6341,31071,6341,3.88389,0.79263,H2S,2.81
247,0,0.0,0,31031,6333,31031,6333,3.87899,0.79163,H2S,2.8
248,0,0.0,0,30992,6325,30992,6325,3.87409,0.79063,H2S,2.79
249,0,0.0,0,30968,6320,30968,6320,3.871,0.79,H2S,2.78
0,0,3.3,255,25965,5299,25965,5299,3.24566,0.66238,H2S,1.6
1,0,3.3,255,27577,5628,27577,5628,3.44715,0.7035,H2S,1.98
2,0,3.3,255,30066,6136,30066,6136,3.7583,0.767,H2S,2.57
3,0,3.3,255,32643,6662,32643,6662,4.08047,0.83275,H2S,3.18
4,0,3.3,255,35206,7185,35206,7185,4.40084,0.89813,H2S,3.78
5,0,3.3,255,37759,7706,37759,7706,4.71993,0.96325,H2S,4.38
6,0,3.3,255,40297,8224,40297,8224,5.0372,1.028,H2S,4.98
7,0,3.3,255,42767,8728,42767,8728,5.3459,1.091,H2S,5.57
8,0,3.3,255,45212,9227,45212,9227,5.65156,1.15338,H2S,6.14
9,0,3.3,255,47608,9716,47608,9716,5.95105,1.2145,H2S,6.71
10,0,3.3,255,49950,10194,49950,10194,6.24383,1.27425,H2S,7.26
11,0,3.3,255,52229,10659,52229,10659,6.52866,1.33238,H2S,7.8
12,0,3.3,255,54444,11111,54444,11111,6.80551,1.38888,H2S,8.32
13,0,3.3,255,56600,11551,56600,11551,7.07501,1.44388,H2S,8.83
14,0,3.3,255,58677,11974,58677,11974,7.33466,1.49687,H2S,9.32
15,0,3.3,255,60671,12382,60671,12382,7.58398,1.54775,H2S,9.79
16,0,3.3,255,62607,12776,62607,12776,7.82589,1.59712,H2S,10.25
17,0,3.3,255,64449,13153,64449,13153,8.05624,1.64413,H2S,10.68
18,0,3.3,255,66262,13522,66262,13522,8.28281,1.69037,H2S,11.11
19,0,3.3,255,67957,13868,67957,13868,8.49474,1.73362,H2S,11.51
20,0,3.3,255,69580,14200,69580,14200,8.6975,1.775,H2S,11.89
21,0,3.3,255,71157,14522,71157,14522,8.89473,1.81525,H2S,12.26
22,0,3.3,255,72652,14826,72652,14826,9.08151,1.85337,H2S,12.62
23,0,3.3,255,74033,15108,74033,15108,9.25424,1.88862,H2S,12.94
24,0,3.3,255,75342,15376,75342,15376,9.4178,1.922,H2S,13.25
25,0,3.3,255,76581,15628,76581,15628,9.57274,1.95362,H2S,13.54
26,0,3.3,255,77757,15868,77757,15868,9.71974,1.98362,H2S,13.82
27,0,3.3,255,78846,16091,78846,16091,9.85576,2.01138,H2S,14.08
28,0,3.3,255,79899,16306,79899,16306,9.98743,2.03825,H2S,14.33
29,0,3.3,255,80908,16512,80908,16512,10.1136,2.064,H2S,14.56
30,0,3.3,255,81830,16700,81830,16700,10.22875,2.0875,H2S,14.78
31,0,3.3,255,82657,16868,82657,16868,10.33224,2.10862,H2S,14.98
32,0,3.3,255,83535,17048,83535,17048,10.4419,2.131,H2S,15.18
33,0,3.3,255,84299,17204,84299,17204,10.53745,2.1505,H2S,15.36
34,0,3.3,255,85024,17352,85024,17352,10.6281,2.169,H2S,15.54
35,0,3.3,255,85642,17478,85642,17478,10.70528,2.18475,H2S,15.68
36,0,3.3,255,86347,17622,86347,17622,10.79348,2.20275,H2S,15.85
37,0,3.3,255,86940,17742,86940,17742,10.86756,2.21787,H2S,15.99
38,0,3.3,255,87484,17854,87484,17854,10.93558,2.23175,H2S,16.12
39,0,3.3,255,87960,17951,87960,17951,10.99501,2.24388,H2S,16.23
40,0,3.3,255,88445,18050,88445,18050,11.05563,2.25625,H2S,16.34
41,0,3.3,255,88856,18134,88856,18134,11.10708,2.26675,H2S,16.44
42,0,3.3,255,89302,18225,89302,18225,11.16284,2.27813,H2S,16.54
43,0,3.3,255,89664,18298,89664,18298,11.20811,2.28737,H2S,16.63
44,0,3.3,255,90052,18378,90052,18378,11.25653,2.29725,H2S,16.72
45,0,3.3,255,90336,18436,90336,18436,11.29205,2.3045,H2S,16.79
46,0,3.3,255,90699,18510,90699,18510,11.33738,2.31375,H2S,16.87
47,0,3.3,255,90987,18568,90987,18568,11.37349,2.32112,H2S,16.94
48,0,3.3,255,91198,18612,91198,18612,11.39985,2.3265,H2S,16.99
49,0,3.3,255,91502,18674,91502,18674,11.43783,2.33425,H2S,17.06
50,0,3.3,255,91708,18716,91708,18716,11.46355,2.3395,H2S,17.11
51,0,3.3,255,91869,18748,91869,18748,11.48374,2.34362,H2S,17.15
52,0,3.3,255,92105,18797,92105,18797,11.51319,2.34963,H2S,17.21
53,0,3.3,255,92262,18829,92262,18829,11.53279,2.35363,H2S,17.24
54,0,3.3,255,92360,18849,92360,18849,11.54504,2.35613,H2S,17.27
55,0,3.3,255,92570,18892,92570,18892,11.57135,2.3615,H2S,17.32
56,0,3.3,255,92688,18916,92688,18916,11.58605,2.3645,H2S,17.34
57,0,3.3,255,92732,18925,92732,18925,11.59159,2.36563,H2S,17.35
58,0,3.3,255,92820,18943,92820,18943,11.60261,2.36788,H2S,17.37
59,0,3.3,255,92967,18972,92967,18972,11.62094,2.37162,H2S,17.41
60,0,3.3,255,92972,18974,92972,18974,11.62158,2.37175,H2S,17.41
61,0,3.3,255,93090,18998,93090,18998,11.63628,2.37475,H2S,17.44
62,0,3.3,255,93129,19006,93129,19006,11.64118,2.37575,H2S,17.45
63,0,3.3,255,93109,19002,93109,19002,11.63873,2.37525,H2S,17.44
64,0,3.3,255,93203,19021,93203,19021,11.65039,2.37763,H2S,17.47
65,0,3.3,255,93227,19026,93227,19026,11.65343,2.37825,H2S,17.47
66,0,3.3,255,93222,19024,93222,19024,11.65279,2.37812,H2S,17.47
67,0,3.3,255,93173,19015,93173,19015,11.64671,2.37688,H2S,17.46
68,0,3.3,255,93207,19022,93207,19022,11.65098,2.37775,H2S,17.47
69,0,3.3,255,93183,19016,93183,19016,11.64789,2.37712,H2S,17.46
70,0,3.3,255,93105,19001,93105,19001,11.63814,2.37513,H2S,17.44
71,0,3.3,255,93094,18998,93094,18998,11.63686,2.37487,H2S,17.44
72,0,3.3,255,93124,19004,93124,19004,11.64054,2.37562,H2S,17.45
73,0,3.3,255,93075,18995,93075,18995,11.63446,2.37438,H2S,17.44
74,0,3.3,255,92967,18972,92967,18972,11.62094,2.37162,H2S,17.41
75,0,3.3,255,92996,18978,92996,18978,11.62461,2.37237,H2S,17.42
76,0,3.3,255,92908,18960,92908,18960,11.61359,2.37012,H2S,17.4
77,0,3.3,255,92869,18952,92869,18952,11.60869,2.36912,H2S,17.39
78,0,3.3,255,92801,18939,92801,18939,11.60016,2.36738,H2S,17.37
79,0,3.3,255,92712,18920,92712,18920,11.58909,2.36512,H2S,17.35
80,0,3.3,255,92639,18906,92639,18906,11.57992,2.36325,H2S,17.33
81,0,3.3,255,92570,18892,92570,18892,11.57135,2.3615,H2S,17.32
82,0,3.3,255,92482,18874,92482,18874,11.56033,2.35925,H2S,17.3
83,0,3.3,255,92443,18866,92443,18866,11.55543,2.35825,H2S,17.29
84,0,3.3,255,92394,18856,92394,18856,11.5493,2.357,H2S,17.27
85,0,3.3,255,92271,18830,92271,18830,11.53396,2.35387,H2S,17.25
86,0,3.3,255,92237,18824,92237,18824,11.5297,2.353,H2S,17.24
87,0,3.3,255,92144,18804,92144,18804,11.51804,2.35062,H2S,17.22
88,0,3.3,255,92046,18785,92046,18785,11.50584,2.34813,H2S,17.19
89,0,3.3,255,91963,18768,91963,18768,11.4954,2.346,H2S,17.17
90,0,3.3,255,91840,18742,91840,18742,11.48006,2.34287,H2S,17.14
91,0,3.3,255,91777,18730,91777,18730,11.47213,2.34125,H2S,17.13
92,0,3.3,255,91757,18726,91757,18726,11.46968,2.34075,H2S,17.12
93,0,3.3,255,91649,18704,91649,18704,11.4562,2.338,H2S,17.1
94,0,3.3,255,91497,18672,91497,18672,11.43719,2.33412,H2S,17.06
95,0,3.3,255,91439,18661,91439,18661,11.42989,2.33263,H2S,17.05
96,0,3.3,255,91394,18652,91394,18652,11.42435,2.3315,H2S,17.04
97,0,3.3,255,91267,18626,91267,18626,11.40843,2.32825,H2S,17.01
98,0,3.3,255,91223,18617,91223,18617,11.40294,2.32713,H2S,17.0
99,0,3.3,255,91105,18592,91105,18592,11.38819,2.32412,H2S,16.97
100,0,3.3,255,90993,18570,90993,18570,11.37413,2.32125,H2S,16.94
101,0,3.3,255,90983,18568,90983,18568,11.3729,2.321,H2S,16.94
102,0,3.3,255,90895,18550,90895,18550,11.36188,2.31875,H2S,16.92
103,0,3.3,255,90762,18522,90762,18522,11.34531,2.31537,H2S,16.89
104,0,3.3,255,90738,18518,90738,18518,11.34228,2.31475,H2S,16.88
105,0,3.3,255,90571,18484,90571,18484,11.32145,2.3105,H2S,16.84
106,0,3.3,255,90537,18477,90537,18477,11.31719,2.30963,H2S,16.84
107,0,3.3,255,90473,18464,90473,18464,11.3092,2.308,H2S,16.82
108,0,3.3,255,90375,18444,90375,18444,11.29695,2.3055,H2S,16.8
109,0,3.3,255,90253,18419,90253,18419,11.28166,2.30238,H2S,16.77
110,0,3.3,255,90228,18414,90228,18414,11.27858,2.30175,H2S,16.76
111,0,3.3,255,90155,18399,90155,18399,11.26941,2.29988,H2S,16.75
112,0,3.3,255,90013,18370,90013,18370,11.25163,2.29625,H2S,16.71
113,0,3.3,255,90007,18368,90007,18368,11.25099,2.29612,H2S,16.71
114,0,3.3,255,89919,18350,89919,18350,11.23996,2.29387,H2S,16.69
115,0,3.3,255,89797,18326,89797,18326,11.22468,2.29075,H2S,16.66
116,0,3.3,255,89782,18323,89782,18323,11.22286,2.29038,H2S,16.66
117,0,3.3,255,89621,18290,89621,18290,11.20263,2.28625,H2S,16.62
118,0,3.3,255,89630,18292,89630,18292,11.20385,2.2865,H2S,16.62
119,0,3.3,255,89552,18276,89552,18276,11.19405,2.2845,H2S,16.6
120,0,3.3,255,89469,18259,89469,18259,11.18366,2.28238,H2S,16.58
121,0,3.3,255,89341,18233,89341,18233,11.16774,2.27913,H2S,16.55
122,0,3.3,255,89317,18228,89317,18228,11.16465,2.2785,H2S,16.55
123,0,3.3,255,89258,18216,89258,18216,11.1573,2.277,H2S,16.53
124,0,3.3,255,89126,18189,89126,18189,11.14079,2.27363,H2S,16.5
125,0,0.0,0,106722,21780,106722,21780,13.34025,2.7225,H2S,20.65
126,0,0.0,0,104678,21362,104678,21362,13.08481,2.67037,H2S,20.17
127,0,0.0,0,101998,20816,101998,20816,12.7498,2.602,H2S,19.54
128,0,0.0,0,99406,20286,99406,20286,12.42576,2.53587,H2S,18.93
129,0,0.0,0,96926,19780,96926,19780,12.11584,2.47262,H2S,18.34
130,0,0.0,0,94526,19291,94526,19291,11.81576,2.41138,H2S,17.78
131,0,0.0,0,92227,18822,92227,18822,11.52848,2.35275,H2S,17.24
132,0,0.0,0,90007,18368,90007,18368,11.25099,2.29612,H2S,16.71
133,0,0.0,0,87891,17937,87891,17937,10.98644,2.24213,H2S,16.21
134,0,0.0,0,85818,17514,85818,17514,10.72733,2.18925,H2S,15.72
135,0,0.0,0,83829,17108,83829,17108,10.47865,2.1385,H2S,15.25
136,0,0.0,0,81918,16718,81918,16718,10.23977,2.08975,H2S,14.8
137,0,0.0,0,80090,16344,80090,16344,10.01129,2.04312,H2S,14.37
138,0,0.0,0,78331,15986,78331,15986,9.79143,1.99825,H2S,13.96
139,0,0.0,0,76630,15638,76630,15638,9.57886,1.95487,H2S,13.56
140,0,0.0,0,75004,15307,75004,15307,9.37556,1.91338,H2S,13.17
141,0,0.0,0,73431,14986,73431,14986,9.17893,1.87325,H2S,12.8
142,0,0.0,0,71927,14679,71927,14679,8.99091,1.83488,H2S,12.45
143,0,0.0,0,70501,14388,70501,14388,8.81265,1.7985,H2S,12.11
144,0,0.0,0,69138,14110,69138,14110,8.64237,1.76375,H2S,11.79
145,0,0.0,0,67840,13845,67840,13845,8.48009,1.73063,H2S,11.48
146,0,0.0,0,66566,13585,66566,13585,8.32084,1.69813,H2S,11.18
147,0,0.0,0,65366,13340,65366,13340,8.17075,1.6675,H2S,10.9
148,0,0.0,0,64209,13104,64209,13104,8.0262,1.638,H2S,10.62
149,0,0.0,0,63106,12878,63106,12878,7.88836,1.60987,H2S,10.36
150,0,0.0,0,62029,12659,62029,12659,7.75366,1.58238,H2S,10.11
151,0,0.0,0,61010,12451,61010,12451,7.62626,1.55638,H2S,9.87
152,0,0.0,0,60034,12252,60034,12252,7.50435,1.5315,H2S,9.64
153,0,0.0,0,59079,12057,59079,12057,7.38494,1.50713,H2S,9.41
154,0,0.0,0,58182,11874,58182,11874,7.27283,1.48425,H2S,9.2
155,0,0.0,0,57310,11696,57310,11696,7.1638,1.462,H2S,9.0
156,0,0.0,0,56453,11521,56453,11521,7.05664,1.44013,H2S,8.8
157,0,0.0,0,55658,11358,55658,11358,6.95736,1.41987,H2S,8.61
158,0,0.0,0,54880,11200,54880,11200,6.86,1.4,H2S,8.42
159,0,0.0,0,54115,11044,54115,11044,6.76445,1.3805,H2S,8.24
160,0,0.0,0,53395,10897,53395,10897,6.67444,1.36213,H2S,8.07
161,0,0.0,0,52679,10750,52679,10750,6.58496,1.34387,H2S,7.9
162,0,0.0,0,51994,10611,51994,10611,6.49926,1.32638,H2S,7.74
163,0,0.0,0,51327,10474,51327,10474,6.41591,1.30937,H2S,7.59
164,0,0.0,0,50710,10349,50710,10349,6.33879,1.29363,H2S,7.44
165,0,0.0,0,50102,10224,50102,10224,6.26279,1.27812,H2S,7.3
166,0,0.0,0,49533,10108,49533,10108,6.19174,1.26362,H2S,7.16
167,0,0.0,0,48926,9984,48926,9984,6.11579,1.24812,H2S,7.02
168,0,0.0,0,48377,9872,48377,9872,6.04719,1.23412,H2S,6.89
169,0,0.0,0,47833,9762,47833,9762,5.97923,1.22025,H2S,6.76
170,0,0.0,0,47329,9659,47329,9659,5.91616,1.20738,H2S,6.64
171,0,0.0,0,46824,9556,46824,9556,5.85305,1.1945,H2S,6.52
172,0,0.0,0,46329,9455,46329,9455,5.79121,1.18188,H2S,6.41
173,0,0.0,0,45864,9360,45864,9360,5.733,1.17,H2S,6.3
174,0,0.0,0,45432,9272,45432,9272,5.6791,1.159,H2S,6.2
175,0,0.0,0,44972,9178,44972,9178,5.62153,1.14725,H2S,6.09
176,0,0.0,0,44555,9092,44555,9092,5.56944,1.13662,H2S,5.99
177,0,0.0,0,44144,9009,44144,9009,5.51804,1.12613,H2S,5.89
178,0,0.0,0,43757,8930,43757,8930,5.46963,1.11625,H2S,5.8
179,0,0.0,0,43370,8851,43370,8851,5.42126,1.10638,H2S,5.71
180,0,0.0,0,43002,8776,43002,8776,5.3753,1.097,H2S,5.62
181,0,0.0,0,42654,8705,42654,8705,5.33184,1.08813,H2S,5.54
182,0,0.0,0,42287,8630,42287,8630,5.28588,1.07875,H2S,5.45
183,0,0.0,0,41938,8558,41938,8558,5.24236,1.06987,H2S,5.37
184,0,0.0,0,41635,8496,41635,8496,5.20439,1.06212,H2S,5.3
185,0,0.0,0,41326,8434,41326,8434,5.16582,1.05425,H2S,5.23
186,0,0.0,0,41003,8368,41003,8368,5.1254,1.046,H2S,5.15
187,0,0.0,0,40728,8312,40728,8312,5.0911,1.039,H2S,5.09
188,0,0.0,0,40425,8250,40425,8250,5.05313,1.03125,H2S,5.01
189,0,0.0,0,40136,8191,40136,8191,5.01701,1.02388,H2S,4.95
190,0,0.0,0,39861,8134,39861,8134,4.98266,1.01687,H2S,4.88
191,0,0.0,0,39606,8083,39606,8083,4.95086,1.01038,H2S,4.82
192,0,0.0,0,39352,8031,39352,8031,4.91901,1.00388,H2S,4.76
193,0,0.0,0,39111,7982,39111,7982,4.88898,0.99775,H2S,4.7
194,0,0.0,0,38891,7937,38891,7937,4.86144,0.99213,H2S,4.65
195,0,0.0,0,38636,7884,38636,7884,4.82954,0.98562,H2S,4.59
196,0,0.0,0,38416,7840,38416,7840,4.802,0.98,H2S,4.54
197,0,0.0,0,38205,7797,38205,7797,4.77569,0.97463,H2S,4.49
198,0,0.0,0,37994,7754,37994,7754,4.74932,0.96925,H2S,4.44
199,0,0.0,0,37793,7713,37793,7713,4.72424,0.96413,H2S,4.39
200,0,0.0,0,37597,7673,37597,7673,4.69974,0.95913,H2S,4.35
201,0,0.0,0,37401,7633,37401,7633,4.67524,0.95413,H2S,4.3
202,0,0.0,0,37210,7594,37210,7594,4.65133,0.94925,H2S,4.26
203,0,0.0,0,37048,7560,37048,7560,4.63109,0.94512,H2S,4.22
204,0,0.0,0,36857,7522,36857,7522,4.60723,0.94025,H2S,4.17
205,0,0.0,0,36695,7488,36695,7488,4.58699,0.93612,H2S,4.13
206,0,0.0,0,36529,7455,36529,7455,4.56621,0.93188,H2S,4.09
207,0,0.0,0,36372,7423,36372,7423,4.54661,0.92788,H2S,4.06
208,0,0.0,0,36230,7394,36230,7394,4.52883,0.92425,H2S,4.02
209,0,0.0,0,36078,7363,36078,7363,4.50986,0.92038,H2S,3.99
210,0,0.0,0,35931,7333,35931,7333,4.49149,0.91663,H2S,3.95
211,0,0.0,0,35809,7308,35809,7308,4.47615,0.9135,H2S,3.92
212,0,0.0,0,35666,7278,35666,7278,4.45836,0.90987,H2S,3.89
213,0,0.0,0,35534,7252,35534,7252,4.44185,0.9065,H2S,3.86
214,0,0.0,0,35407,7226,35407,7226,4.42593,0.90325,H2S,3.83
215,0,0.0,0,35285,7201,35285,7201,4.41064,0.90013,H2S,3.8
216,0,0.0,0,35172,7178,35172,7178,4.39653,0.89725,H2S,3.77
217,0,0.0,0,35054,7154,35054,7154,4.38183,0.89425,H2S,3.75
218,0,0.0,0,34937,7130,34937,7130,4.36713,0.89125,H2S,3.72
219,0,0.0,0,34839,7110,34839,7110,4.35488,0.88875,H2S,3.7
220,0,0.0,0,34740,7090,34740,7090,4.34262,0.88625,H2S,3.67
221,0,0.0,0,34628,7067,34628,7067,4.32856,0.88338,H2S,3.65
222,0,0.0,0,34550,7051,34550,7051,4.31876,0.88138,H2S,3.63
223,0,0.0,0,34432,7027,34432,7027,4.30406,0.87838,H2S,3.6
224,0,0.0,0,34368,7014,34368,7014,4.29608,0.87675,H2S,3.58
225,0,0.0,0,34290,6998,34290,6998,4.28628,0.87475,H2S,3.57
226,0,0.0,0,34182,6976,34182,6976,4.2728,0.872,H2S,3.54
227,0,0.0,0,34118,6963,34118,6963,4.26486,0.87038,H2S,3.53
228,0,0.0,0,34020,6943,34020,6943,4.25261,0.86788,H2S,3.5
229,0,0.0,0,33966,6932,33966,6932,4.24585,0.8665,H2S,3.49
230,0,0.0,0,33903,6919,33903,6919,4.23791,0.86488,H2S,3.48
231,0,0.0,0,33805,6899,33805,6899,4.22566,0.86238,H2S,3.45
232,0,0.0,0,33746,6887,33746,6887,4.21831,0.86088,H2S,3.44
233,0,0.0,0,33682,6874,33682,6874,4.21033,0.85925,H2S,3.42
234,0,0.0,0,33618,6860,33618,6860,4.20234,0.85762,H2S,3.41
235,0,0.0,0,33584,6854,33584,6854,4.19808,0.85675,H2S,3.4
236,0,0.0,0,33521,6841,33521,6841,4.19014,0.85513,H2S,3.38
237,0,0.0,0,33457,6828,33457,6828,4.18215,0.8535,H2S,3.37
238,0,0.0,0,33437,6824,33437,6824,4.1797,0.853,H2S,3.37
239,0,0.0,0,33378,6812,33378,6812,4.17235,0.8515,H2S,3.35
240,0,0.0,0,33339,6804,33339,6804,4.16745,0.8505,H2S,3.34
241,0,0.0,0,33276,6791,33276,6791,4.15951,0.84888,H2S,3.33
242,0,0.0,0,33246,6785,33246,6785,4.15584,0.84813,H2S,3.32
243,0,0.0,0,33207,6777,33207,6777,4.15094,0.84713,H2S,3.31
244,0,0.0,0,33173,6770,33173,6770,4.14663,0.84625,H2S,3.3
245,0,0.0,0,33133,6762,33133,6762,4.14173,0.84525,H2S,3.29
246,0,0.0,0,33099,6754,33099,6754,4.13741,0.84437,H2S,3.29
247,0,0.0,0,33075,6750,33075,6750,4.13438,0.84375,H2S,3.28
248,0,0.0,0,33026,6740,33026,6740,4.12825,0.8425,H2S,3.27
249,0,0.0,0,33006,6736,33006,6736,4.1258,0.842,H2S,3.26
0,0,3.3,255,27665,5646,27665,5646,3.45818,0.70575,H2S,2.0
1,0,3.3,255,29345,5988,29345,5988,3.66824,0.74862,H2S,2.4
2,0,3.3,255,31948,6520,31948,6520,3.9935,0.815,H2S,3.01
3,0,3.3,255,34618,7065,34618,7065,4.32734,0.88313,H2S,3.64
4,0,3.3,255,37293,7610,37293,7610,4.66171,0.95137,H2S,4.27
5,0,3.3,255,39935,8150,39935,8150,4.99188,1.01875,H2S,4.9
6,0,3.3,255,42541,8682,42541,8682,5.31773,1.08525,H2S,5.51
7,0,3.3,255,45114,9207,45114,9207,5.63931,1.15088,H2S,6.12
8,0,3.3,255,47622,9718,47622,9718,5.95286,1.21487,H2S,6.71
9,0,3.3,255,50072,10218,50072,10218,6.25911,1.27737,H2S,7.29
10,0,3.3,255,52473,10708,52473,10708,6.55924,1.33862,H2S,7.86
11,0,3.3,255,54791,11182,54791,11182,6.84898,1.39775,H2S,8.4
12,0,3.3,255,57055,11644,57055,11644,7.13195,1.4555,H2S,8.94
13,0,3.3,255,59241,12090,59241,12090,7.40513,1.51125,H2S,9.45
14,0,3.3,255,61338,12518,61338,12518,7.66728,1.56475,H2S,9.95
15,0,3.3,255,63366,12932,63366,12932,7.92085,1.6165,H2S,10.43
16,0,3.3,255,65302,13326,65302,13326,8.16276,1.66587,H2S,10.88
17,0,3.3,255,67164,13707,67164,13707,8.39556,1.71338,H2S,11.32
18,0,3.3,255,68938,14069,68938,14069,8.61729,1.75863,H2S,11.74
19,0,3.3,255,70648,14418,70648,14418,8.83103,1.80225,H2S,12.14
20,0,3.3,255,72294,14754,72294,14754,9.03683,1.84425,H2S,12.53
21,0,3.3,255,73813,15064,73813,15064,9.2267,1.883,H2S,12.89
22,0,3.3,255,75220,15351,75220,15351,9.40251,1.91888,H2S,13.22
23,0,3.3,255,76611,15634,76611,15634,9.57641,1.95437,H2S,13.55
24,0,3.3,255,77890,15896,77890,15896,9.7363,1.987,H2S,13.85
25,0,3.3,255,79115,16146,79115,16146,9.88943,2.01825,H2S,14.14
26,0,3.3,255,80271,16382,80271,16382,10.03398,2.04775,H2S,14.41
27,0,3.3,255,81340,16600,81340,16600,10.1675,2.075,H2S,14.67
28,0,3.3,255,82364,16809,82364,16809,10.29554,2.10113,H2S,14.91
29,0,3.3,255,83324,17004,83324,17004,10.41554,2.12562,H2S,15.13
30,0,3.3,255,84231,17190,84231,17190,10.52888,2.14875,H2S,15.35
31,0,3.3,255,85064,17360,85064,17360,10.633,2.17,H2S,15.54
32,0,3.3,255,85794,17509,85794,17509,10.72429,2.18863,H2S,15.72
33,0,3.3,255,86602,17674,86602,17674,10.82533,2.20925,H2S,15.91
34,0,3.3,255,87249,17806,87249,17806,10.90618,2.22575,H2S,16.06
35,0,3.3,255,87881,17934,87881,17934,10.98516,2.24187,H2S,16.21
36,0,3.3,255,88552,18072,88552,18072,11.0691,2.259,H2S,16.37
37,0,3.3,255,89072,18178,89072,18178,11.13403,2.27225,H2S,16.49
38,0,3.3,255,89621,18290,89621,18290,11.20263,2.28625,H2S,16.62
39,0,3.3,255,90120,18392,90120,18392,11.2651,2.299,H2S,16.74
40,0,3.3,255,90522,18474,90522,18474,11.31533,2.30925,H2S,16.83
41,0,3.3,255,91002,18572,91002,18572,11.37535,2.3215,H2S,16.95
42,0,3.3,255,91404,18654,91404,18654,11.42558,2.33175,H2S,17.04
43,0,3.3,255,91777,18730,91777,18730,11.47213,2.34125,H2S,17.13
44,0,3.3,255,92120,18800,92120,18800,11.515,2.35,H2S,17.21
45,0,3.3,255,92389,18855,92389,18855,11.54871,2.35688,H2S,17.27
46,0,3.3,255,92693,18917,92693,18917,11.58669,2.36463,H2S,17.34
47,0,3.3,255,92977,18975,92977,18975,11.62221,2.37188,H2S,17.41
48,0,3.3,255,93158,19012,93158,19012,11.64485,2.3765,H2S,17.45
49,0,3.3,255,93448,19071,93448,19071,11.68101,2.38388,H2S,17.52
50,0,3.3,255,93609,19104,93609,19104,11.7012,2.388,H2S,17.56
51,0,3.3,255,93830,19149,93830,19149,11.72879,2.39363,H2S,17.61
52,0,3.3,255,93952,19174,93952,19174,11.74408,2.39675,H2S,17.64
53,0,3.3,255,94153,19214,94153,19214,11.76916,2.40187,H2S,17.69
54,0,3.3,255,94285,19242,94285,19242,11.78573,2.40525,H2S,17.72
55,0,3.3,255,94339,19253,94339,19253,11.79249,2.40663,H2S,17.73
56,0,3.3,255,94476,19280,94476,19280,11.80959,2.41012,H2S,17.77
57,0,3.3,255,94584,19303,94584,19303,11.82311,2.41288,H2S,17.79
58,0,3.3,255,94594,19304,94594,19304,11.82429,2.41312,H2S,17.79
59,0,3.3,255,94746,19336,94746,19336,11.8433,2.417,H2S,17.83
60,0,3.3,255,94736,19334,94736,19334,11.84208,2.41675,H2S,17.83
61,0,3.3,255,94849,19356,94849,19356,11.85614,2.41962,H2S,17.85
62,0,3.3,255,94864,19360,94864,19360,11.858,2.42,H2S,17.86
63,0,3.3,255,94834,19354,94834,19354,11.85433,2.41925,H2S,17.85
64,0,3.3,255,94907,19368,94907,19368,11.86349,2.42112,H2S,17.87
65,0,3.3,255,94907,19368,94907,19368,11.86349,2.42112,H2S,17.87
66,0,3.3,255,94839,19355,94839,19355,11.85496,2.41938,H2S,17.85
67,0,3.3,255,94893,19366,94893,19366,11.86167,2.42075,H2S,17.86
68,0,3.3,255,94864,19360,94864,19360,11.858,2.42,H2S,17.86
69,0,3.3,255,94829,19353,94829,19353,11.85374,2.41913,H2S,17.85
70,0,3.3,255,94810,19349,94810,19349,11.85129,2.41863,H2S,17.84
71,0,3.3,255,94707,19328,94707,19328,11.8384,2.416,H2S,17.82
72,0,3.3,255,94726,19332,94726,19332,11.84085,2.4165,H2S,17.82
73,0,3.3,255,94658,19318,94658,19318,11.83228,2.41475,H2S,17.81
74,0,3.3,255,94545,19295,94545,19295,11.81821,2.41188,H2S,17.78
75,0,3.3,255,94550,19296,94550,19296,11.8188,2.412,H2S,17.78
76,0,3.3,255,94481,19282,94481,19282,11.81023,2.41025,H2S,17.77
77,0,3.3,255,94334,19252,94334,19252,11.79185,2.4065,H2S,17.73
78,0,3.3,255,94271,19239,94271,19239,11.78391,2.40488,H2S,17.72
79,0,3.3,255,94256,19236,94256,19236,11.78205,2.4045,H2S,17.71
80,0,3.3,255,94114,19207,94114,19207,11.76431,2.40088,H2S,17.68
81,0,3.3,255,94089,19202,94089,19202,11.76123,2.40025,H2S,17.67
82,0,3.3,255,94016,19187,94016,19187,11.75206,2.39838,H2S,17.66
83,0,3.3,255,93923,19168,93923,19168,11.7404,2.396,H2S,17.64
84,0,3.3,255,93761,19135,93761,19135,11.72021,2.39188,H2S,17.6
85,0,3.3,255,93746,19132,93746,19132,11.71835,2.3915,H2S,17.59
86,0,3.3,255,93653,19112,93653,19112,11.70669,2.38912,H2S,17.57
87,0,3.3,255,93570,19096,93570,19096,11.6963,2.387,H2S,17.55
88,0,3.3,255,93477,19077,93477,19077,11.68469,2.38463,H2S,17.53
89,0,3.3,255,93315,19044,93315,19044,11.66445,2.3805,H2S,17.49
90,0,3.3,255,93281,19036,93281,19036,11.66014,2.37962,H2S,17.48
91,0,3.3,255,93173,19015,93173,19015,11.64671,2.37688,H2S,17.46
92,0,3.3,255,93075,18995,93075,18995,11.63446,2.37438,H2S,17.44
93,0,3.3,255,92977,18975,92977,18975,11.62221,2.37188,H2S,17.41
94,0,3.3,255,92874,18954,92874,18954,11.60933,2.36925,H2S,17.39
95,0,3.3,255,92786,18936,92786,18936,11.5983,2.367,H2S,17.37
96,0,3.3,255,92688,18916,92688,18916,11.58605,2.3645,H2S,17.34
97,0,3.3,255,92546,18887,92546,18887,11.56831,2.36088,H2S,17.31
98,0,3.3,255,92423,18862,92423,18862,11.55297,2.35775,H2S,17.28
99,0,3.3,255,92404,18858,92404,18858,11.55053,2.35725,H2S,17.28
100,0,3.3,255,92301,18836,92301,18836,11.53764,2.35462,H2S,17.25
101,0,3.3,255,92144,18804,92144,18804,11.51804,2.35062,H2S,17.22
102,0,3.3,255,92110,18798,92110,18798,11.51377,2.34975,H2S,17.21
103,0,3.3,255,92012,18778,92012,18778,11.50153,2.34725,H2S,17.18
104,0,3.3,255,91855,18746,91855,18746,11.48193,2.34325,H2S,17.15
105,0,3.3,255,91801,18734,91801,18734,11.47516,2.34187,H2S,17.13
106,0,3.3,255,91733,18721,91733,18721,11.46664,2.34013,H2S,17.12
107,0,3.3,255,91571,18688,91571,18688,11.4464,2.336,H2S,17.08
108,0,3.3,255,91561,18686,91561,18686,11.44518,2.33575,H2S,17.08
109,0,3.3,255,91483,18670,91483,18670,11.43538,2.33375,H2S,17.06
110,0,3.3,255,91385,18650,91385,18650,11.42313,2.33125,H2S,17.04
111,0,3.3,255,91287,18630,91287,18630,11.41088,2.32875,H2S,17.01
112,0,3.3,255,91135,18599,91135,18599,11.39191,2.32488,H2S,16.98
113,0,3.3,255,91135,18599,91135,18599,11.39191,2.32488,H2S,16.98
114,0,3.3,255,91007,18573,91007,18573,11.37599,2.32163,H2S,16.95
115,0,3.3,255,90885,18548,90885,18548,11.36065,2.3185,H2S,16.92
116,0,3.3,255,90870,18545,90870,18545,11.35884,2.31813,H2S,16.91
117,0,3.3,255,90753,18521,90753,18521,11.34414,2.31513,H2S,16.89
118,0,3.3,255,90635,18496,90635,18496,11.32939,2.31212,H2S,16.86
119,0,3.3,255,90620,18494,90620,18494,11.32758,2.31175,H2S,16.86
120,0,3.3,255,90552,18480,90552,18480,11.319,2.31,H2S,16.84
121,0,3.3,255,90400,18449,90400,18449,11.30004,2.30613,H2S,16.8
122,0,3.3,255,90351,18439,90351,18439,11.29391,2.30488,H2S,16.79
123,0,3.3,255,90272,18422,90272,18422,11.28406,2.30287,H2S,16.77
124,0,3.3,255,90214,18411,90214,18411,11.27676,2.30138,H2S,16.76
125,0,0.0,0,107947,22030,107947,22030,13.49338,2.75375,H2S,20.94
126,0,0.0,0,105869,21606,105869,21606,13.23368,2.70075,H2S,20.45
127,0,0.0,0,103208,21062,103208,21062,12.90106,2.63287,H2S,19.83
128,0,0.0,0,100631,20536,100631,20536,12.57889,2.56712,H2S,19.22
129,0,0.0,0,98151,20030,98151,20030,12.26896,2.50387,H2S,18.63
130,0,0.0,0,95780,19547,95780,19547,11.97256,2.44338,H2S,18.07
131,0,0.0,0,93477,19077,93477,19077,11.68469,2.38463,H2S,17.53
132,0,0.0,0,91257,18624,91257,18624,11.4072,2.328,H2S,17.01
133,0,0.0,0,89135,18190,89135,18190,11.14196,2.27387,H2S,16.51
134,0,0.0,0,87087,17772,87087,17772,10.88594,2.22162,H2S,16.02
135,0,0.0,0,85122,17372,85122,17372,10.64035,2.1715,H2S,15.56
136,0,0.0,0,83211,16982,83211,16982,10.40147,2.12275,H2S,15.11
137,0,0.0,0,81384,16609,81384,16609,10.17304,2.07613,H2S,14.68
138,0,0.0,0,79619,16248,79619,16248,9.95249,2.03112,H2S,14.26
139,0,0.0,0,77914,15900,77914,15900,9.73934,1.98762,H2S,13.86
140,0,0.0,0,76302,15572,76302,15572,9.53785,1.9465,H2S,13.48
141,0,0.0,0,74734,15252,74734,15252,9.34185,1.9065,H2S,13.11
142,0,0.0,0,73240,14946,73240,14946,9.15501,1.86837,H2S,12.76
143,0,0.0,0,71785,14650,71785,14650,8.97313,1.83125,H2S,12.41
144,0,0.0,0,70432,14374,70432,14374,8.80408,1.79675,H2S,12.09
145,0,0.0,0,69129,14108,69129,14108,8.64115,1.7635,H2S,11.79
146,0,0.0,0,67860,13849,67860,13849,8.48254,1.73113,H2S,11.49
147,0,0.0,0,66679,13608,66679,13608,8.3349,1.701,H2S,11.21
148,0,0.0,0,65507,13368,65507,13368,8.18849,1.67112,H2S,10.93
149,0,0.0,0,64405,13144,64405,13144,8.0507,1.643,H2S,10.67
150,0,0.0,0,63352,12929,63352,12929,7.91904,1.61613,H2S,10.42
151,0,0.0,0,62337,12722,62337,12722,7.79223,1.59025,H2S,10.18
152,0,0.0,0,61353,12521,61353,12521,7.66914,1.56513,H2S,9.95
153,0,0.0,0,60402,12326,60402,12326,7.55026,1.54087,H2S,9.73
154,0,0.0,0,59500,12143,59500,12143,7.43761,1.51788,H2S,9.51
155,0,0.0,0,58623,11964,58623,11964,7.32795,1.4955,H2S,9.31
156,0,0.0,0,57795,11794,57795,11794,7.22441,1.47437,H2S,9.11
157,0,0.0,0,56987,11630,56987,11630,7.12338,1.45375,H2S,8.92
158,0,0.0,0,56173,11464,56173,11464,7.0217,1.433,H2S,8.73
159,0,0.0,0,55448,11316,55448,11316,6.93105,1.4145,H2S,8.56
160,0,0.0,0,54698,11163,54698,11163,6.83736,1.39538,H2S,8.38
161,0,0.0,0,53993,11019,53993,11019,6.74916,1.37738,H2S,8.21
162,0,0.0,0,53336,10884,53336,10884,6.66704,1.36062,H2S,8.06
163,0,0.0,0,52650,10744,52650,10744,6.58129,1.34312,H2S,7.9
164,0,0.0,0,52028,10618,52028,10618,6.50353,1.32725,H2S,7.75
165,0,0.0,0,51415,10493,51415,10493,6.42699,1.31163,H2S,7.61
166,0,0.0,0,50818,10371,50818,10371,6.35226,1.29638,H2S,7.47
167,0,0.0,0,50239,10253,50239,10253,6.27999,1.28163,H2S,7.33
168,0,0.0,0,49691,10141,49691,10141,6.21139,1.26763,H2S,7.2
169,0,0.0,0,49152,10031,49152,10031,6.14401,1.25388,H2S,7.07
170,0,0.0,0,48632,9925,48632,9925,6.07909,1.24063,H2S,6.95
171,0,0.0,0,48132,9823,48132,9823,6.01661,1.22788,H2S,6.83
172,0,0.0,0,47637,9722,47637,9722,5.95472,1.21525,H2S,6.72
173,0,0.0,0,47157,9624,47157,9624,5.8947,1.203,H2S,6.6
174,0,0.0,0,46687,9528,46687,9528,5.8359,1.191,H2S,6.49
175,0,0.0,0,46265,9442,46265,9442,5.78323,1.18025,H2S,6.39
176,0,0.0,0,45849,9356,45849,9356,5.73114,1.16962,H2S,6.29
177,0,0.0,0,45428,9271,45428,9271,5.67851,1.15888,H2S,6.19
178,0,0.0,0,45030,9190,45030,9190,5.62887,1.14875,H2S,6.1
179,0,0.0,0,44633,9108,44633,9108,5.57924,1.13862,H2S,6.01
180,0,0.0,0,44266,9034,44266,9034,5.53333,1.12925,H2S,5.92
181,0,0.0,0,43918,8962,43918,8962,5.48981,1.12037,H2S,5.84
182,0,0.0,0,43546,8887,43546,8887,5.44331,1.11088,H2S,5.75
183,0,0.0,0,43193,8814,43193,8814,5.39916,1.10187,H2S,5.67
184,0,0.0,0,42894,8754,42894,8754,5.36183,1.09425,H2S,5.6
185,0,0.0,0,42595,8692,42595,8692,5.32444,1.08662,H2S,5.53
186,0,0.0,0,42272,8627,42272,8627,5.28406,1.07838,H2S,5.45
187,0,0.0,0,41968,8564,41968,8564,5.24604,1.07062,H2S,5.38
188,0,0.0,0,41669,8504,41669,8504,5.2087,1.063,H2S,5.31
189,0,0.0,0,41385,8446,41385,8446,5.17318,1.05575,H2S,5.24
190,0,0.0,0,41135,8394,41135,8394,5.14191,1.04937,H2S,5.18
191,0,0.0,0,40870,8340,40870,8340,5.10884,1.04262,H2S,5.12
192,0,0.0,0,40621,8290,40621,8290,5.07763,1.03625,H2S,5.06
193,0,0.0,0,40366,8238,40366,8238,5.04577,1.02975,H2S,5.0
194,0,0.0,0,40136,8191,40136,8191,5.01701,1.02388,H2S,4.95
195,0,0.0,0,39876,8138,39876,8138,4.98453,1.01725,H2S,4.88
196,0,0.0,0,39660,8093,39660,8093,4.95758,1.01175,H2S,4.83
197,0,0.0,0,39450,8051,39450,8051,4.93126,1.00638,H2S,4.78
198,0,0.0,0,39224,8005,39224,8005,4.90309,1.00063,H2S,4.73
199,0,0.0,0,39018,7963,39018,7963,4.87736,0.99538,H2S,4.68
200,0,0.0,0,38856,7930,38856,7930,4.85712,0.99125,H2S,4.64
201,0,0.0,0,38636,7884,38636,7884,4.82954,0.98562,H2S,4.59
202,0,0.0,0,38455,7848,38455,7848,4.8069,0.981,H2S,4.55
203,0,0.0,0,38273,7810,38273,7810,4.78421,0.97637,H2S,4.51
204,0,0.0,0,38112,7778,38112,7778,4.76403,0.97225,H2S,4.47
205,0,0.0,0,37931,7741,37931,7741,4.74139,0.96763,H2S,4.43
206,0,0.0,0,37759,7706,37759,7706,4.71993,0.96325,H2S,4.38
207,0,0.0,0,37617,7677,37617,7677,4.70219,0.95963,H2S,4.35
208,0,0.0,0,37460,7645,37460,7645,4.68259,0.95563,H2S,4.31
209,0,0.0,0,37328,7618,37328,7618,4.66603,0.95225,H2S,4.28
210,0,0.0,0,37151,7582,37151,7582,4.64398,0.94775,H2S,4.24
211,0,0.0,0,37019,7554,37019,7554,4.62741,0.94437,H2S,4.21
212,0,0.0,0,36877,7526,36877,7526,4.60968,0.94075,H2S,4.18
213,0,0.0,0,36740,7498,36740,7498,4.59253,0.93725,H2S,4.14
214,0,0.0,0,36617,7472,36617,7472,4.57719,0.93412,H2S,4.12
215,0,0.0,0,36505,7450,36505,7450,4.56313,0.93125,H2S,4.09
216,0,0.0,0,36372,7423,36372,7423,4.54661,0.92788,H2S,4.06
217,0,0.0,0,36269,7402,36269,7402,4.53373,0.92525,H2S,4.03
218,0,0.0,0,36157,7379,36157,7379,4.51966,0.92238,H2S,4.01
219,0,0.0,0,36058,7358,36058,7358,4.50736,0.91987,H2S,3.98
220,0,0.0,0,35941,7334,35941,7334,4.49266,0.91687,H2S,3.96
221,0,0.0,0,35843,7315,35843,7315,4.48046,0.91438,H2S,3.93
222,0,0.0,0,35740,7294,35740,7294,4.46758,0.91175,H2S,3.91
223,0,0.0,0,35642,7274,35642,7274,4.45533,0.90925,H2S,3.89
224,0,0.0,0,35539,7253,35539,7253,4.44249,0.90663,H2S,3.86
225,0,0.0,0,35456,7236,35456,7236,4.43205,0.9045,H2S,3.84
226,0,0.0,0,35378,7220,35378,7220,4.42225,0.9025,H2S,3.82
227,0,0.0,0,35294,7203,35294,7203,4.41186,0.90038,H2S,3.8
228,0,0.0,0,35211,7186,35211,7186,4.40143,0.89825,H2S,3.78
229,0,0.0,0,35138,7171,35138,7171,4.39226,0.89638,H2S,3.77
230,0,0.0,0,35059,7155,35059,7155,4.38246,0.89438,H2S,3.75
231,0,0.0,0,34986,7140,34986,7140,4.37325,0.8925,H2S,3.73
232,0,0.0,0,34927,7128,34927,7128,4.3659,0.891,H2S,3.72
233,0,0.0,0,34863,7115,34863,7115,4.35796,0.88938,H2S,3.7
234,0,0.0,0,34790,7100,34790,7100,4.34875,0.8875,H2S,3.68
235,0,0.0,0,34736,7089,34736,7089,4.34204,0.88613,H2S,3.67
236,0,0.0,0,34672,7076,34672,7076,4.33405,0.8845,H2S,3.66
237,0,0.0,0,34628,7067,34628,7067,4.32856,0.88338,H2S,3.65
238,0,0.0,0,34574,7056,34574,7056,4.3218,0.882,H2S,3.63
239,0,0.0,0,34520,7044,34520,7044,4.31504,0.88062,H2S,3.62
240,0,0.0,0,34471,7035,34471,7035,4.30896,0.87938,H2S,3.61
241,0,0.0,0,34417,7024,34417,7024,4.3022,0.878,H2S,3.6
242,0,0.0,0,34373,7015,34373,7015,4.29671,0.87688,H2S,3.59
243,0,0.0,0,34344,7009,34344,7009,4.29304,0.87613,H2S,3.58
244,0,0.0,0,34295,6999,34295,6999,4.28691,0.87488,H2S,3.57
245,0,0.0,0,34260,6992,34260,6992,4.2826,0.874,H2S,3.56
246,0,0.0,0,34231,6986,34231,6986,4.27893,0.87325,H2S,3.55
247,0,0.0,0,34192,6978,34192,6978,4.27402,0.87225,H2S,3.54
248,0,0.0,0,34148,6969,34148,6969,4.26854,0.87113,H2S,3.53
249,0,0.0,0,34138,6967,34138,6967,4.26731,0.87088,H2S,3.53
0,0,3.3,255,28596,5836,28596,5836,3.57455,0.7295,H2S,2.22
1,0,3.3,255,30311,6186,30311,6186,3.78893,0.77325,H2S,2.63
2,0,3.3,255,32972,6729,32972,6729,4.12154,0.84113,H2S,3.26
3,0,3.3,255,35706,7286,35706,7286,4.46326,0.91087,H2S,3.9
4,0,3.3,255,38425,7842,38425,7842,4.80323,0.98025,H2S,4.54
5,0,3.3,255,41125,8393,41125,8393,5.14074,1.04913,H2S,5.18
6,0,3.3,255,43776,8934,43776,8934,5.47208,1.11675,H2S,5.8
7,0,3.3,255,46383,9466,46383,9466,5.79793,1.18325,H2S,6.42
8,0,3.3,255,48916,9983,48916,9983,6.11461,1.24788,H2S,7.02
9,0,3.3,255,51410,10492,51410,10492,6.42635,1.3115,H2S,7.61
10,0,3.3,255,53821,10984,53821,10984,6.7277,1.373,H2S,8.17
11,0,3.3,255,56183,11466,56183,11466,7.02292,1.43325,H2S,8.73
12,0,3.3,255,58457,11930,58457,11930,7.30713,1.49125,H2S,9.27
13,0,3.3,255,60662,12380,60662,12380,7.58275,1.5475,H2S,9.79
14,0,3.3,255,62763,12808,62763,12808,7.84549,1.60112,H2S,10.28
15,0,3.3,255,64802,13224,64802,13224,8.10029,1.65312,H2S,10.76
16,0,3.3,255,66757,13624,66757,13624,8.3447,1.703,H2S,11.23
17,0,3.3,255,68634,14006,68634,14006,8.57926,1.75087,H2S,11.67
18,0,3.3,255,70418,14371,70418,14371,8.80226,1.79638,H2S,12.09
19,0,3.3,255,72088,14712,72088,14712,9.0111,1.839,H2S,12.48
20,0,3.3,255,73686,15038,73686,15038,9.21078,1.87975,H2S,12.86
21,0,3.3,255,75190,15345,75190,15345,9.39884,1.91813,H2S,13.22
22,0,3.3,255,76621,15637,76621,15637,9.57769,1.95463,H2S,13.55
23,0,3.3,255,77978,15914,77978,15914,9.74733,1.98925,H2S,13.87
24,0,3.3,255,79257,16175,79257,16175,9.90721,2.02188,H2S,14.18
25,0,3.3,255,80409,16410,80409,16410,10.05113,2.05125,H2S,14.45
26,0,3.3,255,81580,16649,81580,16649,10.19754,2.08113,H2S,14.72
27,0,3.3,255,82726,16882,82726,16882,10.34081,2.11037,H2S,14.99
28,0,3.3,255,83716,17085,83716,17085,10.46459,2.13563,H2S,15.23
29,0,3.3,255,84657,17277,84657,17277,10.58219,2.15963,H2S,15.45
30,0,3.3,255,85505,17450,85505,17450,10.68813,2.18125,H2S,15.65
31,0,3.3,255,86367,17626,86367,17626,10.79593,2.20325,H2S,15.85
32,0,3.3,255,87092,17774,87092,17774,10.88658,2.22175,H2S,16.02
33,0,3.3,255,87876,17934,87876,17934,10.98458,2.24175,H2S,16.21
34,0,3.3,255,88562,18074,88562,18074,11.07033,2.25925,H2S,16.37
35,0,3.3,255,89135,18190,89135,18190,11.14196,2.27387,H2S,16.51
36,0,3.3,255,89802,18327,89802,18327,11.22531,2.29088,H2S,16.66
37,0,3.3,255,90341,18437,90341,18437,11.29269,2.30463,H2S,16.79
38,0,3.3,255,90860,18542,90860,18542,11.35756,2.31787,H2S,16.91
39,0,3.3,255,91301,18632,91301,18632,11.41269,2.32912,H2S,17.02
40,0,3.3,255,91777,18730,91777,18730,11.47213,2.34125,H2S,17.13
41,0,3.3,255,92129,18802,92129,18802,11.51623,2.35025,H2S,17.21
42,0,3.3,255,92575,18893,92575,18893,11.57199,2.36163,H2S,17.32
43,0,3.3,255,92938,18966,92938,18966,11.61726,2.37087,H2S,17.4
44,0,3.3,255,93266,19034,93266,19034,11.65832,2.37925,H2S,17.48
45,0,3.3,255,93570,19096,93570,19096,11.6963,2.387,H2S,17.55
46,0,3.3,255,93805,19144,93805,19144,11.7257,2.393,H2S,17.61
47,0,3.3,255,94099,19204,94099,19204,11.76245,2.4005,H2S,17.68
48,0,3.3,255,94280,19240,94280,19240,11.78509,2.40512,H2S,17.72
49,0,3.3,255,94560,19298,94560,19298,11.82002,2.41225,H2S,17.79
50,0,3.3,255,94746,19336,94746,19336,11.8433,2.417,H2S,17.83
51,0,3.3,255,94883,19364,94883,19364,11.86045,2.4205,H2S,17.86
52,0,3.3,255,95015,19390,95015,19390,11.87696,2.42387,H2S,17.89
53,0,3.3,255,95241,19437,95241,19437,11.90519,2.42963,H2S,17.95
54,0,3.3,255,95363,19462,95363,19462,11.92048,2.43275,H2S,17.97
55,0,3.3,255,95403,19470,95403,19470,11.92538,2.43375,H2S,17.98
56,0,3.3,255,95584,19507,95584,19507,11.94806,2.43838,H2S,18.03
57,0,3.3,255,95584,19507,95584,19507,11.94806,2.43838,H2S,18.03
58,0,3.3,255,95736,19538,95736,19538,11.96703,2.44225,H2S,18.06
59,0,3.3,255,95726,19536,95726,19536,11.9658,2.442,H2S,18.06
60,0,3.3,255,95839,19559,95839,19559,11.97991,2.44488,H2S,18.09
61,0,3.3,255,95887,19568,95887,19568,11.98599,2.44612,H2S,18.1
62,0,3.3,255,95844,19560,95844,19560,11.9805,2.445,H2S,18.09
63,0,3.3,255,95922,19576,95922,19576,11.9903,2.447,H2S,18.11
64,0,3.3,255,95848,19560,95848,19560,11.98109,2.44512,H2S,18.09
65,0,3.3,255,95927,19577,95927,19577,11.99094,2.44713,H2S,18.11
66,0,3.3,255,95907,19573,95907,19573,11.98849,2.44663,H2S,18.1
67,0,3.3,255,95829,19556,95829,19556,11.97864,2.44462,H2S,18.08
68,0,3.3,255,95878,19567,95878,19567,11.98481,2.44588,H2S,18.1
69,0,3.3,255,95834,19558,95834,19558,11.97928,2.44475,H2S,18.09
70,0,3.3,255,95736,19538,95736,19538,11.96703,2.44225,H2S,18.06
71,0,3.3,255,95701,19530,95701,19530,11.96271,2.44137,H2S,18.05
72,0,3.3,255,95682,19527,95682,19527,11.96031,2.44088,H2S,18.05
73,0,3.3,255,95550,19500,95550,19500,11.94375,2.4375,H2S,18.02
74,0,3.3,255,95540,19498,95540,19498,11.94253,2.43725,H2S,18.02
75,0,3.3,255,95471,19484,95471,19484,11.93395,2.4355,H2S,18.0
76,0,3.3,255,95378,19464,95378,19464,11.92229,2.43312,H2S,17.98
77,0,3.3,255,95319,19452,95319,19452,11.91494,2.43162,H2S,17.96
78,0,3.3,255,95246,19438,95246,19438,11.90578,2.42975,H2S,17.95
79,0,3.3,255,95094,19407,95094,19407,11.88681,2.42588,H2S,17.91
80,0,3.3,255,95069,19402,95069,19402,11.88373,2.42525,H2S,17.91
81,0,3.3,255,94917,19370,94917,19370,11.86471,2.42137,H2S,17.87
82,0,3.3,255,94903,19368,94903,19368,11.8629,2.421,H2S,17.87
83,0,3.3,255,94800,19347,94800,19347,11.85006,2.41838,H2S,17.84
84,0,3.3,255,94658,19318,94658,19318,11.83228,2.41475,H2S,17.81
85,0,3.3,255,94604,19306,94604,19306,11.82551,2.41337,H2S,17.8
86,0,3.3,255,94526,19291,94526,19291,11.81576,2.41138,H2S,17.78
87,0,3.3,255,94423,19270,94423,19270,11.80288,2.40875,H2S,17.75
88,0,3.3,255,94319,19248,94319,19248,11.78999,2.40612,H2S,17.73
89,0,3.3,255,94202,19225,94202,19225,11.77534,2.40313,H2S,17.7
90,0,3.3,255,94129,19210,94129,19210,11.76613,2.40125,H2S,17.68
91,0,3.3,255,93952,19174,93952,19174,11.74408,2.39675,H2S,17.64
92,0,3.3,255,93928,19169,93928,19169,11.74104,2.39613,H2S,17.64
93,0,3.3,255,93825,19148,93825,19148,11.72815,2.3935,H2S,17.61
94,0,3.3,255,93658,19114,93658,19114,11.70733,2.38925,H2S,17.57
95,0,3.3,255,93604,19103,93604,19103,11.70061,2.38788,H2S,17.56
96,0,3.3,255,93511,19084,93511,19084,11.68895,2.3855,H2S,17.54
97,0,3.3,255,93335,19048,93335,19048,11.6669,2.381,H2S,17.5
98,0,3.3,255,93296,19040,93296,19040,11.662,2.38,H2S,17.49
99,0,3.3,255,93188,19018,93188,19018,11.64853,2.37725,H2S,17.46
100,0,3.3,255,93026,18984,93026,18984,11.62829,2.37312,H2S,17.42
101,0,3.3,255,92996,18978,92996,18978,11.62461,2.37237,H2S,17.42
102,0,3.3,255,92889,18957,92889,18957,11.61119,2.36963,H2S,17.39
103,0,3.3,255,92781,18934,92781,18934,11.59766,2.36687,H2S,17.37
104,0,3.3,255,92708,18920,92708,18920,11.5885,2.365,H2S,17.35
105,0,3.3,255,92629,18904,92629,18904,11.5787,2.363,H2S,17.33
106,0,3.3,255,92477,18873,92477,18873,11.55974,2.35913,H2S,17.29
107,0,3.3,255,92414,18860,92414,18860,11.55175,2.3575,H2S,17.28
108,0,3.3,255,92257,18828,92257,18828,11.53215,2.3535,H2S,17.24
109,0,3.3,255,92242,18824,92242,18824,11.53029,2.35312,H2S,17.24
110,0,3.3,255,92134,18803,92134,18803,11.51686,2.35038,H2S,17.21
111,0,3.3,255,92070,18790,92070,18790,11.50887,2.34875,H2S,17.2
112,0,3.3,255,91919,18759,91919,18759,11.48991,2.34488,H2S,17.16
113,0,3.3,255,91884,18752,91884,18752,11.4856,2.344,H2S,17.15
114,0,3.3,255,91752,18725,91752,18725,11.46909,2.34063,H2S,17.12
115,0,3.3,255,91683,18710,91683,18710,11.46046,2.33887,H2S,17.11
116,0,3.3,255,91546,18682,91546,18682,11.44331,2.33537,H2S,17.07
117,0,3.3,255,91512,18676,91512,18676,11.43905,2.3345,H2S,17.07
118,0,3.3,255,91439,18661,91439,18661,11.42989,2.33263,H2S,17.05
119,0,3.3,255,91282,18629,91282,18629,11.41029,2.32863,H2S,17.01
120,0,3.3,255,91267,18626,91267,18626,11.40843,2.32825,H2S,17.01
121,0,3.3,255,91179,18608,91179,18608,11.3974,2.326,H2S,16.99
122,0,3.3,255,91046,18580,91046,18580,11.38084,2.32262,H2S,16.96
123,0,3.3,255,91037,18579,91037,18579,11.37966,2.32238,H2S,16.95
124,0,3.3,255,90909,18553,90909,18553,11.36374,2.31913,H2S,16.92
125,0,0.0,0,108780,22200,108780,22200,13.5975,2.775,H2S,21.14
126,0,0.0,0,106712,21778,106712,21778,13.33902,2.72225,H2S,20.65
127,0,0.0,0,104051,21234,104051,21234,13.00641,2.65437,H2S,20.02
128,0,0.0,0,101469,20708,101469,20708,12.68365,2.5885,H2S,19.42
129,0,0.0,0,98965,20196,98965,20196,12.37064,2.52462,H2S,18.82
130,0,0.0,0,96559,19706,96559,19706,12.06993,2.46325,H2S,18.26
131,0,0.0,0,94212,19227,94212,19227,11.77656,2.40338,H2S,17.7
132,0,0.0,0,91978,18771,91978,18771,11.49726,2.34638,H2S,17.18
133,0,0.0,0,89812,18329,89812,18329,11.22654,2.29113,H2S,16.67
134,0,0.0,0,87719,17902,87719,17902,10.96498,2.23775,H2S,16.17
135,0,0.0,0,85710,17492,85710,17492,10.71385,2.1865,H2S,15.7
136,0,0.0,0,83755,17092,83755,17092,10.46944,2.13662,H2S,15.24
137,0,0.0,0,81869,16708,81869,16708,10.23365,2.0885,H2S,14.79
138,0,0.0,0,80075,16341,80075,16341,10.00948,2.04275,H2S,14.37
139,0,0.0,0,78316,15983,78316,15983,9.78961,1.99788,H2S,13.95
140,0,0.0,0,76655,15644,76655,15644,9.58195,1.9555,H2S,13.56
141,0,0.0,0,75019,15310,75019,15310,9.37738,1.91375,H2S,13.18
142,0,0.0,0,73460,14992,73460,14992,9.1826,1.874,H2S,12.81
143,0,0.0,0,71936,14680,71936,14680,8.99209,1.83512,H2S,12.45
144,0,0.0,0,70496,14387,70496,14387,8.81206,1.79838,H2S,12.11
145,0,0.0,0,69095,14101,69095,14101,8.63689,1.76263,H2S,11.78
146,0,0.0,0,67791,13835,67791,13835,8.47396,1.72938,H2S,11.47
147,0,0.0,0,66488,13569,66488,13569,8.31104,1.69613,H2S,11.16
148,0,0.0,0,65258,13318,65258,13318,8.15728,1.66475,H2S,10.87
149,0,0.0,0,64033,13068,64033,13068,8.00415,1.6335,H2S,10.58
150,0,0.0,0,62906,12838,62906,12838,7.86327,1.60475,H2S,10.32
151,0,0.0,0,61803,12612,61803,12612,7.72544,1.57662,H2S,10.06
152,0,0.0,0,60754,12398,60754,12398,7.59436,1.54987,H2S,9.81
153,0,0.0,0,59716,12186,59716,12186,7.46451,1.52337,H2S,9.56
154,0,0.0,0,58736,11987,58736,11987,7.34206,1.49838,H2S,9.33
155,0,0.0,0,57790,11794,57790,11794,7.22383,1.47425,H2S,9.11
156,0,0.0,0,56889,11610,56889,11610,7.11113,1.45125,H2S,8.9
157,0,0.0,0,55992,11426,55992,11426,6.99901,1.42837,H2S,8.69
158,0,0.0,0,55129,11250,55129,11250,6.89121,1.40637,H2S,8.48
159,0,0.0,0,54306,11083,54306,11083,6.78836,1.38538,H2S,8.29
160,0,0.0,0,53512,10920,53512,10920,6.68909,1.36512,H2S,8.1
161,0,0.0,0,52728,10760,52728,10760,6.59109,1.34512,H2S,7.92
162,0,0.0,0,52003,10612,52003,10612,6.50044,1.32662,H2S,7.75
163,0,0.0,0,51268,10462,51268,10462,6.40856,1.30787,H2S,7.57
164,0,0.0,0,50582,10323,50582,10323,6.32286,1.29038,H2S,7.41
165,0,0.0,0,49891,10182,49891,10182,6.23648,1.27275,H2S,7.25
166,0,0.0,0,49230,10047,49230,10047,6.15381,1.25588,H2S,7.09
167,0,0.0,0,48593,9916,48593,9916,6.07414,1.23962,H2S,6.94
168,0,0.0,0,48000,9796,48000,9796,6.00005,1.2245,H2S,6.8
169,0,0.0,0,47387,9670,47387,9670,5.92346,1.20887,H2S,6.66
170,0,0.0,0,46795,9550,46795,9550,5.84938,1.19375,H2S,6.52
171,0,0.0,0,46270,9442,46270,9442,5.78381,1.18037,H2S,6.39
172,0,0.0,0,45717,9330,45717,9330,5.71463,1.16625,H2S,6.26
173,0,0.0,0,45202,9224,45202,9224,5.65029,1.15312,H2S,6.14
174,0,0.0,0,44682,9118,44682,9118,5.58536,1.13987,H2S,6.02
175,0,0.0,0,44198,9020,44198,9020,5.52475,1.1275,H2S,5.9
176,0,0.0,0,43737,8926,43737,8926,5.46718,1.11575,H2S,5.8
177,0,0.0,0,43257,8828,43257,8828,5.40715,1.1035,H2S,5.68
178,0,0.0,0,42806,8736,42806,8736,5.3508,1.092,H2S,5.58
179,0,0.0,0,42375,8648,42375,8648,5.2969,1.081,H2S,5.47
180,0,0.0,0,41938,8558,41938,8558,5.24236,1.06987,H2S,5.37
181,0,0.0,0,41552,8480,41552,8480,5.194,1.06,H2S,5.28
182,0,0.0,0,41120,8392,41120,8392,5.1401,1.049,H2S,5.18
183,0,0.0,0,40753,8317,40753,8317,5.09419,1.03963,H2S,5.09
184,0,0.0,0,40380,8240,40380,8240,5.04759,1.03012,H2S,5.0
185,0,0.0,0,40018,8166,40018,8166,5.00226,1.02087,H2S,4.92
186,0,0.0,0,39655,8092,39655,8092,4.95694,1.01162,H2S,4.83
187,0,0.0,0,39312,8022,39312,8022,4.91406,1.00287,H2S,4.75
188,0,0.0,0,38974,7954,38974,7954,4.87183,0.99425,H2S,4.67
189,0,0.0,0,38646,7887,38646,7887,4.83081,0.98588,H2S,4.59
190,0,0.0,0,38327,7822,38327,7822,4.79098,0.97775,H2S,4.52
191,0,0.0,0,38004,7756,38004,7756,4.75055,0.9695,H2S,4.44
192,0,0.0,0,37720,7698,37720,7698,4.71503,0.96225,H2S,4.38
193,0,0.0,0,37421,7637,37421,7637,4.67769,0.95463,H2S,4.31
194,0,0.0,0,37117,7575,37117,7575,4.63971,0.94688,H2S,4.23
195,0,0.0,0,36867,7524,36867,7524,4.60845,0.9405,H2S,4.17
196,0,0.0,0,36578,7464,36578,7464,4.57229,0.93312,H2S,4.11
197,0,0.0,0,36323,7413,36323,7413,4.54049,0.92663,H2S,4.05
198,0,0.0,0,36068,7360,36068,7360,4.50859,0.92012,H2S,3.99
199,0,0.0,0,35823,7310,35823,7310,4.47796,0.91387,H2S,3.93
200,0,0.0,0,35583,7262,35583,7262,4.44798,0.90775,H2S,3.87
201,0,0.0,0,35338,7212,35338,7212,4.41735,0.9015,H2S,3.81
202,0,0.0,0,35118,7166,35118,7166,4.38976,0.89587,H2S,3.76
203,0,0.0,0,34893,7121,34893,7121,4.36164,0.89013,H2S,3.71
204,0,0.0,0,34682,7078,34682,7078,4.33528,0.88475,H2S,3.66
205,0,0.0,0,34476,7036,34476,7036,4.30955,0.8795,H2S,3.61
206,0,0.0,0,34275,6995,34275,6995,4.28446,0.87438,H2S,3.56
207,0,0.0,0,34079,6955,34079,6955,4.25996,0.86938,H2S,3.52
208,0,0.0,0,33878,6914,33878,6914,4.23482,0.86425,H2S,3.47
209,0,0.0,0,33672,6872,33672,6872,4.2091,0.859,H2S,3.42
210,0,0.0,0,33501,6836,33501,6836,4.18764,0.85462,H2S,3.38
211,0,0.0,0,33329,6802,33329,6802,4.16622,0.85025,H2S,3.34
212,0,0.0,0,33133,6762,33133,6762,4.14173,0.84525,H2S,3.29
213,0,0.0,0,32972,6729,32972,6729,4.12154,0.84113,H2S,3.26
214,0,0.0,0,32810,6696,32810,6696,4.1013,0.837,H2S,3.22
215,0,0.0,0,32628,6658,32628,6658,4.07861,0.83237,H2S,3.17
216,0,0.0,0,32496,6632,32496,6632,4.0621,0.829,H2S,3.14
217,0,0.0,0,32325,6597,32325,6597,4.04069,0.82463,H2S,3.1
218,0,0.0,0,32173,6566,32173,6566,4.02168,0.82075,H2S,3.07
219,0,0.0,0,32026,6536,32026,6536,4.0033,0.817,H2S,3.03
220,0,0.0,0,31899,6510,31899,6510,3.98738,0.81375,H2S,3.0
221,0,0.0,0,31761,6482,31761,6482,3.97023,0.81025,H2S,2.97
222,0,0.0,0,31624,6454,31624,6454,3.95308,0.80675,H2S,2.94
223,0,0.0,0,31502,6429,31502,6429,3.93779,0.80363,H2S,2.91
224,0,0.0,0,31374,6403,31374,6403,3.92186,0.80038,H2S,2.88
225,0,0.0,0,31237,6375,31237,6375,3.90471,0.79688,H2S,2.85
226,0,0.0,0,31134,6354,31134,6354,3.89183,0.79425,H2S,2.82
227,0,0.0,0,31002,6326,31002,6326,3.87526,0.79087,H2S,2.79
228,0,0.0,0,30923,6310,30923,6310,3.86546,0.78887,H2S,2.77
229,0,0.0,0,30781,6282,30781,6282,3.84773,0.78525,H2S,2.74
230,0,0.0,0,30683,6262,30683,6262,3.83548,0.78275,H2S,2.72
231,0,0.0,0,30595,6244,30595,6244,3.82445,0.7805,H2S,2.69
232,0,0.0,0,30483,6221,30483,6221,3.81039,0.77763,H2S,2.67
233,0,0.0,0,30399,6204,30399,6204,3.79995,0.7755,H2S,2.65
234,0,0.0,0,30287,6181,30287,6181,3.78589,0.77263,H2S,2.62
235,0,0.0,0,30193,6162,30193,6162,3.77423,0.77025,H2S,2.6
236,0,0.0,0,30095,6142,30095,6142,3.76198,0.76775,H2S,2.58
237,0,0.0,0,30017,6126,30017,6126,3.75218,0.76575,H2S,2.56
238,0,0.0,0,29933,6108,29933,6108,3.74174,0.76362,H2S,2.54
239,0,0.0,0,29821,6086,29821,6086,3.72768,0.76075,H2S,2.51
240,0,0.0,0,29786,6078,29786,6078,3.72336,0.75987,H2S,2.5
241,0,0.0,0,29689,6059,29689,6059,3.71116,0.75738,H2S,2.48
242,0,0.0,0,29620,6044,29620,6044,3.70254,0.75562,H2S,2.46
243,0,0.0,0,29551,6030,29551,6030,3.69396,0.75387,H2S,2.45
244,0,0.0,0,29454,6011,29454,6011,3.68176,0.75138,H2S,2.43
245,0,0.0,0,29419,6004,29419,6004,3.67745,0.7505,H2S,2.42
246,0,0.0,0,29360,5992,29360,5992,3.6701,0.749,H2S,2.4
247,0,0.0,0,29272,5974,29272,5974,3.65908,0.74675,H2S,2.38
248,0,0.0,0,29213,5962,29213,5962,3.65172,0.74525,H2S,2.37
249,0,0.0,0,29125,5944,29125,5944,3.6407,0.743,H2S,2.35
0,0,3.3,255,24411,4982,24411,4982,3.05148,0.62275,H2S,1.24
1,0,3.3,255,25911,5288,25911,5288,3.2389,0.661,H2S,1.59
2,0,3.3,255,28243,5764,28243,5764,3.53045,0.7205,H2S,2.14
3,0,3.3,255,30644,6254,30644,6254,3.83058,0.78175,H2S,2.71
4,0,3.3,255,33031,6741,33031,6741,4.12889,0.84263,H2S,3.27
5,0,3.3,255,35412,7227,35412,7227,4.42656,0.90338,H2S,3.83
6,0,3.3,255,37774,7709,37774,7709,4.72179,0.96363,H2S,4.39
7,0,3.3,255,40082,8180,40082,8180,5.01025,1.0225,H2S,4.93
8,0,3.3,255,42379,8648,42379,8648,5.29749,1.08112,H2S,5.47
9,0,3.3,255,44624,9106,44624,9106,5.57801,1.13837,H2S,6.0
10,0,3.3,255,46804,9552,46804,9552,5.8506,1.194,H2S,6.52
11,0,3.3,255,48960,9992,48960,9992,6.1201,1.249,H2S,7.03
12,0,3.3,255,51043,10416,51043,10416,6.38039,1.30212,H2S,7.52
13,0,3.3,255,53071,10830,53071,10830,6.63396,1.35387,H2S,8.0
14,0,3.3,255,55046,11234,55046,11234,6.88083,1.40425,H2S,8.46
15,0,3.3,255,56932,11618,56932,11618,7.11661,1.45237,H2S,8.91
16,0,3.3,255,58780,11996,58780,11996,7.34755,1.4995,H2S,9.34
17,0,3.3,255,60549,12356,60549,12356,7.56864,1.54462,H2S,9.76
18,0,3.3,255,62264,12707,62264,12707,7.78306,1.58838,H2S,10.17
19,0,3.3,255,63901,13041,63901,13041,7.98764,1.63013,H2S,10.55
20,0,3.3,255,65483,13364,65483,13364,8.18545,1.6705,H2S,10.93
21,0,3.3,255,66987,13670,66987,13670,8.37346,1.70887,H2S,11.28
22,0,3.3,255,68418,13962,68418,13962,8.55231,1.74537,H2S,11.62
23,0,3.3,255,69820,14249,69820,14249,8.72754,1.78113,H2S,11.95
24,0,3.3,255,71133,14516,71133,14516,8.89164,1.81462,H2S,12.26
25,0,3.3,255,72382,14772,72382,14772,9.04785,1.8465,H2S,12.55
26,0,3.3,255,73588,15018,73588,15018,9.19853,1.87725,H2S,12.84
27,0,3.3,255,74734,15252,74734,15252,9.34185,1.9065,H2S,13.11
28,0,3.3,255,75803,15470,75803,15470,9.47538,1.93375,H2S,13.36
29,0,3.3,255,76841,15682,76841,15682,9.60523,1.96025,H2S,13.61
30,0,3.3,255,77821,15882,77821,15882,9.72773,1.98525,H2S,13.84
31,0,3.3,255,78748,16071,78748,16071,9.84351,2.00888,H2S,14.05
32,0,3.3,255,79664,16258,79664,16258,9.95803,2.03225,H2S,14.27
33,0,3.3,255,80487,16426,80487,16426,10.06092,2.05325,H2S,14.47
34,0,3.3,255,81266,16585,81266,16585,10.15834,2.07313,H2S,14.65
35,0,3.3,255,82001,16734,82001,16734,10.25016,2.09187,H2S,14.82
36,0,3.3,255,82697,16876,82697,16876,10.33714,2.10962,H2S,14.99
37,0,3.3,255,83353,17010,83353,17010,10.41921,2.12637,H2S,15.14
38,0,3.3,255,83976,17138,83976,17138,10.49703,2.14225,H2S,15.29
39,0,3.3,255,84525,17250,84525,17250,10.56563,2.15625,H2S,15.42
40,0,3.3,255,85059,17359,85059,17359,10.63241,2.16988,H2S,15.54
41,0,3.3,255,85593,17468,85593,17468,10.69915,2.1835,H2S,15.67
42,0,3.3,255,86009,17553,86009,17553,10.75124,2.19413,H2S,15.77
43,0,3.3,255,86534,17660,86534,17660,10.81675,2.2075,H2S,15.89
44,0,3.3,255,86969,17748,86969,17748,10.87124,2.21862,H2S,15.99
45,0,3.3,255,87342,17824,87342,17824,10.91779,2.22812,H2S,16.08
46,0,3.3,255,87646,17887,87646,17887,10.95581,2.23588,H2S,16.15
47,0,3.3,255,88048,17969,88048,17969,11.00604,2.24613,H2S,16.25
48,0,3.3,255,88278,18016,88278,18016,11.0348,2.252,H2S,16.3
49,0,3.3,255,88655,18092,88655,18092,11.08194,2.26162,H2S,16.39
50,0,3.3,255,88871,18137,88871,18137,11.10894,2.26713,H2S,16.44
51,0,3.3,255,89116,18187,89116,18187,11.13956,2.27338,H2S,16.5
52,0,3.3,255,89302,18225,89302,18225,11.16284,2.27813,H2S,16.54
53,0,3.3,255,89542,18274,89542,18274,11.19283,2.28425,H2S,16.6
54,0,3.3,255,89787,18324,89787,18324,11.22345,2.2905,H2S,16.66
55,0,3.3,255,89969,18361,89969,18361,11.24614,2.29513,H2S,16.7
56,0,3.3,255,90135,18394,90135,18394,11.26691,2.29937,H2S,16.74
57,0,3.3,255,90228,18414,90228,18414,11.27858,2.30175,H2S,16.76
58,0,3.3,255,90360,18440,90360,18440,11.29509,2.30512,H2S,16.79
59,0,3.3,255,90537,18477,90537,18477,11.31719,2.30963,H2S,16.84
60,0,3.3,255,90650,18500,90650,18500,11.33125,2.3125,H2S,16.86
61,0,3.3,255,90708,18512,90708,18512,11.3386,2.314,H2S,16.88
62,0,3.3,255,90762,18522,90762,18522,11.34531,2.31537,H2S,16.89
63,0,3.3,255,90899,18550,90899,18550,11.36246,2.31887,H2S,16.92
64,0,3.3,255,90958,18562,90958,18562,11.36981,2.32037,H2S,16.94
65,0,3.3,255,91037,18579,91037,18579,11.37966,2.32238,H2S,16.95
66,0,3.3,255,91081,18588,91081,18588,11.38515,2.3235,H2S,16.96
67,0,3.3,255,91037,18579,91037,18579,11.37966,2.32238,H2S,16.95
68,0,3.3,255,91100,18592,91100,18592,11.3876,2.324,H2S,16.97
69,0,3.3,255,91091,18590,91091,18590,11.38638,2.32375,H2S,16.97
70,0,3.3,255,91140,18600,91140,18600,11.3925,2.325,H2S,16.98
71,0,3.3,255,91144,18600,91144,18600,11.39309,2.32512,H2S,16.98
72,0,3.3,255,91149,18602,91149,18602,11.39373,2.32525,H2S,16.98
73,0,3.3,255,91096,18591,91096,18591,11.38701,2.32388,H2S,16.97
74,0,3.3,255,91115,18594,91115,18594,11.38941,2.32437,H2S,16.97
75,0,3.3,255,91100,18592,91100,18592,11.3876,2.324,H2S,16.97
76,0,3.3,255,91085,18588,91085,18588,11.38574,2.32362,H2S,16.97
77,0,3.3,255,91051,18582,91051,18582,11.38148,2.32275,H2S,16.96
78,0,3.3,255,91022,18576,91022,18576,11.3778,2.322,H2S,16.95
79,0,3.3,255,90958,18562,90958,18562,11.36981,2.32037,H2S,16.94
80,0,3.3,255,90919,18554,90919,18554,11.36491,2.31937,H2S,16.93
81,0,3.3,255,90875,18546,90875,18546,11.35942,2.31825,H2S,16.92
82,0,3.3,255,90772,18524,90772,18524,11.34654,2.31562,H2S,16.89
83,0,3.3,255,90777,18526,90777,18526,11.34718,2.31575,H2S,16.89
84,0,3.3,255,90699,18510,90699,18510,11.33738,2.31375,H2S,16.87
85,0,3.3,255,90615,18492,90615,18492,11.32694,2.31162,H2S,16.85
86,0,3.3,255,90546,18478,90546,18478,11.31836,2.30987,H2S,16.84
87,0,3.3,255,90503,18470,90503,18470,11.31288,2.30875,H2S,16.83
88,0,3.3,255,90414,18452,90414,18452,11.30185,2.3065,H2S,16.81
89,0,3.3,255,90351,18439,90351,18439,11.29391,2.30488,H2S,16.79
90,0,3.3,255,90253,18419,90253,18419,11.28166,2.30238,H2S,16.77
91,0,3.3,255,90189,18406,90189,18406,11.27368,2.30075,H2S,16.75
92,0,3.3,255,90096,18387,90096,18387,11.26206,2.29838,H2S,16.73
93,0,3.3,255,90032,18374,90032,18374,11.25408,2.29675,H2S,16.72
94,0,3.3,255,89895,18346,89895,18346,11.23693,2.29325,H2S,16.68
95,0,3.3,255,89885,18344,89885,18344,11.2357,2.293,H2S,16.68
96,0,3.3,255,89777,18322,89777,18322,11.22222,2.29025,H2S,16.66
97,0,3.3,255,89655,18297,89655,18297,11.20694,2.28713,H2S,16.63
98,0,3.3,255,89557,18277,89557,18277,11.19469,2.28463,H2S,16.61
99,0,3.3,255,89488,18263,89488,18263,11.18611,2.28288,H2S,16.59
100,0,3.3,255,89434,18252,89434,18252,11.17935,2.2815,H2S,16.58
101,0,3.3,255,89385,18242,89385,18242,11.17323,2.28025,H2S,16.56
102,0,3.3,255,89307,18226,89307,18226,11.16343,2.27825,H2S,16.55
103,0,3.3,255,89180,18200,89180,18200,11.1475,2.275,H2S,16.52
104,0,3.3,255,89131,18190,89131,18190,11.14138,2.27375,H2S,16.5
105,0,3.3,255,89062,18176,89062,18176,11.1328,2.272,H2S,16.49
106,0,3.3,255,88974,18158,88974,18158,11.12178,2.26975,H2S,16.47
107,0,3.3,255,88827,18128,88827,18128,11.1034,2.266,H2S,16.43
108,0,3.3,255,88807,18124,88807,18124,11.10095,2.2655,H2S,16.43
109,0,3.3,255,88729,18108,88729,18108,11.09115,2.2635,H2S,16.41
110,0,3.3,255,88631,18088,88631,18088,11.0789,2.261,H2S,16.39
111,0,3.3,255,88548,18071,88548,18071,11.06851,2.25888,H2S,16.37
112,0,3.3,255,88405,18042,88405,18042,11.05073,2.25525,H2S,16.33
113,0,3.3,255,88376,18036,88376,18036,11.04705,2.2545,H2S,16.33
114,0,3.3,255,88288,18018,88288,18018,11.03603,2.25225,H2S,16.31
115,0,3.3,255,88170,17994,88170,17994,11.02133,2.24925,H2S,16.28
116,0,3.3,255,88131,17986,88131,17986,11.01643,2.24825,H2S,16.27
117,0,3.3,255,88072,17974,88072,17974,11.00908,2.24675,H2S,16.25
118,0,3.3,255,88004,17960,88004,17960,11.0005,2.245,H2S,16.24
119,0,3.3,255,87940,17946,87940,17946,10.99251,2.24337,H2S,16.22
120,0,3.3,255,87822,17922,87822,17922,10.97781,2.24037,H2S,16.2
121,0,3.3,255,87724,17902,87724,17902,10.96556,2.23787,H2S,16.17
122,0,3.3,255,87724,17902,87724,17902,10.96556,2.23787,H2S,16.17
123,0,3.3,255,87665,17890,87665,17890,10.95821,2.23637,H2S,16.16
124,0,3.3,255,87602,17878,87602,17878,10.95028,2.23475,H2S,16.14
125,0,0.0,0,104835,21394,104835,21394,13.10441,2.67437,H2S,20.21
126,0,0.0,0,102748,20969,102748,20969,12.84354,2.62113,H2S,19.72
127,0,0.0,0,100003,20408,100003,20408,12.50049,2.55112,H2S,19.07
128,0,0.0,0,97353,19868,97353,19868,12.16915,2.4835,H2S,18.44
129,0,0.0,0,94775,19342,94775,19342,11.84698,2.41775,H2S,17.84
130,0,0.0,0,92316,18840,92316,18840,11.5395,2.355,H2S,17.26
131,0,0.0,0,89934,18354,89934,18354,11.24183,2.29425,H2S,16.69
132,0,0.0,0,87646,17887,87646,17887,10.95581,2.23588,H2S,16.15
133,0,0.0,0,85426,17434,85426,17434,10.67833,2.17925,H2S,15.63
134,0,0.0,0,83290,16998,83290,16998,10.41128,2.12475,H2S,15.13
135,0,0.0,0,81251,16582,81251,16582,10.15648,2.07275,H2S,14.65
136,0,0.0,0,79301,16184,79301,16184,9.9127,2.023,H2S,14.19
137,0,0.0,0,77376,15791,77376,15791,9.67201,1.97388,H2S,13.73
138,0,0.0,0,75533,15414,75533,15414,9.44166,1.92687,H2S,13.3
139,0,0.0,0,73754,15052,73754,15052,9.21935,1.8815,H2S,12.88
140,0,0.0,0,72054,14705,72054,14705,9.00684,1.83813,H2S,12.48
141,0,0.0,0,70407,14368,70407,14368,8.80099,1.79612,H2S,12.09
142,0,0.0,0,68859,14053,68859,14053,8.60749,1.75663,H2S,11.72
143,0,0.0,0,67326,13740,67326,13740,8.41575,1.7175,H2S,11.36
144,0,0.0,0,65875,13444,65875,13444,8.23445,1.6805,H2S,11.02
145,0,0.0,0,64454,13154,64454,13154,8.05682,1.64425,H2S,10.68
146,0,0.0,0,63117,12881,63117,12881,7.88964,1.61013,H2S,10.37
147,0,0.0,0,61808,12614,61808,12614,7.72608,1.57675,H2S,10.06
148,0,0.0,0,60578,12362,60578,12362,7.57231,1.54537,H2S,9.77
149,0,0.0,0,59373,12117,59373,12117,7.42169,1.51463,H2S,9.48
150,0,0.0,0,58217,11881,58217,11881,7.27714,1.48513,H2S,9.21
151,0,0.0,0,57119,11657,57119,11657,7.13994,1.45713,H2S,8.95
152,0,0.0,0,56026,11434,56026,11434,7.00333,1.42925,H2S,8.69
153,0,0.0,0,55031,11230,55031,11230,6.87896,1.40387,H2S,8.46
154,0,0.0,0,54012,11022,54012,11022,6.75156,1.37787,H2S,8.22
155,0,0.0,0,53052,10826,53052,10826,6.63151,1.35337,H2S,7.99
156,0,0.0,0,52145,10642,52145,10642,6.51823,1.33025,H2S,7.78
157,0,0.0,0,51263,10462,51263,10462,6.40798,1.30775,H2S,7.57
158,0,0.0,0,50401,10286,50401,10286,6.30018,1.28575,H2S,7.37
159,0,0.0,0,49588,10120,49588,10120,6.1985,1.265,H2S,7.18
160,0,0.0,0,48809,9961,48809,9961,6.10114,1.24513,H2S,6.99
161,0,0.0,0,48020,9800,48020,9800,6.0025,1.225,H2S,6.81
162,0,0.0,0,47275,9648,47275,9648,5.9094,1.206,H2S,6.63
163,0,0.0,0,46574,9505,46574,9505,5.82184,1.18813,H2S,6.46
164,0,0.0,0,45873,9362,45873,9362,5.73423,1.17025,H2S,6.3
165,0,0.0,0,45217,9228,45217,9228,5.65215,1.1535,H2S,6.14
166,0,0.0,0,44585,9099,44585,9099,5.57316,1.13738,H2S,6.0
167,0,0.0,0,43962,8972,43962,8972,5.49535,1.1215,H2S,5.85
168,0,0.0,0,43379,8852,43379,8852,5.42244,1.10662,H2S,5.71
169,0,0.0,0,42771,8728,42771,8728,5.34649,1.09112,H2S,5.57
170,0,0.0,0,42238,8620,42238,8620,5.27975,1.0775,H2S,5.44
171,0,0.0,0,41679,8506,41679,8506,5.20993,1.06325,H2S,5.31
172,0,0.0,0,41164,8400,41164,8400,5.14559,1.05012,H2S,5.19
173,0,0.0,0,40650,8296,40650,8296,5.0813,1.037,H2S,5.07
174,0,0.0,0,40160,8196,40160,8196,5.02005,1.0245,H2S,4.95
175,0,0.0,0,39714,8105,39714,8105,4.96434,1.01313,H2S,4.85
176,0,0.0,0,39253,8010,39253,8010,4.90671,1.00137,H2S,4.74
177,0,0.0,0,38798,7918,38798,7918,4.84978,0.98975,H2S,4.63
178,0,0.0,0,38367,7830,38367,7830,4.79588,0.97875,H2S,4.53
179,0,0.0,0,37970,7749,37970,7749,4.74629,0.96863,H2S,4.43
180,0,0.0,0,37548,7663,37548,7663,4.69361,0.95788,H2S,4.34
181,0,0.0,0,37161,7584,37161,7584,4.6452,0.948,H2S,4.24
182,0,0.0,0,36784,7507,36784,7507,4.59806,0.93838,H2S,4.15
183,0,0.0,0,36407,7430,36407,7430,4.55088,0.92875,H2S,4.07
184,0,0.0,0,36054,7358,36054,7358,4.50678,0.91975,H2S,3.98
185,0,0.0,0,35706,7286,35706,7286,4.46326,0.91087,H2S,3.9
186,0,0.0,0,35368,7218,35368,7218,4.42103,0.90225,H2S,3.82
187,0,0.0,0,35049,7153,35049,7153,4.38124,0.89413,H2S,3.75
188,0,0.0,0,34736,7089,34736,7089,4.34204,0.88613,H2S,3.67
189,0,0.0,0,34432,7027,34432,7027,4.30406,0.87838,H2S,3.6
190,0,0.0,0,34128,6964,34128,6964,4.26604,0.87062,H2S,3.53
191,0,0.0,0,33849,6908,33849,6908,4.23115,0.8635,H2S,3.46
192,0,0.0,0,33560,6849,33560,6849,4.19504,0.85613,H2S,3.39
193,0,0.0,0,33276,6791,33276,6791,4.15951,0.84888,H2S,3.33
194,0,0.0,0,33020,6738,33020,6738,4.12761,0.84237,H2S,3.27
195,0,0.0,0,32766,6687,32766,6687,4.09581,0.83588,H2S,3.21
196,0,0.0,0,32511,6634,32511,6634,4.06391,0.82937,H2S,3.15
197,0,0.0,0,32281,6588,32281,6588,4.03515,0.8235,H2S,3.09
198,0,0.0,0,32060,6543,32060,6543,4.00761,0.81788,H2S,3.04
199,0,0.0,0,31815,6493,31815,6493,3.97699,0.81163,H2S,2.98
200,0,0.0,0,31614,6452,31614,6452,3.95185,0.8065,H2S,2.94
201,0,0.0,0,31389,6406,31389,6406,3.92368,0.80075,H2S,2.88
202,0,0.0,0,31168,6360,31168,6360,3.89609,0.79512,H2S,2.83
203,0,0.0,0,30953,6317,30953,6317,3.86919,0.78963,H2S,2.78
204,0,0.0,0,30791,6284,30791,6284,3.84895,0.7855,H2S,2.74
205,0,0.0,0,30585,6242,30585,6242,3.82323,0.78025,H2S,2.69
206,0,0.0,0,30419,6208,30419,6208,3.8024,0.776,H2S,2.65
207,0,0.0,0,30228,6169,30228,6169,3.77854,0.77113,H2S,2.61
208,0,0.0,0,30056,6134,30056,6134,3.75708,0.76675,H2S,2.57
209,0,0.0,0,29885,6099,29885,6099,3.73566,0.76238,H2S,2.53
210,0,0.0,0,29713,6064,29713,6064,3.7142,0.758,H2S,2.49
211,0,0.0,0,29561,6033,29561,6033,3.69524,0.75413,H2S,2.45
212,0,0.0,0,29409,6002,29409,6002,3.67623,0.75025,H2S,2.41
213,0,0.0,0,29233,5966,29233,5966,3.65418,0.74575,H2S,2.37
214,0,0.0,0,29110,5940,29110,5940,3.63884,0.74262,H2S,2.34
215,0,0.0,0,28949,5908,28949,5908,3.61865,0.7385,H2S,2.31
216,0,0.0,0,28826,5883,28826,5883,3.60336,0.73538,H2S,2.28
217,0,0.0,0,28689,5855,28689,5855,3.58621,0.73188,H2S,2.25
218,0,0.0,0,28552,5826,28552,5826,3.56901,0.72837,H2S,2.21
219,0,0.0,0,28444,5804,28444,5804,3.55554,0.72562,H2S,2.19
220,0,0.0,0,28302,5776,28302,5776,3.5378,0.722,H2S,2.15
221,0,0.0,0,28184,5752,28184,5752,3.5231,0.719,H2S,2.13
222,0,0.0,0,28086,5732,28086,5732,3.51085,0.7165,H2S,2.1
223,0,0.0,0,27974,5709,27974,5709,3.49679,0.71363,H2S,2.08
224,0,0.0,0,27846,5682,27846,5682,3.48081,0.71037,H2S,2.05
225,0,0.0,0,27753,5664,27753,5664,3.4692,0.708,H2S,2.02
226,0,0.0,0,27645,5642,27645,5642,3.45573,0.70525,H2S,2.0
227,0,0.0,0,27567,5626,27567,5626,3.44593,0.70325,H2S,1.98
228,0,0.0,0,27474,5607,27474,5607,3.43431,0.70088,H2S,1.96
229,0,0.0,0,27351,5582,27351,5582,3.41898,0.69775,H2S,1.93
230,0,0.0,0,27263,5564,27263,5564,3.40795,0.6955,H2S,1.91
231,0,0.0,0,27214,5554,27214,5554,3.40183,0.69425,H2S,1.9
232,0,0.0,0,27097,5530,27097,5530,3.38713,0.69125,H2S,1.87
233,0,0.0,0,27018,5514,27018,5514,3.37733,0.68925,H2S,1.85
234,0,0.0,0,26920,5494,26920,5494,3.36508,0.68675,H2S,1.83
235,0,0.0,0,26861,5482,26861,5482,3.35773,0.68525,H2S,1.81
236,0,0.0,0,26778,5464,26778,5464,3.34729,0.68312,H2S,1.79
237,0,0.0,0,26699,5448,26699,5448,3.33749,0.68112,H2S,1.78
238,0,0.0,0,26626,5434,26626,5434,3.32833,0.67925,H2S,1.76
239,0,0.0,0,26572,5423,26572,5423,3.32161,0.67788,H2S,1.75
240,0,0.0,0,26484,5405,26484,5405,3.31059,0.67563,H2S,1.72
241,0,0.0,0,26406,5389,26406,5389,3.30079,0.67363,H2S,1.71
242,0,0.0,0,26367,5381,26367,5381,3.29589,0.67263,H2S,1.7
243,0,0.0,0,26303,5368,26303,5368,3.2879,0.671,H2S,1.68
244,0,0.0,0,26224,5352,26224,5352,3.2781,0.669,H2S,1.66
245,0,0.0,0,26175,5342,26175,5342,3.27197,0.66775,H2S,1.65
246,0,0.0,0,26141,5334,26141,5334,3.26766,0.66687,H2S,1.64
247,0,0.0,0,26077,5322,26077,5322,3.25973,0.66525,H2S,1.63
248,0,0.0,0,26018,5310,26018,5310,3.25237,0.66375,H2S,1.61
249,0,0.0,0,25970,5300,25970,5300,3.24625,0.6625,H2S,1.6
0,0,3.3,255,21805,4450,21805,4450,2.72563,0.55625,H2S,0.62
1,0,3.3,255,23201,4735,23201,4735,2.90021,0.59188,H2S,0.95
2,0,3.3,255,25342,5172,25342,5172,3.16785,0.6465,H2S,1.46
3,0,3.3,255,27572,5626,27572,5626,3.44651,0.70337,H2S,1.98
4,0,3.3,255,29816,6084,29816,6084,3.72704,0.76062,H2S,2.51
5,0,3.3,255,32051,6541,32051,6541,4.00639,0.81763,H2S,3.04
6,0,3.3,255,34295,6999,34295,6999,4.28691,0.87488,H2S,3.57
7,0,3.3,255,36499,7448,36499,7448,4.56249,0.93112,H2S,4.09
8,0,3.3,255,38680,7894,38680,7894,4.83508,0.98675,H2S,4.6
9,0,3.3,255,40826,8332,40826,8332,5.10335,1.0415,H2S,5.11
10,0,3.3,255,42938,8762,42938,8762,5.36731,1.09537,H2S,5.61
11,0,3.3,255,45011,9186,45011,9186,5.62643,1.14825,H2S,6.1
12,0,3.3,255,47030,9598,47030,9598,5.87878,1.19975,H2S,6.57
13,0,3.3,255,49000,10000,49000,10000,6.125,1.25,H2S,7.04
14,0,3.3,255,50905,10388,50905,10388,6.36324,1.29862,H2S,7.49
15,0,3.3,255,52768,10769,52768,10769,6.59604,1.34613,H2S,7.93
16,0,3.3,255,54571,11137,54571,11137,6.82144,1.39213,H2S,8.35
17,0,3.3,255,56325,11494,56325,11494,7.04066,1.43687,H2S,8.76
18,0,3.3,255,57996,11836,57996,11836,7.24955,1.4795,H2S,9.16
19,0,3.3,255,59613,12166,59613,12166,7.45168,1.52075,H2S,9.54
20,0,3.3,255,61171,12484,61171,12484,7.64645,1.5605,H2S,9.91
21,0,3.3,255,62680,12792,62680,12792,7.8351,1.599,H2S,10.26
22,0,3.3,255,64126,13086,64126,13086,8.01576,1.63587,H2S,10.61
23,0,3.3,255,65503,13368,65503,13368,8.1879,1.671,H2S,10.93
24,0,3.3,255,66816,13636,66816,13636,8.35205,1.7045,H2S,11.24
25,0,3.3,255,68075,13893,68075,13893,8.50949,1.73663,H2S,11.54
26,0,3.3,255,69266,14136,69266,14136,8.6583,1.767,H2S,11.82
27,0,3.3,255,70407,14368,70407,14368,8.80099,1.79612,H2S,12.09
28,0,3.3,255,71486,14589,71486,14589,8.93579,1.82363,H2S,12.34
29,0,3.3,255,72505,14797,72505,14797,9.06319,1.84963,H2S,12.58
30,0,3.3,255,73480,14996,73480,14996,9.18505,1.8745,H2S,12.81
31,0,3.3,255,74421,15188,74421,15188,9.30265,1.8985,H2S,13.03
32,0,3.3,255,75313,15370,75313,15370,9.41413,1.92125,H2S,13.24
33,0,3.3,255,76140,15538,76140,15538,9.51761,1.94237,H2S,13.44
34,0,3.3,255,76895,15692,76895,15692,9.61194,1.96162,H2S,13.62
35,0,3.3,255,77689,15855,77689,15855,9.71121,1.98188,H2S,13.81
36,0,3.3,255,78365,15993,78365,15993,9.79574,1.99913,H2S,13.96
37,0,3.3,255,79100,16143,79100,16143,9.88761,2.01788,H2S,14.14
38,0,3.3,255,79728,16271,79728,16271,9.96601,2.03388,H2S,14.29
39,0,3.3,255,80320,16392,80320,16392,10.0401,2.049,H2S,14.43
40,0,3.3,255,80903,16510,80903,16510,10.11296,2.06387,H2S,14.56
41,0,3.3,255,81394,16611,81394,16611,10.17426,2.07638,H2S,14.68
42,0,3.3,255,81937,16722,81937,16722,10.24223,2.09025,H2S,14.81
43,0,3.3,255,82408,16818,82408,16818,10.30103,2.10225,H2S,14.92
44,0,3.3,255,82790,16896,82790,16896,10.3488,2.112,H2S,15.01
45,0,3.3,255,83211,16982,83211,16982,10.40147,2.12275,H2S,15.11
46,0,3.3,255,83643,17070,83643,17070,10.45538,2.13375,H2S,15.21
47,0,3.3,255,84020,17146,84020,17146,10.50251,2.14337,H2S,15.3
48,0,3.3,255,84363,17216,84363,17216,10.54539,2.15212,H2S,15.38
49,0,3.3,255,84637,17272,84637,17272,10.57969,2.15912,H2S,15.44
50,0,3.3,255,84926,17332,84926,17332,10.61585,2.1665,H2S,15.51
51,0,3.3,255,85245,17396,85245,17396,10.65564,2.17462,H2S,15.59
52,0,3.3,255,85505,17450,85505,17450,10.68813,2.18125,H2S,15.65
53,0,3.3,255,85696,17489,85696,17489,10.71204,2.18613,H2S,15.69
54,0,3.3,255,85965,17544,85965,17544,10.7457,2.193,H2S,15.76
55,0,3.3,255,86171,17586,86171,17586,10.77143,2.19825,H2S,15.81
56,0,3.3,255,86362,17624,86362,17624,10.79529,2.20312,H2S,15.85
57,0,3.3,255,86480,17649,86480,17649,10.81004,2.20613,H2S,15.88
58,0,3.3,255,86612,17676,86612,17676,10.82655,2.2095,H2S,15.91
59,0,3.3,255,86828,17720,86828,17720,10.8535,2.215,H2S,15.96
60,0,3.3,255,86911,17736,86911,17736,10.86389,2.21712,H2S,15.98
61,0,3.3,255,87087,17772,87087,17772,10.88594,2.22162,H2S,16.02
62,0,3.3,255,87195,17795,87195,17795,10.89946,2.22438,H2S,16.05
63,0,3.3,255,87318,17820,87318,17820,10.91475,2.2275,H2S,16.08
64,0,3.3,255,87371,17830,87371,17830,10.92146,2.22887,H2S,16.09
65,0,3.3,255,87381,17832,87381,17832,10.92269,2.22912,H2S,16.09
66,0,3.3,255,87455,17848,87455,17848,10.9319,2.231,H2S,16.11
67,0,3.3,255,87548,17867,87548,17867,10.94356,2.23338,H2S,16.13
68,0,3.3,255,87597,17876,87597,17876,10.94964,2.23462,H2S,16.14
69,0,3.3,255,87651,17888,87651,17888,10.9564,2.236,H2S,16.16
70,0,3.3,255,87621,17882,87621,17882,10.95273,2.23525,H2S,16.15
71,0,3.3,255,87705,17899,87705,17899,10.96316,2.23738,H2S,16.17
72,0,3.3,255,87734,17905,87734,17905,10.96684,2.23813,H2S,16.18
73,0,3.3,255,87773,17913,87773,17913,10.97174,2.23913,H2S,16.18
74,0,3.3,255,87734,17905,87734,17905,10.96684,2.23813,H2S,16.18
75,0,3.3,255,87803,17919,87803,17919,10.97541,2.23988,H2S,16.19
76,0,3.3,255,87812,17920,87812,17920,10.97659,2.24012,H2S,16.19
77,0,3.3,255,87798,17918,87798,17918,10.97478,2.23975,H2S,16.19
78,0,3.3,255,87817,17922,87817,17922,10.97723,2.24025,H2S,16.19
79,0,3.3,255,87753,17908,87753,17908,10.96924,2.23862,H2S,16.18
80,0,3.3,255,87798,17918,87798,17918,10.97478,2.23975,H2S,16.19
81,0,3.3,255,87739,17906,87739,17906,10.96743,2.23825,H2S,16.18
82,0,3.3,255,87764,17911,87764,17911,10.97051,2.23888,H2S,16.18
83,0,3.3,255,87749,17908,87749,17908,10.96865,2.2385,H2S,16.18
84,0,3.3,255,87680,17894,87680,17894,10.96007,2.23675,H2S,16.16
85,0,3.3,255,87661,17890,87661,17890,10.95763,2.23625,H2S,16.16
86,0,3.3,255,87685,17894,87685,17894,10.96066,2.23687,H2S,16.16
87,0,3.3,255,87621,17882,87621,17882,10.95273,2.23525,H2S,16.15
88,0,3.3,255,87592,17876,87592,17876,10.94905,2.2345,H2S,16.14
89,0,3.3,255,87597,17876,87597,17876,10.94964,2.23462,H2S,16.14
90,0,3.3,255,87548,17867,87548,17867,10.94356,2.23338,H2S,16.13
91,0,3.3,255,87474,17852,87474,17852,10.93435,2.2315,H2S,16.11
92,0,3.3,255,87489,17855,87489,17855,10.93621,2.23188,H2S,16.12
93,0,3.3,255,87445,17846,87445,17846,10.93068,2.23075,H2S,16.11
94,0,3.3,255,87362,17829,87362,17829,10.92029,2.22863,H2S,16.09
95,0,3.3,255,87362,17829,87362,17829,10.92029,2.22863,H2S,16.09
96,0,3.3,255,87312,17818,87312,17818,10.91411,2.22737,H2S,16.08
97,0,3.3,255,87264,17809,87264,17809,10.90804,2.22613,H2S,16.06
98,0,3.3,255,87229,17802,87229,17802,10.90372,2.22525,H2S,16.06
99,0,3.3,255,87166,17789,87166,17789,10.89579,2.22363,H2S,16.04
100,0,3.3,255,87092,17774,87092,17774,10.88658,2.22175,H2S,16.02
101,0,3.3,255,87092,17774,87092,17774,10.88658,2.22175,H2S,16.02
102,0,3.3,255,87048,17765,87048,17765,10.88109,2.22063,H2S,16.01
103,0,3.3,255,87019,17759,87019,17759,10.87741,2.21988,H2S,16.01
104,0,3.3,255,86916,17738,86916,17738,10.86453,2.21725,H2S,15.98
105,0,3.3,255,86921,17739,86921,17739,10.86516,2.21738,H2S,15.98
106,0,3.3,255,86891,17733,86891,17733,10.86149,2.21663,H2S,15.98
107,0,3.3,255,86823,17719,86823,17719,10.85291,2.21488,H2S,15.96
108,0,3.3,255,86759,17706,86759,17706,10.84492,2.21325,H2S,15.94
109,0,3.3,255,86725,17699,86725,17699,10.84066,2.21238,H2S,15.94
110,0,3.3,255,86656,17684,86656,17684,10.83204,2.21062,H2S,15.92
111,0,3.3,255,86641,17682,86641,17682,10.83023,2.21025,H2S,15.92
112,0,3.3,255,86597,17672,86597,17672,10.82469,2.20912,H2S,15.91
113,0,3.3,255,86494,17652,86494,17652,10.81185,2.2065,H2S,15.88
114,0,3.3,255,86499,17652,86499,17652,10.81244,2.20662,H2S,15.88
115,0,3.3,255,86392,17631,86392,17631,10.79901,2.20388,H2S,15.86
116,0,3.3,255,86352,17623,86352,17623,10.79411,2.20288,H2S,15.85
117,0,3.3,255,86328,17618,86328,17618,10.79102,2.20225,H2S,15.84
118,0,3.3,255,86323,17617,86323,17617,10.79044,2.20213,H2S,15.84
119,0,3.3,255,86215,17594,86215,17594,10.77691,2.19937,H2S,15.82
120,0,3.3,255,86230,17598,86230,17598,10.77877,2.19975,H2S,15.82
121,0,3.3,255,86146,17580,86146,17580,10.76834,2.19762,H2S,15.8
122,0,3.3,255,86093,17570,86093,17570,10.76163,2.19625,H2S,15.79
123,0,3.3,255,86112,17574,86112,17574,10.76408,2.19675,H2S,15.79
124,0,3.3,255,86073,17566,86073,17566,10.75918,2.19575,H2S,15.78
125,0,0.0,0,103027,21026,103027,21026,12.87843,2.62825,H2S,19.78
126,0,0.0,0,100925,20597,100925,20597,12.61569,2.57463,H2S,19.29
127,0,0.0,0,98171,20035,98171,20035,12.27146,2.50438,H2S,18.64
128,0,0.0,0,95530,19496,95530,19496,11.9413,2.437,H2S,18.01
129,0,0.0,0,92982,18976,92982,18976,11.6228,2.372,H2S,17.41
130,0,0.0,0,90488,18466,90488,18466,11.31101,2.30837,H2S,16.82
131,0,0.0,0,88092,17978,88092,17978,11.01153,2.24725,H2S,16.26
132,0,0.0,0,85799,17510,85799,17510,10.72488,2.18875,H2S,15.72
133,0,0.0,0,83589,17059,83589,17059,10.44866,2.13238,H2S,15.2
134,0,0.0,0,81467,16626,81467,16626,10.18343,2.07825,H2S,14.7
135,0,0.0,0,79414,16207,79414,16207,9.92681,2.02588,H2S,14.21
136,0,0.0,0,77439,15804,77439,15804,9.67995,1.9755,H2S,13.75
137,0,0.0,0,75523,15413,75523,15413,9.44049,1.92663,H2S,13.29
138,0,0.0,0,73701,15041,73701,15041,9.21264,1.88013,H2S,12.86
139,0,0.0,0,71932,14680,71932,14680,8.9915,1.835,H2S,12.45
140,0,0.0,0,70266,14340,70266,14340,8.78325,1.7925,H2S,12.05
141,0,0.0,0,68639,14008,68639,14008,8.5799,1.751,H2S,11.67
142,0,0.0,0,67061,13686,67061,13686,8.38268,1.71075,H2S,11.3
143,0,0.0,0,65571,13382,65571,13382,8.19647,1.67275,H2S,10.95
144,0,0.0,0,64126,13086,64126,13086,8.01576,1.63587,H2S,10.61
145,0,0.0,0,62739,12804,62739,12804,7.84245,1.6005,H2S,10.28
146,0,0.0,0,61421,12535,61421,12535,7.67771,1.56688,H2S,9.97
147,0,0.0,0,60132,12272,60132,12272,7.5166,1.534,H2S,9.66
148,0,0.0,0,58898,12020,58898,12020,7.36225,1.5025,H2S,9.37
149,0,0.0,0,57712,11778,57712,11778,7.21403,1.47225,H2S,9.09
150,0,0.0,0,56580,11547,56580,11547,7.07256,1.44338,H2S,8.83
151,0,0.0,0,55492,11324,55492,11324,6.93654,1.41562,H2S,8.57
152,0,0.0,0,54433,11108,54433,11108,6.80424,1.38862,H2S,8.32
153,0,0.0,0,53395,10897,53395,10897,6.67444,1.36213,H2S,8.07
154,0,0.0,0,52420,10698,52420,10698,6.55253,1.33725,H2S,7.84
155,0,0.0,0,51479,10506,51479,10506,6.43493,1.31325,H2S,7.62
156,0,0.0,0,50602,10326,50602,10326,6.32526,1.29087,H2S,7.41
157,0,0.0,0,49715,10146,49715,10146,6.21443,1.26825,H2S,7.21
158,0,0.0,0,48867,9973,48867,9973,6.10849,1.24663,H2S,7.01
159,0,0.0,0,48078,9812,48078,9812,6.00985,1.2265,H2S,6.82
160,0,0.0,0,47294,9652,47294,9652,5.91185,1.2065,H2S,6.63
161,0,0.0,0,46530,9496,46530,9496,5.8163,1.187,H2S,6.45
162,0,0.0,0,45815,9350,45815,9350,5.72688,1.16875,H2S,6.29
163,0,0.0,0,45134,9211,45134,9211,5.64176,1.15138,H2S,6.12
164,0,0.0,0,44428,9067,44428,9067,5.55356,1.13338,H2S,5.96
165,0,0.0,0,43786,8936,43786,8936,5.4733,1.117,H2S,5.81
166,0,0.0,0,43159,8808,43159,8808,5.3949,1.101,H2S,5.66
167,0,0.0,0,42546,8682,42546,8682,5.31831,1.08537,H2S,5.51
168,0,0.0,0,41968,8564,41968,8564,5.24604,1.07062,H2S,5.38
169,0,0.0,0,41395,8448,41395,8448,5.1744,1.056,H2S,5.24
170,0,0.0,0,40836,8334,40836,8334,5.10458,1.04175,H2S,5.11
171,0,0.0,0,40297,8224,40297,8224,5.0372,1.028,H2S,4.98
172,0,0.0,0,39793,8121,39793,8121,4.97414,1.01513,H2S,4.86
173,0,0.0,0,39293,8019,39293,8019,4.91166,1.00238,H2S,4.75
174,0,0.0,0,38803,7919,38803,7919,4.85041,0.98988,H2S,4.63
175,0,0.0,0,38357,7828,38357,7828,4.79465,0.9785,H2S,4.53
176,0,0.0,0,37901,7735,37901,7735,4.73771,0.96688,H2S,4.42
177,0,0.0,0,37460,7645,37460,7645,4.68259,0.95563,H2S,4.31
178,0,0.0,0,37063,7564,37063,7564,4.63295,0.9455,H2S,4.22
179,0,0.0,0,36632,7476,36632,7476,4.57905,0.9345,H2S,4.12
180,0,0.0,0,36264,7400,36264,7400,4.53309,0.92512,H2S,4.03
181,0,0.0,0,35868,7320,35868,7320,4.4835,0.915,H2S,3.94
182,0,0.0,0,35490,7243,35490,7243,4.43636,0.90538,H2S,3.85
183,0,0.0,0,35128,7169,35128,7169,4.39104,0.89613,H2S,3.76
184,0,0.0,0,34785,7099,34785,7099,4.34816,0.88738,H2S,3.68
185,0,0.0,0,34412,7023,34412,7023,4.30161,0.87788,H2S,3.6
186,0,0.0,0,34099,6959,34099,6959,4.26241,0.86988,H2S,3.52
187,0,0.0,0,33766,6891,33766,6891,4.22076,0.86138,H2S,3.44
188,0,0.0,0,33476,6832,33476,6832,4.1846,0.854,H2S,3.37
189,0,0.0,0,33177,6770,33177,6770,4.14721,0.84637,H2S,3.3
190,0,0.0,0,32859,6706,32859,6706,4.10743,0.83825,H2S,3.23
191,0,0.0,0,32624,6658,32624,6658,4.07803,0.83225,H2S,3.17
192,0,0.0,0,32340,6600,32340,6600,4.0425,0.825,H2S,3.11
193,0,0.0,0,32075,6546,32075,6546,4.00943,0.81825,H2S,3.04
194,0,0.0,0,31825,6495,31825,6495,3.97821,0.81188,H2S,2.98
195,0,0.0,0,31560,6440,31560,6440,3.94509,0.80512,H2S,2.92
196,0,0.0,0,31325,6392,31325,6392,3.91569,0.79912,H2S,2.87
197,0,0.0,0,31071,6341,31071,6341,3.88389,0.79263,H2S,2.81
198,0,0.0,0,30865,6299,30865,6299,3.85816,0.78738,H2S,2.76
199,0,0.0,0,30659,6257,30659,6257,3.83244,0.78213,H2S,2.71
200,0,0.0,0,30429,6210,30429,6210,3.80363,0.77625,H2S,2.66
201,0,0.0,0,30223,6168,30223,6168,3.7779,0.771,H2S,2.61
202,0,0.0,0,30012,6124,30012,6124,3.75154,0.76562,H2S,2.56
203,0,0.0,0,29831,6088,29831,6088,3.7289,0.761,H2S,2.51
204,0,0.0,0,29625,6046,29625,6046,3.70318,0.75575,H2S,2.47
205,0,0.0,0,29439,6008,29439,6008,3.6799,0.751,H2S,2.42
206,0,0.0,0,29272,5974,29272,5974,3.65908,0.74675,H2S,2.38
207,0,0.0,0,29086,5936,29086,5936,3.6358,0.742,H2S,2.34
208,0,0.0,0,28944,5907,28944,5907,3.61806,0.73838,H2S,2.31
209,0,0.0,0,28787,5875,28787,5875,3.59846,0.73438,H2S,2.27
210,0,0.0,0,28591,5834,28591,5834,3.57391,0.72937,H2S,2.22
211,0,0.0,0,28473,5810,28473,5810,3.55921,0.72637,H2S,2.19
212,0,0.0,0,28302,5776,28302,5776,3.5378,0.722,H2S,2.15
213,0,0.0,0,28170,5749,28170,5749,3.52129,0.71863,H2S,2.12
214,0,0.0,0,28018,5718,28018,5718,3.50228,0.71475,H2S,2.09
215,0,0.0,0,27885,5690,27885,5690,3.48571,0.71137,H2S,2.06
216,0,0.0,0,27739,5661,27739,5661,3.46739,0.70763,H2S,2.02
217,0,0.0,0,27606,5634,27606,5634,3.45083,0.70425,H2S,1.99
218,0,0.0,0,27493,5610,27493,5610,3.43671,0.70137,H2S,1.96
219,0,0.0,0,27361,5584,27361,5584,3.4202,0.698,H2S,1.93
220,0,0.0,0,27263,5564,27263,5564,3.40795,0.6955,H2S,1.91
221,0,0.0,0,27131,5536,27131,5536,3.39139,0.69212,H2S,1.88
222,0,0.0,0,27028,5516,27028,5516,3.37855,0.6895,H2S,1.85
223,0,0.0,0,26906,5491,26906,5491,3.36326,0.68638,H2S,1.82
224,0,0.0,0,26837,5477,26837,5477,3.35469,0.68463,H2S,1.81
225,0,0.0,0,26714,5452,26714,5452,3.33935,0.6815,H2S,1.78
226,0,0.0,0,26631,5435,26631,5435,3.32896,0.67938,H2S,1.76
227,0,0.0,0,26518,5412,26518,5412,3.31485,0.6765,H2S,1.73
228,0,0.0,0,26430,5394,26430,5394,3.30383,0.67425,H2S,1.71
229,0,0.0,0,26347,5376,26347,5376,3.29339,0.67212,H2S,1.69
230,0,0.0,0,26258,5358,26258,5358,3.28236,0.66987,H2S,1.67
231,0,0.0,0,26166,5340,26166,5340,3.27075,0.6675,H2S,1.65
232,0,0.0,0,26097,5326,26097,5326,3.26218,0.66575,H2S,1.63
233,0,0.0,0,26009,5308,26009,5308,3.25115,0.6635,H2S,1.61
234,0,0.0,0,25945,5294,25945,5294,3.24316,0.66187,H2S,1.6
235,0,0.0,0,25847,5275,25847,5275,3.23096,0.65938,H2S,1.57
236,0,0.0,0,25798,5264,25798,5264,3.22479,0.65812,H2S,1.56
237,0,0.0,0,25719,5248,25719,5248,3.21499,0.65612,H2S,1.54
238,0,0.0,0,25656,5236,25656,5236,3.20705,0.6545,H2S,1.53
239,0,0.0,0,25592,5222,25592,5222,3.19906,0.65287,H2S,1.51
240,0,0.0,0,25524,5209,25524,5209,3.19054,0.65113,H2S,1.5
241,0,0.0,0,25445,5193,25445,5193,3.18074,0.64913,H2S,1.48
242,0,0.0,0,25391,5182,25391,5182,3.17398,0.64775,H2S,1.47
243,0,0.0,0,25313,5166,25313,5166,3.16418,0.64575,H2S,1.45
244,0,0.0,0,25278,5158,25278,5158,3.15986,0.64487,H2S,1.44
245,0,0.0,0,25210,5145,25210,5145,3.15134,0.64313,H2S,1.42
246,0,0.0,0,25156,5134,25156,5134,3.14458,0.64175,H2S,1.41
247,0,0.0,0,25088,5120,25088,5120,3.136,0.64,H2S,1.4
248,0,0.0,0,25053,5113,25053,5113,3.13174,0.63913,H2S,1.39
249,0,0.0,0,25014,5105,25014,5105,3.12684,0.63813,H2S,1.38
0,0,3.3,255,21015,4288,21015,4288,2.62699,0.53612,H2S,0.43
1,0,3.3,255,22358,4562,22358,4562,2.79481,0.57037,H2S,0.75
2,0,3.3,255,24431,4986,24431,4986,3.05393,0.62325,H2S,1.24
3,0,3.3,255,26602,5429,26602,5429,3.32529,0.67863,H2S,1.75
4,0,3.3,255,28757,5868,28757,5868,3.59474,0.73362,H2S,2.26
5,0,3.3,255,30933,6312,30933,6312,3.86669,0.78912,H2S,2.77
6,0,3.3,255,33104,6756,33104,6756,4.13805,0.8445,H2S,3.29
7,0,3.3,255,35265,7197,35265,7197,4.40819,0.89963,H2S,3.8
8,0,3.3,255,37396,7632,37396,7632,4.6746,0.954,H2S,4.3
9,0,3.3,255,39488,8058,39488,8058,4.93611,1.00737,H2S,4.79
10,0,3.3,255,41556,8480,41556,8480,5.19459,1.06012,H2S,5.28
11,0,3.3,255,43600,8898,43600,8898,5.45003,1.11225,H2S,5.76
12,0,3.3,255,45575,9301,45575,9301,5.69689,1.16263,H2S,6.23
13,0,3.3,255,47524,9698,47524,9698,5.94061,1.21237,H2S,6.69
14,0,3.3,255,49411,10084,49411,10084,6.17645,1.2605,H2S,7.13
15,0,3.3,255,51244,10458,51244,10458,6.40553,1.30725,H2S,7.57
16,0,3.3,255,53022,10820,53022,10820,6.62784,1.35262,H2S,7.99
17,0,3.3,255,54742,11172,54742,11172,6.84285,1.3965,H2S,8.39
18,0,3.3,255,56423,11515,56423,11515,7.05296,1.43938,H2S,8.79
19,0,3.3,255,58030,11842,58030,11842,7.25381,1.48037,H2S,9.17
20,0,3.3,255,59559,12154,59559,12154,7.44491,1.51937,H2S,9.53
21,0,3.3,255,61078,12464,61078,12464,7.63479,1.55812,H2S,9.89
22,0,3.3,255,62504,12756,62504,12756,7.81305,1.5945,H2S,10.22
23,0,3.3,255,63856,13032,63856,13032,7.9821,1.629,H2S,10.54
24,0,3.3,255,65164,13298,65164,13298,8.14561,1.66237,H2S,10.85
25,0,3.3,255,66429,13557,66429,13557,8.30369,1.69463,H2S,11.15
26,0,3.3,255,67625,13801,67625,13801,8.45314,1.72513,H2S,11.43
27,0,3.3,255,68766,14034,68766,14034,8.59583,1.75425,H2S,11.7
28,0,3.3,255,69849,14255,69849,14255,8.73121,1.78188,H2S,11.96
29,0,3.3,255,70873,14464,70873,14464,8.8592,1.808,H2S,12.2
30,0,3.3,255,71838,14660,71838,14660,8.97984,1.83262,H2S,12.42
31,0,3.3,255,72833,14864,72833,14864,9.1042,1.858,H2S,12.66
32,0,3.3,255,73725,15046,73725,15046,9.21568,1.88075,H2S,12.87
33,0,3.3,255,74583,15221,74583,15221,9.32289,1.90263,H2S,13.07
34,0,3.3,255,75386,15384,75386,15384,9.42329,1.92312,H2S,13.26
35,0,3.3,255,76106,15532,76106,15532,9.51335,1.9415,H2S,13.43
36,0,3.3,255,76866,15686,76866,15686,9.60826,1.96087,H2S,13.61
37,0,3.3,255,77527,15822,77527,15822,9.69097,1.97775,H2S,13.77
38,0,3.3,255,78218,15962,78218,15962,9.77731,1.99537,H2S,13.93
39,0,3.3,255,78846,16091,78846,16091,9.85576,2.01138,H2S,14.08
40,0,3.3,255,79414,16207,79414,16207,9.92681,2.02588,H2S,14.21
41,0,3.3,255,79953,16317,79953,16317,9.99419,2.03963,H2S,14.34
42,0,3.3,255,80448,16418,80448,16418,10.05602,2.05225,H2S,14.46
43,0,3.3,255,80923,16515,80923,16515,10.11546,2.06438,H2S,14.57
44,0,3.3,255,81442,16620,81442,16620,10.18034,2.07762,H2S,14.69
45,0,3.3,255,81879,16710,81879,16710,10.23488,2.08875,H2S,14.79
46,0,3.3,255,82256,16786,82256,16786,10.28201,2.09837,H2S,14.88
47,0,3.3,255,82619,16861,82619,16861,10.32739,2.10763,H2S,14.97
48,0,3.3,255,83025,16944,83025,16944,10.3782,2.118,H2S,15.06
49,0,3.3,255,83305,17001,83305,17001,10.41314,2.12513,H2S,15.13
50,0,3.3,255,83628,17067,83628,17067,10.45356,2.13338,H2S,15.21
51,0,3.3,255,83942,17131,83942,17131,10.49276,2.14138,H2S,15.28
52,0,3.3,255,84221,17188,84221,17188,10.52765,2.1485,H2S,15.35
53,0,3.3,255,84432,17231,84432,17231,10.55401,2.15388,H2S,15.4
54,0,3.3,255,84706,17286,84706,17286,10.58826,2.16087,H2S,15.46
55,0,3.3,255,84892,17324,84892,17324,10.61154,2.16562,H2S,15.5
56,0,3.3,255,85113,17370,85113,17370,10.63913,2.17125,H2S,15.56
57,0,3.3,255,85343,17417,85343,17417,10.66794,2.17713,H2S,15.61
58,0,3.3,255,85510,17451,85510,17451,10.68876,2.18138,H2S,15.65
59,0,3.3,255,85627,17475,85627,17475,10.70346,2.18438,H2S,15.68
60,0,3.3,255,85794,17509,85794,17509,10.72429,2.18863,H2S,15.72
61,0,3.3,255,85911,17533,85911,17533,10.73899,2.19163,H2S,15.74
62,0,3.3,255,86078,17567,86078,17567,10.75981,2.19588,H2S,15.78
63,0,3.3,255,86181,17588,86181,17588,10.77265,2.1985,H2S,15.81
64,0,3.3,255,86225,17597,86225,17597,10.77819,2.19963,H2S,15.82
65,0,3.3,255,86362,17624,86362,17624,10.79529,2.20312,H2S,15.85
66,0,3.3,255,86396,17632,86396,17632,10.7996,2.204,H2S,15.86
67,0,3.3,255,86475,17648,86475,17648,10.8094,2.206,H2S,15.88
68,0,3.3,255,86519,17657,86519,17657,10.81494,2.20713,H2S,15.89
69,0,3.3,255,86573,17668,86573,17668,10.82165,2.2085,H2S,15.9
70,0,3.3,255,86681,17690,86681,17690,10.83513,2.21125,H2S,15.93
71,0,3.3,255,86715,17696,86715,17696,10.83939,2.21212,H2S,15.93
72,0,3.3,255,86779,17710,86779,17710,10.84738,2.21375,H2S,15.95
73,0,3.3,255,86808,17716,86808,17716,10.85105,2.2145,H2S,15.96
74,0,3.3,255,86842,17722,86842,17722,10.85531,2.21537,H2S,15.96
75,0,3.3,255,86847,17724,86847,17724,10.85595,2.2155,H2S,15.97
76,0,3.3,255,86877,17730,86877,17730,10.85963,2.21625,H2S,15.97
77,0,3.3,255,86891,17733,86891,17733,10.86149,2.21663,H2S,15.98
78,0,3.3,255,86828,17720,86828,17720,10.8535,2.215,H2S,15.96
79,0,3.3,255,86901,17734,86901,17734,10.86266,2.21687,H2S,15.98
80,0,3.3,255,86842,17722,86842,17722,10.85531,2.21537,H2S,15.96
81,0,3.3,255,86886,17732,86886,17732,10.86085,2.2165,H2S,15.97
82,0,3.3,255,86877,17730,86877,17730,10.85963,2.21625,H2S,15.97
83,0,3.3,255,86833,17721,86833,17721,10.85414,2.21513,H2S,15.96
84,0,3.3,255,86867,17728,86867,17728,10.8584,2.216,H2S,15.97
85,0,3.3,255,86862,17727,86862,17727,10.85781,2.21588,H2S,15.97
86,0,3.3,255,86813,17716,86813,17716,10.85164,2.21462,H2S,15.96
87,0,3.3,255,86783,17710,86783,17710,10.84796,2.21387,H2S,15.95
88,0,3.3,255,86783,17710,86783,17710,10.84796,2.21387,H2S,15.95
89,0,3.3,255,86769,17708,86769,17708,10.84615,2.2135,H2S,15.95
90,0,3.3,255,86749,17704,86749,17704,10.8437,2.213,H2S,15.94
91,0,3.3,255,86685,17690,86685,17690,10.83571,2.21137,H2S,15.93
92,0,3.3,255,86715,17696,86715,17696,10.83939,2.21212,H2S,15.93
93,0,3.3,255,86700,17694,86700,17694,10.83758,2.21175,H2S,15.93
94,0,3.3,255,86661,17686,86661,17686,10.83268,2.21075,H2S,15.92
95,0,3.3,255,86637,17681,86637,17681,10.82964,2.21013,H2S,15.92
96,0,3.3,255,86617,17676,86617,17676,10.82714,2.20962,H2S,15.91
97,0,3.3,255,86587,17670,86587,17670,10.82346,2.20887,H2S,15.9
98,0,3.3,255,86519,17657,86519,17657,10.81494,2.20713,H2S,15.89
99,0,3.3,255,86509,17655,86509,17655,10.81371,2.20688,H2S,15.89
100,0,3.3,255,86426,17638,86426,17638,10.80328,2.20475,H2S,15.87
101,0,3.3,255,86450,17643,86450,17643,10.80636,2.20538,H2S,15.87
102,0,3.3,255,86396,17632,86396,17632,10.7996,2.204,H2S,15.86
103,0,3.3,255,86382,17629,86382,17629,10.79779,2.20363,H2S,15.86
104,0,3.3,255,86338,17620,86338,17620,10.79225,2.2025,H2S,15.85
105,0,3.3,255,86298,17612,86298,17612,10.78735,2.2015,H2S,15.84
106,0,3.3,255,86249,17602,86249,17602,10.78123,2.20025,H2S,15.82
107,0,3.3,255,86254,17603,86254,17603,10.78186,2.20038,H2S,15.83
108,0,3.3,255,86235,17599,86235,17599,10.77941,2.19988,H2S,15.82
109,0,3.3,255,86181,17588,86181,17588,10.77265,2.1985,H2S,15.81
110,0,3.3,255,86151,17582,86151,17582,10.76898,2.19775,H2S,15.8
111,0,3.3,255,86127,17577,86127,17577,10.76594,2.19713,H2S,15.8
112,0,3.3,255,86078,17567,86078,17567,10.75981,2.19588,H2S,15.78
113,0,3.3,255,86009,17553,86009,17553,10.75124,2.19413,H2S,15.77
114,0,3.3,255,85995,17550,85995,17550,10.74938,2.19375,H2S,15.76
115,0,3.3,255,85916,17534,85916,17534,10.73958,2.19175,H2S,15.75
116,0,3.3,255,85857,17522,85857,17522,10.73222,2.19025,H2S,15.73
117,0,3.3,255,85853,17521,85853,17521,10.73164,2.19013,H2S,15.73
118,0,3.3,255,85818,17514,85818,17514,10.72733,2.18925,H2S,15.72
119,0,3.3,255,85779,17506,85779,17506,10.72243,2.18825,H2S,15.71
120,0,3.3,255,85715,17492,85715,17492,10.71444,2.18662,H2S,15.7
121,0,3.3,255,85686,17486,85686,17486,10.71076,2.18587,H2S,15.69
122,0,3.3,255,85598,17469,85598,17469,10.69979,2.18363,H2S,15.67
123,0,3.3,255,85602,17470,85602,17470,10.70037,2.18375,H2S,15.67
124,0,3.3,255,85490,17446,85490,17446,10.68626,2.18087,H2S,15.65
125,0,0.0,0,102341,20886,102341,20886,12.79268,2.61075,H2S,19.62
126,0,0.0,0,100263,20462,100263,20462,12.53298,2.55775,H2S,19.13
127,0,0.0,0,97524,19902,97524,19902,12.19056,2.48787,H2S,18.48
128,0,0.0,0,94854,19358,94854,19358,11.85678,2.41975,H2S,17.85
129,0,0.0,0,92291,18835,92291,18835,11.53646,2.35438,H2S,17.25
130,0,0.0,0,89846,18336,89846,18336,11.2308,2.292,H2S,16.67
131,0,0.0,0,87450,17847,87450,17847,10.93131,2.23088,H2S,16.11
132,0,0.0,0,85142,17376,85142,17376,10.6428,2.172,H2S,15.56
133,0,0.0,0,82962,16931,82962,16931,10.37026,2.11638,H2S,15.05
134,0,0.0,0,80844,16498,80844,16498,10.10561,2.06237,H2S,14.55
135,0,0.0,0,78806,16082,78806,16082,9.85081,2.01037,H2S,14.07
136,0,0.0,0,76832,15680,76832,15680,9.604,1.96,H2S,13.6
137,0,0.0,0,74945,15294,74945,15294,9.36816,1.91187,H2S,13.16
138,0,0.0,0,73122,14923,73122,14923,9.14036,1.86538,H2S,12.73
139,0,0.0,0,71383,14568,71383,14568,8.9229,1.821,H2S,12.32
140,0,0.0,0,69721,14228,69721,14228,8.71524,1.77862,H2S,11.93
141,0,0.0,0,68110,13900,68110,13900,8.51375,1.7375,H2S,11.55
142,0,0.0,0,66576,13586,66576,13586,8.32201,1.69837,H2S,11.18
143,0,0.0,0,65096,13285,65096,13285,8.13709,1.66063,H2S,10.83
144,0,0.0,0,63690,12998,63690,12998,7.96128,1.62475,H2S,10.5
145,0,0.0,0,62308,12716,62308,12716,7.78855,1.5895,H2S,10.18
146,0,0.0,0,61005,12450,61005,12450,7.62563,1.55625,H2S,9.87
147,0,0.0,0,59770,12198,59770,12198,7.47128,1.52475,H2S,9.58
148,0,0.0,0,58554,11950,58554,11950,7.31937,1.49375,H2S,9.29
149,0,0.0,0,57398,11714,57398,11714,7.17483,1.46425,H2S,9.02
150,0,0.0,0,56305,11490,56305,11490,7.03821,1.43637,H2S,8.76
151,0,0.0,0,55266,11278,55266,11278,6.90836,1.40987,H2S,8.52
152,0,0.0,0,54252,11072,54252,11072,6.7816,1.384,H2S,8.28
153,0,0.0,0,53292,10876,53292,10876,6.66155,1.3595,H2S,8.05
154,0,0.0,0,52376,10689,52376,10689,6.54704,1.33613,H2S,7.83
155,0,0.0,0,51464,10503,51464,10503,6.43311,1.31288,H2S,7.62
156,0,0.0,0,50636,10334,50636,10334,6.32958,1.29175,H2S,7.42
157,0,0.0,0,49813,10166,49813,10166,6.22668,1.27075,H2S,7.23
158,0,0.0,0,49039,10008,49039,10008,6.1299,1.251,H2S,7.05
159,0,0.0,0,48308,9858,48308,9858,6.03861,1.23237,H2S,6.87
160,0,0.0,0,47603,9714,47603,9714,5.95041,1.21437,H2S,6.71
161,0,0.0,0,46912,9574,46912,9574,5.86408,1.19675,H2S,6.54
162,0,0.0,0,46261,9441,46261,9441,5.78264,1.18013,H2S,6.39
163,0,0.0,0,45623,9310,45623,9310,5.70296,1.16387,H2S,6.24
164,0,0.0,0,45016,9186,45016,9186,5.62701,1.14837,H2S,6.1
165,0,0.0,0,44457,9073,44457,9073,5.55724,1.13413,H2S,5.97
166,0,0.0,0,43898,8958,43898,8958,5.48736,1.11987,H2S,5.83
167,0,0.0,0,43360,8849,43360,8849,5.42004,1.10613,H2S,5.71
168,0,0.0,0,42845,8744,42845,8744,5.3557,1.093,H2S,5.58
169,0,0.0,0,42360,8644,42360,8644,5.29504,1.08062,H2S,5.47
170,0,0.0,0,41904,8552,41904,8552,5.2381,1.069,H2S,5.36
171,0,0.0,0,41444,8458,41444,8458,5.18053,1.05725,H2S,5.25
172,0,0.0,0,41018,8371,41018,8371,5.12726,1.04638,H2S,5.15
173,0,0.0,0,40586,8282,40586,8282,5.07331,1.03537,H2S,5.05
174,0,0.0,0,40194,8202,40194,8202,5.02431,1.02537,H2S,4.96
175,0,0.0,0,39797,8122,39797,8122,4.97473,1.01525,H2S,4.87
176,0,0.0,0,39445,8050,39445,8050,4.93063,1.00625,H2S,4.78
177,0,0.0,0,39077,7975,39077,7975,4.88471,0.99688,H2S,4.7
178,0,0.0,0,38714,7900,38714,7900,4.83934,0.98762,H2S,4.61
179,0,0.0,0,38396,7836,38396,7836,4.79955,0.9795,H2S,4.54
180,0,0.0,0,38077,7770,38077,7770,4.75971,0.97137,H2S,4.46
181,0,0.0,0,37744,7703,37744,7703,4.71811,0.96288,H2S,4.38
182,0,0.0,0,37475,7648,37475,7648,4.6844,0.956,H2S,4.32
183,0,0.0,0,37186,7589,37186,7589,4.64829,0.94863,H2S,4.25
184,0,0.0,0,36911,7533,36911,7533,4.61399,0.94163,H2S,4.18
185,0,0.0,0,36632,7476,36632,7476,4.57905,0.9345,H2S,4.12
186,0,0.0,0,36407,7430,36407,7430,4.55088,0.92875,H2S,4.07
187,0,0.0,0,36137,7375,36137,7375,4.51721,0.92188,H2S,4.0
188,0,0.0,0,35917,7330,35917,7330,4.48963,0.91625,H2S,3.95
189,0,0.0,0,35691,7284,35691,7284,4.46145,0.9105,H2S,3.9
190,0,0.0,0,35481,7241,35481,7241,4.43514,0.90513,H2S,3.85
191,0,0.0,0,35255,7195,35255,7195,4.40696,0.89938,H2S,3.79
192,0,0.0,0,35054,7154,35054,7154,4.38183,0.89425,H2S,3.75
193,0,0.0,0,34858,7114,34858,7114,4.35733,0.88925,H2S,3.7
194,0,0.0,0,34677,7076,34677,7076,4.33464,0.88462,H2S,3.66
195,0,0.0,0,34510,7043,34510,7043,4.31386,0.88038,H2S,3.62
196,0,0.0,0,34344,7009,34344,7009,4.29304,0.87613,H2S,3.58
197,0,0.0,0,34182,6976,34182,6976,4.2728,0.872,H2S,3.54
198,0,0.0,0,34010,6940,34010,6940,4.25134,0.86762,H2S,3.5
199,0,0.0,0,33849,6908,33849,6908,4.23115,0.8635,H2S,3.46
200,0,0.0,0,33721,6882,33721,6882,4.21523,0.86025,H2S,3.43
201,0,0.0,0,33564,6850,33564,6850,4.19562,0.85625,H2S,3.4
202,0,0.0,0,33447,6826,33447,6826,4.18093,0.85325,H2S,3.37
203,0,0.0,0,33325,6801,33325,6801,4.16564,0.85013,H2S,3.34
204,0,0.0,0,33207,6777,33207,6777,4.15094,0.84713,H2S,3.31
205,0,0.0,0,33099,6754,33099,6754,4.13741,0.84437,H2S,3.29
206,0,0.0,0,32991,6733,32991,6733,4.12399,0.84163,H2S,3.26
207,0,0.0,0,32893,6713,32893,6713,4.11174,0.83913,H2S,3.24
208,0,0.0,0,32781,6690,32781,6690,4.09763,0.83625,H2S,3.21
209,0,0.0,0,32682,6670,32682,6670,4.08537,0.83375,H2S,3.19
210,0,0.0,0,32628,6658,32628,6658,4.07861,0.83237,H2S,3.17
211,0,0.0,0,32526,6638,32526,6638,4.06578,0.82975,H2S,3.15
212,0,0.0,0,32428,6618,32428,6618,4.05353,0.82725,H2S,3.13
213,0,0.0,0,32340,6600,32340,6600,4.0425,0.825,H2S,3.11
214,0,0.0,0,32276,6586,32276,6586,4.03451,0.82337,H2S,3.09
215,0,0.0,0,32193,6570,32193,6570,4.02413,0.82125,H2S,3.07
216,0,0.0,0,32129,6557,32129,6557,4.01619,0.81963,H2S,3.06
217,0,0.0,0,32070,6544,32070,6544,4.00879,0.81812,H2S,3.04
218,0,0.0,0,32036,6538,32036,6538,4.00453,0.81725,H2S,3.03
219,0,0.0,0,31948,6520,31948,6520,3.9935,0.815,H2S,3.01
220,0,0.0,0,31908,6512,31908,6512,3.9886,0.814,H2S,3.0
221,0,0.0,0,31864,6503,31864,6503,3.98311,0.81288,H2S,2.99
222,0,0.0,0,31806,6491,31806,6491,3.97576,0.81138,H2S,2.98
223,0,0.0,0,31747,6479,31747,6479,3.96841,0.80988,H2S,2.97
224,0,0.0,0,31717,6472,31717,6472,3.96469,0.80912,H2S,2.96
225,0,0.0,0,31688,6467,31688,6467,3.96106,0.80838,H2S,2.95
226,0,0.0,0,31634,6456,31634,6456,3.9543,0.807,H2S,2.94
227,0,0.0,0,31610,6451,31610,6451,3.95126,0.80638,H2S,2.93
228,0,0.0,0,31590,6447,31590,6447,3.94881,0.80588,H2S,2.93
229,0,0.0,0,31560,6440,31560,6440,3.94509,0.80512,H2S,2.92
230,0,0.0,0,31497,6428,31497,6428,3.93715,0.8035,H2S,2.91
231,0,0.0,0,31512,6431,31512,6431,3.93901,0.80388,H2S,2.91
232,0,0.0,0,31492,6427,31492,6427,3.93656,0.80338,H2S,2.91
233,0,0.0,0,31467,6422,31467,6422,3.93348,0.80275,H2S,2.9
234,0,0.0,0,31463,6421,31463,6421,3.93289,0.80263,H2S,2.9
235,0,0.0,0,31438,6416,31438,6416,3.9298,0.802,H2S,2.89
236,0,0.0,0,31443,6416,31443,6416,3.93039,0.80212,H2S,2.89
237,0,0.0,0,31423,6413,31423,6413,3.92799,0.80163,H2S,2.89
238,0,0.0,0,31423,6413,31423,6413,3.92799,0.80163,H2S,2.89
239,0,0.0,0,31418,6412,31418,6412,3.92735,0.8015,H2S,2.89
240,0,0.0,0,31409,6410,31409,6410,3.92613,0.80125,H2S,2.89
241,0,0.0,0,31399,6408,31399,6408,3.9249,0.801,H2S,2.88
242,0,0.0,0,31418,6412,31418,6412,3.92735,0.8015,H2S,2.89
243,0,0.0,0,31414,6411,31414,6411,3.92676,0.80138,H2S,2.89
244,0,0.0,0,31418,6412,31418,6412,3.92735,0.8015,H2S,2.89
245,0,0.0,0,31418,6412,31418,6412,3.92735,0.8015,H2S,2.89
246,0,0.0,0,31438,6416,31438,6416,3.9298,0.802,H2S,2.89
247,0,0.0,0,31443,6416,31443,6416,3.93039,0.80212,H2S,2.89
248,0,0.0,0,31458,6420,31458,6420,3.93225,0.8025,H2S,2.9
249,0,0.0,0,31467,6422,31467,6422,3.93348,0.80275,H2S,2.9
0,0,3.3,255,26489,5406,26489,5406,3.31117,0.67575,H2S,1.73
1,0,3.3,255,28150,5745,28150,5745,3.51884,0.71813,H2S,2.12
2,0,3.3,255,30693,6264,30693,6264,3.8367,0.783,H2S,2.72
3,0,3.3,255,33310,6798,33310,6798,4.16378,0.84975,H2S,3.34
4,0,3.3,255,35936,7334,35936,7334,4.49207,0.91675,H2S,3.95
5,0,3.3,255,38553,7868,38553,7868,4.81915,0.9835,H2S,4.57
6,0,3.3,255,41140,8396,41140,8396,5.14255,1.0495,H2S,5.18
7,0,3.3,255,43668,8912,43668,8912,5.4586,1.114,H2S,5.78
8,0,3.3,255,46182,9425,46182,9425,5.77284,1.17813,H2S,6.37
9,0,3.3,255,48627,9924,48627,9924,6.07845,1.2405,H2S,6.95
10,0,3.3,255,51023,10413,51023,10413,6.37799,1.30163,H2S,7.51
11,0,3.3,255,53336,10884,53336,10884,6.66704,1.36062,H2S,8.06
12,0,3.3,255,55595,11346,55595,11346,6.94943,1.41825,H2S,8.59
13,0,3.3,255,57790,11794,57790,11794,7.22383,1.47425,H2S,9.11
14,0,3.3,255,59912,12227,59912,12227,7.48906,1.52838,H2S,9.61
15,0,3.3,255,61950,12643,61950,12643,7.74386,1.58038,H2S,10.09
16,0,3.3,255,63920,13044,63920,13044,7.99004,1.63062,H2S,10.56
17,0,3.3,255,65826,13434,65826,13434,8.22832,1.67925,H2S,11.01
18,0,3.3,255,67595,13794,67595,13794,8.44941,1.72437,H2S,11.42
19,0,3.3,255,69266,14136,69266,14136,8.6583,1.767,H2S,11.82
20,0,3.3,255,70848,14458,70848,14458,8.85611,1.80737,H2S,12.19
21,0,3.3,255,72436,14782,72436,14782,9.05456,1.84787,H2S,12.57
22,0,3.3,255,73887,15079,73887,15079,9.23591,1.88488,H2S,12.91
23,0,3.3,255,75283,15364,75283,15364,9.41045,1.9205,H2S,13.24
24,0,3.3,255,76581,15628,76581,15628,9.57274,1.95362,H2S,13.54
25,0,3.3,255,77846,15887,77846,15887,9.73081,1.98588,H2S,13.84
26,0,3.3,255,78973,16117,78973,16117,9.87169,2.01463,H2S,14.11
27,0,3.3,255,80051,16336,80051,16336,10.00639,2.04212,H2S,14.36
28,0,3.3,255,81148,16560,81148,16560,10.14359,2.07012,H2S,14.62
29,0,3.3,255,82128,16760,82128,16760,10.26609,2.09512,H2S,14.85
30,0,3.3,255,83045,16948,83045,16948,10.38065,2.1185,H2S,15.07
31,0,3.3,255,83907,17124,83907,17124,10.48845,2.1405,H2S,15.27
32,0,3.3,255,84657,17277,84657,17277,10.58219,2.15963,H2S,15.45
33,0,3.3,255,85490,17446,85490,17446,10.68626,2.18087,H2S,15.65
34,0,3.3,255,86200,17592,86200,17592,10.7751,2.199,H2S,15.81
35,0,3.3,255,86818,17718,86818,17718,10.85228,2.21475,H2S,15.96
36,0,3.3,255,87445,17846,87445,17846,10.93068,2.23075,H2S,16.11
37,0,3.3,255,88102,17980,88102,17980,11.01275,2.2475,H2S,16.26
38,0,3.3,255,88596,18080,88596,18080,11.07459,2.26012,H2S,16.38
39,0,3.3,255,89101,18184,89101,18184,11.1377,2.273,H2S,16.5
40,0,3.3,255,89630,18292,89630,18292,11.20385,2.2865,H2S,16.62
41,0,3.3,255,90076,18382,90076,18382,11.25956,2.29787,H2S,16.73
42,0,3.3,255,90498,18469,90498,18469,11.31229,2.30863,H2S,16.83
43,0,3.3,255,90875,18546,90875,18546,11.35942,2.31825,H2S,16.92
44,0,3.3,255,91179,18608,91179,18608,11.3974,2.326,H2S,16.99
45,0,3.3,255,91512,18676,91512,18676,11.43905,2.3345,H2S,17.07
46,0,3.3,255,91894,18754,91894,18754,11.48683,2.34425,H2S,17.16
47,0,3.3,255,92183,18812,92183,18812,11.52294,2.35162,H2S,17.22
48,0,3.3,255,92457,18868,92457,18868,11.55724,2.35862,H2S,17.29
49,0,3.3,255,92639,18906,92639,18906,11.57992,2.36325,H2S,17.33
50,0,3.3,255,92884,18956,92884,18956,11.61055,2.3695,H2S,17.39
51,0,3.3,255,93080,18996,93080,18996,11.63505,2.3745,H2S,17.44
52,0,3.3,255,93339,19048,93339,19048,11.66749,2.38112,H2S,17.5
53,0,3.3,255,93448,19071,93448,19071,11.68101,2.38388,H2S,17.52
54,0,3.3,255,93668,19116,93668,19116,11.70855,2.3895,H2S,17.57
55,0,3.3,255,93820,19146,93820,19146,11.72751,2.39337,H2S,17.61
56,0,3.3,255,93952,19174,93952,19174,11.74408,2.39675,H2S,17.64
57,0,3.3,255,94075,19199,94075,19199,11.75941,2.39988,H2S,17.67
58,0,3.3,255,94197,19224,94197,19224,11.7747,2.403,H2S,17.7
59,0,3.3,255,94202,19225,94202,19225,11.77534,2.40313,H2S,17.7
60,0,3.3,255,94364,19258,94364,19258,11.79552,2.40725,H2S,17.74
61,0,3.3,255,94447,19274,94447,19274,11.80591,2.40937,H2S,17.76
62,0,3.3,255,94491,19284,94491,19284,11.81145,2.4105,H2S,17.77
63,0,3.3,255,94550,19296,94550,19296,11.8188,2.412,H2S,17.78
64,0,3.3,255,94589,19304,94589,19304,11.8237,2.413,H2S,17.79
65,0,3.3,255,94555,19297,94555,19297,11.81944,2.41213,H2S,17.78
66,0,3.3,255,94658,19318,94658,19318,11.83228,2.41475,H2S,17.81
67,0,3.3,255,94673,19321,94673,19321,11.83414,2.41513,H2S,17.81
68,0,3.3,255,94599,19306,94599,19306,11.82493,2.41325,H2S,17.79
69,0,3.3,255,94682,19323,94682,19323,11.83536,2.41538,H2S,17.81
70,0,3.3,255,94677,19322,94677,19322,11.83473,2.41525,H2S,17.81
71,0,3.3,255,94604,19306,94604,19306,11.82551,2.41337,H2S,17.8
72,0,3.3,255,94643,19315,94643,19315,11.83046,2.41438,H2S,17.8
73,0,3.3,255,94638,19314,94638,19314,11.82983,2.41425,H2S,17.8
74,0,3.3,255,94604,19306,94604,19306,11.82551,2.41337,H2S,17.8
75,0,3.3,255,94564,19298,94564,19298,11.82061,2.41237,H2S,17.79
76,0,3.3,255,94506,19286,94506,19286,11.81326,2.41087,H2S,17.77
77,0,3.3,255,94491,19284,94491,19284,11.81145,2.4105,H2S,17.77
78,0,3.3,255,94457,19277,94457,19277,11.80719,2.40963,H2S,17.76
79,0,3.3,255,94398,19265,94398,19265,11.79984,2.40813,H2S,17.75
80,0,3.3,255,94280,19240,94280,19240,11.78509,2.40512,H2S,17.72
81,0,3.3,255,94310,19246,94310,19246,11.78876,2.40587,H2S,17.73
82,0,3.3,255,94251,19234,94251,19234,11.78141,2.40437,H2S,17.71
83,0,3.3,255,94119,19208,94119,19208,11.7649,2.401,H2S,17.68
84,0,3.3,255,94133,19210,94133,19210,11.76671,2.40137,H2S,17.68
85,0,3.3,255,94006,19184,94006,19184,11.75079,2.39812,H2S,17.65
86,0,3.3,255,94001,19184,94001,19184,11.7502,2.398,H2S,17.65
87,0,3.3,255,93937,19170,93937,19170,11.74221,2.39637,H2S,17.64
88,0,3.3,255,93889,19161,93889,19161,11.73614,2.39513,H2S,17.63
89,0,3.3,255,93815,19146,93815,19146,11.72693,2.39325,H2S,17.61
90,0,3.3,255,93712,19124,93712,19124,11.71404,2.39062,H2S,17.59
91,0,3.3,255,93629,19108,93629,19108,11.70365,2.3885,H2S,17.57
92,0,3.3,255,93585,19099,93585,19099,11.69816,2.38738,H2S,17.56
93,0,3.3,255,93487,19079,93487,19079,11.68591,2.38488,H2S,17.53
94,0,3.3,255,93482,19078,93482,19078,11.68528,2.38475,H2S,17.53
95,0,3.3,255,93423,19066,93423,19066,11.67793,2.38325,H2S,17.52
96,0,3.3,255,93315,19044,93315,19044,11.66445,2.3805,H2S,17.49
97,0,3.3,255,93212,19022,93212,19022,11.65156,2.37787,H2S,17.47
98,0,3.3,255,93217,19024,93217,19024,11.6522,2.378,H2S,17.47
99,0,3.3,255,93144,19009,93144,19009,11.64304,2.37613,H2S,17.45
100,0,3.3,255,93021,18984,93021,18984,11.6277,2.373,H2S,17.42
101,0,3.3,255,92953,18970,92953,18970,11.61913,2.37125,H2S,17.41
102,0,3.3,255,92884,18956,92884,18956,11.61055,2.3695,H2S,17.39
103,0,3.3,255,92884,18956,92884,18956,11.61055,2.3695,H2S,17.39
104,0,3.3,255,92820,18943,92820,18943,11.60261,2.36788,H2S,17.37
105,0,3.3,255,92703,18919,92703,18919,11.58791,2.36488,H2S,17.35
106,0,3.3,255,92644,18907,92644,18907,11.58056,2.36338,H2S,17.33
107,0,3.3,255,92619,18902,92619,18902,11.57748,2.36275,H2S,17.33
108,0,3.3,255,92492,18876,92492,18876,11.56155,2.3595,H2S,17.3
109,0,3.3,255,92497,18876,92497,18876,11.56214,2.35962,H2S,17.3
110,0,3.3,255,92423,18862,92423,18862,11.55297,2.35775,H2S,17.28
111,0,3.3,255,92369,18850,92369,18850,11.54621,2.35637,H2S,17.27
112,0,3.3,255,92310,18838,92310,18838,11.53886,2.35487,H2S,17.25
113,0,3.3,255,92237,18824,92237,18824,11.5297,2.353,H2S,17.24
114,0,3.3,255,92110,18798,92110,18798,11.51377,2.34975,H2S,17.21
115,0,3.3,255,92129,18802,92129,18802,11.51623,2.35025,H2S,17.21
116,0,3.3,255,91997,18774,91997,18774,11.49966,2.34687,H2S,17.18
117,0,3.3,255,92002,18776,92002,18776,11.5003,2.347,H2S,17.18
118,0,3.3,255,91938,18763,91938,18763,11.49236,2.34538,H2S,17.17
119,0,3.3,255,91875,18750,91875,18750,11.48438,2.34375,H2S,17.15
120,0,3.3,255,91816,18738,91816,18738,11.47703,2.34225,H2S,17.14
121,0,3.3,255,91688,18712,91688,18712,11.4611,2.339,H2S,17.11
122,0,3.3,255,91713,18716,91713,18716,11.46414,2.33962,H2S,17.11
123,0,3.3,255,91590,18692,91590,18692,11.44885,2.3365,H2S,17.08
124,0,3.3,255,91590,18692,91590,18692,11.44885,2.3365,H2S,17.08
125,0,0.0,0,109441,22335,109441,22335,13.68021,2.79188,H2S,21.3
126,0,0.0,0,107451,21928,107451,21928,13.43149,2.74112,H2S,20.83
127,0,0.0,0,104874,21402,104874,21402,13.10931,2.67537,H2S,20.22
128,0,0.0,0,102375,20893,102375,20893,12.79699,2.61163,H2S,19.63
129,0,0.0,0,99994,20407,99994,20407,12.49931,2.55088,H2S,19.07
130,0,0.0,0,97720,19943,97720,19943,12.21511,2.49288,H2S,18.53
131,0,0.0,0,95515,19492,95515,19492,11.93944,2.43662,H2S,18.01
132,0,0.0,0,93389,19059,93389,19059,11.67366,2.38238,H2S,17.51
133,0,0.0,0,91340,18640,91340,18640,11.41759,2.33012,H2S,17.03
134,0,0.0,0,89380,18240,89380,18240,11.17259,2.28012,H2S,16.56
135,0,0.0,0,87484,17854,87484,17854,10.93558,2.23175,H2S,16.12
136,0,0.0,0,85666,17483,85666,17483,10.70836,2.18538,H2S,15.69
137,0,0.0,0,83932,17129,83932,17129,10.49154,2.14113,H2S,15.28
138,0,0.0,0,82256,16786,82256,16786,10.28201,2.09837,H2S,14.88
139,0,0.0,0,80663,16462,80663,16462,10.08298,2.05775,H2S,14.51
140,0,0.0,0,79125,16148,79125,16148,9.89065,2.0185,H2S,14.14
141,0,0.0,0,77679,15852,77679,15852,9.70994,1.98162,H2S,13.8
142,0,0.0,0,76288,15569,76288,15569,9.53604,1.94613,H2S,13.47
143,0,0.0,0,74970,15300,74970,15300,9.37125,1.9125,H2S,13.16
144,0,0.0,0,73686,15038,73686,15038,9.21078,1.87975,H2S,12.86
145,0,0.0,0,72485,14792,72485,14792,9.06069,1.84912,H2S,12.58
146,0,0.0,0,71368,14564,71368,14564,8.92104,1.82062,H2S,12.31
147,0,0.0,0,70241,14335,70241,14335,8.78021,1.79188,H2S,12.05
148,0,0.0,0,69182,14118,69182,14118,8.64786,1.76487,H2S,11.8
149,0,0.0,0,68159,13910,68159,13910,8.51988,1.73875,H2S,11.56
150,0,0.0,0,67173,13708,67173,13708,8.39674,1.71362,H2S,11.32
151,0,0.0,0,66243,13519,66243,13519,8.28041,1.68988,H2S,11.1
152,0,0.0,0,65331,13333,65331,13333,8.16649,1.66663,H2S,10.89
153,0,0.0,0,64459,13154,64459,13154,8.05741,1.64437,H2S,10.68
154,0,0.0,0,63606,12980,63606,12980,7.95084,1.62262,H2S,10.48
155,0,0.0,0,62798,12816,62798,12816,7.8498,1.602,H2S,10.29
156,0,0.0,0,62019,12657,62019,12657,7.75244,1.58213,H2S,10.11
157,0,0.0,0,61269,12504,61269,12504,7.6587,1.563,H2S,9.93
158,0,0.0,0,60539,12355,60539,12355,7.56746,1.54438,H2S,9.76
159,0,0.0,0,59819,12208,59819,12208,7.4774,1.526,H2S,9.59
160,0,0.0,0,59157,12073,59157,12073,7.39474,1.50913,H2S,9.43
161,0,0.0,0,58486,11936,58486,11936,7.3108,1.492,H2S,9.27
162,0,0.0,0,57863,11808,57863,11808,7.23299,1.47612,H2S,9.13
163,0,0.0,0,57236,11680,57236,11680,7.15459,1.46012,H2S,8.98
164,0,0.0,0,56629,11557,56629,11557,7.07869,1.44463,H2S,8.84
165,0,0.0,0,56051,11439,56051,11439,7.00641,1.42988,H2S,8.7
166,0,0.0,0,55517,11330,55517,11330,6.93963,1.41625,H2S,8.57
167,0,0.0,0,54963,11217,54963,11217,6.87044,1.40213,H2S,8.44
168,0,0.0,0,54439,11110,54439,11110,6.80488,1.38875,H2S,8.32
169,0,0.0,0,53939,11008,53939,11008,6.7424,1.376,H2S,8.2
170,0,0.0,0,53454,10909,53454,10909,6.68179,1.36363,H2S,8.09
171,0,0.0,0,52988,10814,52988,10814,6.62358,1.35175,H2S,7.98
172,0,0.0,0,52552,10724,52552,10724,6.56904,1.34062,H2S,7.87
173,0,0.0,0,52087,10630,52087,10630,6.51088,1.32875,H2S,7.76
174,0,0.0,0,51675,10546,51675,10546,6.45943,1.31825,H2S,7.67
175,0,0.0,0,51229,10455,51229,10455,6.40371,1.30688,H2S,7.56
176,0,0.0,0,50852,10378,50852,10378,6.35653,1.29725,H2S,7.47
177,0,0.0,0,50460,10298,50460,10298,6.30753,1.28725,H2S,7.38
178,0,0.0,0,50083,10221,50083,10221,6.26039,1.27763,H2S,7.29
179,0,0.0,0,49710,10144,49710,10144,6.21379,1.26812,H2S,7.2
180,0,0.0,0,49372,10076,49372,10076,6.17155,1.2595,H2S,7.12
181,0,0.0,0,49024,10005,49024,10005,6.12809,1.25063,H2S,7.04
182,0,0.0,0,48720,9942,48720,9942,6.09006,1.24287,H2S,6.97
183,0,0.0,0,48392,9876,48392,9876,6.04905,1.2345,H2S,6.89
184,0,0.0,0,48069,9810,48069,9810,6.00863,1.22625,H2S,6.82
185,0,0.0,0,47770,9749,47770,9749,5.97129,1.21863,H2S,6.75
186,0,0.0,0,47481,9690,47481,9690,5.93513,1.21125,H2S,6.68
187,0,0.0,0,47187,9630,47187,9630,5.89838,1.20375,H2S,6.61
188,0,0.0,0,46927,9576,46927,9576,5.86589,1.19712,H2S,6.55
189,0,0.0,0,46697,9530,46697,9530,5.83713,1.19125,H2S,6.49
190,0,0.0,0,46446,9478,46446,9478,5.80586,1.18487,H2S,6.43
191,0,0.0,0,46167,9422,46167,9422,5.77098,1.17775,H2S,6.37
192,0,0.0,0,45956,9378,45956,9378,5.74461,1.17237,H2S,6.32
193,0,0.0,0,45712,9329,45712,9329,5.71404,1.16613,H2S,6.26
194,0,0.0,0,45496,9285,45496,9285,5.68709,1.16063,H2S,6.21
195,0,0.0,0,45271,9239,45271,9239,5.65891,1.15488,H2S,6.16
196,0,0.0,0,45089,9202,45089,9202,5.63623,1.15025,H2S,6.11
197,0,0.0,0,44903,9164,44903,9164,5.61295,1.1455,H2S,6.07
198,0,0.0,0,44668,9116,44668,9116,5.58355,1.1395,H2S,6.01
199,0,0.0,0,44496,9080,44496,9080,5.56209,1.13512,H2S,5.97
200,0,0.0,0,44325,9046,44325,9046,5.54068,1.13075,H2S,5.93
201,0,0.0,0,44139,9008,44139,9008,5.5174,1.126,H2S,5.89
202,0,0.0,0,43982,8976,43982,8976,5.4978,1.122,H2S,5.85
203,0,0.0,0,43815,8942,43815,8942,5.47698,1.11775,H2S,5.81
204,0,0.0,0,43663,8910,43663,8910,5.45796,1.11387,H2S,5.78
205,0,0.0,0,43506,8878,43506,8878,5.43836,1.10987,H2S,5.74
206,0,0.0,0,43345,8846,43345,8846,5.41818,1.10575,H2S,5.7
207,0,0.0,0,43237,8824,43237,8824,5.4047,1.103,H2S,5.68
208,0,0.0,0,43100,8796,43100,8796,5.38755,1.0995,H2S,5.64
209,0,0.0,0,42968,8769,42968,8769,5.37104,1.09613,H2S,5.61
210,0,0.0,0,42830,8740,42830,8740,5.35384,1.09262,H2S,5.58
211,0,0.0,0,42713,8717,42713,8717,5.33919,1.08963,H2S,5.55
212,0,0.0,0,42590,8692,42590,8692,5.32385,1.0865,H2S,5.52
213,0,0.0,0,42492,8672,42492,8672,5.3116,1.084,H2S,5.5
214,0,0.0,0,42385,8650,42385,8650,5.29813,1.08125,H2S,5.48
215,0,0.0,0,42247,8622,42247,8622,5.28098,1.07775,H2S,5.44
216,0,0.0,0,42159,8604,42159,8604,5.26995,1.0755,H2S,5.42
217,0,0.0,0,42032,8578,42032,8578,5.25403,1.07225,H2S,5.39
218,0,0.0,0,41958,8563,41958,8563,5.24486,1.07038,H2S,5.38
219,0,0.0,0,41880,8547,41880,8547,5.23506,1.06838,H2S,5.36
220,0,0.0,0,41791,8528,41791,8528,5.22399,1.06612,H2S,5.34
221,0,0.0,0,41708,8512,41708,8512,5.2136,1.064,H2S,5.32
222,0,0.0,0,41610,8492,41610,8492,5.20135,1.0615,H2S,5.29
223,0,0.0,0,41552,8480,41552,8480,5.194,1.06,H2S,5.28
224,0,0.0,0,41473,8464,41473,8464,5.1842,1.058,H2S,5.26
225,0,0.0,0,41405,8450,41405,8450,5.17563,1.05625,H2S,5.24
226,0,0.0,0,41331,8435,41331,8435,5.16646,1.05438,H2S,5.23
227,0,0.0,0,41258,8420,41258,8420,5.15725,1.0525,H2S,5.21
228,0,0.0,0,41204,8409,41204,8409,5.15054,1.05113,H2S,5.2
229,0,0.0,0,41135,8394,41135,8394,5.14191,1.04937,H2S,5.18
230,0,0.0,0,41081,8384,41081,8384,5.1352,1.048,H2S,5.17
231,0,0.0,0,41027,8372,41027,8372,5.12844,1.04662,H2S,5.16
232,0,0.0,0,40978,8362,40978,8362,5.12231,1.04537,H2S,5.14
233,0,0.0,0,40944,8356,40944,8356,5.11805,1.0445,H2S,5.14
234,0,0.0,0,40875,8342,40875,8342,5.10948,1.04275,H2S,5.12
235,0,0.0,0,40836,8334,40836,8334,5.10458,1.04175,H2S,5.11
236,0,0.0,0,40802,8326,40802,8326,5.10026,1.04087,H2S,5.1
237,0,0.0,0,40758,8318,40758,8318,5.09478,1.03975,H2S,5.09
238,0,0.0,0,40713,8308,40713,8308,5.08924,1.03862,H2S,5.08
239,0,0.0,0,40679,8302,40679,8302,5.08498,1.03775,H2S,5.07
240,0,0.0,0,40664,8298,40664,8298,5.08311,1.03737,H2S,5.07
241,0,0.0,0,40640,8294,40640,8294,5.08008,1.03675,H2S,5.06
242,0,0.0,0,40611,8288,40611,8288,5.0764,1.036,H2S,5.06
243,0,0.0,0,40586,8282,40586,8282,5.07331,1.03537,H2S,5.05
244,0,0.0,0,40572,8280,40572,8280,5.0715,1.035,H2S,5.05
245,0,0.0,0,40552,8276,40552,8276,5.06905,1.0345,H2S,5.04
246,0,0.0,0,40532,8272,40532,8272,5.0666,1.034,H2S,5.04
247,0,0.0,0,40523,8270,40523,8270,5.06538,1.03375,H2S,5.04
248,0,0.0,0,40503,8266,40503,8266,5.06293,1.03325,H2S,5.03
249,0,0.0,0,40498,8265,40498,8265,5.06234,1.03313,H2S,5.03
0,0,3.3,255,34030,6945,34030,6945,4.25384,0.86813,H2S,3.51
1,0,3.3,255,35907,7328,35907,7328,4.4884,0.916,H2S,3.95
2,0,3.3,255,38832,7924,38832,7924,4.85404,0.99062,H2S,4.64
3,0,3.3,255,41831,8537,41831,8537,5.22894,1.06713,H2S,5.35
4,0,3.3,255,44829,9148,44829,9148,5.60374,1.14362,H2S,6.05
5,0,3.3,255,47701,9734,47701,9734,5.96266,1.21687,H2S,6.73
6,0,3.3,255,50602,10326,50602,10326,6.32526,1.29087,H2S,7.41
7,0,3.3,255,53444,10907,53444,10907,6.68056,1.36338,H2S,8.09
8,0,3.3,255,56193,11468,56193,11468,7.02415,1.4335,H2S,8.73
9,0,3.3,255,58883,12016,58883,12016,7.36039,1.50212,H2S,9.37
10,0,3.3,255,61465,12544,61465,12544,7.6832,1.568,H2S,9.98
11,0,3.3,255,63954,13052,63954,13052,7.99435,1.6315,H2S,10.56
12,0,3.3,255,66336,13538,66336,13538,8.29203,1.69225,H2S,11.13
13,0,3.3,255,68595,13999,68595,13999,8.57441,1.74988,H2S,11.66
14,0,3.3,255,70775,14444,70775,14444,8.84695,1.8055,H2S,12.17
15,0,3.3,255,72823,14862,72823,14862,9.10298,1.85775,H2S,12.66
16,0,3.3,255,74774,15260,74774,15260,9.34675,1.9075,H2S,13.12
17,0,3.3,255,76621,15637,76621,15637,9.57769,1.95463,H2S,13.55
18,0,3.3,255,78355,15990,78355,15990,9.79446,1.99887,H2S,13.96
19,0,3.3,255,79973,16321,79973,16321,9.99664,2.04013,H2S,14.34
20,0,3.3,255,81530,16638,81530,16638,10.19136,2.07987,H2S,14.71
21,0,3.3,255,82951,16928,82951,16928,10.36899,2.11612,H2S,15.05
22,0,3.3,255,84270,17198,84270,17198,10.53378,2.14975,H2S,15.36
23,0,3.3,255,85510,17451,85510,17451,10.68876,2.18138,H2S,15.65
24,0,3.3,255,86671,17688,86671,17688,10.8339,2.211,H2S,15.92
25,0,3.3,255,87759,17910,87759,17910,10.96988,2.23875,H2S,16.18
26,0,3.3,255,88758,18114,88758,18114,11.09483,2.26425,H2S,16.42
27,0,3.3,255,89684,18303,89684,18303,11.21061,2.28788,H2S,16.64
28,0,3.3,255,90571,18484,90571,18484,11.32145,2.3105,H2S,16.84
29,0,3.3,255,91326,18638,91326,18638,11.41578,2.32975,H2S,17.02
30,0,3.3,255,92164,18809,92164,18809,11.52054,2.35113,H2S,17.22
31,0,3.3,255,92860,18951,92860,18951,11.60751,2.36888,H2S,17.38
32,0,3.3,255,93443,19070,93443,19070,11.68038,2.38375,H2S,17.52
33,0,3.3,255,94129,19210,94129,19210,11.76613,2.40125,H2S,17.68
34,0,3.3,255,94677,19322,94677,19322,11.83473,2.41525,H2S,17.81
35,0,3.3,255,95216,19432,95216,19432,11.9021,2.429,H2S,17.94
36,0,3.3,255,95623,19515,95623,19515,11.95296,2.43938,H2S,18.04
37,0,3.3,255,96142,19620,96142,19620,12.01784,2.45262,H2S,18.16
38,0,3.3,255,96554,19704,96554,19704,12.06929,2.46312,H2S,18.26
39,0,3.3,255,96873,19770,96873,19770,12.10913,2.47125,H2S,18.33
40,0,3.3,255,97309,19859,97309,19859,12.16366,2.48238,H2S,18.43
41,0,3.3,255,97637,19926,97637,19926,12.20467,2.49075,H2S,18.51
42,0,3.3,255,97892,19978,97892,19978,12.23653,2.49725,H2S,18.57
43,0,3.3,255,98083,20016,98083,20016,12.26039,2.50212,H2S,18.62
44,0,3.3,255,98387,20079,98387,20079,12.29841,2.50988,H2S,18.69
45,0,3.3,255,98529,20108,98529,20108,12.31615,2.5135,H2S,18.72
46,0,3.3,255,98798,20163,98798,20163,12.34986,2.52038,H2S,18.79
47,0,3.3,255,98975,20199,98975,20199,12.37191,2.52488,H2S,18.83
48,0,3.3,255,99121,20228,99121,20228,12.39024,2.52862,H2S,18.86
49,0,3.3,255,99190,20242,99190,20242,12.39881,2.53037,H2S,18.88
50,0,3.3,255,99386,20283,99386,20283,12.42336,2.53538,H2S,18.92
51,0,3.3,255,99464,20298,99464,20298,12.43311,2.53737,H2S,18.94
52,0,3.3,255,99558,20318,99558,20318,12.44478,2.53975,H2S,18.96
53,0,3.3,255,99641,20335,99641,20335,12.45521,2.54188,H2S,18.98
54,0,3.3,255,99626,20332,99626,20332,12.45335,2.5415,H2S,18.98
55,0,3.3,255,99749,20356,99749,20356,12.46864,2.54462,H2S,19.01
56,0,3.3,255,99778,20362,99778,20362,12.47231,2.54537,H2S,19.02
57,0,3.3,255,99813,20370,99813,20370,12.47663,2.54625,H2S,19.02
58,0,3.3,255,99749,20356,99749,20356,12.46864,2.54462,H2S,19.01
59,0,3.3,255,99827,20373,99827,20373,12.47849,2.54663,H2S,19.03
60,0,3.3,255,99832,20374,99832,20374,12.47907,2.54675,H2S,19.03
61,0,3.3,255,99754,20358,99754,20358,12.46928,2.54475,H2S,19.01
62,0,3.3,255,99793,20366,99793,20366,12.47418,2.54575,H2S,19.02
63,0,3.3,255,99719,20350,99719,20350,12.46496,2.54387,H2S,19.0
64,0,3.3,255,99666,20340,99666,20340,12.45825,2.5425,H2S,18.99
65,0,3.3,255,99685,20344,99685,20344,12.4607,2.543,H2S,18.99
66,0,3.3,255,99597,20326,99597,20326,12.44968,2.54075,H2S,18.97
67,0,3.3,255,99543,20315,99543,20315,12.44296,2.53938,H2S,18.96
68,0,3.3,255,99533,20312,99533,20312,12.44169,2.53912,H2S,18.96
69,0,3.3,255,99381,20282,99381,20282,12.42273,2.53525,H2S,18.92
70,0,3.3,255,99406,20286,99406,20286,12.42576,2.53587,H2S,18.93
71,0,3.3,255,99328,20271,99328,20271,12.41601,2.53388,H2S,18.91
72,0,3.3,255,99249,20254,99249,20254,12.40616,2.53187,H2S,18.89
73,0,3.3,255,99151,20234,99151,20234,12.39391,2.52937,H2S,18.87
74,0,3.3,255,99078,20220,99078,20220,12.38475,2.5275,H2S,18.85
75,0,3.3,255,98945,20193,98945,20193,12.36824,2.52413,H2S,18.82
76,0,3.3,255,98891,20182,98891,20182,12.36148,2.52275,H2S,18.81
77,0,3.3,255,98734,20150,98734,20150,12.34187,2.51875,H2S,18.77
78,0,3.3,255,98705,20144,98705,20144,12.3382,2.518,H2S,18.76
79,0,3.3,255,98607,20124,98607,20124,12.32595,2.5155,H2S,18.74
80,0,3.3,255,98465,20094,98465,20094,12.30816,2.51187,H2S,18.71
81,0,3.3,255,98328,20067,98328,20067,12.29106,2.50838,H2S,18.67
82,0,3.3,255,98279,20056,98279,20056,12.28489,2.50712,H2S,18.66
83,0,3.3,255,98141,20028,98141,20028,12.26774,2.50362,H2S,18.63
84,0,3.3,255,98029,20006,98029,20006,12.25368,2.50075,H2S,18.6
85,0,3.3,255,97955,19990,97955,19990,12.24446,2.49887,H2S,18.59
86,0,3.3,255,97848,19969,97848,19969,12.23104,2.49613,H2S,18.56
87,0,3.3,255,97657,19930,97657,19930,12.20713,2.49125,H2S,18.52
88,0,3.3,255,97617,19922,97617,19922,12.20223,2.49025,H2S,18.51
89,0,3.3,255,97500,19898,97500,19898,12.18753,2.48725,H2S,18.48
90,0,3.3,255,97314,19860,97314,19860,12.16425,2.4825,H2S,18.43
91,0,3.3,255,97255,19848,97255,19848,12.1569,2.481,H2S,18.42
92,0,3.3,255,97118,19820,97118,19820,12.13975,2.4775,H2S,18.39
93,0,3.3,255,97014,19798,97014,19798,12.12686,2.47487,H2S,18.36
94,0,3.3,255,96828,19760,96828,19760,12.10359,2.47012,H2S,18.32
95,0,3.3,255,96735,19742,96735,19742,12.09198,2.46775,H2S,18.3
96,0,3.3,255,96583,19710,96583,19710,12.07296,2.46387,H2S,18.26
97,0,3.3,255,96490,19692,96490,19692,12.06135,2.4615,H2S,18.24
98,0,3.3,255,96437,19681,96437,19681,12.05464,2.46013,H2S,18.23
99,0,3.3,255,96328,19658,96328,19658,12.04111,2.45737,H2S,18.2
100,0,3.3,255,96128,19618,96128,19618,12.01603,2.45225,H2S,18.16
101,0,3.3,255,96094,19611,96094,19611,12.01176,2.45138,H2S,18.15
102,0,3.3,255,95927,19577,95927,19577,11.99094,2.44713,H2S,18.11
103,0,3.3,255,95868,19565,95868,19565,11.98359,2.44563,H2S,18.09
104,0,3.3,255,95751,19541,95751,19541,11.96889,2.44263,H2S,18.07
105,0,3.3,255,95559,19502,95559,19502,11.94497,2.43775,H2S,18.02
106,0,3.3,255,95530,19496,95530,19496,11.9413,2.437,H2S,18.01
107,0,3.3,255,95422,19474,95422,19474,11.92783,2.43425,H2S,17.99
108,0,3.3,255,95310,19451,95310,19451,11.91376,2.43138,H2S,17.96
109,0,3.3,255,95201,19428,95201,19428,11.90024,2.42862,H2S,17.94
110,0,3.3,255,95084,19405,95084,19405,11.88559,2.42563,H2S,17.91
111,0,3.3,255,94922,19372,94922,19372,11.86535,2.4215,H2S,17.87
112,0,3.3,255,94888,19364,94888,19364,11.86104,2.42062,H2S,17.86
113,0,3.3,255,94775,19342,94775,19342,11.84698,2.41775,H2S,17.84
114,0,3.3,255,94604,19306,94604,19306,11.82551,2.41337,H2S,17.8
115,0,3.3,255,94579,19302,94579,19302,11.82248,2.41275,H2S,17.79
116,0,3.3,255,94472,19280,94472,19280,11.809,2.41,H2S,17.76
117,0,3.3,255,94305,19246,94305,19246,11.78818,2.40575,H2S,17.73
118,0,3.3,255,94285,19242,94285,19242,11.78573,2.40525,H2S,17.72
119,0,3.3,255,94138,19212,94138,19212,11.76735,2.4015,H2S,17.69
120,0,3.3,255,94085,19201,94085,19201,11.76064,2.40013,H2S,17.67
121,0,3.3,255,93991,19182,93991,19182,11.74897,2.39775,H2S,17.65
122,0,3.3,255,93893,19162,93893,19162,11.73672,2.39525,H2S,17.63
123,0,3.3,255,93727,19128,93727,19128,11.7159,2.391,H2S,17.59
124,0,3.3,255,93717,19126,93717,19126,11.71468,2.39075,H2S,17.59
125,0,0.0,0,112131,22884,112131,22884,14.01645,2.8605,H2S,21.93
126,0,0.0,0,110098,22469,110098,22469,13.76229,2.80863,H2S,21.45
127,0,0.0,0,107520,21943,107520,21943,13.44011,2.74288,H2S,20.84
128,0,0.0,0,105026,21434,105026,21434,13.12833,2.67925,H2S,20.25
129,0,0.0,0,102610,20940,102610,20940,12.82634,2.61762,H2S,19.68
130,0,0.0,0,100302,20470,100302,20470,12.53787,2.55875,H2S,19.14
131,0,0.0,0,98088,20018,98088,20018,12.26103,2.50225,H2S,18.62
132,0,0.0,0,95956,19582,95956,19582,11.99456,2.44787,H2S,18.11
133,0,0.0,0,93874,19158,93874,19158,11.73428,2.39475,H2S,17.62
134,0,0.0,0,91909,18757,91909,18757,11.48869,2.34463,H2S,17.16
135,0,0.0,0,89969,18361,89969,18361,11.24614,2.29513,H2S,16.7
136,0,0.0,0,88136,17986,88136,17986,11.01701,2.24837,H2S,16.27
137,0,0.0,0,86392,17631,86392,17631,10.79901,2.20388,H2S,15.86
138,0,0.0,0,84696,17285,84696,17285,10.58709,2.16063,H2S,15.46
139,0,0.0,0,83060,16951,83060,16951,10.38251,2.11888,H2S,15.07
140,0,0.0,0,81516,16636,81516,16636,10.18955,2.0795,H2S,14.71
141,0,0.0,0,80007,16328,80007,16328,10.0009,2.041,H2S,14.35
142,0,0.0,0,78601,16041,78601,16041,9.82514,2.00513,H2S,14.02
143,0,0.0,0,77253,15766,77253,15766,9.65667,1.97075,H2S,13.7
144,0,0.0,0,75959,15502,75959,15502,9.49498,1.93775,H2S,13.4
145,0,0.0,0,74734,15252,74734,15252,9.34185,1.9065,H2S,13.11
146,0,0.0,0,73563,15012,73563,15012,9.19544,1.87662,H2S,12.83
147,0,0.0,0,72446,14785,72446,14785,9.05584,1.84813,H2S,12.57
148,0,0.0,0,71348,14560,71348,14560,8.91859,1.82012,H2S,12.31
149,0,0.0,0,70329,14352,70329,14352,8.79119,1.79412,H2S,12.07
150,0,0.0,0,69335,14150,69335,14150,8.66688,1.76875,H2S,11.83
151,0,0.0,0,68345,13948,68345,13948,8.54315,1.7435,H2S,11.6
152,0,0.0,0,67433,13762,67433,13762,8.42923,1.72025,H2S,11.39
153,0,0.0,0,66546,13580,66546,13580,8.31834,1.69762,H2S,11.18
154,0,0.0,0,65694,13407,65694,13407,8.21181,1.67588,H2S,10.98
155,0,0.0,0,64876,13240,64876,13240,8.1095,1.655,H2S,10.78
156,0,0.0,0,64077,13076,64077,13076,8.00964,1.63462,H2S,10.59
157,0,0.0,0,63303,12919,63303,12919,7.91291,1.61488,H2S,10.41
158,0,0.0,0,62582,12772,62582,12772,7.82285,1.5965,H2S,10.24
159,0,0.0,0,61867,12626,61867,12626,7.73343,1.57825,H2S,10.07
160,0,0.0,0,61176,12484,61176,12484,7.64704,1.56062,H2S,9.91
161,0,0.0,0,60505,12348,60505,12348,7.56315,1.5435,H2S,9.75
162,0,0.0,0,59868,12218,59868,12218,7.48353,1.52725,H2S,9.6
163,0,0.0,0,59245,12090,59245,12090,7.40571,1.51137,H2S,9.45
164,0,0.0,0,58662,11972,58662,11972,7.33285,1.4965,H2S,9.32
165,0,0.0,0,58065,11850,58065,11850,7.25813,1.48125,H2S,9.18
166,0,0.0,0,57491,11733,57491,11733,7.18649,1.46663,H2S,9.04
167,0,0.0,0,56923,11617,56923,11617,7.11544,1.45213,H2S,8.91
168,0,0.0,0,56423,11515,56423,11515,7.05296,1.43938,H2S,8.79
169,0,0.0,0,55923,11413,55923,11413,6.99049,1.42663,H2S,8.67
170,0,0.0,0,55399,11306,55399,11306,6.92492,1.41325,H2S,8.55
171,0,0.0,0,54934,11211,54934,11211,6.86676,1.40138,H2S,8.44
172,0,0.0,0,54463,11115,54463,11115,6.80796,1.38938,H2S,8.33
173,0,0.0,0,54041,11028,54041,11028,6.75524,1.37862,H2S,8.23
174,0,0.0,0,53591,10936,53591,10936,6.69889,1.36712,H2S,8.12
175,0,0.0,0,53199,10856,53199,10856,6.64989,1.35712,H2S,8.03
176,0,0.0,0,52768,10769,52768,10769,6.59604,1.34613,H2S,7.93
177,0,0.0,0,52386,10691,52386,10691,6.54826,1.33638,H2S,7.84
178,0,0.0,0,52008,10614,52008,10614,6.50108,1.32675,H2S,7.75
179,0,0.0,0,51640,10538,51640,10538,6.45511,1.31737,H2S,7.66
180,0,0.0,0,51283,10466,51283,10466,6.41043,1.30825,H2S,7.58
181,0,0.0,0,50960,10400,50960,10400,6.37,1.3,H2S,7.5
182,0,0.0,0,50602,10326,50602,10326,6.32526,1.29087,H2S,7.41
183,0,0.0,0,50288,10262,50288,10262,6.28606,1.28287,H2S,7.34
184,0,0.0,0,49994,10202,49994,10202,6.24931,1.27537,H2S,7.27
185,0,0.0,0,49695,10142,49695,10142,6.21197,1.26775,H2S,7.2
186,0,0.0,0,49392,10080,49392,10080,6.174,1.26,H2S,7.13
187,0,0.0,0,49122,10025,49122,10025,6.14034,1.25313,H2S,7.07
188,0,0.0,0,48828,9964,48828,9964,6.10354,1.24562,H2S,7.0
189,0,0.0,0,48578,9914,48578,9914,6.07233,1.23925,H2S,6.94
190,0,0.0,0,48328,9862,48328,9862,6.04106,1.23287,H2S,6.88
191,0,0.0,0,48093,9814,48093,9814,6.01166,1.22687,H2S,6.82
192,0,0.0,0,47843,9764,47843,9764,5.98045,1.2205,H2S,6.76
193,0,0.0,0,47608,9716,47608,9716,5.95105,1.2145,H2S,6.71
194,0,0.0,0,47402,9674,47402,9674,5.92532,1.20925,H2S,6.66
195,0,0.0,0,47187,9630,47187,9630,5.89838,1.20375,H2S,6.61
196,0,0.0,0,46971,9586,46971,9586,5.87143,1.19825,H2S,6.56
197,0,0.0,0,46770,9544,46770,9544,5.84629,1.19312,H2S,6.51
198,0,0.0,0,46584,9506,46584,9506,5.82301,1.18837,H2S,6.47
199,0,0.0,0,46403,9470,46403,9470,5.80038,1.18375,H2S,6.42
200,0,0.0,0,46231,9435,46231,9435,5.77896,1.17938,H2S,6.38
201,0,0.0,0,46045,9397,46045,9397,5.75569,1.17463,H2S,6.34
202,0,0.0,0,45864,9360,45864,9360,5.733,1.17,H2S,6.3
203,0,0.0,0,45707,9328,45707,9328,5.7134,1.166,H2S,6.26
204,0,0.0,0,45545,9294,45545,9294,5.69316,1.16187,H2S,6.22
205,0,0.0,0,45398,9265,45398,9265,5.67484,1.15813,H2S,6.19
206,0,0.0,0,45261,9237,45261,9237,5.65769,1.15463,H2S,6.15
207,0,0.0,0,45109,9206,45109,9206,5.63868,1.15075,H2S,6.12
208,0,0.0,0,44977,9179,44977,9179,5.62216,1.14738,H2S,6.09
209,0,0.0,0,44835,9150,44835,9150,5.60438,1.14375,H2S,6.05
210,0,0.0,0,44717,9126,44717,9126,5.58967,1.14075,H2S,6.03
211,0,0.0,0,44614,9105,44614,9105,5.57684,1.13813,H2S,6.0
212,0,0.0,0,44487,9079,44487,9079,5.56091,1.13488,H2S,5.97
213,0,0.0,0,44350,9051,44350,9051,5.54376,1.13138,H2S,5.94
214,0,0.0,0,44237,9028,44237,9028,5.52965,1.1285,H2S,5.91
215,0,0.0,0,44134,9006,44134,9006,5.51676,1.12587,H2S,5.89
216,0,0.0,0,44041,8988,44041,8988,5.50515,1.1235,H2S,5.87
217,0,0.0,0,43913,8962,43913,8962,5.48923,1.12025,H2S,5.84
218,0,0.0,0,43825,8944,43825,8944,5.4782,1.118,H2S,5.82
219,0,0.0,0,43717,8922,43717,8922,5.46473,1.11525,H2S,5.79
220,0,0.0,0,43654,8909,43654,8909,5.45679,1.11363,H2S,5.78
221,0,0.0,0,43555,8888,43555,8888,5.44449,1.11112,H2S,5.75
222,0,0.0,0,43482,8874,43482,8874,5.43533,1.10925,H2S,5.74
223,0,0.0,0,43394,8856,43394,8856,5.4243,1.107,H2S,5.71
224,0,0.0,0,43330,8842,43330,8842,5.41631,1.10537,H2S,5.7
225,0,0.0,0,43242,8824,43242,8824,5.40529,1.10312,H2S,5.68
226,0,0.0,0,43169,8810,43169,8810,5.39613,1.10125,H2S,5.66
227,0,0.0,0,43120,8800,43120,8800,5.39,1.1,H2S,5.65
228,0,0.0,0,43051,8786,43051,8786,5.38143,1.09825,H2S,5.63
229,0,0.0,0,42997,8775,42997,8775,5.37471,1.09688,H2S,5.62
230,0,0.0,0,42928,8760,42928,8760,5.36609,1.09512,H2S,5.6
231,0,0.0,0,42865,8748,42865,8748,5.35815,1.0935,H2S,5.59
232,0,0.0,0,42830,8740,42830,8740,5.35384,1.09262,H2S,5.58
233,0,0.0,0,42767,8728,42767,8728,5.3459,1.091,H2S,5.57
234,0,0.0,0,42718,8718,42718,8718,5.33978,1.08975,H2S,5.55
235,0,0.0,0,42659,8706,42659,8706,5.33242,1.08825,H2S,5.54
236,0,0.0,0,42639,8702,42639,8702,5.32998,1.08775,H2S,5.54
237,0,0.0,0,42586,8691,42586,8691,5.32326,1.08638,H2S,5.52
238,0,0.0,0,42556,8685,42556,8685,5.31959,1.08563,H2S,5.52
239,0,0.0,0,42527,8679,42527,8679,5.31591,1.08488,H2S,5.51
240,0,0.0,0,42478,8669,42478,8669,5.30979,1.08363,H2S,5.5
241,0,0.0,0,42478,8669,42478,8669,5.30979,1.08363,H2S,5.5
242,0,0.0,0,42468,8666,42468,8666,5.30851,1.08337,H2S,5.5
243,0,0.0,0,42448,8663,42448,8663,5.30611,1.08288,H2S,5.49
244,0,0.0,0,42434,8660,42434,8660,5.30425,1.0825,H2S,5.49
245,0,0.0,0,42414,8656,42414,8656,5.3018,1.082,H2S,5.48
246,0,0.0,0,42404,8654,42404,8654,5.30058,1.08175,H2S,5.48
247,0,0.0,0,42385,8650,42385,8650,5.29813,1.08125,H2S,5.48
248,0,0.0,0,42365,8646,42365,8646,5.29568,1.08075,H2S,5.47
249,0,0.0,0,42345,8642,42345,8642,5.29322,1.08025,H2S,5.47
0,0,3.3,255,35461,7237,35461,7237,4.43269,0.90463,H2S,3.84
1,0,3.3,255,37450,7642,37450,7642,4.68131,0.95537,H2S,4.31
2,0,3.3,255,40488,8262,40488,8262,5.06106,1.03287,H2S,5.03
3,0,3.3,255,43644,8907,43644,8907,5.45556,1.11338,H2S,5.77
4,0,3.3,255,46746,9540,46746,9540,5.84325,1.1925,H2S,6.5
5,0,3.3,255,49774,10158,49774,10158,6.22178,1.26975,H2S,7.22
6,0,3.3,255,52743,10764,52743,10764,6.59295,1.3455,H2S,7.92
7,0,3.3,255,55639,11355,55639,11355,6.95496,1.41938,H2S,8.6
8,0,3.3,255,58442,11926,58442,11926,7.30526,1.49087,H2S,9.26
9,0,3.3,255,61127,12474,61127,12474,7.64091,1.55937,H2S,9.9
10,0,3.3,255,63719,13004,63719,13004,7.96495,1.6255,H2S,10.51
11,0,3.3,255,66203,13510,66203,13510,8.27546,1.68887,H2S,11.1
12,0,3.3,255,68575,13994,68575,13994,8.57191,1.74937,H2S,11.65
13,0,3.3,255,70829,14455,70829,14455,8.85371,1.80688,H2S,12.19
14,0,3.3,255,72975,14893,72975,14893,9.12199,1.86163,H2S,12.69
15,0,3.3,255,75004,15307,75004,15307,9.37556,1.91338,H2S,13.17
16,0,3.3,255,76924,15698,76924,15698,9.61561,1.96237,H2S,13.62
17,0,3.3,255,78737,16068,78737,16068,9.84224,2.00862,H2S,14.05
18,0,3.3,255,80428,16414,80428,16414,10.05358,2.05175,H2S,14.45
19,0,3.3,255,82016,16738,82016,16738,10.25202,2.09225,H2S,14.83
20,0,3.3,255,83559,17053,83559,17053,10.44499,2.13163,H2S,15.19
21,0,3.3,255,84956,17338,84956,17338,10.61953,2.16725,H2S,15.52
22,0,3.3,255,86235,17599,86235,17599,10.77941,2.19988,H2S,15.82
23,0,3.3,255,87455,17848,87455,17848,10.9319,2.231,H2S,16.11
24,0,3.3,255,88592,18080,88592,18080,11.074,2.26,H2S,16.38
25,0,3.3,255,89640,18294,89640,18294,11.20508,2.28675,H2S,16.62
26,0,3.3,255,90615,18492,90615,18492,11.32694,2.31162,H2S,16.85
27,0,3.3,255,91478,18669,91478,18669,11.43479,2.33363,H2S,17.06
28,0,3.3,255,92325,18842,92325,18842,11.54073,2.35525,H2S,17.26
29,0,3.3,255,93134,19007,93134,19007,11.64181,2.37588,H2S,17.45
30,0,3.3,255,93928,19169,93928,19169,11.74104,2.39613,H2S,17.64
31,0,3.3,255,94609,19308,94609,19308,11.82615,2.4135,H2S,17.8
32,0,3.3,255,95241,19437,95241,19437,11.90519,2.42963,H2S,17.95
33,0,3.3,255,95765,19544,95765,19544,11.9707,2.443,H2S,18.07
34,0,3.3,255,96324,19658,96324,19658,12.04053,2.45725,H2S,18.2
35,0,3.3,255,96858,19766,96858,19766,12.10726,2.47087,H2S,18.33
36,0,3.3,255,97314,19860,97314,19860,12.16425,2.4825,H2S,18.43
37,0,3.3,255,97735,19946,97735,19946,12.21693,2.49325,H2S,18.53
38,0,3.3,255,98049,20010,98049,20010,12.25613,2.50125,H2S,18.61
39,0,3.3,255,98490,20100,98490,20100,12.31125,2.5125,H2S,18.71
40,0,3.3,255,98813,20166,98813,20166,12.35168,2.52075,H2S,18.79
41,0,3.3,255,99112,20227,99112,20227,12.38906,2.52838,H2S,18.86
42,0,3.3,255,99347,20274,99347,20274,12.41841,2.53437,H2S,18.91
43,0,3.3,255,99626,20332,99626,20332,12.45335,2.5415,H2S,18.98
44,0,3.3,255,99857,20379,99857,20379,12.48216,2.54738,H2S,19.03
45,0,3.3,255,100062,20420,100062,20420,12.50784,2.55262,H2S,19.08
46,0,3.3,255,100229,20454,100229,20454,12.52866,2.55687,H2S,19.12
47,0,3.3,255,100332,20476,100332,20476,12.54155,2.5595,H2S,19.15
48,0,3.3,255,100542,20518,100542,20518,12.56786,2.56487,H2S,19.2
49,0,3.3,255,100660,20542,100660,20542,12.58256,2.56787,H2S,19.22
50,0,3.3,255,100695,20550,100695,20550,12.58688,2.56875,H2S,19.23
51,0,3.3,255,100798,20571,100798,20571,12.59976,2.57138,H2S,19.26
52,0,3.3,255,100940,20600,100940,20600,12.6175,2.575,H2S,19.29
53,0,3.3,255,101008,20614,101008,20614,12.62608,2.57675,H2S,19.31
54,0,3.3,255,100974,20606,100974,20606,12.62176,2.57587,H2S,19.3
55,0,3.3,255,101092,20631,101092,20631,12.63651,2.57888,H2S,19.33
56,0,3.3,255,101111,20635,101111,20635,12.63896,2.57938,H2S,19.33
57,0,3.3,255,101126,20638,101126,20638,12.64078,2.57975,H2S,19.33
58,0,3.3,255,101126,20638,101126,20638,12.64078,2.57975,H2S,19.33
59,0,3.3,255,101062,20624,101062,20624,12.63279,2.57812,H2S,19.32
60,0,3.3,255,101145,20642,101145,20642,12.64323,2.58025,H2S,19.34
61,0,3.3,255,101111,20635,101111,20635,12.63896,2.57938,H2S,19.33
62,0,3.3,255,101008,20614,101008,20614,12.62608,2.57675,H2S,19.31
63,0,3.3,255,101042,20620,101042,20620,12.63034,2.57762,H2S,19.31
64,0,3.3,255,100915,20594,100915,20594,12.61441,2.57437,H2S,19.28
65,0,3.3,255,100964,20605,100964,20605,12.62059,2.57563,H2S,19.3
66,0,3.3,255,100856,20582,100856,20582,12.60706,2.57287,H2S,19.27
67,0,3.3,255,100778,20567,100778,20567,12.59731,2.57088,H2S,19.25
68,0,3.3,255,100763,20564,100763,20564,12.59545,2.5705,H2S,19.25
69,0,3.3,255,100636,20538,100636,20538,12.57953,2.56725,H2S,19.22
70,0,3.3,255,100611,20533,100611,20533,12.57649,2.56663,H2S,19.21
71,0,3.3,255,100450,20500,100450,20500,12.55625,2.5625,H2S,19.17
72,0,3.3,255,100450,20500,100450,20500,12.55625,2.5625,H2S,19.17
73,0,3.3,255,100352,20480,100352,20480,12.544,2.56,H2S,19.15
74,0,3.3,255,100200,20449,100200,20449,12.52504,2.55613,H2S,19.12
75,0,3.3,255,100151,20439,100151,20439,12.51891,2.55488,H2S,19.1
76,0,3.3,255,100014,20411,100014,20411,12.50176,2.55138,H2S,19.07
77,0,3.3,255,99964,20400,99964,20400,12.49559,2.55012,H2S,19.06
78,0,3.3,255,99793,20366,99793,20366,12.47418,2.54575,H2S,19.02
79,0,3.3,255,99739,20355,99739,20355,12.46746,2.54438,H2S,19.01
80,0,3.3,255,99548,20316,99548,20316,12.44355,2.5395,H2S,18.96
81,0,3.3,255,99514,20309,99514,20309,12.43929,2.53863,H2S,18.95
82,0,3.3,255,99396,20285,99396,20285,12.42459,2.53563,H2S,18.93
83,0,3.3,255,99264,20258,99264,20258,12.40803,2.53225,H2S,18.9
84,0,3.3,255,99063,20216,99063,20216,12.38289,2.52712,H2S,18.85
85,0,3.3,255,98955,20195,98955,20195,12.36946,2.52438,H2S,18.82
86,0,3.3,255,98916,20187,98916,20187,12.36456,2.52338,H2S,18.81
87,0,3.3,255,98793,20162,98793,20162,12.34923,2.52025,H2S,18.78
88,0,3.3,255,98592,20120,98592,20120,12.32409,2.51512,H2S,18.74
89,0,3.3,255,98485,20099,98485,20099,12.31066,2.51238,H2S,18.71
90,0,3.3,255,98416,20085,98416,20085,12.30209,2.51063,H2S,18.7
91,0,3.3,255,98245,20050,98245,20050,12.28063,2.50625,H2S,18.65
92,0,3.3,255,98092,20018,98092,20018,12.26161,2.50237,H2S,18.62
93,0,3.3,255,98044,20009,98044,20009,12.25554,2.50113,H2S,18.61
94,0,3.3,255,97916,19983,97916,19983,12.23961,2.49788,H2S,18.58
95,0,3.3,255,97779,19954,97779,19954,12.22241,2.49437,H2S,18.54
96,0,3.3,255,97598,19918,97598,19918,12.19978,2.48975,H2S,18.5
97,0,3.3,255,97480,19894,97480,19894,12.18507,2.48675,H2S,18.47
98,0,3.3,255,97382,19874,97382,19874,12.17282,2.48425,H2S,18.45
99,0,3.3,255,97314,19860,97314,19860,12.16425,2.4825,H2S,18.43
100,0,3.3,255,97191,19835,97191,19835,12.14896,2.47938,H2S,18.41
101,0,3.3,255,97064,19809,97064,19809,12.13304,2.47613,H2S,18.38
102,0,3.3,255,96867,19768,96867,19768,12.10849,2.47112,H2S,18.33
103,0,3.3,255,96765,19748,96765,19748,12.09565,2.4685,H2S,18.31
104,0,3.3,255,96726,19740,96726,19740,12.09075,2.4675,H2S,18.3
105,0,3.3,255,96608,19716,96608,19716,12.07605,2.4645,H2S,18.27
106,0,3.3,255,96505,19695,96505,19695,12.06321,2.46188,H2S,18.24
107,0,3.3,255,96334,19660,96334,19660,12.04175,2.4575,H2S,18.2
108,0,3.3,255,96236,19640,96236,19640,12.0295,2.455,H2S,18.18
109,0,3.3,255,96167,19626,96167,19626,12.02093,2.45325,H2S,18.16
110,0,3.3,255,95996,19591,95996,19591,11.99951,2.44888,H2S,18.12
111,0,3.3,255,95887,19568,95887,19568,11.98599,2.44612,H2S,18.1
112,0,3.3,255,95844,19560,95844,19560,11.9805,2.445,H2S,18.09
113,0,3.3,255,95741,19539,95741,19539,11.96766,2.44238,H2S,18.06
114,0,3.3,255,95623,19515,95623,19515,11.95296,2.43938,H2S,18.04
115,0,3.3,255,95486,19486,95486,19486,11.93576,2.43587,H2S,18.0
116,0,3.3,255,95368,19463,95368,19463,11.92111,2.43288,H2S,17.98
117,0,3.3,255,95270,19443,95270,19443,11.90886,2.43038,H2S,17.95
118,0,3.3,255,95182,19425,95182,19425,11.89784,2.42813,H2S,17.93
119,0,3.3,255,95084,19405,95084,19405,11.88559,2.42563,H2S,17.91
120,0,3.3,255,94991,19386,94991,19386,11.87392,2.42325,H2S,17.89
121,0,3.3,255,94937,19375,94937,19375,11.86721,2.42188,H2S,17.87
122,0,3.3,255,94775,19342,94775,19342,11.84698,2.41775,H2S,17.84
123,0,3.3,255,94682,19323,94682,19323,11.83536,2.41538,H2S,17.81
124,0,3.3,255,94643,19315,94643,19315,11.83046,2.41438,H2S,17.8
125,0,0.0,0,113126,23086,113126,23086,14.14076,2.88587,H2S,22.17
126,0,0.0,0,111126,22678,111126,22678,13.89086,2.83487,H2S,21.69
127,0,0.0,0,108539,22150,108539,22150,13.56746,2.76887,H2S,21.08
128,0,0.0,0,106060,21644,106060,21644,13.25754,2.70562,H2S,20.5
129,0,0.0,0,103669,21157,103669,21157,12.95869,2.64463,H2S,19.93
130,0,0.0,0,101361,20686,101361,20686,12.67018,2.58575,H2S,19.39
131,0,0.0,0,99141,20233,99141,20233,12.39274,2.52913,H2S,18.87
132,0,0.0,0,96990,19794,96990,19794,12.12383,2.47425,H2S,18.36
133,0,0.0,0,94952,19378,94952,19378,11.86903,2.42225,H2S,17.88
134,0,0.0,0,92948,18969,92948,18969,11.61854,2.37113,H2S,17.41
135,0,0.0,0,91046,18580,91046,18580,11.38084,2.32262,H2S,16.96
136,0,0.0,0,89219,18208,89219,18208,11.1524,2.276,H2S,16.53
137,0,0.0,0,87474,17852,87474,17852,10.93435,2.2315,H2S,16.11
138,0,0.0,0,85789,17508,85789,17508,10.72365,2.1885,H2S,15.72
139,0,0.0,0,84147,17172,84147,17172,10.51844,2.14662,H2S,15.33
140,0,0.0,0,82623,16862,82623,16862,10.32798,2.10775,H2S,14.97
141,0,0.0,0,81129,16556,81129,16556,10.14114,2.06962,H2S,14.62
142,0,0.0,0,79732,16271,79732,16271,9.9666,2.034,H2S,14.29
143,0,0.0,0,78390,15998,78390,15998,9.79878,1.99975,H2S,13.97
144,0,0.0,0,77096,15734,77096,15734,9.63708,1.96675,H2S,13.67
145,0,0.0,0,75852,15480,75852,15480,9.4815,1.935,H2S,13.37
146,0,0.0,0,74690,15243,74690,15243,9.33636,1.90538,H2S,13.1
147,0,0.0,0,73549,15010,73549,15010,9.19363,1.87625,H2S,12.83
148,0,0.0,0,72476,14791,72476,14791,9.05951,1.84888,H2S,12.58
149,0,0.0,0,71451,14582,71451,14582,8.93148,1.82275,H2S,12.33
150,0,0.0,0,70462,14380,70462,14380,8.80775,1.7975,H2S,12.1
151,0,0.0,0,69486,14180,69486,14180,8.68584,1.77262,H2S,11.87
152,0,0.0,0,68580,13996,68580,13996,8.57255,1.7495,H2S,11.66
153,0,0.0,0,67708,13818,67708,13818,8.46353,1.72725,H2S,11.45
154,0,0.0,0,66850,13643,66850,13643,8.35636,1.70538,H2S,11.25
155,0,0.0,0,66012,13472,66012,13472,8.2516,1.684,H2S,11.05
156,0,0.0,0,65248,13316,65248,13316,8.15605,1.6645,H2S,10.87
157,0,0.0,0,64459,13154,64459,13154,8.05741,1.64437,H2S,10.68
158,0,0.0,0,63744,13009,63744,13009,7.96804,1.62613,H2S,10.52
159,0,0.0,0,63008,12858,63008,12858,7.87611,1.60737,H2S,10.34
160,0,0.0,0,62352,12724,62352,12724,7.79404,1.59062,H2S,10.19
161,0,0.0,0,61661,12584,61661,12584,7.7077,1.573,H2S,10.02
162,0,0.0,0,61024,12454,61024,12454,7.62808,1.55675,H2S,9.87
163,0,0.0,0,60402,12326,60402,12326,7.55026,1.54087,H2S,9.73
164,0,0.0,0,59799,12204,59799,12204,7.47495,1.5255,H2S,9.58
165,0,0.0,0,59221,12086,59221,12086,7.40268,1.51075,H2S,9.45
166,0,0.0,0,58647,11968,58647,11968,7.33099,1.49612,H2S,9.31
167,0,0.0,0,58119,11861,58119,11861,7.26489,1.48263,H2S,9.19
168,0,0.0,0,57584,11752,57584,11752,7.1981,1.469,H2S,9.06
169,0,0.0,0,57065,11646,57065,11646,7.13318,1.45575,H2S,8.94
170,0,0.0,0,56589,11548,56589,11548,7.07374,1.44362,H2S,8.83
171,0,0.0,0,56105,11450,56105,11450,7.01313,1.43125,H2S,8.71
172,0,0.0,0,55634,11354,55634,11354,6.95432,1.41925,H2S,8.6
173,0,0.0,0,55193,11264,55193,11264,6.8992,1.408,H2S,8.5
174,0,0.0,0,54757,11175,54757,11175,6.84471,1.39688,H2S,8.4
175,0,0.0,0,54350,11092,54350,11092,6.79385,1.3865,H2S,8.3
176,0,0.0,0,53934,11006,53934,11006,6.74176,1.37587,H2S,8.2
177,0,0.0,0,53547,10928,53547,10928,6.6934,1.366,H2S,8.11
178,0,0.0,0,53155,10848,53155,10848,6.6444,1.356,H2S,8.02
179,0,0.0,0,52787,10772,52787,10772,6.59844,1.34662,H2S,7.93
180,0,0.0,0,52444,10702,52444,10702,6.55556,1.33787,H2S,7.85
181,0,0.0,0,52096,10632,52096,10632,6.5121,1.329,H2S,7.77
182,0,0.0,0,51768,10564,51768,10564,6.47104,1.32062,H2S,7.69
183,0,0.0,0,51445,10499,51445,10499,6.43066,1.31238,H2S,7.61
184,0,0.0,0,51146,10438,51146,10438,6.39328,1.30475,H2S,7.54
185,0,0.0,0,50856,10378,50856,10378,6.35711,1.29737,H2S,7.47
186,0,0.0,0,50592,10324,50592,10324,6.32404,1.29062,H2S,7.41
187,0,0.0,0,50293,10264,50293,10264,6.2867,1.283,H2S,7.34
188,0,0.0,0,50029,10210,50029,10210,6.25363,1.27625,H2S,7.28
189,0,0.0,0,49764,10156,49764,10156,6.22055,1.2695,H2S,7.22
190,0,0.0,0,49495,10101,49495,10101,6.18689,1.26263,H2S,7.15
191,0,0.0,0,49264,10054,49264,10054,6.15808,1.25675,H2S,7.1
192,0,0.0,0,49058,10012,49058,10012,6.13235,1.2515,H2S,7.05
193,0,0.0,0,48794,9958,48794,9958,6.09928,1.24475,H2S,6.99
194,0,0.0,0,48593,9916,48593,9916,6.07414,1.23962,H2S,6.94
195,0,0.0,0,48353,9868,48353,9868,6.04415,1.2335,H2S,6.88
196,0,0.0,0,48167,9830,48167,9830,6.02088,1.22875,H2S,6.84
197,0,0.0,0,47961,9788,47961,9788,5.99515,1.2235,H2S,6.79
198,0,0.0,0,47779,9750,47779,9750,5.97246,1.21887,H2S,6.75
199,0,0.0,0,47584,9711,47584,9711,5.94801,1.21388,H2S,6.7
200,0,0.0,0,47402,9674,47402,9674,5.92532,1.20925,H2S,6.66
201,0,0.0,0,47226,9638,47226,9638,5.90328,1.20475,H2S,6.62
202,0,0.0,0,47059,9604,47059,9604,5.88245,1.2005,H2S,6.58
203,0,0.0,0,46897,9570,46897,9570,5.86221,1.19637,H2S,6.54
204,0,0.0,0,46755,9542,46755,9542,5.84448,1.19275,H2S,6.51
205,0,0.0,0,46584,9506,46584,9506,5.82301,1.18837,H2S,6.47
206,0,0.0,0,46432,9476,46432,9476,5.80405,1.1845,H2S,6.43
207,0,0.0,0,46280,9445,46280,9445,5.78509,1.18063,H2S,6.4
208,0,0.0,0,46133,9414,46133,9414,5.76666,1.17687,H2S,6.36
209,0,0.0,0,46001,9388,46001,9388,5.75015,1.1735,H2S,6.33
210,0,0.0,0,45873,9362,45873,9362,5.73423,1.17025,H2S,6.3
211,0,0.0,0,45770,9340,45770,9340,5.72134,1.16762,H2S,6.27
212,0,0.0,0,45628,9312,45628,9312,5.7036,1.164,H2S,6.24
213,0,0.0,0,45506,9287,45506,9287,5.68831,1.16088,H2S,6.21
214,0,0.0,0,45408,9266,45408,9266,5.67601,1.15837,H2S,6.19
215,0,0.0,0,45285,9242,45285,9242,5.66073,1.15525,H2S,6.16
216,0,0.0,0,45183,9221,45183,9221,5.64789,1.15263,H2S,6.14
217,0,0.0,0,45074,9198,45074,9198,5.63436,1.14987,H2S,6.11
218,0,0.0,0,44982,9180,44982,9180,5.62275,1.1475,H2S,6.09
219,0,0.0,0,44908,9164,44908,9164,5.61354,1.14562,H2S,6.07
220,0,0.0,0,44805,9144,44805,9144,5.6007,1.143,H2S,6.05
221,0,0.0,0,44722,9127,44722,9127,5.59031,1.14088,H2S,6.03
222,0,0.0,0,44629,9108,44629,9108,5.57865,1.1385,H2S,6.01
223,0,0.0,0,44545,9090,44545,9090,5.56821,1.13637,H2S,5.99
224,0,0.0,0,44467,9074,44467,9074,5.55841,1.13437,H2S,5.97
225,0,0.0,0,44394,9060,44394,9060,5.54925,1.1325,H2S,5.95
226,0,0.0,0,44325,9046,44325,9046,5.54068,1.13075,H2S,5.93
227,0,0.0,0,44276,9036,44276,9036,5.53455,1.1295,H2S,5.92
228,0,0.0,0,44193,9019,44193,9019,5.52416,1.12738,H2S,5.9
229,0,0.0,0,44144,9009,44144,9009,5.51804,1.12613,H2S,5.89
230,0,0.0,0,44085,8996,44085,8996,5.51064,1.12462,H2S,5.88
231,0,0.0,0,44031,8986,44031,8986,5.50393,1.12325,H2S,5.86
232,0,0.0,0,43982,8976,43982,8976,5.4978,1.122,H2S,5.85
233,0,0.0,0,43923,8964,43923,8964,5.49045,1.1205,H2S,5.84
234,0,0.0,0,43879,8955,43879,8955,5.48496,1.11938,H2S,5.83
235,0,0.0,0,43835,8946,43835,8946,5.47942,1.11825,H2S,5.82
236,0,0.0,0,43796,8938,43796,8938,5.47453,1.11725,H2S,5.81
237,0,0.0,0,43747,8928,43747,8928,5.4684,1.116,H2S,5.8
238,0,0.0,0,43742,8926,43742,8926,5.46776,1.11587,H2S,5.8
239,0,0.0,0,43693,8916,43693,8916,5.46164,1.11462,H2S,5.78
240,0,0.0,0,43678,8914,43678,8914,5.45983,1.11425,H2S,5.78
241,0,0.0,0,43659,8910,43659,8910,5.45738,1.11375,H2S,5.78
242,0,0.0,0,43624,8903,43624,8903,5.45311,1.11288,H2S,5.77
243,0,0.0,0,43585,8894,43585,8894,5.44816,1.11187,H2S,5.76
244,0,0.0,0,43561,8890,43561,8890,5.44513,1.11125,H2S,5.75
245,0,0.0,0,43546,8887,43546,8887,5.44331,1.11088,H2S,5.75
246,0,0.0,0,43541,8886,43541,8886,5.44267,1.11075,H2S,5.75
247,0,0.0,0,43517,8881,43517,8881,5.43964,1.11013,H2S,5.74
248,0,0.0,0,43502,8878,43502,8878,5.43778,1.10975,H2S,5.74
249,0,0.0,0,43497,8877,43497,8877,5.43719,1.10963,H2S,5.74
0,0,3.3,255,36441,7437,36441,7437,4.55519,0.92963,H2S,4.07
1,0,3.3,255,38445,7846,38445,7846,4.80568,0.98075,H2S,4.55
2,0,3.3,255,41522,8474,41522,8474,5.19033,1.05925,H2S,5.27
3,0,3.3,255,44673,9117,44673,9117,5.58419,1.13963,H2S,6.02
4,0,3.3,255,47789,9753,47789,9753,5.97374,1.21913,H2S,6.75
5,0,3.3,255,50842,10376,50842,10376,6.3553,1.297,H2S,7.47
6,0,3.3,255,53816,10983,53816,10983,6.72711,1.37288,H2S,8.17
7,0,3.3,255,56702,11572,56702,11572,7.08785,1.4465,H2S,8.85
8,0,3.3,255,59495,12142,59495,12142,7.43698,1.51775,H2S,9.51
9,0,3.3,255,62195,12692,62195,12692,7.77444,1.58662,H2S,10.15
10,0,3.3,255,64778,13220,64778,13220,8.09725,1.6525,H2S,10.76
11,0,3.3,255,67252,13724,67252,13724,8.40654,1.71562,H2S,11.34
12,0,3.3,255,69609,14206,69609,14206,8.70118,1.77575,H2S,11.9
13,0,3.3,255,71863,14666,71863,14666,8.98293,1.83325,H2S,12.43
14,0,3.3,255,73980,15098,73980,15098,9.24753,1.88725,H2S,12.93
15,0,3.3,255,76013,15512,76013,15512,9.50169,1.93912,H2S,13.41
16,0,3.3,255,77924,15903,77924,15903,9.74061,1.98788,H2S,13.86
17,0,3.3,255,79728,16271,79728,16271,9.96601,2.03388,H2S,14.29
18,0,3.3,255,81394,16611,81394,16611,10.17426,2.07638,H2S,14.68
19,0,3.3,255,82966,16932,82966,16932,10.37085,2.1165,H2S,15.05
20,0,3.3,255,84432,17231,84432,17231,10.55401,2.15388,H2S,15.4
21,0,3.3,255,85784,17507,85784,17507,10.72306,2.18838,H2S,15.71
22,0,3.3,255,87019,17759,87019,17759,10.87741,2.21988,H2S,16.01
23,0,3.3,255,88244,18009,88244,18009,11.03054,2.25113,H2S,16.3
24,0,3.3,255,89366,18238,89366,18238,11.17078,2.27975,H2S,16.56
25,0,3.3,255,90468,18463,90468,18463,11.30861,2.30788,H2S,16.82
26,0,3.3,255,91443,18662,91443,18662,11.43047,2.33275,H2S,17.05
27,0,3.3,255,92335,18844,92335,18844,11.54195,2.3555,H2S,17.26
28,0,3.3,255,93183,19016,93183,19016,11.64789,2.37712,H2S,17.46
29,0,3.3,255,93947,19172,93947,19172,11.74344,2.39662,H2S,17.64
30,0,3.3,255,94618,19310,94618,19310,11.82737,2.41375,H2S,17.8
31,0,3.3,255,95295,19448,95295,19448,11.9119,2.431,H2S,17.96
32,0,3.3,255,95937,19579,95937,19579,11.99216,2.44738,H2S,18.11
33,0,3.3,255,96583,19710,96583,19710,12.07296,2.46387,H2S,18.26
34,0,3.3,255,97103,19817,97103,19817,12.13794,2.47713,H2S,18.39
35,0,3.3,255,97603,19919,97603,19919,12.20041,2.48988,H2S,18.5
36,0,3.3,255,97985,19996,97985,19996,12.24814,2.49962,H2S,18.59
37,0,3.3,255,98421,20086,98421,20086,12.30268,2.51075,H2S,18.7
38,0,3.3,255,98872,20178,98872,20178,12.35903,2.52225,H2S,18.8
39,0,3.3,255,99230,20251,99230,20251,12.40376,2.53138,H2S,18.89
40,0,3.3,255,99548,20316,99548,20316,12.44355,2.5395,H2S,18.96
41,0,3.3,255,99778,20362,99778,20362,12.47231,2.54537,H2S,19.02
42,0,3.3,255,100072,20422,100072,20422,12.50906,2.55287,H2S,19.09
43,0,3.3,255,100381,20486,100381,20486,12.54768,2.56075,H2S,19.16
44,0,3.3,255,100606,20532,100606,20532,12.57585,2.5665,H2S,19.21
45,0,3.3,255,100739,20559,100739,20559,12.59241,2.56988,H2S,19.24
46,0,3.3,255,100940,20600,100940,20600,12.6175,2.575,H2S,19.29
47,0,3.3,255,101170,20646,101170,20646,12.64626,2.58087,H2S,19.34
48,0,3.3,255,101317,20676,101317,20676,12.66464,2.58462,H2S,19.38
49,0,3.3,255,101381,20690,101381,20690,12.67263,2.58625,H2S,19.39
50,0,3.3,255,101498,20714,101498,20714,12.68732,2.58925,H2S,19.42
51,0,3.3,255,101640,20742,101640,20742,12.70506,2.59287,H2S,19.46
52,0,3.3,255,101714,20758,101714,20758,12.71428,2.59475,H2S,19.47
53,0,3.3,255,101778,20771,101778,20771,12.72226,2.59638,H2S,19.49
54,0,3.3,255,101816,20778,101816,20778,12.72711,2.59737,H2S,19.5
55,0,3.3,255,101812,20778,101812,20778,12.72653,2.59725,H2S,19.5
56,0,3.3,255,101880,20792,101880,20792,12.7351,2.599,H2S,19.51
57,0,3.3,255,101856,20786,101856,20786,12.73201,2.59837,H2S,19.51
58,0,3.3,255,101920,20800,101920,20800,12.74,2.6,H2S,19.52
59,0,3.3,255,101914,20798,101914,20798,12.73936,2.59987,H2S,19.52
60,0,3.3,255,101895,20795,101895,20795,12.73696,2.59938,H2S,19.52
61,0,3.3,255,101812,20778,101812,20778,12.72653,2.59725,H2S,19.5
62,0,3.3,255,101807,20777,101807,20777,12.72594,2.59713,H2S,19.5
63,0,3.3,255,101841,20784,101841,20784,12.7302,2.598,H2S,19.5
64,0,3.3,255,101724,20760,101724,20760,12.7155,2.595,H2S,19.48
65,0,3.3,255,101743,20764,101743,20764,12.71795,2.5955,H2S,19.48
66,0,3.3,255,101689,20753,101689,20753,12.71124,2.59413,H2S,19.47
67,0,3.3,255,101640,20742,101640,20742,12.70506,2.59287,H2S,19.46
68,0,3.3,255,101582,20731,101582,20731,12.69776,2.59138,H2S,19.44
69,0,3.3,255,101459,20706,101459,20706,12.68243,2.58825,H2S,19.41
70,0,3.3,255,101390,20692,101390,20692,12.67385,2.5865,H2S,19.4
71,0,3.3,255,101326,20678,101326,20678,12.66586,2.58487,H2S,19.38
72,0,3.3,255,101268,20667,101268,20667,12.65856,2.58338,H2S,19.37
73,0,3.3,255,101155,20644,101155,20644,12.64445,2.5805,H2S,19.34
74,0,3.3,255,101136,20640,101136,20640,12.642,2.58,H2S,19.34
75,0,3.3,255,100974,20606,100974,20606,12.62176,2.57587,H2S,19.3
76,0,3.3,255,100885,20588,100885,20588,12.61074,2.57362,H2S,19.28
77,0,3.3,255,100846,20580,100846,20580,12.60584,2.57262,H2S,19.27
78,0,3.3,255,100675,20546,100675,20546,12.58443,2.56825,H2S,19.23
79,0,3.3,255,100636,20538,100636,20538,12.57953,2.56725,H2S,19.22
80,0,3.3,255,100523,20515,100523,20515,12.56546,2.56438,H2S,19.19
81,0,3.3,255,100322,20474,100322,20474,12.54033,2.55925,H2S,19.14
82,0,3.3,255,100204,20450,100204,20450,12.52562,2.55625,H2S,19.12
83,0,3.3,255,100175,20444,100175,20444,12.52195,2.5555,H2S,19.11
84,0,3.3,255,100014,20411,100014,20411,12.50176,2.55138,H2S,19.07
85,0,3.3,255,99905,20388,99905,20388,12.48824,2.54862,H2S,19.05
86,0,3.3,255,99788,20364,99788,20364,12.47354,2.54562,H2S,19.02
87,0,3.3,255,99671,20341,99671,20341,12.45889,2.54263,H2S,18.99
88,0,3.3,255,99543,20315,99543,20315,12.44296,2.53938,H2S,18.96
89,0,3.3,255,99416,20289,99416,20289,12.42704,2.53613,H2S,18.93
90,0,3.3,255,99298,20265,99298,20265,12.41234,2.53313,H2S,18.9
91,0,3.3,255,99176,20240,99176,20240,12.397,2.53,H2S,18.87
92,0,3.3,255,99058,20216,99058,20216,12.3823,2.527,H2S,18.85
93,0,3.3,255,98926,20189,98926,20189,12.36579,2.52363,H2S,18.82
94,0,3.3,255,98808,20164,98808,20164,12.35104,2.52062,H2S,18.79
95,0,3.3,255,98686,20140,98686,20140,12.33575,2.5175,H2S,18.76
96,0,3.3,255,98573,20117,98573,20117,12.32169,2.51463,H2S,18.73
97,0,3.3,255,98435,20088,98435,20088,12.30449,2.51112,H2S,18.7
98,0,3.3,255,98313,20064,98313,20064,12.2892,2.508,H2S,18.67
99,0,3.3,255,98201,20041,98201,20041,12.27514,2.50513,H2S,18.64
100,0,3.3,255,98073,20015,98073,20015,12.25921,2.50188,H2S,18.61
101,0,3.3,255,97950,19990,97950,19990,12.24387,2.49875,H2S,18.59
102,0,3.3,255,97828,19964,97828,19964,12.22854,2.49562,H2S,18.56
103,0,3.3,255,97710,19940,97710,19940,12.21384,2.49262,H2S,18.53
104,0,3.3,255,97598,19918,97598,19918,12.19978,2.48975,H2S,18.5
105,0,3.3,255,97470,19892,97470,19892,12.18385,2.4865,H2S,18.47
106,0,3.3,255,97357,19868,97357,19868,12.16974,2.48362,H2S,18.45
107,0,3.3,255,97240,19844,97240,19844,12.15504,2.48062,H2S,18.42
108,0,3.3,255,97118,19820,97118,19820,12.13975,2.4775,H2S,18.39
109,0,3.3,255,97005,19797,97005,19797,12.12569,2.47463,H2S,18.36
110,0,3.3,255,96887,19772,96887,19772,12.11094,2.47162,H2S,18.33
111,0,3.3,255,96765,19748,96765,19748,12.09565,2.4685,H2S,18.31
112,0,3.3,255,96657,19726,96657,19726,12.08217,2.46575,H2S,18.28
113,0,3.3,255,96554,19704,96554,19704,12.06929,2.46312,H2S,18.26
114,0,3.3,255,96437,19681,96437,19681,12.05464,2.46013,H2S,18.23
115,0,3.3,255,96324,19658,96324,19658,12.04053,2.45725,H2S,18.2
116,0,3.3,255,96216,19636,96216,19636,12.02705,2.4545,H2S,18.18
117,0,3.3,255,96118,19616,96118,19616,12.0148,2.452,H2S,18.15
118,0,3.3,255,96010,19594,96010,19594,12.00133,2.44925,H2S,18.13
119,0,3.3,255,95898,19571,95898,19571,11.98726,2.44638,H2S,18.1
120,0,3.3,255,95799,19550,95799,19550,11.97496,2.44387,H2S,18.08
121,0,3.3,255,95691,19528,95691,19528,11.96149,2.44112,H2S,18.05
122,0,3.3,255,95589,19508,95589,19508,11.94865,2.4385,H2S,18.03
123,0,3.3,255,95496,19489,95496,19489,11.93704,2.43613,H2S,18.01
124,0,3.3,255,95398,19469,95398,19469,11.92479,2.43363,H2S,17.98
125,0,0.0,0,114042,23274,114042,23274,14.25533,2.90925,H2S,22.38
126,0,0.0,0,112048,22867,112048,22867,14.00606,2.85838,H2S,21.91
127,0,0.0,0,109490,22344,109490,22344,13.68629,2.79312,H2S,21.31
128,0,0.0,0,106991,21835,106991,21835,13.37396,2.72938,H2S,20.72
129,0,0.0,0,104629,21353,104629,21353,13.07874,2.66913,H2S,20.16
130,0,0.0,0,102331,20884,102331,20884,12.79145,2.6105,H2S,19.62
131,0,0.0,0,100106,20430,100106,20430,12.51337,2.55375,H2S,19.09
132,0,0.0,0,97955,19990,97955,19990,12.24446,2.49887,H2S,18.59
133,0,0.0,0,95898,19571,95898,19571,11.98726,2.44638,H2S,18.1
134,0,0.0,0,93923,19168,93923,19168,11.7404,2.396,H2S,17.64
135,0,0.0,0,92022,18780,92022,18780,11.50275,2.3475,H2S,17.19
136,0,0.0,0,90164,18400,90164,18400,11.27059,2.30012,H2S,16.75
137,0,0.0,0,88396,18040,88396,18040,11.0495,2.255,H2S,16.33
138,0,0.0,0,86700,17694,86700,17694,10.83758,2.21175,H2S,15.93
139,0,0.0,0,85088,17364,85088,17364,10.63604,2.17062,H2S,15.55
140,0,0.0,0,83539,17048,83539,17048,10.44249,2.13112,H2S,15.19
141,0,0.0,0,82026,16740,82026,16740,10.25325,2.0925,H2S,14.83
142,0,0.0,0,80610,16451,80610,16451,10.07626,2.05638,H2S,14.49
143,0,0.0,0,79247,16172,79247,16172,9.90594,2.02162,H2S,14.17
144,0,0.0,0,77944,15907,77944,15907,9.74306,1.98838,H2S,13.87
145,0,0.0,0,76719,15657,76719,15657,9.58994,1.95713,H2S,13.58
146,0,0.0,0,75553,15419,75553,15419,9.44416,1.92738,H2S,13.3
147,0,0.0,0,74391,15182,74391,15182,9.29898,1.89775,H2S,13.03
148,0,0.0,0,73298,14958,73298,14958,9.16236,1.86987,H2S,12.77
149,0,0.0,0,72275,14750,72275,14750,9.03438,1.84375,H2S,12.53
150,0,0.0,0,71270,14544,71270,14544,8.90879,1.81812,H2S,12.29
151,0,0.0,0,70310,14349,70310,14349,8.78879,1.79363,H2S,12.06
152,0,0.0,0,69388,14160,69388,14160,8.67359,1.77012,H2S,11.85
153,0,0.0,0,68502,13980,68502,13980,8.56275,1.7475,H2S,11.64
154,0,0.0,0,67644,13804,67644,13804,8.45554,1.72562,H2S,11.44
155,0,0.0,0,66811,13634,66811,13634,8.35141,1.70437,H2S,11.24
156,0,0.0,0,66012,13472,66012,13472,8.2516,1.684,H2S,11.05
157,0,0.0,0,65253,13317,65253,13317,8.15669,1.66463,H2S,10.87
158,0,0.0,0,64508,13164,64508,13164,8.06354,1.64562,H2S,10.7
159,0,0.0,0,63793,13019,63793,13019,7.97416,1.62738,H2S,10.53
160,0,0.0,0,63097,12877,63097,12877,7.88719,1.60963,H2S,10.36
161,0,0.0,0,62445,12744,62445,12744,7.8057,1.593,H2S,10.21
162,0,0.0,0,61794,12611,61794,12611,7.72426,1.57638,H2S,10.06
163,0,0.0,0,61166,12483,61166,12483,7.64586,1.56038,H2S,9.91
164,0,0.0,0,60573,12362,60573,12362,7.57173,1.54525,H2S,9.77
165,0,0.0,0,60010,12246,60010,12246,7.50126,1.53087,H2S,9.63
166,0,0.0,0,59422,12127,59422,12127,7.42781,1.51588,H2S,9.5
167,0,0.0,0,58878,12016,58878,12016,7.3598,1.502,H2S,9.37
168,0,0.0,0,58339,11906,58339,11906,7.29243,1.48825,H2S,9.24
169,0,0.0,0,57820,11800,57820,11800,7.2275,1.475,H2S,9.12
170,0,0.0,0,57344,11702,57344,11702,7.16806,1.46287,H2S,9.01
171,0,0.0,0,56859,11604,56859,11604,7.10745,1.4505,H2S,8.89
172,0,0.0,0,56403,11510,56403,11510,7.05046,1.43887,H2S,8.78
173,0,0.0,0,55933,11414,55933,11414,6.99166,1.42687,H2S,8.67
174,0,0.0,0,55517,11330,55517,11330,6.93963,1.41625,H2S,8.57
175,0,0.0,0,55095,11244,55095,11244,6.88695,1.4055,H2S,8.47
176,0,0.0,0,54708,11164,54708,11164,6.83854,1.39562,H2S,8.38
177,0,0.0,0,54316,11085,54316,11085,6.78959,1.38563,H2S,8.29
178,0,0.0,0,53914,11003,53914,11003,6.73936,1.37538,H2S,8.2
179,0,0.0,0,53537,10926,53537,10926,6.69218,1.36575,H2S,8.11
180,0,0.0,0,53189,10855,53189,10855,6.64871,1.35688,H2S,8.03
181,0,0.0,0,52856,10787,52856,10787,6.60706,1.34838,H2S,7.95
182,0,0.0,0,52542,10723,52542,10723,6.56786,1.34038,H2S,7.87
183,0,0.0,0,52219,10657,52219,10657,6.52744,1.33213,H2S,7.8
184,0,0.0,0,51915,10595,51915,10595,6.48946,1.32438,H2S,7.72
185,0,0.0,0,51602,10531,51602,10531,6.45026,1.31638,H2S,7.65
186,0,0.0,0,51308,10471,51308,10471,6.41351,1.30888,H2S,7.58
187,0,0.0,0,51023,10413,51023,10413,6.37799,1.30163,H2S,7.51
188,0,0.0,0,50764,10360,50764,10360,6.3455,1.295,H2S,7.45
189,0,0.0,0,50494,10304,50494,10304,6.31179,1.28812,H2S,7.39
190,0,0.0,0,50254,10256,50254,10256,6.2818,1.282,H2S,7.33
191,0,0.0,0,50009,10206,50009,10206,6.25117,1.27575,H2S,7.27
192,0,0.0,0,49769,10157,49769,10157,6.22119,1.26963,H2S,7.22
193,0,0.0,0,49544,10111,49544,10111,6.19301,1.26388,H2S,7.17
194,0,0.0,0,49323,10066,49323,10066,6.16543,1.25825,H2S,7.11
195,0,0.0,0,49107,10022,49107,10022,6.13848,1.25275,H2S,7.06
196,0,0.0,0,48906,9980,48906,9980,6.11334,1.24762,H2S,7.01
197,0,0.0,0,48696,9938,48696,9938,6.08703,1.24225,H2S,6.97
198,0,0.0,0,48495,9897,48495,9897,6.06194,1.23713,H2S,6.92
199,0,0.0,0,48333,9864,48333,9864,6.0417,1.233,H2S,6.88
200,0,0.0,0,48132,9823,48132,9823,6.01661,1.22788,H2S,6.83
201,0,0.0,0,47961,9788,47961,9788,5.99515,1.2235,H2S,6.79
202,0,0.0,0,47809,9756,47809,9756,5.97614,1.21962,H2S,6.76
203,0,0.0,0,47637,9722,47637,9722,5.95472,1.21525,H2S,6.72
204,0,0.0,0,47476,9689,47476,9689,5.93454,1.21113,H2S,6.68
205,0,0.0,0,47304,9654,47304,9654,5.91308,1.20675,H2S,6.64
206,0,0.0,0,47187,9630,47187,9630,5.89838,1.20375,H2S,6.61
207,0,0.0,0,47045,9601,47045,9601,5.88064,1.20013,H2S,6.58
208,0,0.0,0,46917,9574,46917,9574,5.86466,1.19687,H2S,6.55
209,0,0.0,0,46770,9544,46770,9544,5.84629,1.19312,H2S,6.51
210,0,0.0,0,46643,9519,46643,9519,5.83041,1.18988,H2S,6.48
211,0,0.0,0,46505,9490,46505,9490,5.81321,1.18637,H2S,6.45
212,0,0.0,0,46408,9471,46408,9471,5.80101,1.18388,H2S,6.43
213,0,0.0,0,46290,9446,46290,9446,5.78626,1.18087,H2S,6.4
214,0,0.0,0,46158,9420,46158,9420,5.76975,1.1775,H2S,6.37
215,0,0.0,0,46030,9394,46030,9394,5.75383,1.17425,H2S,6.34
216,0,0.0,0,45952,9378,45952,9378,5.74403,1.17225,H2S,6.32
217,0,0.0,0,45834,9354,45834,9354,5.72933,1.16925,H2S,6.29
218,0,0.0,0,45751,9336,45751,9336,5.71889,1.16712,H2S,6.27
219,0,0.0,0,45643,9314,45643,9314,5.70541,1.16437,H2S,6.24
220,0,0.0,0,45575,9301,45575,9301,5.69689,1.16263,H2S,6.23
221,0,0.0,0,45477,9281,45477,9281,5.68464,1.16013,H2S,6.21
222,0,0.0,0,45398,9265,45398,9265,5.67484,1.15813,H2S,6.19
223,0,0.0,0,45305,9246,45305,9246,5.66318,1.15575,H2S,6.17
224,0,0.0,0,45251,9234,45251,9234,5.65641,1.15437,H2S,6.15
225,0,0.0,0,45163,9217,45163,9217,5.64544,1.15213,H2S,6.13
226,0,0.0,0,45094,9202,45094,9202,5.63681,1.15037,H2S,6.12
227,0,0.0,0,45026,9189,45026,9189,5.62829,1.14863,H2S,6.1
228,0,0.0,0,44962,9176,44962,9176,5.6203,1.147,H2S,6.08
229,0,0.0,0,44913,9166,44913,9166,5.61418,1.14575,H2S,6.07
230,0,0.0,0,44854,9154,44854,9154,5.60683,1.14425,H2S,6.06
231,0,0.0,0,44780,9138,44780,9138,5.59761,1.14237,H2S,6.04
232,0,0.0,0,44727,9128,44727,9128,5.5909,1.141,H2S,6.03
233,0,0.0,0,44688,9120,44688,9120,5.586,1.14,H2S,6.02
234,0,0.0,0,44644,9111,44644,9111,5.58051,1.13888,H2S,6.01
235,0,0.0,0,44595,9101,44595,9101,5.57439,1.13763,H2S,6.0
236,0,0.0,0,44545,9090,44545,9090,5.56821,1.13637,H2S,5.99
237,0,0.0,0,44511,9084,44511,9084,5.56395,1.1355,H2S,5.98
238,0,0.0,0,44457,9073,44457,9073,5.55724,1.13413,H2S,5.97
239,0,0.0,0,44452,9072,44452,9072,5.5566,1.134,H2S,5.96
240,0,0.0,0,44428,9067,44428,9067,5.55356,1.13338,H2S,5.96
241,0,0.0,0,44394,9060,44394,9060,5.54925,1.1325,H2S,5.95
242,0,0.0,0,44374,9056,44374,9056,5.5468,1.132,H2S,5.95
243,0,0.0,0,44335,9048,44335,9048,5.5419,1.131,H2S,5.94
244,0,0.0,0,44320,9044,44320,9044,5.54004,1.13062,H2S,5.93
245,0,0.0,0,44290,9038,44290,9038,5.53636,1.12987,H2S,5.93
246,0,0.0,0,44296,9040,44296,9040,5.537,1.13,H2S,5.93
247,0,0.0,0,44256,9032,44256,9032,5.5321,1.129,H2S,5.92
248,0,0.0,0,44246,9030,44246,9030,5.53087,1.12875,H2S,5.92
249,0,0.0,0,44222,9025,44222,9025,5.52784,1.12813,H2S,5.91
0,0,3.3,255,37058,7562,37058,7562,4.63231,0.94537,H2S,4.22
1,0,3.3,255,39092,7978,39092,7978,4.88652,0.99725,H2S,4.7
2,0,3.3,255,42189,8610,42189,8610,5.27363,1.07625,H2S,5.43
3,0,3.3,255,45364,9258,45364,9258,5.67052,1.15725,H2S,6.18
4,0,3.3,255,48500,9898,48500,9898,6.06252,1.23725,H2S,6.92
5,0,3.3,255,51577,10526,51577,10526,6.44718,1.31575,H2S,7.64
6,0,3.3,255,54571,11137,54571,11137,6.82144,1.39213,H2S,8.35
7,0,3.3,255,57457,11726,57457,11726,7.18218,1.46575,H2S,9.03
8,0,3.3,255,60240,12294,60240,12294,7.53008,1.53675,H2S,9.69
9,0,3.3,255,62935,12844,62935,12844,7.86695,1.6055,H2S,10.32
10,0,3.3,255,65527,13372,65527,13372,8.19094,1.67162,H2S,10.94
11,0,3.3,255,67992,13876,67992,13876,8.49905,1.7345,H2S,11.52
12,0,3.3,255,70349,14356,70349,14356,8.79364,1.79462,H2S,12.07
13,0,3.3,255,72578,14812,72578,14812,9.07235,1.8515,H2S,12.6
14,0,3.3,255,74705,15246,74705,15246,9.33818,1.90575,H2S,13.1
15,0,3.3,255,76699,15653,76699,15653,9.58749,1.95663,H2S,13.57
16,0,3.3,255,78601,16041,78601,16041,9.82514,2.00513,H2S,14.02
17,0,3.3,255,80403,16408,80403,16408,10.05049,2.05112,H2S,14.45
18,0,3.3,255,82055,16746,82055,16746,10.25693,2.09325,H2S,14.84
19,0,3.3,255,83608,17062,83608,17062,10.45106,2.13287,H2S,15.2
20,0,3.3,255,85019,17350,85019,17350,10.62746,2.16887,H2S,15.53
21,0,3.3,255,86426,17638,86426,17638,10.80328,2.20475,H2S,15.87
22,0,3.3,255,87641,17886,87641,17886,10.95518,2.23575,H2S,16.15
23,0,3.3,255,88856,18134,88856,18134,11.10708,2.26675,H2S,16.44
24,0,3.3,255,89964,18360,89964,18360,11.2455,2.295,H2S,16.7
25,0,3.3,255,91002,18572,91002,18572,11.37535,2.3215,H2S,16.95
26,0,3.3,255,92031,18782,92031,18782,11.50398,2.34775,H2S,17.19
27,0,3.3,255,92933,18966,92933,18966,11.61668,2.37075,H2S,17.4
28,0,3.3,255,93707,19124,93707,19124,11.71345,2.3905,H2S,17.58
29,0,3.3,255,94476,19280,94476,19280,11.80959,2.41012,H2S,17.77
30,0,3.3,255,95270,19443,95270,19443,11.90886,2.43038,H2S,17.95
31,0,3.3,255,95858,19562,95858,19562,11.98231,2.44537,H2S,18.09
32,0,3.3,255,96554,19704,96554,19704,12.06929,2.46312,H2S,18.26
33,0,3.3,255,97112,19818,97112,19818,12.13911,2.47737,H2S,18.39
34,0,3.3,255,97588,19916,97588,19916,12.19855,2.4895,H2S,18.5
35,0,3.3,255,98078,20016,98078,20016,12.2598,2.502,H2S,18.62
36,0,3.3,255,98539,20110,98539,20110,12.31738,2.51375,H2S,18.72
37,0,3.3,255,99004,20204,99004,20204,12.37554,2.52562,H2S,18.83
38,0,3.3,255,99332,20272,99332,20272,12.4166,2.534,H2S,18.91
39,0,3.3,255,99710,20349,99710,20349,12.46379,2.54363,H2S,19.0
40,0,3.3,255,100043,20417,100043,20417,12.50544,2.55213,H2S,19.08
41,0,3.3,255,100405,20490,100405,20490,12.55071,2.56137,H2S,19.16
42,0,3.3,255,100675,20546,100675,20546,12.58443,2.56825,H2S,19.23
43,0,3.3,255,100915,20594,100915,20594,12.61441,2.57437,H2S,19.28
44,0,3.3,255,101067,20626,101067,20626,12.63343,2.57825,H2S,19.32
45,0,3.3,255,101341,20682,101341,20682,12.66773,2.58525,H2S,19.39
46,0,3.3,255,101464,20707,101464,20707,12.68306,2.58838,H2S,19.41
47,0,3.3,255,101699,20754,101699,20754,12.71241,2.59437,H2S,19.47
48,0,3.3,255,101773,20770,101773,20770,12.72163,2.59625,H2S,19.49
49,0,3.3,255,101924,20800,101924,20800,12.74059,2.60012,H2S,19.52
50,0,3.3,255,102071,20830,102071,20830,12.75896,2.60387,H2S,19.56
51,0,3.3,255,102101,20836,102101,20836,12.76264,2.60462,H2S,19.56
52,0,3.3,255,102263,20870,102263,20870,12.78288,2.60875,H2S,19.6
53,0,3.3,255,102282,20874,102282,20874,12.78533,2.60925,H2S,19.61
54,0,3.3,255,102346,20887,102346,20887,12.79331,2.61088,H2S,19.62
55,0,3.3,255,102385,20894,102385,20894,12.79816,2.61187,H2S,19.63
56,0,3.3,255,102424,20902,102424,20902,12.80306,2.61287,H2S,19.64
57,0,3.3,255,102434,20905,102434,20905,12.80434,2.61313,H2S,19.64
58,0,3.3,255,102453,20908,102453,20908,12.80674,2.61362,H2S,19.65
59,0,3.3,255,102444,20907,102444,20907,12.80556,2.61338,H2S,19.65
60,0,3.3,255,102439,20906,102439,20906,12.80493,2.61325,H2S,19.64
61,0,3.3,255,102429,20904,102429,20904,12.8037,2.613,H2S,19.64
62,0,3.3,255,102410,20900,102410,20900,12.80125,2.6125,H2S,19.64
63,0,3.3,255,102375,20893,102375,20893,12.79699,2.61163,H2S,19.63
64,0,3.3,255,102341,20886,102341,20886,12.79268,2.61075,H2S,19.62
65,0,3.3,255,102302,20878,102302,20878,12.78778,2.60975,H2S,19.61
66,0,3.3,255,102253,20868,102253,20868,12.78165,2.6085,H2S,19.6
67,0,3.3,255,102204,20858,102204,20858,12.77553,2.60725,H2S,19.59
68,0,3.3,255,102135,20844,102135,20844,12.76695,2.6055,H2S,19.57
69,0,3.3,255,102062,20829,102062,20829,12.75779,2.60363,H2S,19.56
70,0,3.3,255,101998,20816,101998,20816,12.7498,2.602,H2S,19.54
71,0,3.3,255,101920,20800,101920,20800,12.74,2.6,H2S,19.52
72,0,3.3,255,101836,20783,101836,20783,12.72961,2.59788,H2S,19.5
73,0,3.3,255,101763,20768,101763,20768,12.7204,2.596,H2S,19.48
74,0,3.3,255,101680,20751,101680,20751,12.71001,2.59388,H2S,19.47
75,0,3.3,255,101586,20732,101586,20732,12.69835,2.5915,H2S,19.44
76,0,3.3,255,101483,20710,101483,20710,12.68546,2.58887,H2S,19.42
77,0,3.3,255,101400,20694,101400,20694,12.67507,2.58675,H2S,19.4
78,0,3.3,255,101292,20672,101292,20672,12.6616,2.584,H2S,19.37
79,0,3.3,255,101189,20650,101189,20650,12.64871,2.58137,H2S,19.35
80,0,3.3,255,101082,20629,101082,20629,12.63529,2.57863,H2S,19.32
81,0,3.3,255,100930,20598,100930,20598,12.61627,2.57475,H2S,19.29
82,0,3.3,255,100842,20580,100842,20580,12.60525,2.5725,H2S,19.27
83,0,3.3,255,100729,20556,100729,20556,12.59114,2.56962,H2S,19.24
84,0,3.3,255,100665,20544,100665,20544,12.5832,2.568,H2S,19.23
85,0,3.3,255,100523,20515,100523,20515,12.56546,2.56438,H2S,19.19
86,0,3.3,255,100342,20478,100342,20478,12.54278,2.55975,H2S,19.15
87,0,3.3,255,100258,20460,100258,20460,12.53234,2.55762,H2S,19.13
88,0,3.3,255,100146,20438,100146,20438,12.51828,2.55475,H2S,19.1
89,0,3.3,255,100023,20413,100023,20413,12.50299,2.55163,H2S,19.07
90,0,3.3,255,99901,20388,99901,20388,12.48765,2.5485,H2S,19.05
91,0,3.3,255,99813,20370,99813,20370,12.47663,2.54625,H2S,19.02
92,0,3.3,255,99685,20344,99685,20344,12.4607,2.543,H2S,18.99
93,0,3.3,255,99484,20303,99484,20303,12.43561,2.53788,H2S,18.95
94,0,3.3,255,99376,20280,99376,20280,12.42209,2.53512,H2S,18.92
95,0,3.3,255,99313,20268,99313,20268,12.41415,2.5335,H2S,18.91
96,0,3.3,255,99190,20242,99190,20242,12.39881,2.53037,H2S,18.88
97,0,3.3,255,98985,20201,98985,20201,12.37314,2.52513,H2S,18.83
98,0,3.3,255,98876,20178,98876,20178,12.35961,2.52237,H2S,18.8
99,0,3.3,255,98784,20160,98784,20160,12.348,2.52,H2S,18.78
100,0,3.3,255,98715,20146,98715,20146,12.33943,2.51825,H2S,18.77
101,0,3.3,255,98539,20110,98539,20110,12.31738,2.51375,H2S,18.72
102,0,3.3,255,98401,20082,98401,20082,12.30023,2.51025,H2S,18.69
103,0,3.3,255,98352,20072,98352,20072,12.2941,2.509,H2S,18.68
104,0,3.3,255,98151,20030,98151,20030,12.26896,2.50387,H2S,18.63
105,0,3.3,255,98039,20008,98039,20008,12.2549,2.501,H2S,18.61
106,0,3.3,255,97990,19998,97990,19998,12.24878,2.49975,H2S,18.59
107,0,3.3,255,97808,19960,97808,19960,12.22609,2.49512,H2S,18.55
108,0,3.3,255,97764,19952,97764,19952,12.2206,2.494,H2S,18.54
109,0,3.3,255,97578,19914,97578,19914,12.19733,2.48925,H2S,18.5
110,0,3.3,255,97534,19905,97534,19905,12.19184,2.48813,H2S,18.49
111,0,3.3,255,97363,19870,97363,19870,12.17038,2.48375,H2S,18.45
112,0,3.3,255,97255,19848,97255,19848,12.1569,2.481,H2S,18.42
113,0,3.3,255,97152,19827,97152,19827,12.14406,2.47838,H2S,18.4
114,0,3.3,255,97044,19804,97044,19804,12.13054,2.47562,H2S,18.37
115,0,3.3,255,96990,19794,96990,19794,12.12383,2.47425,H2S,18.36
116,0,3.3,255,96873,19770,96873,19770,12.10913,2.47125,H2S,18.33
117,0,3.3,255,96755,19746,96755,19746,12.09442,2.46825,H2S,18.3
118,0,3.3,255,96647,19724,96647,19724,12.08095,2.4655,H2S,18.28
119,0,3.3,255,96549,19704,96549,19704,12.0687,2.463,H2S,18.25
120,0,3.3,255,96353,19664,96353,19664,12.0442,2.458,H2S,18.21
121,0,3.3,255,96255,19644,96255,19644,12.03195,2.4555,H2S,18.19
122,0,3.3,255,96147,19622,96147,19622,12.01848,2.45275,H2S,18.16
123,0,3.3,255,96064,19605,96064,19605,12.00809,2.45063,H2S,18.14
124,0,3.3,255,95956,19582,95956,19582,11.99456,2.44787,H2S,18.11
125,0,0.0,0,114703,23408,114703,23408,14.33799,2.92612,H2S,22.54
126,0,0.0,0,112700,23000,112700,23000,14.0875,2.875,H2S,22.06
127,0,0.0,0,110171,22484,110171,22484,13.77145,2.8105,H2S,21.47
128,0,0.0,0,107687,21977,107687,21977,13.46094,2.74713,H2S,20.88
129,0,0.0,0,105291,21488,105291,21488,13.1614,2.686,H2S,20.32
130,0,0.0,0,103003,21021,103003,21021,12.87539,2.62763,H2S,19.78
131,0,0.0,0,100798,20571,100798,20571,12.59976,2.57138,H2S,19.26
132,0,0.0,0,98680,20138,98680,20138,12.33511,2.51737,H2S,18.76
133,0,0.0,0,96608,19716,96608,19716,12.07605,2.4645,H2S,18.27
134,0,0.0,0,94609,19308,94609,19308,11.82615,2.4135,H2S,17.8
135,0,0.0,0,92712,18920,92712,18920,11.58909,2.36512,H2S,17.35
136,0,0.0,0,90875,18546,90875,18546,11.35942,2.31825,H2S,16.92
137,0,0.0,0,89101,18184,89101,18184,11.1377,2.273,H2S,16.5
138,0,0.0,0,87401,17836,87401,17836,10.92514,2.22962,H2S,16.1
139,0,0.0,0,85779,17506,85779,17506,10.72243,2.18825,H2S,15.71
140,0,0.0,0,84201,17184,84201,17184,10.5252,2.148,H2S,15.34
141,0,0.0,0,82736,16885,82736,16885,10.34209,2.11063,H2S,15.0
142,0,0.0,0,81296,16591,81296,16591,10.16201,2.07388,H2S,14.66
143,0,0.0,0,79928,16312,79928,16312,9.9911,2.039,H2S,14.33
144,0,0.0,0,78610,16042,78610,16042,9.82631,2.00537,H2S,14.02
145,0,0.0,0,77380,15792,77380,15792,9.6726,1.974,H2S,13.73
146,0,0.0,0,76195,15550,76195,15550,9.52438,1.94375,H2S,13.45
147,0,0.0,0,75063,15319,75063,15319,9.38291,1.91488,H2S,13.19
148,0,0.0,0,73960,15094,73960,15094,9.24507,1.88675,H2S,12.93
149,0,0.0,0,72921,14882,72921,14882,9.11523,1.86025,H2S,12.68
150,0,0.0,0,71917,14676,71917,14676,8.98964,1.83462,H2S,12.44
151,0,0.0,0,70932,14476,70932,14476,8.86655,1.8095,H2S,12.21
152,0,0.0,0,70026,14291,70026,14291,8.75326,1.78638,H2S,12.0
153,0,0.0,0,69124,14106,69124,14106,8.64051,1.76337,H2S,11.78
154,0,0.0,0,68291,13936,68291,13936,8.53639,1.74212,H2S,11.59
155,0,0.0,0,67453,13766,67453,13766,8.43168,1.72075,H2S,11.39
156,0,0.0,0,66659,13604,66659,13604,8.33245,1.7005,H2S,11.2
157,0,0.0,0,65895,13448,65895,13448,8.2369,1.681,H2S,11.02
158,0,0.0,0,65145,13294,65145,13294,8.14316,1.66187,H2S,10.85
159,0,0.0,0,64439,13150,64439,13150,8.05496,1.64387,H2S,10.68
160,0,0.0,0,63734,13006,63734,13006,7.96676,1.62587,H2S,10.51
161,0,0.0,0,63087,12875,63087,12875,7.88596,1.60938,H2S,10.36
162,0,0.0,0,62435,12742,62435,12742,7.80448,1.59275,H2S,10.21
163,0,0.0,0,61823,12617,61823,12617,7.72794,1.57713,H2S,10.06
164,0,0.0,0,61225,12494,61225,12494,7.65316,1.56187,H2S,9.92
165,0,0.0,0,60637,12375,60637,12375,7.57971,1.54688,H2S,9.78
166,0,0.0,0,60083,12262,60083,12262,7.51048,1.53275,H2S,9.65
167,0,0.0,0,59535,12150,59535,12150,7.44188,1.51875,H2S,9.52
168,0,0.0,0,59015,12044,59015,12044,7.37695,1.5055,H2S,9.4
169,0,0.0,0,58496,11938,58496,11938,7.31203,1.49225,H2S,9.28
170,0,0.0,0,57996,11836,57996,11836,7.24955,1.4795,H2S,9.16
171,0,0.0,0,57535,11742,57535,11742,7.19198,1.46775,H2S,9.05
172,0,0.0,0,57075,11648,57075,11648,7.1344,1.456,H2S,8.94
173,0,0.0,0,56614,11554,56614,11554,7.07683,1.44425,H2S,8.83
174,0,0.0,0,56178,11464,56178,11464,7.02229,1.43312,H2S,8.73
175,0,0.0,0,55776,11382,55776,11382,6.97206,1.42287,H2S,8.64
176,0,0.0,0,55379,11302,55379,11302,6.92248,1.41275,H2S,8.54
177,0,0.0,0,54992,11223,54992,11223,6.87411,1.40288,H2S,8.45
178,0,0.0,0,54625,11148,54625,11148,6.82815,1.3935,H2S,8.36
179,0,0.0,0,54247,11070,54247,11070,6.78096,1.38387,H2S,8.27
180,0,0.0,0,53890,10998,53890,10998,6.73628,1.37475,H2S,8.19
181,0,0.0,0,53557,10930,53557,10930,6.69463,1.36625,H2S,8.11
182,0,0.0,0,53223,10862,53223,10862,6.65298,1.35775,H2S,8.03
183,0,0.0,0,52890,10794,52890,10794,6.61133,1.34925,H2S,7.95
184,0,0.0,0,52611,10737,52611,10737,6.57644,1.34213,H2S,7.89
185,0,0.0,0,52307,10675,52307,10675,6.53846,1.33438,H2S,7.82
186,0,0.0,0,52013,10615,52013,10615,6.50171,1.32688,H2S,7.75
187,0,0.0,0,51744,10560,51744,10560,6.468,1.32,H2S,7.68
188,0,0.0,0,51454,10500,51454,10500,6.43184,1.31262,H2S,7.62
189,0,0.0,0,51199,10448,51199,10448,6.39999,1.30612,H2S,7.56
190,0,0.0,0,50945,10397,50945,10397,6.36819,1.29963,H2S,7.5
191,0,0.0,0,50700,10346,50700,10346,6.33751,1.29337,H2S,7.44
192,0,0.0,0,50484,10303,50484,10303,6.31061,1.28788,H2S,7.39
193,0,0.0,0,50234,10252,50234,10252,6.27935,1.2815,H2S,7.33
194,0,0.0,0,50023,10208,50023,10208,6.25299,1.27612,H2S,7.28
195,0,0.0,0,49808,10164,49808,10164,6.22604,1.27062,H2S,7.23
196,0,0.0,0,49602,10122,49602,10122,6.20031,1.26537,H2S,7.18
197,0,0.0,0,49401,10082,49401,10082,6.17523,1.26025,H2S,7.13
198,0,0.0,0,49230,10047,49230,10047,6.15381,1.25588,H2S,7.09
199,0,0.0,0,49048,10010,49048,10010,6.13112,1.25125,H2S,7.05
200,0,0.0,0,48843,9968,48843,9968,6.1054,1.246,H2S,7.0
201,0,0.0,0,48661,9930,48661,9930,6.08271,1.24137,H2S,6.96
202,0,0.0,0,48504,9898,48504,9898,6.06311,1.23737,H2S,6.92
203,0,0.0,0,48357,9868,48357,9868,6.04474,1.23362,H2S,6.89
204,0,0.0,0,48191,9835,48191,9835,6.02396,1.22938,H2S,6.85
205,0,0.0,0,48034,9803,48034,9803,6.00436,1.22538,H2S,6.81
206,0,0.0,0,47902,9776,47902,9776,5.9878,1.222,H2S,6.78
207,0,0.0,0,47750,9744,47750,9744,5.96879,1.21812,H2S,6.74
208,0,0.0,0,47628,9720,47628,9720,5.9535,1.215,H2S,6.71
209,0,0.0,0,47486,9691,47486,9691,5.93576,1.21138,H2S,6.68
210,0,0.0,0,47363,9666,47363,9666,5.92043,1.20825,H2S,6.65
211,0,0.0,0,47230,9638,47230,9638,5.90386,1.20487,H2S,6.62
212,0,0.0,0,47118,9616,47118,9616,5.8898,1.202,H2S,6.59
213,0,0.0,0,46986,9589,46986,9589,5.87329,1.19863,H2S,6.56
214,0,0.0,0,46888,9569,46888,9569,5.86104,1.19613,H2S,6.54
215,0,0.0,0,46770,9544,46770,9544,5.84629,1.19312,H2S,6.51
216,0,0.0,0,46657,9522,46657,9522,5.83223,1.19025,H2S,6.48
217,0,0.0,0,46564,9503,46564,9503,5.82061,1.18788,H2S,6.46
218,0,0.0,0,46461,9482,46461,9482,5.80772,1.18525,H2S,6.44
219,0,0.0,0,46373,9464,46373,9464,5.7967,1.183,H2S,6.42
220,0,0.0,0,46280,9445,46280,9445,5.78509,1.18063,H2S,6.4
221,0,0.0,0,46192,9426,46192,9426,5.77401,1.17837,H2S,6.37
222,0,0.0,0,46109,9410,46109,9410,5.76363,1.17625,H2S,6.35
223,0,0.0,0,46035,9394,46035,9394,5.75441,1.17437,H2S,6.34
224,0,0.0,0,45962,9380,45962,9380,5.74525,1.1725,H2S,6.32
225,0,0.0,0,45864,9360,45864,9360,5.733,1.17,H2S,6.3
226,0,0.0,0,45810,9349,45810,9349,5.72629,1.16863,H2S,6.28
227,0,0.0,0,45736,9334,45736,9334,5.71708,1.16675,H2S,6.27
228,0,0.0,0,45677,9322,45677,9322,5.70972,1.16525,H2S,6.25
229,0,0.0,0,45599,9306,45599,9306,5.69992,1.16325,H2S,6.23
230,0,0.0,0,45564,9298,45564,9298,5.69561,1.16237,H2S,6.23
231,0,0.0,0,45491,9284,45491,9284,5.68645,1.1605,H2S,6.21
232,0,0.0,0,45432,9272,45432,9272,5.6791,1.159,H2S,6.2
233,0,0.0,0,45418,9269,45418,9269,5.67729,1.15863,H2S,6.19
234,0,0.0,0,45354,9256,45354,9256,5.6693,1.157,H2S,6.18
235,0,0.0,0,45339,9253,45339,9253,5.66749,1.15663,H2S,6.17
236,0,0.0,0,45276,9240,45276,9240,5.6595,1.155,H2S,6.16
237,0,0.0,0,45227,9230,45227,9230,5.65338,1.15375,H2S,6.15
238,0,0.0,0,45207,9226,45207,9226,5.65093,1.15325,H2S,6.14
239,0,0.0,0,45183,9221,45183,9221,5.64789,1.15263,H2S,6.14
240,0,0.0,0,45158,9216,45158,9216,5.6448,1.152,H2S,6.13
241,0,0.0,0,45119,9208,45119,9208,5.6399,1.151,H2S,6.12
242,0,0.0,0,45094,9202,45094,9202,5.63681,1.15037,H2S,6.12
243,0,0.0,0,45085,9201,45085,9201,5.63564,1.15013,H2S,6.11
244,0,0.0,0,45080,9200,45080,9200,5.635,1.15,H2S,6.11
245,0,0.0,0,45065,9196,45065,9196,5.63314,1.14962,H2S,6.11
246,0,0.0,0,45050,9194,45050,9194,5.63133,1.14925,H2S,6.1
247,0,0.0,0,45040,9192,45040,9192,5.6301,1.149,H2S,6.1
248,0,0.0,0,45021,9188,45021,9188,5.62765,1.1485,H2S,6.1
249,0,0.0,0,44996,9182,44996,9182,5.62456,1.14787,H2S,6.09
0,0,3.3,255,37710,7696,37710,7696,4.7138,0.962,H2S,4.37
1,0,3.3,255,39758,8114,39758,8114,4.96983,1.01425,H2S,4.86
2,0,3.3,255,42875,8750,42875,8750,5.35938,1.09375,H2S,5.59
3,0,3.3,255,46050,9398,46050,9398,5.75628,1.17475,H2S,6.34
4,0,3.3,255,49205,10042,49205,10042,6.15073,1.25525,H2S,7.09
5,0,3.3,255,52292,10672,52292,10672,6.5366,1.334,H2S,7.81
6,0,3.3,255,55281,11282,55281,11282,6.91023,1.41025,H2S,8.52
7,0,3.3,255,58182,11874,58182,11874,7.27283,1.48425,H2S,9.2
8,0,3.3,255,60985,12446,60985,12446,7.62318,1.55575,H2S,9.86
9,0,3.3,255,63675,12994,63675,12994,7.95941,1.62437,H2S,10.5
10,0,3.3,255,66248,13520,66248,13520,8.281,1.69,H2S,11.11
11,0,3.3,255,68707,14022,68707,14022,8.58848,1.75275,H2S,11.69
12,0,3.3,255,71059,14502,71059,14502,8.88248,1.81275,H2S,12.24
13,0,3.3,255,73289,14957,73289,14957,9.16119,1.86963,H2S,12.77
14,0,3.3,255,75396,15387,75396,15387,9.42456,1.92338,H2S,13.26
15,0,3.3,255,77385,15792,77385,15792,9.67319,1.97412,H2S,13.73
16,0,3.3,255,79301,16184,79301,16184,9.9127,2.023,H2S,14.19
17,0,3.3,255,81051,16541,81051,16541,10.13139,2.06763,H2S,14.6
18,0,3.3,255,82687,16875,82687,16875,10.33596,2.10938,H2S,14.98
19,0,3.3,255,84231,17190,84231,17190,10.52888,2.14875,H2S,15.35
20,0,3.3,255,85612,17472,85612,17472,10.7016,2.184,H2S,15.67
21,0,3.3,255,86984,17752,86984,17752,10.8731,2.219,H2S,16.0
22,0,3.3,255,88244,18009,88244,18009,11.03054,2.25113,H2S,16.3
23,0,3.3,255,89498,18265,89498,18265,11.18734,2.28313,H2S,16.59
24,0,3.3,255,90596,18489,90596,18489,11.32454,2.31113,H2S,16.85
25,0,3.3,255,91551,18684,91551,18684,11.44395,2.3355,H2S,17.08
26,0,3.3,255,92570,18892,92570,18892,11.57135,2.3615,H2S,17.32
27,0,3.3,255,93403,19062,93403,19062,11.67548,2.38275,H2S,17.51
28,0,3.3,255,94295,19244,94295,19244,11.78695,2.4055,H2S,17.72
29,0,3.3,255,95020,19392,95020,19392,11.8776,2.424,H2S,17.89
30,0,3.3,255,95726,19536,95726,19536,11.9658,2.442,H2S,18.06
31,0,3.3,255,96437,19681,96437,19681,12.05464,2.46013,H2S,18.23
32,0,3.3,255,97049,19806,97049,19806,12.13118,2.47575,H2S,18.37
33,0,3.3,255,97608,19920,97608,19920,12.201,2.49,H2S,18.5
34,0,3.3,255,98132,20027,98132,20027,12.26656,2.50338,H2S,18.63
35,0,3.3,255,98539,20110,98539,20110,12.31738,2.51375,H2S,18.72
36,0,3.3,255,99004,20204,99004,20204,12.37554,2.52562,H2S,18.83
37,0,3.3,255,99440,20294,99440,20294,12.43008,2.53675,H2S,18.94
38,0,3.3,255,99881,20384,99881,20384,12.4852,2.548,H2S,19.04
39,0,3.3,255,100229,20454,100229,20454,12.52866,2.55687,H2S,19.12
40,0,3.3,255,100548,20520,100548,20520,12.5685,2.565,H2S,19.2
41,0,3.3,255,100851,20582,100851,20582,12.60648,2.57275,H2S,19.27
42,0,3.3,255,101047,20622,101047,20622,12.63098,2.57775,H2S,19.32
43,0,3.3,255,101283,20670,101283,20670,12.66038,2.58375,H2S,19.37
44,0,3.3,255,101513,20716,101513,20716,12.68914,2.58962,H2S,19.43
45,0,3.3,255,101728,20760,101728,20760,12.71609,2.59512,H2S,19.48
46,0,3.3,255,101929,20802,101929,20802,12.74123,2.60025,H2S,19.52
47,0,3.3,255,102101,20836,102101,20836,12.76264,2.60462,H2S,19.56
48,0,3.3,255,102238,20864,102238,20864,12.77979,2.60812,H2S,19.6
49,0,3.3,255,102365,20890,102365,20890,12.79571,2.61137,H2S,19.63
50,0,3.3,255,102468,20912,102468,20912,12.8086,2.614,H2S,19.65
51,0,3.3,255,102635,20946,102635,20946,12.82943,2.61825,H2S,19.69
52,0,3.3,255,102704,20960,102704,20960,12.838,2.62,H2S,19.71
53,0,3.3,255,102767,20972,102767,20972,12.84594,2.62162,H2S,19.72
54,0,3.3,255,102738,20966,102738,20966,12.84226,2.62087,H2S,19.71
55,0,3.3,255,102792,20978,102792,20978,12.84903,2.62225,H2S,19.73
56,0,3.3,255,102836,20986,102836,20986,12.85451,2.62337,H2S,19.74
57,0,3.3,255,102850,20990,102850,20990,12.85637,2.62375,H2S,19.74
58,0,3.3,255,102880,20996,102880,20996,12.86005,2.6245,H2S,19.75
59,0,3.3,255,102929,21006,102929,21006,12.86618,2.62575,H2S,19.76
60,0,3.3,255,102929,21006,102929,21006,12.86618,2.62575,H2S,19.76
61,0,3.3,255,102909,21002,102909,21002,12.86373,2.62525,H2S,19.76
62,0,3.3,255,102880,20996,102880,20996,12.86005,2.6245,H2S,19.75
63,0,3.3,255,102787,20977,102787,20977,12.84844,2.62213,H2S,19.73
64,0,3.3,255,102758,20971,102758,20971,12.84476,2.62138,H2S,19.72
65,0,3.3,255,102723,20964,102723,20964,12.84045,2.6205,H2S,19.71
66,0,3.3,255,102753,20970,102753,20970,12.84413,2.62125,H2S,19.72
67,0,3.3,255,102679,20954,102679,20954,12.83491,2.61937,H2S,19.7
68,0,3.3,255,102640,20946,102640,20946,12.83001,2.61837,H2S,19.69
69,0,3.3,255,102512,20920,102512,20920,12.81409,2.61512,H2S,19.66
70,0,3.3,255,102468,20912,102468,20912,12.8086,2.614,H2S,19.65
71,0,3.3,255,102434,20905,102434,20905,12.80434,2.61313,H2S,19.64
72,0,3.3,255,102361,20890,102361,20890,12.79513,2.61125,H2S,19.63
73,0,3.3,255,102263,20870,102263,20870,12.78288,2.60875,H2S,19.6
74,0,3.3,255,102101,20836,102101,20836,12.76264,2.60462,H2S,19.56
75,0,3.3,255,102032,20823,102032,20823,12.75411,2.60288,H2S,19.55
76,0,3.3,255,102003,20817,102003,20817,12.75044,2.60213,H2S,19.54
77,0,3.3,255,101880,20792,101880,20792,12.7351,2.599,H2S,19.51
78,0,3.3,255,101724,20760,101724,20760,12.7155,2.595,H2S,19.48
79,0,3.3,255,101621,20739,101621,20739,12.70266,2.59238,H2S,19.45
80,0,3.3,255,101591,20733,101591,20733,12.69899,2.59163,H2S,19.44
81,0,3.3,255,101400,20694,101400,20694,12.67507,2.58675,H2S,19.4
82,0,3.3,255,101292,20672,101292,20672,12.6616,2.584,H2S,19.37
83,0,3.3,255,101199,20652,101199,20652,12.64994,2.58162,H2S,19.35
84,0,3.3,255,101145,20642,101145,20642,12.64323,2.58025,H2S,19.34
85,0,3.3,255,101038,20620,101038,20620,12.62975,2.5775,H2S,19.31
86,0,3.3,255,100866,20585,100866,20585,12.60834,2.57313,H2S,19.27
87,0,3.3,255,100739,20559,100739,20559,12.59241,2.56988,H2S,19.24
88,0,3.3,255,100631,20536,100631,20536,12.57889,2.56712,H2S,19.22
89,0,3.3,255,100518,20514,100518,20514,12.56483,2.56425,H2S,19.19
90,0,3.3,255,100405,20490,100405,20490,12.55071,2.56137,H2S,19.16
91,0,3.3,255,100293,20468,100293,20468,12.53665,2.5585,H2S,19.14
92,0,3.3,255,100165,20442,100165,20442,12.52073,2.55525,H2S,19.11
93,0,3.3,255,100087,20426,100087,20426,12.51093,2.55325,H2S,19.09
94,0,3.3,255,99960,20400,99960,20400,12.495,2.55,H2S,19.06
95,0,3.3,255,99827,20373,99827,20373,12.47849,2.54663,H2S,19.03
96,0,3.3,255,99690,20344,99690,20344,12.46129,2.54312,H2S,19.0
97,0,3.3,255,99562,20318,99562,20318,12.44536,2.53987,H2S,18.97
98,0,3.3,255,99362,20278,99362,20278,12.42028,2.53475,H2S,18.92
99,0,3.3,255,99249,20254,99249,20254,12.40616,2.53187,H2S,18.89
100,0,3.3,255,99132,20231,99132,20231,12.39151,2.52888,H2S,18.86
101,0,3.3,255,99014,20207,99014,20207,12.37681,2.52588,H2S,18.84
102,0,3.3,255,98955,20195,98955,20195,12.36946,2.52438,H2S,18.82
103,0,3.3,255,98769,20157,98769,20157,12.34619,2.51963,H2S,18.78
104,0,3.3,255,98720,20146,98720,20146,12.34001,2.51837,H2S,18.77
105,0,3.3,255,98524,20106,98524,20106,12.31551,2.51337,H2S,18.72
106,0,3.3,255,98401,20082,98401,20082,12.30023,2.51025,H2S,18.69
107,0,3.3,255,98343,20070,98343,20070,12.29288,2.50875,H2S,18.68
108,0,3.3,255,98147,20030,98147,20030,12.26838,2.50375,H2S,18.63
109,0,3.3,255,98053,20010,98053,20010,12.25671,2.50137,H2S,18.61
110,0,3.3,255,97985,19996,97985,19996,12.24814,2.49962,H2S,18.59
111,0,3.3,255,97813,19962,97813,19962,12.22673,2.49525,H2S,18.55
112,0,3.3,255,97760,19951,97760,19951,12.22001,2.49388,H2S,18.54
113,0,3.3,255,97637,19926,97637,19926,12.20467,2.49075,H2S,18.51
114,0,3.3,255,97455,19888,97455,19888,12.18199,2.48612,H2S,18.47
115,0,3.3,255,97357,19868,97357,19868,12.16974,2.48362,H2S,18.45
116,0,3.3,255,97304,19858,97304,19858,12.16303,2.48225,H2S,18.43
117,0,3.3,255,97123,19821,97123,19821,12.14039,2.47763,H2S,18.39
118,0,3.3,255,97093,19815,97093,19815,12.13671,2.47688,H2S,18.38
119,0,3.3,255,96922,19780,96922,19780,12.11525,2.4725,H2S,18.34
120,0,3.3,255,96814,19758,96814,19758,12.10177,2.46975,H2S,18.32
121,0,3.3,255,96765,19748,96765,19748,12.09565,2.4685,H2S,18.31
122,0,3.3,255,96667,19728,96667,19728,12.0834,2.466,H2S,18.28
123,0,3.3,255,96554,19704,96554,19704,12.06929,2.46312,H2S,18.26
124,0,3.3,255,96368,19667,96368,19667,12.04606,2.45838,H2S,18.21
125,0,0.0,0,115223,23515,115223,23515,14.40296,2.93938,H2S,22.66
126,0,0.0,0,113244,23111,113244,23111,14.15551,2.88888,H2S,22.19
127,0,0.0,0,110705,22592,110705,22592,13.83819,2.82412,H2S,21.59
128,0,0.0,0,108231,22088,108231,22088,13.5289,2.761,H2S,21.01
129,0,0.0,0,105849,21602,105849,21602,13.23123,2.70025,H2S,20.45
130,0,0.0,0,103571,21137,103571,21137,12.94644,2.64213,H2S,19.91
131,0,0.0,0,101361,20686,101361,20686,12.67018,2.58575,H2S,19.39
132,0,0.0,0,99225,20250,99225,20250,12.40313,2.53125,H2S,18.89
133,0,0.0,0,97157,19828,97157,19828,12.14465,2.4785,H2S,18.4
134,0,0.0,0,95177,19424,95177,19424,11.8972,2.428,H2S,17.93
135,0,0.0,0,93256,19032,93256,19032,11.6571,2.379,H2S,17.48
136,0,0.0,0,91419,18657,91419,18657,11.42744,2.33213,H2S,17.04
137,0,0.0,0,89635,18292,89635,18292,11.20444,2.28662,H2S,16.62
138,0,0.0,0,87935,17946,87935,17946,10.99193,2.24325,H2S,16.22
139,0,0.0,0,86294,17611,86294,17611,10.78676,2.20138,H2S,15.84
140,0,0.0,0,84745,17295,84745,17295,10.59321,2.16188,H2S,15.47
141,0,0.0,0,83255,16990,83255,16990,10.40696,2.12387,H2S,15.12
142,0,0.0,0,81795,16693,81795,16693,10.22449,2.08663,H2S,14.77
143,0,0.0,0,80458,16420,80458,16420,10.05725,2.0525,H2S,14.46
144,0,0.0,0,79149,16152,79149,16152,9.89369,2.01912,H2S,14.15
145,0,0.0,0,77890,15896,77890,15896,9.7363,1.987,H2S,13.85
146,0,0.0,0,76709,15654,76709,15654,9.58866,1.95687,H2S,13.57
147,0,0.0,0,75558,15420,75558,15420,9.44475,1.9275,H2S,13.3
148,0,0.0,0,74440,15192,74440,15192,9.3051,1.899,H2S,13.04
149,0,0.0,0,73411,14982,73411,14982,9.17647,1.87275,H2S,12.8
150,0,0.0,0,72427,14781,72427,14781,9.05339,1.84763,H2S,12.56
151,0,0.0,0,71437,14579,71437,14579,8.92966,1.82238,H2S,12.33
152,0,0.0,0,70511,14390,70511,14390,8.81388,1.79875,H2S,12.11
153,0,0.0,0,69629,14210,69629,14210,8.70363,1.77625,H2S,11.9
154,0,0.0,0,68771,14035,68771,14035,8.59646,1.75438,H2S,11.7
155,0,0.0,0,67938,13865,67938,13865,8.49234,1.73313,H2S,11.5
156,0,0.0,0,67144,13702,67144,13702,8.39306,1.71287,H2S,11.32
157,0,0.0,0,66389,13548,66389,13548,8.29874,1.69362,H2S,11.14
158,0,0.0,0,65654,13398,65654,13398,8.20686,1.67487,H2S,10.97
159,0,0.0,0,64929,13250,64929,13250,8.11621,1.65637,H2S,10.79
160,0,0.0,0,64253,13112,64253,13112,8.03169,1.63912,H2S,10.64
161,0,0.0,0,63596,12978,63596,12978,7.94961,1.62237,H2S,10.48
162,0,0.0,0,62925,12842,62925,12842,7.86573,1.60525,H2S,10.32
163,0,0.0,0,62328,12720,62328,12720,7.791,1.59,H2S,10.18
164,0,0.0,0,61735,12599,61735,12599,7.71691,1.57488,H2S,10.04
165,0,0.0,0,61137,12477,61137,12477,7.64219,1.55963,H2S,9.9
166,0,0.0,0,60578,12362,60578,12362,7.57231,1.54537,H2S,9.77
167,0,0.0,0,60044,12254,60044,12254,7.50558,1.53175,H2S,9.64
168,0,0.0,0,59535,12150,59535,12150,7.44188,1.51875,H2S,9.52
169,0,0.0,0,59030,12047,59030,12047,7.37881,1.50588,H2S,9.4
170,0,0.0,0,58515,11942,58515,11942,7.31448,1.49275,H2S,9.28
171,0,0.0,0,58040,11845,58040,11845,7.25509,1.48063,H2S,9.17
172,0,0.0,0,57589,11753,57589,11753,7.19874,1.46913,H2S,9.06
173,0,0.0,0,57134,11660,57134,11660,7.14175,1.4575,H2S,8.96
174,0,0.0,0,56717,11574,56717,11574,7.08966,1.44687,H2S,8.86
175,0,0.0,0,56301,11490,56301,11490,7.03763,1.43625,H2S,8.76
176,0,0.0,0,55904,11409,55904,11409,6.98804,1.42613,H2S,8.67
177,0,0.0,0,55521,11330,55521,11330,6.94021,1.41637,H2S,8.58
178,0,0.0,0,55120,11249,55120,11249,6.89004,1.40613,H2S,8.48
179,0,0.0,0,54747,11173,54747,11173,6.84349,1.39663,H2S,8.39
180,0,0.0,0,54404,11102,54404,11102,6.80056,1.38787,H2S,8.31
181,0,0.0,0,54076,11036,54076,11036,6.75955,1.3795,H2S,8.23
182,0,0.0,0,53723,10964,53723,10964,6.71545,1.3705,H2S,8.15
183,0,0.0,0,53419,10902,53419,10902,6.67748,1.36275,H2S,8.08
184,0,0.0,0,53116,10840,53116,10840,6.6395,1.355,H2S,8.01
185,0,0.0,0,52827,10781,52827,10781,6.60339,1.34763,H2S,7.94
186,0,0.0,0,52552,10724,52552,10724,6.56904,1.34062,H2S,7.87
187,0,0.0,0,52258,10664,52258,10664,6.53229,1.33312,H2S,7.81
188,0,0.0,0,51994,10611,51994,10611,6.49926,1.32638,H2S,7.74
189,0,0.0,0,51734,10558,51734,10558,6.46678,1.31975,H2S,7.68
190,0,0.0,0,51479,10506,51479,10506,6.43493,1.31325,H2S,7.62
191,0,0.0,0,51229,10455,51229,10455,6.40371,1.30688,H2S,7.56
192,0,0.0,0,50994,10407,50994,10407,6.37431,1.30088,H2S,7.51
193,0,0.0,0,50783,10364,50783,10364,6.34795,1.2955,H2S,7.46
194,0,0.0,0,50568,10320,50568,10320,6.321,1.29,H2S,7.41
195,0,0.0,0,50332,10272,50332,10272,6.2916,1.284,H2S,7.35
196,0,0.0,0,50146,10234,50146,10234,6.26833,1.27925,H2S,7.31
197,0,0.0,0,49940,10192,49940,10192,6.2426,1.274,H2S,7.26
198,0,0.0,0,49744,10152,49744,10152,6.2181,1.269,H2S,7.21
199,0,0.0,0,49568,10116,49568,10116,6.19605,1.2645,H2S,7.17
200,0,0.0,0,49387,10079,49387,10079,6.17341,1.25988,H2S,7.13
201,0,0.0,0,49220,10044,49220,10044,6.15254,1.25562,H2S,7.09
202,0,0.0,0,49039,10008,49039,10008,6.1299,1.251,H2S,7.05
203,0,0.0,0,48877,9974,48877,9974,6.10966,1.24687,H2S,7.01
204,0,0.0,0,48715,9942,48715,9942,6.08948,1.24275,H2S,6.97
205,0,0.0,0,48568,9912,48568,9912,6.0711,1.239,H2S,6.93
206,0,0.0,0,48426,9882,48426,9882,6.05331,1.23537,H2S,6.9
207,0,0.0,0,48270,9851,48270,9851,6.03376,1.23138,H2S,6.86
208,0,0.0,0,48118,9820,48118,9820,6.01475,1.2275,H2S,6.83
209,0,0.0,0,48000,9796,48000,9796,6.00005,1.2245,H2S,6.8
210,0,0.0,0,47843,9764,47843,9764,5.98045,1.2205,H2S,6.76
211,0,0.0,0,47735,9742,47735,9742,5.96698,1.21775,H2S,6.74
212,0,0.0,0,47628,9720,47628,9720,5.9535,1.215,H2S,6.71
213,0,0.0,0,47530,9700,47530,9700,5.94125,1.2125,H2S,6.69
214,0,0.0,0,47397,9673,47397,9673,5.92474,1.20913,H2S,6.66
215,0,0.0,0,47279,9648,47279,9648,5.90999,1.20612,H2S,6.63
216,0,0.0,0,47172,9627,47172,9627,5.89656,1.20338,H2S,6.61
217,0,0.0,0,47083,9608,47083,9608,5.88549,1.20112,H2S,6.58
218,0,0.0,0,46976,9586,46976,9586,5.87201,1.19837,H2S,6.56
219,0,0.0,0,46888,9569,46888,9569,5.86104,1.19613,H2S,6.54
220,0,0.0,0,46789,9548,46789,9548,5.84874,1.19362,H2S,6.52
221,0,0.0,0,46711,9532,46711,9532,5.83894,1.19162,H2S,6.5
222,0,0.0,0,46623,9515,46623,9515,5.82796,1.18938,H2S,6.48
223,0,0.0,0,46540,9498,46540,9498,5.81752,1.18725,H2S,6.46
224,0,0.0,0,46486,9487,46486,9487,5.81081,1.18588,H2S,6.44
225,0,0.0,0,46412,9472,46412,9472,5.8016,1.184,H2S,6.43
226,0,0.0,0,46339,9457,46339,9457,5.79244,1.18213,H2S,6.41
227,0,0.0,0,46275,9444,46275,9444,5.78445,1.1805,H2S,6.39
228,0,0.0,0,46211,9430,46211,9430,5.77646,1.17887,H2S,6.38
229,0,0.0,0,46162,9420,46162,9420,5.77034,1.17762,H2S,6.37
230,0,0.0,0,46089,9406,46089,9406,5.76118,1.17575,H2S,6.35
231,0,0.0,0,46030,9394,46030,9394,5.75383,1.17425,H2S,6.34
232,0,0.0,0,45991,9386,45991,9386,5.74892,1.17325,H2S,6.33
233,0,0.0,0,45947,9377,45947,9377,5.74344,1.17213,H2S,6.32
234,0,0.0,0,45903,9368,45903,9368,5.7379,1.171,H2S,6.31
235,0,0.0,0,45864,9360,45864,9360,5.733,1.17,H2S,6.3
236,0,0.0,0,45824,9352,45824,9352,5.7281,1.169,H2S,6.29
237,0,0.0,0,45780,9342,45780,9342,5.72256,1.16787,H2S,6.28
238,0,0.0,0,45751,9336,45751,9336,5.71889,1.16712,H2S,6.27
239,0,0.0,0,45712,9329,45712,9329,5.71404,1.16613,H2S,6.26
240,0,0.0,0,45697,9326,45697,9326,5.71218,1.16575,H2S,6.26
241,0,0.0,0,45653,9317,45653,9317,5.70669,1.16463,H2S,6.25
242,0,0.0,0,45638,9314,45638,9314,5.70483,1.16425,H2S,6.24
243,0,0.0,0,45609,9308,45609,9308,5.70115,1.1635,H2S,6.24
244,0,0.0,0,45599,9306,45599,9306,5.69992,1.16325,H2S,6.23
245,0,0.0,0,45579,9302,45579,9302,5.69747,1.16275,H2S,6.23
246,0,0.0,0,45570,9300,45570,9300,5.69625,1.1625,H2S,6.23
247,0,0.0,0,45555,9297,45555,9297,5.69444,1.16213,H2S,6.22
248,0,0.0,0,45545,9294,45545,9294,5.69316,1.16187,H2S,6.22
249,0,0.0,0,45535,9292,45535,9292,5.69194,1.16162,H2S,6.22
0,0,3.3,255,38141,7784,38141,7784,4.7677,0.973,H2S,4.47
1,0,3.3,255,40189,8202,40189,8202,5.02373,1.02525,H2S,4.96
2,0,3.3,255,43325,8842,43325,8842,5.41573,1.10525,H2S,5.7
3,0,3.3,255,46535,9496,46535,9496,5.81689,1.18712,H2S,6.46
4,0,3.3,255,49700,10143,49700,10143,6.21261,1.26788,H2S,7.2
5,0,3.3,255,52797,10775,52797,10775,6.59971,1.34688,H2S,7.93
6,0,3.3,255,55791,11386,55791,11386,6.97393,1.42325,H2S,8.64
7,0,3.3,255,58696,11978,58696,11978,7.33711,1.49737,H2S,9.32
8,0,3.3,255,61500,12551,61500,12551,7.68751,1.56888,H2S,9.99
9,0,3.3,255,64180,13098,64180,13098,8.02253,1.63725,H2S,10.62
10,0,3.3,255,66762,13624,66762,13624,8.34529,1.70312,H2S,11.23
11,0,3.3,255,69227,14128,69227,14128,8.6534,1.766,H2S,11.81
12,0,3.3,255,71569,14606,71569,14606,8.94618,1.82575,H2S,12.36
13,0,3.3,255,73784,15058,73784,15058,9.22302,1.88225,H2S,12.88
14,0,3.3,255,75915,15493,75915,15493,9.48949,1.93663,H2S,13.39
15,0,3.3,255,77904,15898,77904,15898,9.73811,1.98737,H2S,13.86
16,0,3.3,255,79776,16280,79776,16280,9.97209,2.03512,H2S,14.3
17,0,3.3,255,81570,16646,81570,16646,10.19626,2.08087,H2S,14.72
18,0,3.3,255,83192,16978,83192,16978,10.39903,2.12225,H2S,15.1
19,0,3.3,255,84760,17298,84760,17298,10.59502,2.16225,H2S,15.47
20,0,3.3,255,86112,17574,86112,17574,10.76408,2.19675,H2S,15.79
21,0,3.3,255,87528,17862,87528,17862,10.94106,2.23287,H2S,16.13
22,0,3.3,255,88714,18105,88714,18105,11.08934,2.26313,H2S,16.41
23,0,3.3,255,89895,18346,89895,18346,11.23693,2.29325,H2S,16.68
24,0,3.3,255,91061,18584,91061,18584,11.3827,2.323,H2S,16.96
25,0,3.3,255,92080,18792,92080,18792,11.5101,2.349,H2S,17.2
26,0,3.3,255,92972,18974,92972,18974,11.62158,2.37175,H2S,17.41
27,0,3.3,255,93913,19166,93913,19166,11.73918,2.39575,H2S,17.63
28,0,3.3,255,94677,19322,94677,19322,11.83473,2.41525,H2S,17.81
29,0,3.3,255,95442,19478,95442,19478,11.93028,2.43475,H2S,17.99
30,0,3.3,255,96211,19635,96211,19635,12.02646,2.45438,H2S,18.17
31,0,3.3,255,96814,19758,96814,19758,12.10177,2.46975,H2S,18.32
32,0,3.3,255,97475,19893,97475,19893,12.18449,2.48663,H2S,18.47
33,0,3.3,255,97975,19995,97975,19995,12.24696,2.49938,H2S,18.59
34,0,3.3,255,98504,20103,98504,20103,12.31311,2.51288,H2S,18.72
35,0,3.3,255,99063,20216,99063,20216,12.38289,2.52712,H2S,18.85
36,0,3.3,255,99504,20306,99504,20306,12.43801,2.53837,H2S,18.95
37,0,3.3,255,99842,20376,99842,20376,12.4803,2.547,H2S,19.03
38,0,3.3,255,100229,20454,100229,20454,12.52866,2.55687,H2S,19.12
39,0,3.3,255,100641,20539,100641,20539,12.58016,2.56738,H2S,19.22
40,0,3.3,255,100896,20591,100896,20591,12.61201,2.57388,H2S,19.28
41,0,3.3,255,101209,20655,101209,20655,12.65121,2.58188,H2S,19.35
42,0,3.3,255,101537,20722,101537,20722,12.69223,2.59025,H2S,19.43
43,0,3.3,255,101773,20770,101773,20770,12.72163,2.59625,H2S,19.49
44,0,3.3,255,101914,20798,101914,20798,12.73936,2.59987,H2S,19.52
45,0,3.3,255,102125,20842,102125,20842,12.76572,2.60525,H2S,19.57
46,0,3.3,255,102326,20882,102326,20882,12.79081,2.61037,H2S,19.62
47,0,3.3,255,102542,20926,102542,20926,12.81776,2.61587,H2S,19.67
48,0,3.3,255,102615,20942,102615,20942,12.82698,2.61775,H2S,19.69
49,0,3.3,255,102753,20970,102753,20970,12.84413,2.62125,H2S,19.72
50,0,3.3,255,102914,21003,102914,21003,12.86436,2.62538,H2S,19.76
51,0,3.3,255,103012,21022,103012,21022,12.87656,2.62787,H2S,19.78
52,0,3.3,255,103027,21026,103027,21026,12.87843,2.62825,H2S,19.78
53,0,3.3,255,103164,21054,103164,21054,12.89558,2.63175,H2S,19.82
54,0,3.3,255,103203,21062,103203,21062,12.90048,2.63275,H2S,19.82
55,0,3.3,255,103184,21058,103184,21058,12.89803,2.63225,H2S,19.82
56,0,3.3,255,103233,21068,103233,21068,12.90415,2.6335,H2S,19.83
57,0,3.3,255,103321,21086,103321,21086,12.91517,2.63575,H2S,19.85
58,0,3.3,255,103316,21085,103316,21085,12.91459,2.63563,H2S,19.85
59,0,3.3,255,103262,21074,103262,21074,12.90783,2.63425,H2S,19.84
60,0,3.3,255,103262,21074,103262,21074,12.90783,2.63425,H2S,19.84
61,0,3.3,255,103316,21085,103316,21085,12.91459,2.63563,H2S,19.85
62,0,3.3,255,103292,21080,103292,21080,12.9115,2.635,H2S,19.85
63,0,3.3,255,103257,21073,103257,21073,12.90724,2.63413,H2S,19.84
64,0,3.3,255,103208,21062,103208,21062,12.90106,2.63287,H2S,19.83
65,0,3.3,255,103105,21042,103105,21042,12.88823,2.63025,H2S,19.8
66,0,3.3,255,103076,21036,103076,21036,12.88455,2.6295,H2S,19.79
67,0,3.3,255,103027,21026,103027,21026,12.87843,2.62825,H2S,19.78
68,0,3.3,255,102973,21015,102973,21015,12.87171,2.62688,H2S,19.77
69,0,3.3,255,102929,21006,102929,21006,12.86618,2.62575,H2S,19.76
70,0,3.3,255,102909,21002,102909,21002,12.86373,2.62525,H2S,19.76
71,0,3.3,255,102787,20977,102787,20977,12.84844,2.62213,H2S,19.73
72,0,3.3,255,102762,20972,102762,20972,12.84535,2.6215,H2S,19.72
73,0,3.3,255,102620,20943,102620,20943,12.82761,2.61788,H2S,19.69
74,0,3.3,255,102606,20940,102606,20940,12.82575,2.6175,H2S,19.68
75,0,3.3,255,102512,20920,102512,20920,12.81409,2.61512,H2S,19.66
76,0,3.3,255,102346,20887,102346,20887,12.79331,2.61088,H2S,19.62
77,0,3.3,255,102272,20872,102272,20872,12.7841,2.609,H2S,19.6
78,0,3.3,255,102233,20864,102233,20864,12.7792,2.608,H2S,19.6
79,0,3.3,255,102071,20830,102071,20830,12.75896,2.60387,H2S,19.56
80,0,3.3,255,102023,20821,102023,20821,12.75289,2.60263,H2S,19.55
81,0,3.3,255,101826,20780,101826,20780,12.72834,2.59762,H2S,19.5
82,0,3.3,255,101738,20763,101738,20763,12.71736,2.59538,H2S,19.48
83,0,3.3,255,101694,20754,101694,20754,12.71183,2.59425,H2S,19.47
84,0,3.3,255,101586,20732,101586,20732,12.69835,2.5915,H2S,19.44
85,0,3.3,255,101390,20692,101390,20692,12.67385,2.5865,H2S,19.4
86,0,3.3,255,101283,20670,101283,20670,12.66038,2.58375,H2S,19.37
87,0,3.3,255,101234,20660,101234,20660,12.65425,2.5825,H2S,19.36
88,0,3.3,255,101038,20620,101038,20620,12.62975,2.5775,H2S,19.31
89,0,3.3,255,100930,20598,100930,20598,12.61627,2.57475,H2S,19.29
90,0,3.3,255,100881,20588,100881,20588,12.61015,2.5735,H2S,19.28
91,0,3.3,255,100685,20548,100685,20548,12.58565,2.5685,H2S,19.23
92,0,3.3,255,100577,20526,100577,20526,12.57218,2.56575,H2S,19.2
93,0,3.3,255,100499,20510,100499,20510,12.56238,2.56375,H2S,19.19
94,0,3.3,255,100308,20471,100308,20471,12.53851,2.55888,H2S,19.14
95,0,3.3,255,100195,20448,100195,20448,12.5244,2.556,H2S,19.11
96,0,3.3,255,100141,20437,100141,20437,12.51769,2.55463,H2S,19.1
97,0,3.3,255,100018,20412,100018,20412,12.50235,2.5515,H2S,19.07
98,0,3.3,255,99881,20384,99881,20384,12.4852,2.548,H2S,19.04
99,0,3.3,255,99759,20359,99759,20359,12.46991,2.54488,H2S,19.01
100,0,3.3,255,99626,20332,99626,20332,12.45335,2.5415,H2S,18.98
101,0,3.3,255,99509,20308,99509,20308,12.43865,2.5385,H2S,18.95
102,0,3.3,255,99298,20265,99298,20265,12.41234,2.53313,H2S,18.9
103,0,3.3,255,99190,20242,99190,20242,12.39881,2.53037,H2S,18.88
104,0,3.3,255,99097,20224,99097,20224,12.3872,2.528,H2S,18.86
105,0,3.3,255,98985,20201,98985,20201,12.37314,2.52513,H2S,18.83
106,0,3.3,255,98931,20190,98931,20190,12.36638,2.52375,H2S,18.82
107,0,3.3,255,98808,20164,98808,20164,12.35104,2.52062,H2S,18.79
108,0,3.3,255,98617,20126,98617,20126,12.32718,2.51575,H2S,18.74
109,0,3.3,255,98509,20104,98509,20104,12.3137,2.513,H2S,18.72
110,0,3.3,255,98455,20092,98455,20092,12.30694,2.51162,H2S,18.7
111,0,3.3,255,98264,20054,98264,20054,12.28308,2.50675,H2S,18.66
112,0,3.3,255,98156,20032,98156,20032,12.2696,2.504,H2S,18.63
113,0,3.3,255,98112,20022,98112,20022,12.26406,2.50287,H2S,18.62
114,0,3.3,255,98000,20000,98000,20000,12.25,2.5,H2S,18.6
115,0,3.3,255,97818,19963,97818,19963,12.22736,2.49538,H2S,18.55
116,0,3.3,255,97696,19938,97696,19938,12.21203,2.49225,H2S,18.53
117,0,3.3,255,97612,19920,97612,19920,12.20159,2.49012,H2S,18.51
118,0,3.3,255,97553,19908,97553,19908,12.19424,2.48862,H2S,18.49
119,0,3.3,255,97431,19884,97431,19884,12.17895,2.4855,H2S,18.46
120,0,3.3,255,97255,19848,97255,19848,12.1569,2.481,H2S,18.42
121,0,3.3,255,97152,19827,97152,19827,12.14406,2.47838,H2S,18.4
122,0,3.3,255,97049,19806,97049,19806,12.13118,2.47575,H2S,18.37
123,0,3.3,255,96946,19785,96946,19785,12.11834,2.47313,H2S,18.35
124,0,3.3,255,96912,19778,96912,19778,12.11402,2.47225,H2S,18.34
125,0,0.0,0,115708,23614,115708,23614,14.46358,2.95175,H2S,22.77
126,0,0.0,0,113733,23210,113733,23210,14.21671,2.90137,H2S,22.31
127,0,0.0,0,111200,22694,111200,22694,13.90008,2.83675,H2S,21.71
128,0,0.0,0,108726,22189,108726,22189,13.59079,2.77363,H2S,21.13
129,0,0.0,0,106359,21706,106359,21706,13.29493,2.71325,H2S,20.57
130,0,0.0,0,104090,21242,104090,21242,13.01131,2.65537,H2S,20.03
131,0,0.0,0,101876,20791,101876,20791,12.73451,2.59888,H2S,19.51
132,0,0.0,0,99754,20358,99754,20358,12.46928,2.54475,H2S,19.01
133,0,0.0,0,97696,19938,97696,19938,12.21203,2.49225,H2S,18.53
134,0,0.0,0,95711,19533,95711,19533,11.96399,2.44163,H2S,18.06
135,0,0.0,0,93800,19143,93800,19143,11.72511,2.39288,H2S,17.61
136,0,0.0,0,91953,18766,91953,18766,11.49418,2.34575,H2S,17.17
137,0,0.0,0,90189,18406,90189,18406,11.27368,2.30075,H2S,16.75
138,0,0.0,0,88479,18056,88479,18056,11.05989,2.25712,H2S,16.35
139,0,0.0,0,86857,17726,86857,17726,10.85717,2.21575,H2S,15.97
140,0,0.0,0,85303,17408,85303,17408,10.66299,2.17612,H2S,15.6
141,0,0.0,0,83780,17098,83780,17098,10.47253,2.13725,H2S,15.24
142,0,0.0,0,82354,16806,82354,16806,10.29426,2.10087,H2S,14.91
143,0,0.0,0,80982,16527,80982,16527,10.12281,2.06588,H2S,14.58
144,0,0.0,0,79674,16260,79674,16260,9.95925,2.0325,H2S,14.27
145,0,0.0,0,78439,16008,78439,16008,9.8049,2.001,H2S,13.98
146,0,0.0,0,77228,15760,77228,15760,9.65359,1.97012,H2S,13.7
147,0,0.0,0,76082,15526,76082,15526,9.51026,1.94087,H2S,13.43
148,0,0.0,0,75004,15307,75004,15307,9.37556,1.91338,H2S,13.17
149,0,0.0,0,73955,15092,73955,15092,9.24444,1.88662,H2S,12.92
150,0,0.0,0,72941,14886,72941,14886,9.11768,1.86075,H2S,12.68
151,0,0.0,0,71981,14690,71981,14690,8.99763,1.83625,H2S,12.46
152,0,0.0,0,71045,14499,71045,14499,8.88066,1.81238,H2S,12.24
153,0,0.0,0,70148,14316,70148,14316,8.76855,1.7895,H2S,12.03
154,0,0.0,0,69305,14144,69305,14144,8.6632,1.768,H2S,11.83
155,0,0.0,0,68472,13974,68472,13974,8.55907,1.74675,H2S,11.63
156,0,0.0,0,67683,13813,67683,13813,8.46049,1.72663,H2S,11.44
157,0,0.0,0,66904,13654,66904,13654,8.36308,1.70675,H2S,11.26
158,0,0.0,0,66169,13504,66169,13504,8.2712,1.688,H2S,11.09
159,0,0.0,0,65454,13358,65454,13358,8.18178,1.66975,H2S,10.92
160,0,0.0,0,64772,13218,64772,13218,8.09661,1.65237,H2S,10.76
161,0,0.0,0,64111,13084,64111,13084,8.01395,1.6355,H2S,10.6
162,0,0.0,0,63454,12950,63454,12950,7.93187,1.61875,H2S,10.45
163,0,0.0,0,62827,12822,62827,12822,7.85348,1.60275,H2S,10.3
164,0,0.0,0,62235,12701,62235,12701,7.77939,1.58763,H2S,10.16
165,0,0.0,0,61671,12586,61671,12586,7.70893,1.57325,H2S,10.03
166,0,0.0,0,61103,12470,61103,12470,7.63788,1.55875,H2S,9.89
167,0,0.0,0,60558,12358,60558,12358,7.56986,1.54487,H2S,9.76
168,0,0.0,0,60025,12250,60025,12250,7.50313,1.53125,H2S,9.64
169,0,0.0,0,59525,12148,59525,12148,7.44065,1.5185,H2S,9.52
170,0,0.0,0,59039,12048,59039,12048,7.37999,1.50612,H2S,9.41
171,0,0.0,0,58579,11955,58579,11955,7.32246,1.49438,H2S,9.3
172,0,0.0,0,58094,11856,58094,11856,7.2618,1.482,H2S,9.18
173,0,0.0,0,57658,11766,57658,11766,7.20726,1.47087,H2S,9.08
174,0,0.0,0,57241,11682,57241,11682,7.15523,1.46025,H2S,8.98
175,0,0.0,0,56810,11594,56810,11594,7.10133,1.44925,H2S,8.88
176,0,0.0,0,56413,11512,56413,11512,7.05169,1.43912,H2S,8.79
177,0,0.0,0,56026,11434,56026,11434,7.00333,1.42925,H2S,8.69
178,0,0.0,0,55649,11356,55649,11356,6.95614,1.41962,H2S,8.61
179,0,0.0,0,55291,11284,55291,11284,6.91145,1.4105,H2S,8.52
180,0,0.0,0,54938,11212,54938,11212,6.86735,1.4015,H2S,8.44
181,0,0.0,0,54595,11142,54595,11142,6.82448,1.39275,H2S,8.36
182,0,0.0,0,54267,11074,54267,11074,6.78341,1.38437,H2S,8.28
183,0,0.0,0,53958,11012,53958,11012,6.74485,1.3765,H2S,8.21
184,0,0.0,0,53645,10948,53645,10948,6.70565,1.3685,H2S,8.13
185,0,0.0,0,53351,10888,53351,10888,6.6689,1.361,H2S,8.06
186,0,0.0,0,53067,10830,53067,10830,6.63338,1.35375,H2S,8.0
187,0,0.0,0,52773,10770,52773,10770,6.59663,1.34625,H2S,7.93
188,0,0.0,0,52542,10723,52542,10723,6.56786,1.34038,H2S,7.87
189,0,0.0,0,52258,10664,52258,10664,6.53229,1.33312,H2S,7.81
190,0,0.0,0,52013,10615,52013,10615,6.50171,1.32688,H2S,7.75
191,0,0.0,0,51788,10569,51788,10569,6.47354,1.32113,H2S,7.69
192,0,0.0,0,51557,10522,51557,10522,6.44473,1.31525,H2S,7.64
193,0,0.0,0,51273,10464,51273,10464,6.4092,1.308,H2S,7.57
194,0,0.0,0,51102,10429,51102,10429,6.38779,1.30363,H2S,7.53
195,0,0.0,0,50881,10384,50881,10384,6.3602,1.298,H2S,7.48
196,0,0.0,0,50700,10346,50700,10346,6.33751,1.29337,H2S,7.44
197,0,0.0,0,50494,10304,50494,10304,6.31179,1.28812,H2S,7.39
198,0,0.0,0,50308,10266,50308,10266,6.28851,1.28337,H2S,7.35
199,0,0.0,0,50127,10230,50127,10230,6.26588,1.27875,H2S,7.3
200,0,0.0,0,49950,10194,49950,10194,6.24383,1.27425,H2S,7.26
201,0,0.0,0,49769,10157,49769,10157,6.22119,1.26963,H2S,7.22
202,0,0.0,0,49607,10124,49607,10124,6.20095,1.2655,H2S,7.18
203,0,0.0,0,49450,10092,49450,10092,6.18135,1.2615,H2S,7.14
204,0,0.0,0,49288,10058,49288,10058,6.16111,1.25737,H2S,7.1
205,0,0.0,0,49132,10026,49132,10026,6.14151,1.25337,H2S,7.07
206,0,0.0,0,48995,9999,48995,9999,6.12441,1.24988,H2S,7.04
207,0,0.0,0,48858,9971,48858,9971,6.10726,1.24638,H2S,7.0
208,0,0.0,0,48725,9944,48725,9944,6.0907,1.243,H2S,6.97
209,0,0.0,0,48598,9918,48598,9918,6.07477,1.23975,H2S,6.94
210,0,0.0,0,48495,9897,48495,9897,6.06194,1.23713,H2S,6.92
211,0,0.0,0,48353,9868,48353,9868,6.04415,1.2335,H2S,6.88
212,0,0.0,0,48245,9846,48245,9846,6.03068,1.23075,H2S,6.86
213,0,0.0,0,48122,9820,48122,9820,6.01534,1.22762,H2S,6.83
214,0,0.0,0,48025,9801,48025,9801,6.00314,1.22513,H2S,6.81
215,0,0.0,0,47902,9776,47902,9776,5.9878,1.222,H2S,6.78
216,0,0.0,0,47784,9752,47784,9752,5.9731,1.219,H2S,6.75
217,0,0.0,0,47696,9734,47696,9734,5.96208,1.21675,H2S,6.73
218,0,0.0,0,47598,9714,47598,9714,5.94983,1.21425,H2S,6.71
219,0,0.0,0,47520,9698,47520,9698,5.94003,1.21225,H2S,6.69
220,0,0.0,0,47446,9682,47446,9682,5.93081,1.21037,H2S,6.67
221,0,0.0,0,47348,9663,47348,9663,5.91861,1.20788,H2S,6.65
222,0,0.0,0,47279,9648,47279,9648,5.90999,1.20612,H2S,6.63
223,0,0.0,0,47167,9626,47167,9626,5.89593,1.20325,H2S,6.6
224,0,0.0,0,47094,9611,47094,9611,5.88676,1.20138,H2S,6.59
225,0,0.0,0,47040,9600,47040,9600,5.88,1.2,H2S,6.57
226,0,0.0,0,46956,9583,46956,9583,5.86961,1.19788,H2S,6.55
227,0,0.0,0,46902,9572,46902,9572,5.86285,1.1965,H2S,6.54
228,0,0.0,0,46824,9556,46824,9556,5.85305,1.1945,H2S,6.52
229,0,0.0,0,46775,9546,46775,9546,5.84692,1.19325,H2S,6.51
230,0,0.0,0,46721,9535,46721,9535,5.84021,1.19188,H2S,6.5
231,0,0.0,0,46667,9524,46667,9524,5.83345,1.1905,H2S,6.49
232,0,0.0,0,46608,9512,46608,9512,5.8261,1.189,H2S,6.47
233,0,0.0,0,46569,9504,46569,9504,5.8212,1.188,H2S,6.46
234,0,0.0,0,46520,9494,46520,9494,5.81508,1.18675,H2S,6.45
235,0,0.0,0,46496,9489,46496,9489,5.81204,1.18613,H2S,6.45
236,0,0.0,0,46432,9476,46432,9476,5.80405,1.1845,H2S,6.43
237,0,0.0,0,46417,9473,46417,9473,5.80224,1.18413,H2S,6.43
238,0,0.0,0,46368,9462,46368,9462,5.79606,1.18287,H2S,6.42
239,0,0.0,0,46363,9462,46363,9462,5.79548,1.18275,H2S,6.41
240,0,0.0,0,46329,9455,46329,9455,5.79121,1.18188,H2S,6.41
241,0,0.0,0,46285,9446,46285,9446,5.78568,1.18075,H2S,6.4
242,0,0.0,0,46280,9445,46280,9445,5.78509,1.18063,H2S,6.4
243,0,0.0,0,46236,9436,46236,9436,5.77955,1.1795,H2S,6.38
244,0,0.0,0,46221,9432,46221,9432,5.77769,1.17912,H2S,6.38
245,0,0.0,0,46207,9430,46207,9430,5.77588,1.17875,H2S,6.38
246,0,0.0,0,46192,9426,46192,9426,5.77401,1.17837,H2S,6.37
247,0,0.0,0,46172,9423,46172,9423,5.77161,1.17788,H2S,6.37
248,0,0.0,0,46167,9422,46167,9422,5.77098,1.17775,H2S,6.37
249,0,0.0,0,46148,9418,46148,9418,5.76853,1.17725,H2S,6.36
0,0,3.3,255,38700,7898,38700,7898,4.83753,0.98725,H2S,4.61
1,0,3.3,255,40748,8316,40748,8316,5.09355,1.0395,H2S,5.09
2,0,3.3,255,43898,8958,43898,8958,5.48736,1.11987,H2S,5.83
3,0,3.3,255,47098,9612,47098,9612,5.88735,1.2015,H2S,6.59
4,0,3.3,255,50288,10262,50288,10262,6.28606,1.28287,H2S,7.34
5,0,3.3,255,53375,10893,53375,10893,6.67199,1.36163,H2S,8.07
6,0,3.3,255,56379,11506,56379,11506,7.04743,1.43825,H2S,8.78
7,0,3.3,255,59280,12098,59280,12098,7.41003,1.51225,H2S,9.46
8,0,3.3,255,62068,12666,62068,12666,7.75851,1.58337,H2S,10.12
9,0,3.3,255,64748,13214,64748,13214,8.09358,1.65175,H2S,10.75
10,0,3.3,255,67316,13738,67316,13738,8.41453,1.71725,H2S,11.36
11,0,3.3,255,69771,14239,69771,14239,8.72141,1.77988,H2S,11.94
12,0,3.3,255,72088,14712,72088,14712,9.0111,1.839,H2S,12.48
13,0,3.3,255,74328,15169,74328,15169,9.29104,1.89613,H2S,13.01
14,0,3.3,255,76405,15592,76405,15592,9.55069,1.94912,H2S,13.5
15,0,3.3,255,78390,15998,78390,15998,9.79878,1.99975,H2S,13.97
16,0,3.3,255,80247,16376,80247,16376,10.03089,2.04712,H2S,14.41
17,0,3.3,255,81986,16732,81986,16732,10.24835,2.0915,H2S,14.82
18,0,3.3,255,83643,17070,83643,17070,10.45538,2.13375,H2S,15.21
19,0,3.3,255,85181,17384,85181,17384,10.6477,2.173,H2S,15.57
20,0,3.3,255,86612,17676,86612,17676,10.82655,2.2095,H2S,15.91
21,0,3.3,255,87954,17950,87954,17950,10.99437,2.24375,H2S,16.23
22,0,3.3,255,89219,18208,89219,18208,11.1524,2.276,H2S,16.53
23,0,3.3,255,90405,18450,90405,18450,11.30063,2.30625,H2S,16.8
24,0,3.3,255,91492,18672,91492,18672,11.4366,2.334,H2S,17.06
25,0,3.3,255,92521,18882,92521,18882,11.56523,2.36025,H2S,17.3
26,0,3.3,255,93472,19076,93472,19076,11.68405,2.3845,H2S,17.53
27,0,3.3,255,94349,19254,94349,19254,11.79366,2.40687,H2S,17.74
28,0,3.3,255,95172,19422,95172,19422,11.89656,2.42787,H2S,17.93
29,0,3.3,255,95937,19579,95937,19579,11.99216,2.44738,H2S,18.11
30,0,3.3,255,96637,19722,96637,19722,12.07973,2.46525,H2S,18.28
31,0,3.3,255,97304,19858,97304,19858,12.16303,2.48225,H2S,18.43
32,0,3.3,255,97896,19978,97896,19978,12.23711,2.49737,H2S,18.57
33,0,3.3,255,98465,20094,98465,20094,12.30816,2.51187,H2S,18.71
34,0,3.3,255,98980,20200,98980,20200,12.3725,2.525,H2S,18.83
35,0,3.3,255,99470,20300,99470,20300,12.43375,2.5375,H2S,18.94
36,0,3.3,255,99920,20392,99920,20392,12.4901,2.549,H2S,19.05
37,0,3.3,255,100322,20474,100322,20474,12.54033,2.55925,H2S,19.14
38,0,3.3,255,100699,20550,100699,20550,12.58746,2.56887,H2S,19.23
39,0,3.3,255,101042,20620,101042,20620,12.63034,2.57762,H2S,19.31
40,0,3.3,255,101371,20688,101371,20688,12.6714,2.586,H2S,19.39
41,0,3.3,255,101665,20748,101665,20748,12.70815,2.5935,H2S,19.46
42,0,3.3,255,101929,20802,101929,20802,12.74123,2.60025,H2S,19.52
43,0,3.3,255,102184,20854,102184,20854,12.77308,2.60675,H2S,19.58
44,0,3.3,255,102410,20900,102410,20900,12.80125,2.6125,H2S,19.64
45,0,3.3,255,102601,20939,102601,20939,12.82516,2.61738,H2S,19.68
46,0,3.3,255,102792,20978,102792,20978,12.84903,2.62225,H2S,19.73
47,0,3.3,255,102958,21012,102958,21012,12.86985,2.6265,H2S,19.77
48,0,3.3,255,103101,21041,103101,21041,12.88764,2.63013,H2S,19.8
49,0,3.3,255,103233,21068,103233,21068,12.90415,2.6335,H2S,19.83
50,0,3.3,255,103350,21092,103350,21092,12.91885,2.6365,H2S,19.86
51,0,3.3,255,103439,21110,103439,21110,12.92988,2.63875,H2S,19.88
52,0,3.3,255,103527,21128,103527,21128,12.9409,2.641,H2S,19.9
53,0,3.3,255,103586,21140,103586,21140,12.94825,2.6425,H2S,19.91
54,0,3.3,255,103639,21150,103639,21150,12.95496,2.64387,H2S,19.93
55,0,3.3,255,103684,21160,103684,21160,12.9605,2.645,H2S,19.94
56,0,3.3,255,103713,21166,103713,21166,12.96418,2.64575,H2S,19.94
57,0,3.3,255,103737,21170,103737,21170,12.96721,2.64637,H2S,19.95
58,0,3.3,255,103747,21172,103747,21172,12.96844,2.64662,H2S,19.95
59,0,3.3,255,103752,21174,103752,21174,12.96908,2.64675,H2S,19.95
60,0,3.3,255,103737,21170,103737,21170,12.96721,2.64637,H2S,19.95
61,0,3.3,255,103728,21169,103728,21169,12.96604,2.64613,H2S,19.95
62,0,3.3,255,103698,21163,103698,21163,12.96236,2.64538,H2S,19.94
63,0,3.3,255,103689,21161,103689,21161,12.96114,2.64513,H2S,19.94
64,0,3.3,255,103644,21152,103644,21152,12.9556,2.644,H2S,19.93
65,0,3.3,255,103610,21144,103610,21144,12.95129,2.64312,H2S,19.92
66,0,3.3,255,103542,21131,103542,21131,12.94276,2.64138,H2S,19.9
67,0,3.3,255,103497,21122,103497,21122,12.93723,2.64025,H2S,19.89
68,0,3.3,255,103439,21110,103439,21110,12.92988,2.63875,H2S,19.88
69,0,3.3,255,103375,21097,103375,21097,12.92194,2.63713,H2S,19.86
70,0,3.3,255,103306,21082,103306,21082,12.91331,2.63537,H2S,19.85
71,0,3.3,255,103237,21068,103237,21068,12.90474,2.63362,H2S,19.83
72,0,3.3,255,103159,21053,103159,21053,12.89499,2.63163,H2S,19.81
73,0,3.3,255,103086,21038,103086,21038,12.88578,2.62975,H2S,19.8
74,0,3.3,255,102992,21018,102992,21018,12.87411,2.62737,H2S,19.77
75,0,3.3,255,102905,21001,102905,21001,12.86314,2.62513,H2S,19.75
76,0,3.3,255,102807,20981,102807,20981,12.85089,2.62263,H2S,19.73
77,0,3.3,255,102718,20963,102718,20963,12.83986,2.62038,H2S,19.71
78,0,3.3,255,102620,20943,102620,20943,12.82761,2.61788,H2S,19.69
79,0,3.3,255,102512,20920,102512,20920,12.81409,2.61512,H2S,19.66
80,0,3.3,255,102395,20896,102395,20896,12.79939,2.61212,H2S,19.63
81,0,3.3,255,102292,20876,102292,20876,12.78655,2.6095,H2S,19.61
82,0,3.3,255,102189,20855,102189,20855,12.77371,2.60688,H2S,19.59
83,0,3.3,255,102071,20830,102071,20830,12.75896,2.60387,H2S,19.56
84,0,3.3,255,101949,20806,101949,20806,12.74368,2.60075,H2S,19.53
85,0,3.3,255,101831,20782,101831,20782,12.72898,2.59775,H2S,19.5
86,0,3.3,255,101704,20756,101704,20756,12.71305,2.5945,H2S,19.47
87,0,3.3,255,101586,20732,101586,20732,12.69835,2.5915,H2S,19.44
88,0,3.3,255,101459,20706,101459,20706,12.68243,2.58825,H2S,19.41
89,0,3.3,255,101341,20682,101341,20682,12.66773,2.58525,H2S,19.39
90,0,3.3,255,101219,20657,101219,20657,12.65244,2.58213,H2S,19.36
91,0,3.3,255,101082,20629,101082,20629,12.63529,2.57863,H2S,19.32
92,0,3.3,255,100964,20605,100964,20605,12.62059,2.57563,H2S,19.3
93,0,3.3,255,100842,20580,100842,20580,12.60525,2.5725,H2S,19.27
94,0,3.3,255,100714,20554,100714,20554,12.58933,2.56925,H2S,19.24
95,0,3.3,255,100591,20528,100591,20528,12.57399,2.56612,H2S,19.21
96,0,3.3,255,100464,20503,100464,20503,12.55811,2.56288,H2S,19.18
97,0,3.3,255,100337,20477,100337,20477,12.54219,2.55963,H2S,19.15
98,0,3.3,255,100214,20452,100214,20452,12.52685,2.5565,H2S,19.12
99,0,3.3,255,100087,20426,100087,20426,12.51093,2.55325,H2S,19.09
100,0,3.3,255,99960,20400,99960,20400,12.495,2.55,H2S,19.06
101,0,3.3,255,99832,20374,99832,20374,12.47907,2.54675,H2S,19.03
102,0,3.3,255,99705,20348,99705,20348,12.46315,2.5435,H2S,19.0
103,0,3.3,255,99587,20324,99587,20324,12.44845,2.5405,H2S,18.97
104,0,3.3,255,99464,20298,99464,20298,12.43311,2.53737,H2S,18.94
105,0,3.3,255,99347,20274,99347,20274,12.41841,2.53437,H2S,18.91
106,0,3.3,255,99215,20248,99215,20248,12.4019,2.531,H2S,18.88
107,0,3.3,255,99092,20222,99092,20222,12.38656,2.52787,H2S,18.85
108,0,3.3,255,98980,20200,98980,20200,12.3725,2.525,H2S,18.83
109,0,3.3,255,98852,20174,98852,20174,12.35658,2.52175,H2S,18.8
110,0,3.3,255,98725,20148,98725,20148,12.34065,2.5185,H2S,18.77
111,0,3.3,255,98612,20124,98612,20124,12.32654,2.51562,H2S,18.74
112,0,3.3,255,98499,20102,98499,20102,12.31248,2.51275,H2S,18.71
113,0,3.3,255,98387,20079,98387,20079,12.29841,2.50988,H2S,18.69
114,0,3.3,255,98269,20054,98269,20054,12.28366,2.50687,H2S,18.66
115,0,3.3,255,98161,20033,98161,20033,12.27024,2.50413,H2S,18.63
116,0,3.3,255,98039,20008,98039,20008,12.2549,2.501,H2S,18.61
117,0,3.3,255,97926,19984,97926,19984,12.24079,2.49812,H2S,18.58
118,0,3.3,255,97823,19964,97823,19964,12.22795,2.4955,H2S,18.56
119,0,3.3,255,97710,19940,97710,19940,12.21384,2.49262,H2S,18.53
120,0,3.3,255,97593,19917,97593,19917,12.19919,2.48963,H2S,18.5
121,0,3.3,255,97485,19894,97485,19894,12.18566,2.48687,H2S,18.48
122,0,3.3,255,97387,19875,97387,19875,12.17346,2.48438,H2S,18.45
123,0,3.3,255,97284,19854,97284,19854,12.16057,2.48175,H2S,18.43
124,0,3.3,255,97171,19830,97171,19830,12.14646,2.47887,H2S,18.4
125,0,0.0,0,116144,23702,116144,23702,14.51806,2.96287,H2S,22.88
126,0,0.0,0,114150,23296,114150,23296,14.2688,2.912,H2S,22.41
127,0,0.0,0,111622,22780,111622,22780,13.95275,2.8475,H2S,21.81
128,0,0.0,0,109162,22278,109162,22278,13.64527,2.78475,H2S,21.23
129,0,0.0,0,106776,21791,106776,21791,13.34701,2.72388,H2S,20.67
130,0,0.0,0,104487,21324,104487,21324,13.06095,2.6655,H2S,20.13
131,0,0.0,0,102287,20875,102287,20875,12.78596,2.60938,H2S,19.61
132,0,0.0,0,100131,20434,100131,20434,12.51641,2.55437,H2S,19.1
133,0,0.0,0,98058,20012,98058,20012,12.25735,2.5015,H2S,18.61
134,0,0.0,0,96074,19606,96074,19606,12.00926,2.45087,H2S,18.14
135,0,0.0,0,94143,19213,94143,19213,11.76799,2.40163,H2S,17.69
136,0,0.0,0,92271,18830,92271,18830,11.53396,2.35387,H2S,17.25
137,0,0.0,0,90478,18464,90478,18464,11.30979,2.30812,H2S,16.82
138,0,0.0,0,88773,18117,88773,18117,11.09669,2.26463,H2S,16.42
139,0,0.0,0,87116,17778,87116,17778,10.88961,2.22237,H2S,16.03
140,0,0.0,0,85544,17458,85544,17458,10.69303,2.18225,H2S,15.66
141,0,0.0,0,84049,17152,84049,17152,10.50619,2.14412,H2S,15.31
142,0,0.0,0,82609,16859,82609,16859,10.32616,2.10738,H2S,14.97
143,0,0.0,0,81222,16576,81222,16576,10.1528,2.072,H2S,14.64
144,0,0.0,0,79894,16304,79894,16304,9.98679,2.03812,H2S,14.33
145,0,0.0,0,78635,16047,78635,16047,9.8294,2.006,H2S,14.03
146,0,0.0,0,77414,15798,77414,15798,9.67686,1.97487,H2S,13.74
147,0,0.0,0,76288,15569,76288,15569,9.53604,1.94613,H2S,13.47
148,0,0.0,0,75185,15344,75185,15344,9.3982,1.918,H2S,13.21
149,0,0.0,0,74127,15128,74127,15128,9.2659,1.891,H2S,12.96
150,0,0.0,0,73112,14920,73112,14920,9.13909,1.86512,H2S,12.73
151,0,0.0,0,72171,14728,72171,14728,9.02149,1.84112,H2S,12.5
152,0,0.0,0,71211,14532,71211,14532,8.90144,1.81662,H2S,12.28
153,0,0.0,0,70344,14356,70344,14356,8.79305,1.7945,H2S,12.07
154,0,0.0,0,69496,14182,69496,14182,8.68706,1.77287,H2S,11.87
155,0,0.0,0,68639,14008,68639,14008,8.5799,1.751,H2S,11.67
156,0,0.0,0,67850,13846,67850,13846,8.48126,1.73087,H2S,11.48
157,0,0.0,0,67081,13690,67081,13690,8.38513,1.71125,H2S,11.3
158,0,0.0,0,66331,13537,66331,13537,8.29144,1.69213,H2S,11.13
159,0,0.0,0,65616,13391,65616,13391,8.20201,1.67388,H2S,10.96
160,0,0.0,0,64934,13252,64934,13252,8.11685,1.6565,H2S,10.8
161,0,0.0,0,64263,13115,64263,13115,8.03296,1.63938,H2S,10.64
162,0,0.0,0,63626,12984,63626,12984,7.95329,1.62312,H2S,10.49
163,0,0.0,0,62999,12856,62999,12856,7.87489,1.60712,H2S,10.34
164,0,0.0,0,62391,12733,62391,12733,7.79899,1.59163,H2S,10.2
165,0,0.0,0,61828,12618,61828,12618,7.72853,1.57725,H2S,10.06
166,0,0.0,0,61245,12499,61245,12499,7.65566,1.56238,H2S,9.93
167,0,0.0,0,60711,12390,60711,12390,7.58888,1.54875,H2S,9.8
168,0,0.0,0,60201,12286,60201,12286,7.52517,1.53575,H2S,9.68
169,0,0.0,0,59682,12180,59682,12180,7.46025,1.5225,H2S,9.56
170,0,0.0,0,59182,12078,59182,12078,7.39778,1.50975,H2S,9.44
171,0,0.0,0,58711,11982,58711,11982,7.33898,1.49775,H2S,9.33
172,0,0.0,0,58251,11888,58251,11888,7.2814,1.486,H2S,9.22
173,0,0.0,0,57820,11800,57820,11800,7.2275,1.475,H2S,9.12
174,0,0.0,0,57403,11714,57403,11714,7.17541,1.46437,H2S,9.02
175,0,0.0,0,56981,11628,56981,11628,7.12274,1.45362,H2S,8.92
176,0,0.0,0,56585,11548,56585,11548,7.07315,1.4435,H2S,8.83
177,0,0.0,0,56173,11464,56173,11464,7.0217,1.433,H2S,8.73
178,0,0.0,0,55830,11394,55830,11394,6.97883,1.42425,H2S,8.65
179,0,0.0,0,55448,11316,55448,11316,6.93105,1.4145,H2S,8.56
180,0,0.0,0,55095,11244,55095,11244,6.88695,1.4055,H2S,8.47
181,0,0.0,0,54757,11175,54757,11175,6.84471,1.39688,H2S,8.4
182,0,0.0,0,54439,11110,54439,11110,6.80488,1.38875,H2S,8.32
183,0,0.0,0,54125,11046,54125,11046,6.76567,1.38075,H2S,8.25
184,0,0.0,0,53816,10983,53816,10983,6.72711,1.37288,H2S,8.17
185,0,0.0,0,53537,10926,53537,10926,6.69218,1.36575,H2S,8.11
186,0,0.0,0,53248,10867,53248,10867,6.65606,1.35838,H2S,8.04
187,0,0.0,0,52978,10812,52978,10812,6.62235,1.3515,H2S,7.98
188,0,0.0,0,52714,10758,52714,10758,6.58927,1.34475,H2S,7.91
189,0,0.0,0,52439,10702,52439,10702,6.55498,1.33775,H2S,7.85
190,0,0.0,0,52194,10652,52194,10652,6.52435,1.3315,H2S,7.79
191,0,0.0,0,51954,10602,51954,10602,6.49431,1.32537,H2S,7.73
192,0,0.0,0,51744,10560,51744,10560,6.468,1.32,H2S,7.68
193,0,0.0,0,51508,10512,51508,10512,6.4386,1.314,H2S,7.63
194,0,0.0,0,51297,10468,51297,10468,6.41224,1.30862,H2S,7.58
195,0,0.0,0,51087,10426,51087,10426,6.38593,1.30325,H2S,7.53
196,0,0.0,0,50886,10384,50886,10384,6.36079,1.29812,H2S,7.48
197,0,0.0,0,50685,10344,50685,10344,6.3357,1.293,H2S,7.43
198,0,0.0,0,50504,10307,50504,10307,6.31306,1.28838,H2S,7.39
199,0,0.0,0,50323,10270,50323,10270,6.29038,1.28375,H2S,7.35
200,0,0.0,0,50141,10233,50141,10233,6.26774,1.27913,H2S,7.31
201,0,0.0,0,49955,10195,49955,10195,6.24446,1.27438,H2S,7.26
202,0,0.0,0,49793,10162,49793,10162,6.22423,1.27025,H2S,7.22
203,0,0.0,0,49642,10131,49642,10131,6.20526,1.26638,H2S,7.19
204,0,0.0,0,49480,10098,49480,10098,6.18503,1.26225,H2S,7.15
205,0,0.0,0,49338,10069,49338,10069,6.16729,1.25863,H2S,7.12
206,0,0.0,0,49190,10038,49190,10038,6.14886,1.25487,H2S,7.08
207,0,0.0,0,49048,10010,49048,10010,6.13112,1.25125,H2S,7.05
208,0,0.0,0,48926,9984,48926,9984,6.11579,1.24812,H2S,7.02
209,0,0.0,0,48794,9958,48794,9958,6.09928,1.24475,H2S,6.99
210,0,0.0,0,48661,9930,48661,9930,6.08271,1.24137,H2S,6.96
211,0,0.0,0,48539,9906,48539,9906,6.06743,1.23825,H2S,6.93
212,0,0.0,0,48426,9882,48426,9882,6.05331,1.23537,H2S,6.9
213,0,0.0,0,48319,9861,48319,9861,6.03989,1.23263,H2S,6.88
214,0,0.0,0,48206,9838,48206,9838,6.02578,1.22975,H2S,6.85
215,0,0.0,0,48103,9817,48103,9817,6.01294,1.22713,H2S,6.83
216,0,0.0,0,48005,9797,48005,9797,6.00069,1.22463,H2S,6.8
217,0,0.0,0,47916,9778,47916,9778,5.98961,1.22237,H2S,6.78
218,0,0.0,0,47824,9760,47824,9760,5.978,1.22,H2S,6.76
219,0,0.0,0,47750,9744,47750,9744,5.96879,1.21812,H2S,6.74
220,0,0.0,0,47652,9724,47652,9724,5.95654,1.21562,H2S,6.72
221,0,0.0,0,47569,9708,47569,9708,5.94615,1.2135,H2S,6.7
222,0,0.0,0,47495,9692,47495,9692,5.93694,1.21162,H2S,6.68
223,0,0.0,0,47397,9673,47397,9673,5.92474,1.20913,H2S,6.66
224,0,0.0,0,47334,9660,47334,9660,5.91675,1.2075,H2S,6.64
225,0,0.0,0,47255,9644,47255,9644,5.90695,1.2055,H2S,6.63
226,0,0.0,0,47177,9628,47177,9628,5.89715,1.2035,H2S,6.61
227,0,0.0,0,47128,9618,47128,9618,5.89103,1.20225,H2S,6.6
228,0,0.0,0,47064,9605,47064,9605,5.88309,1.20063,H2S,6.58
229,0,0.0,0,46995,9590,46995,9590,5.87446,1.19887,H2S,6.56
230,0,0.0,0,46946,9580,46946,9580,5.86834,1.19762,H2S,6.55
231,0,0.0,0,46893,9570,46893,9570,5.86163,1.19625,H2S,6.54
232,0,0.0,0,46853,9562,46853,9562,5.85672,1.19525,H2S,6.53
233,0,0.0,0,46800,9551,46800,9551,5.85001,1.19388,H2S,6.52
234,0,0.0,0,46746,9540,46746,9540,5.84325,1.1925,H2S,6.5
235,0,0.0,0,46691,9528,46691,9528,5.83649,1.19112,H2S,6.49
236,0,0.0,0,46672,9525,46672,9525,5.83409,1.19063,H2S,6.49
237,0,0.0,0,46633,9516,46633,9516,5.82914,1.18962,H2S,6.48
238,0,0.0,0,46608,9512,46608,9512,5.8261,1.189,H2S,6.47
239,0,0.0,0,46569,9504,46569,9504,5.8212,1.188,H2S,6.46
240,0,0.0,0,46525,9494,46525,9494,5.81566,1.18687,H2S,6.45
241,0,0.0,0,46525,9494,46525,9494,5.81566,1.18687,H2S,6.45
242,0,0.0,0,46481,9486,46481,9486,5.81018,1.18575,H2S,6.44
243,0,0.0,0,46452,9480,46452,9480,5.8065,1.185,H2S,6.44
244,0,0.0,0,46442,9478,46442,9478,5.80527,1.18475,H2S,6.43
245,0,0.0,0,46408,9471,46408,9471,5.80101,1.18388,H2S,6.43
246,0,0.0,0,46403,9470,46403,9470,5.80038,1.18375,H2S,6.42
247,0,0.0,0,46393,9468,46393,9468,5.79915,1.1835,H2S,6.42
248,0,0.0,0,46383,9466,46383,9466,5.79793,1.18325,H2S,6.42
249,0,0.0,0,46363,9462,46363,9462,5.79548,1.18275,H2S,6.41
0,0,3.3,255,38871,7932,38871,7932,4.85894,0.99162,H2S,4.65
1,0,3.3,255,40920,8351,40920,8351,5.11501,1.04388,H2S,5.13
2,0,3.3,255,44090,8998,44090,8998,5.51128,1.12475,H2S,5.88
3,0,3.3,255,47314,9656,47314,9656,5.9143,1.207,H2S,6.64
4,0,3.3,255,50475,10301,50475,10301,6.30939,1.28763,H2S,7.38
5,0,3.3,255,53557,10930,53557,10930,6.69463,1.36625,H2S,8.11
6,0,3.3,255,56560,11542,56560,11542,7.07006,1.44287,H2S,8.82
7,0,3.3,255,59456,12134,59456,12134,7.43208,1.51675,H2S,9.5
8,0,3.3,255,62254,12705,62254,12705,7.78184,1.58813,H2S,10.16
9,0,3.3,255,64934,13252,64934,13252,8.11685,1.6565,H2S,10.8
10,0,3.3,255,67482,13772,67482,13772,8.43535,1.7215,H2S,11.4
11,0,3.3,255,69937,14272,69937,14272,8.74219,1.78412,H2S,11.98
12,0,3.3,255,72250,14744,72250,14744,9.03129,1.84312,H2S,12.52
13,0,3.3,255,74470,15198,74470,15198,9.30878,1.89975,H2S,13.05
14,0,3.3,255,76562,15624,76562,15624,9.57029,1.95312,H2S,13.54
15,0,3.3,255,78532,16027,78532,16027,9.81656,2.00338,H2S,14.0
16,0,3.3,255,80394,16407,80394,16407,10.04931,2.05088,H2S,14.44
17,0,3.3,255,82128,16760,82128,16760,10.26609,2.09512,H2S,14.85
18,0,3.3,255,83770,17096,83770,17096,10.4713,2.137,H2S,15.24
19,0,3.3,255,85303,17408,85303,17408,10.66299,2.17612,H2S,15.6
20,0,3.3,255,86735,17701,86735,17701,10.84189,2.21263,H2S,15.94
21,0,3.3,255,88067,17972,88067,17972,11.00844,2.24662,H2S,16.25
22,0,3.3,255,89336,18232,89336,18232,11.1671,2.279,H2S,16.55
23,0,3.3,255,90508,18471,90508,18471,11.31351,2.30888,H2S,16.83
24,0,3.3,255,91581,18690,91581,18690,11.44763,2.33625,H2S,17.08
25,0,3.3,255,92590,18896,92590,18896,11.5738,2.362,H2S,17.32
26,0,3.3,255,93550,19092,93550,19092,11.69385,2.3865,H2S,17.55
27,0,3.3,255,94423,19270,94423,19270,11.80288,2.40875,H2S,17.75
28,0,3.3,255,95256,19440,95256,19440,11.907,2.43,H2S,17.95
29,0,3.3,255,96015,19594,96015,19594,12.00191,2.44937,H2S,18.13
30,0,3.3,255,96706,19736,96706,19736,12.0883,2.467,H2S,18.29
31,0,3.3,255,97372,19872,97372,19872,12.1716,2.484,H2S,18.45
32,0,3.3,255,97985,19996,97985,19996,12.24814,2.49962,H2S,18.59
33,0,3.3,255,98548,20112,98548,20112,12.3186,2.514,H2S,18.73
34,0,3.3,255,99087,20222,99087,20222,12.38598,2.52775,H2S,18.85
35,0,3.3,255,99553,20317,99553,20317,12.44419,2.53963,H2S,18.96
36,0,3.3,255,100018,20412,100018,20412,12.50235,2.5515,H2S,19.07
37,0,3.3,255,100435,20496,100435,20496,12.55439,2.56212,H2S,19.17
38,0,3.3,255,100807,20573,100807,20573,12.60099,2.57163,H2S,19.26
39,0,3.3,255,101155,20644,101155,20644,12.64445,2.5805,H2S,19.34
40,0,3.3,255,101479,20710,101479,20710,12.68488,2.58875,H2S,19.42
41,0,3.3,255,101782,20772,101782,20772,12.72285,2.5965,H2S,19.49
42,0,3.3,255,102062,20829,102062,20829,12.75779,2.60363,H2S,19.56
43,0,3.3,255,102302,20878,102302,20878,12.78778,2.60975,H2S,19.61
44,0,3.3,255,102527,20924,102527,20924,12.81595,2.6155,H2S,19.66
45,0,3.3,255,102738,20966,102738,20966,12.84226,2.62087,H2S,19.71
46,0,3.3,255,102914,21003,102914,21003,12.86436,2.62538,H2S,19.76
47,0,3.3,255,103081,21036,103081,21036,12.88514,2.62962,H2S,19.8
48,0,3.3,255,103218,21065,103218,21065,12.90234,2.63313,H2S,19.83
49,0,3.3,255,103360,21094,103360,21094,12.92008,2.63675,H2S,19.86
50,0,3.3,255,103463,21114,103463,21114,12.93291,2.63937,H2S,19.89
51,0,3.3,255,103556,21134,103556,21134,12.94458,2.64175,H2S,19.91
52,0,3.3,255,103630,21149,103630,21149,12.95379,2.64363,H2S,19.93
53,0,3.3,255,103698,21163,103698,21163,12.96236,2.64538,H2S,19.94
54,0,3.3,255,103757,21175,103757,21175,12.96971,2.64688,H2S,19.96
55,0,3.3,255,103811,21186,103811,21186,12.97643,2.64825,H2S,19.97
56,0,3.3,255,103850,21194,103850,21194,12.98133,2.64925,H2S,19.98
57,0,3.3,255,103870,21198,103870,21198,12.98378,2.64975,H2S,19.98
58,0,3.3,255,103880,21200,103880,21200,12.985,2.65,H2S,19.98
59,0,3.3,255,103889,21202,103889,21202,12.98623,2.65025,H2S,19.99
60,0,3.3,255,103875,21199,103875,21199,12.98441,2.64988,H2S,19.98
61,0,3.3,255,103870,21198,103870,21198,12.98378,2.64975,H2S,19.98
62,0,3.3,255,103855,21195,103855,21195,12.98196,2.64938,H2S,19.98
63,0,3.3,255,103816,21187,103816,21187,12.97706,2.64838,H2S,19.97
64,0,3.3,255,103796,21182,103796,21182,12.97456,2.64787,H2S,19.96
65,0,3.3,255,103752,21174,103752,21174,12.96908,2.64675,H2S,19.95
66,0,3.3,255,103713,21166,103713,21166,12.96418,2.64575,H2S,19.94
67,0,3.3,255,103644,21152,103644,21152,12.9556,2.644,H2S,19.93
68,0,3.3,255,103595,21142,103595,21142,12.94948,2.64275,H2S,19.92
69,0,3.3,255,103532,21129,103532,21129,12.94154,2.64113,H2S,19.9
70,0,3.3,255,103458,21114,103458,21114,12.93233,2.63925,H2S,19.88
71,0,3.3,255,103394,21100,103394,21100,12.92434,2.63762,H2S,19.87
72,0,3.3,255,103316,21085,103316,21085,12.91459,2.63563,H2S,19.85
73,0,3.3,255,103228,21067,103228,21067,12.90356,2.63338,H2S,19.83
74,0,3.3,255,103135,21048,103135,21048,12.8919,2.631,H2S,19.81
75,0,3.3,255,103056,21032,103056,21032,12.8821,2.629,H2S,19.79
76,0,3.3,255,102949,21010,102949,21010,12.86863,2.62625,H2S,19.76
77,0,3.3,255,102860,20992,102860,20992,12.8576,2.624,H2S,19.74
78,0,3.3,255,102758,20971,102758,20971,12.84476,2.62138,H2S,19.72
79,0,3.3,255,102655,20950,102655,20950,12.83188,2.61875,H2S,19.7
80,0,3.3,255,102547,20928,102547,20928,12.8184,2.616,H2S,19.67
81,0,3.3,255,102434,20905,102434,20905,12.80434,2.61313,H2S,19.64
82,0,3.3,255,102312,20880,102312,20880,12.789,2.61,H2S,19.61
83,0,3.3,255,102204,20858,102204,20858,12.77553,2.60725,H2S,19.59
84,0,3.3,255,102091,20835,102091,20835,12.76146,2.60438,H2S,19.56
85,0,3.3,255,101968,20810,101968,20810,12.74612,2.60125,H2S,19.53
86,0,3.3,255,101841,20784,101841,20784,12.7302,2.598,H2S,19.5
87,0,3.3,255,101724,20760,101724,20760,12.7155,2.595,H2S,19.48
88,0,3.3,255,101591,20733,101591,20733,12.69899,2.59163,H2S,19.44
89,0,3.3,255,101479,20710,101479,20710,12.68488,2.58875,H2S,19.42
90,0,3.3,255,101351,20684,101351,20684,12.66895,2.5855,H2S,19.39
91,0,3.3,255,101219,20657,101219,20657,12.65244,2.58213,H2S,19.36
92,0,3.3,255,101096,20632,101096,20632,12.6371,2.579,H2S,19.33
93,0,3.3,255,100964,20605,100964,20605,12.62059,2.57563,H2S,19.3
94,0,3.3,255,100842,20580,100842,20580,12.60525,2.5725,H2S,19.27
95,0,3.3,255,100719,20554,100719,20554,12.58991,2.56937,H2S,19.24
96,0,3.3,255,100582,20527,100582,20527,12.57281,2.56588,H2S,19.21
97,0,3.3,255,100459,20502,100459,20502,12.55748,2.56275,H2S,19.18
98,0,3.3,255,100357,20481,100357,20481,12.54464,2.56013,H2S,19.15
99,0,3.3,255,100293,20468,100293,20468,12.53665,2.5585,H2S,19.14
100,0,3.3,255,100156,20440,100156,20440,12.5195,2.555,H2S,19.11
101,0,3.3,255,100028,20414,100028,20414,12.50358,2.55175,H2S,19.08
102,0,3.3,255,99891,20386,99891,20386,12.48643,2.54825,H2S,19.04
103,0,3.3,255,99759,20359,99759,20359,12.46991,2.54488,H2S,19.01
104,0,3.3,255,99607,20328,99607,20328,12.4509,2.541,H2S,18.98
105,0,3.3,255,99474,20300,99474,20300,12.43434,2.53762,H2S,18.94
106,0,3.3,255,99352,20276,99352,20276,12.41905,2.5345,H2S,18.92
107,0,3.3,255,99219,20248,99219,20248,12.40249,2.53112,H2S,18.88
108,0,3.3,255,99087,20222,99087,20222,12.38598,2.52775,H2S,18.85
109,0,3.3,255,98975,20199,98975,20199,12.37191,2.52488,H2S,18.83
110,0,3.3,255,98847,20172,98847,20172,12.35594,2.52162,H2S,18.8
111,0,3.3,255,98720,20146,98720,20146,12.34001,2.51837,H2S,18.77
112,0,3.3,255,98597,20122,98597,20122,12.32473,2.51525,H2S,18.74
113,0,3.3,255,98460,20094,98460,20094,12.30758,2.51175,H2S,18.71
114,0,3.3,255,98362,20074,98362,20074,12.29533,2.50925,H2S,18.68
115,0,3.3,255,98245,20050,98245,20050,12.28063,2.50625,H2S,18.65
116,0,3.3,255,98132,20027,98132,20027,12.26656,2.50338,H2S,18.63
117,0,3.3,255,98014,20003,98014,20003,12.25186,2.50038,H2S,18.6
118,0,3.3,255,97902,19980,97902,19980,12.23775,2.4975,H2S,18.57
119,0,3.3,255,97804,19960,97804,19960,12.2255,2.495,H2S,18.55
120,0,3.3,255,97676,19934,97676,19934,12.20958,2.49175,H2S,18.52
121,0,3.3,255,97573,19913,97573,19913,12.19674,2.48913,H2S,18.5
122,0,3.3,255,97465,19890,97465,19890,12.18321,2.48637,H2S,18.47
123,0,3.3,255,97357,19868,97357,19868,12.16974,2.48362,H2S,18.45
124,0,3.3,255,97250,19847,97250,19847,12.15631,2.48088,H2S,18.42
125,0,0.0,0,116154,23704,116154,23704,14.51929,2.96312,H2S,22.88
126,0,0.0,0,114179,23302,114179,23302,14.27248,2.91275,H2S,22.41
127,0,0.0,0,111661,22788,111661,22788,13.95765,2.8485,H2S,21.82
128,0,0.0,0,109201,22286,109201,22286,13.65018,2.78575,H2S,21.24
129,0,0.0,0,106824,21800,106824,21800,13.35309,2.72512,H2S,20.68
130,0,0.0,0,104526,21332,104526,21332,13.06585,2.6665,H2S,20.14
131,0,0.0,0,102331,20884,102331,20884,12.79145,2.6105,H2S,19.62
132,0,0.0,0,100204,20450,100204,20450,12.52562,2.55625,H2S,19.12
133,0,0.0,0,98151,20030,98151,20030,12.26896,2.50387,H2S,18.63
134,0,0.0,0,96142,19620,96142,19620,12.01784,2.45262,H2S,18.16
135,0,0.0,0,94207,19226,94207,19226,11.77593,2.40325,H2S,17.7
136,0,0.0,0,92350,18847,92350,18847,11.54381,2.35588,H2S,17.26
137,0,0.0,0,90586,18486,90586,18486,11.32326,2.31087,H2S,16.85
138,0,0.0,0,88837,18130,88837,18130,11.10463,2.26625,H2S,16.44
139,0,0.0,0,87229,17802,87229,17802,10.90372,2.22525,H2S,16.06
140,0,0.0,0,85652,17480,85652,17480,10.7065,2.185,H2S,15.68
141,0,0.0,0,84113,17166,84113,17166,10.51418,2.14575,H2S,15.32
142,0,0.0,0,82692,16876,82692,16876,10.33655,2.1095,H2S,14.99
143,0,0.0,0,81285,16588,81285,16588,10.16074,2.07362,H2S,14.65
144,0,0.0,0,79977,16322,79977,16322,9.99723,2.04025,H2S,14.34
145,0,0.0,0,78694,16059,78694,16059,9.83675,2.0075,H2S,14.04
146,0,0.0,0,77498,15816,77498,15816,9.6873,1.977,H2S,13.76
147,0,0.0,0,76356,15583,76356,15583,9.54461,1.94788,H2S,13.49
148,0,0.0,0,75249,15356,75249,15356,9.40614,1.91962,H2S,13.23
149,0,0.0,0,74191,15141,74191,15141,9.27389,1.89263,H2S,12.98
150,0,0.0,0,73171,14932,73171,14932,9.14644,1.86662,H2S,12.74
151,0,0.0,0,72216,14738,72216,14738,9.02703,1.84225,H2S,12.51
152,0,0.0,0,71285,14548,71285,14548,8.91065,1.8185,H2S,12.29
153,0,0.0,0,70378,14362,70378,14362,8.79731,1.79537,H2S,12.08
154,0,0.0,0,69511,14186,69511,14186,8.68893,1.77325,H2S,11.88
155,0,0.0,0,68683,14016,68683,14016,8.58539,1.75212,H2S,11.68
156,0,0.0,0,67889,13855,67889,13855,8.48621,1.73188,H2S,11.49
157,0,0.0,0,67130,13700,67130,13700,8.39125,1.7125,H2S,11.31
158,0,0.0,0,66389,13548,66389,13548,8.29874,1.69362,H2S,11.14
159,0,0.0,0,65664,13400,65664,13400,8.20809,1.67512,H2S,10.97
160,0,0.0,0,64969,13259,64969,13259,8.12116,1.65738,H2S,10.8
161,0,0.0,0,64302,13122,64302,13122,8.03781,1.64037,H2S,10.65
162,0,0.0,0,63690,12998,63690,12998,7.96128,1.62475,H2S,10.5
163,0,0.0,0,63077,12872,63077,12872,7.88469,1.60912,H2S,10.36
164,0,0.0,0,62450,12744,62450,12744,7.80629,1.59312,H2S,10.21
165,0,0.0,0,61887,12630,61887,12630,7.73588,1.57875,H2S,10.08
166,0,0.0,0,61318,12514,61318,12514,7.66483,1.56425,H2S,9.94
167,0,0.0,0,60774,12403,60774,12403,7.59686,1.55038,H2S,9.81
168,0,0.0,0,60260,12298,60260,12298,7.53253,1.53725,H2S,9.69
169,0,0.0,0,59745,12192,59745,12192,7.46819,1.52412,H2S,9.57
170,0,0.0,0,59270,12096,59270,12096,7.4088,1.512,H2S,9.46
171,0,0.0,0,58800,12000,58800,12000,7.35,1.5,H2S,9.35
172,0,0.0,0,58354,11909,58354,11909,7.29429,1.48863,H2S,9.24
173,0,0.0,0,57898,11816,57898,11816,7.2373,1.477,H2S,9.14
174,0,0.0,0,57477,11730,57477,11730,7.18463,1.46625,H2S,9.04
175,0,0.0,0,57060,11644,57060,11644,7.13254,1.45562,H2S,8.94
176,0,0.0,0,56653,11562,56653,11562,7.08173,1.44525,H2S,8.84
177,0,0.0,0,56266,11483,56266,11483,7.03336,1.43538,H2S,8.75
178,0,0.0,0,55909,11410,55909,11410,6.98863,1.42625,H2S,8.67
179,0,0.0,0,55556,11338,55556,11338,6.94452,1.41725,H2S,8.58
180,0,0.0,0,55213,11268,55213,11268,6.90165,1.4085,H2S,8.5
181,0,0.0,0,54860,11196,54860,11196,6.85755,1.3995,H2S,8.42
182,0,0.0,0,54527,11128,54527,11128,6.8159,1.391,H2S,8.34
183,0,0.0,0,54233,11068,54233,11068,6.77915,1.3835,H2S,8.27
184,0,0.0,0,53944,11009,53944,11009,6.74304,1.37613,H2S,8.2
185,0,0.0,0,53625,10944,53625,10944,6.7032,1.368,H2S,8.13
186,0,0.0,0,53351,10888,53351,10888,6.6689,1.361,H2S,8.06
187,0,0.0,0,53076,10832,53076,10832,6.6346,1.354,H2S,8.0
188,0,0.0,0,52822,10780,52822,10780,6.60275,1.3475,H2S,7.94
189,0,0.0,0,52562,10727,52562,10727,6.57031,1.34088,H2S,7.88
190,0,0.0,0,52327,10679,52327,10679,6.54091,1.33488,H2S,7.82
191,0,0.0,0,52072,10627,52072,10627,6.50906,1.32838,H2S,7.76
192,0,0.0,0,51861,10584,51861,10584,6.4827,1.323,H2S,7.71
193,0,0.0,0,51640,10538,51640,10538,6.45511,1.31737,H2S,7.66
194,0,0.0,0,51430,10496,51430,10496,6.4288,1.312,H2S,7.61
195,0,0.0,0,51210,10451,51210,10451,6.40126,1.30638,H2S,7.56
196,0,0.0,0,51023,10413,51023,10413,6.37799,1.30163,H2S,7.51
197,0,0.0,0,50822,10372,50822,10372,6.35285,1.2965,H2S,7.47
198,0,0.0,0,50641,10335,50641,10335,6.33021,1.29188,H2S,7.42
199,0,0.0,0,50464,10298,50464,10298,6.30811,1.28737,H2S,7.38
200,0,0.0,0,50288,10262,50288,10262,6.28606,1.28287,H2S,7.34
201,0,0.0,0,50112,10227,50112,10227,6.26406,1.27838,H2S,7.3
202,0,0.0,0,49974,10198,49974,10198,6.24686,1.27487,H2S,7.27
203,0,0.0,0,49823,10168,49823,10168,6.2279,1.271,H2S,7.23
204,0,0.0,0,49656,10134,49656,10134,6.20708,1.26675,H2S,7.19
205,0,0.0,0,49509,10104,49509,10104,6.1887,1.263,H2S,7.16
206,0,0.0,0,49372,10076,49372,10076,6.17155,1.2595,H2S,7.12
207,0,0.0,0,49235,10048,49235,10048,6.1544,1.256,H2S,7.09
208,0,0.0,0,49098,10020,49098,10020,6.13725,1.2525,H2S,7.06
209,0,0.0,0,48960,9992,48960,9992,6.1201,1.249,H2S,7.03
210,0,0.0,0,48862,9972,48862,9972,6.10785,1.2465,H2S,7.0
211,0,0.0,0,48740,9946,48740,9946,6.09251,1.24337,H2S,6.98
212,0,0.0,0,48617,9922,48617,9922,6.07723,1.24025,H2S,6.95
213,0,0.0,0,48504,9898,48504,9898,6.06311,1.23737,H2S,6.92
214,0,0.0,0,48417,9881,48417,9881,6.05214,1.23513,H2S,6.9
215,0,0.0,0,48284,9854,48284,9854,6.03557,1.23175,H2S,6.87
216,0,0.0,0,48196,9836,48196,9836,6.02455,1.2295,H2S,6.85
217,0,0.0,0,48103,9817,48103,9817,6.01294,1.22713,H2S,6.83
218,0,0.0,0,48014,9798,48014,9798,6.00186,1.22487,H2S,6.8
219,0,0.0,0,47922,9780,47922,9780,5.99025,1.2225,H2S,6.78
220,0,0.0,0,47828,9760,47828,9760,5.97859,1.22012,H2S,6.76
221,0,0.0,0,47750,9744,47750,9744,5.96879,1.21812,H2S,6.74
222,0,0.0,0,47642,9723,47642,9723,5.95536,1.21538,H2S,6.72
223,0,0.0,0,47588,9712,47588,9712,5.9486,1.214,H2S,6.7
224,0,0.0,0,47510,9696,47510,9696,5.9388,1.212,H2S,6.69
225,0,0.0,0,47412,9676,47412,9676,5.92655,1.2095,H2S,6.66
226,0,0.0,0,47368,9666,47368,9666,5.92101,1.20837,H2S,6.65
227,0,0.0,0,47294,9652,47294,9652,5.91185,1.2065,H2S,6.63
228,0,0.0,0,47236,9640,47236,9640,5.9045,1.205,H2S,6.62
229,0,0.0,0,47187,9630,47187,9630,5.89838,1.20375,H2S,6.61
230,0,0.0,0,47147,9622,47147,9622,5.89348,1.20275,H2S,6.6
231,0,0.0,0,47083,9608,47083,9608,5.88549,1.20112,H2S,6.58
232,0,0.0,0,47040,9600,47040,9600,5.88,1.2,H2S,6.57
233,0,0.0,0,46990,9590,46990,9590,5.87387,1.19875,H2S,6.56
234,0,0.0,0,46942,9580,46942,9580,5.86775,1.1975,H2S,6.55
235,0,0.0,0,46902,9572,46902,9572,5.86285,1.1965,H2S,6.54
236,0,0.0,0,46873,9566,46873,9566,5.85918,1.19575,H2S,6.53
237,0,0.0,0,46829,9557,46829,9557,5.85369,1.19463,H2S,6.52
238,0,0.0,0,46800,9551,46800,9551,5.85001,1.19388,H2S,6.52
239,0,0.0,0,46760,9542,46760,9542,5.84506,1.19287,H2S,6.51
240,0,0.0,0,46765,9544,46765,9544,5.8457,1.193,H2S,6.51
241,0,0.0,0,46721,9535,46721,9535,5.84021,1.19188,H2S,6.5
242,0,0.0,0,46702,9531,46702,9531,5.83776,1.19138,H2S,6.49
243,0,0.0,0,46672,9525,46672,9525,5.83409,1.19063,H2S,6.49
244,0,0.0,0,46657,9522,46657,9522,5.83223,1.19025,H2S,6.48
245,0,0.0,0,46638,9518,46638,9518,5.82978,1.18975,H2S,6.48
246,0,0.0,0,46628,9516,46628,9516,5.82855,1.1895,H2S,6.48
247,0,0.0,0,46608,9512,46608,9512,5.8261,1.189,H2S,6.47
248,0,0.0,0,46613,9512,46613,9512,5.82669,1.18912,H2S,6.47
249,0,0.0,0,46589,9508,46589,9508,5.82365,1.1885,H2S,6.47
0,0,3.3,255,39033,7966,39033,7966,4.87918,0.99575,H2S,4.69
1,0,3.3,255,41101,8388,41101,8388,5.13765,1.0485,H2S,5.17
2,0,3.3,255,44271,9035,44271,9035,5.53396,1.12938,H2S,5.92
3,0,3.3,255,47510,9696,47510,9696,5.9388,1.212,H2S,6.69
4,0,3.3,255,50675,10342,50675,10342,6.33448,1.29275,H2S,7.43
5,0,3.3,255,53782,10976,53782,10976,6.7228,1.372,H2S,8.16
6,0,3.3,255,56805,11592,56805,11592,7.10069,1.44912,H2S,8.88
7,0,3.3,255,59706,12185,59706,12185,7.46334,1.52313,H2S,9.56
8,0,3.3,255,62504,12756,62504,12756,7.81305,1.5945,H2S,10.22
9,0,3.3,255,65213,13308,65213,13308,8.15174,1.66362,H2S,10.86
10,0,3.3,255,67776,13832,67776,13832,8.4721,1.729,H2S,11.47
11,0,3.3,255,70226,14332,70226,14332,8.77835,1.7915,H2S,12.04
12,0,3.3,255,72559,14808,72559,14808,9.0699,1.851,H2S,12.59
13,0,3.3,255,74759,15256,74759,15256,9.34489,1.90712,H2S,13.11
14,0,3.3,255,76841,15682,76841,15682,9.60523,1.96025,H2S,13.61
15,0,3.3,255,78816,16085,78816,16085,9.85209,2.01063,H2S,14.07
16,0,3.3,255,80673,16464,80673,16464,10.0842,2.058,H2S,14.51
17,0,3.3,255,82412,16818,82412,16818,10.30161,2.10237,H2S,14.92
18,0,3.3,255,84049,17152,84049,17152,10.50619,2.14412,H2S,15.31
19,0,3.3,255,85583,17466,85583,17466,10.69793,2.18325,H2S,15.67
20,0,3.3,255,87014,17758,87014,17758,10.87678,2.21975,H2S,16.01
21,0,3.3,255,88366,18034,88366,18034,11.04583,2.25425,H2S,16.32
22,0,3.3,255,89611,18288,89611,18288,11.2014,2.286,H2S,16.62
23,0,3.3,255,90777,18526,90777,18526,11.34718,2.31575,H2S,16.89
24,0,3.3,255,91865,18748,91865,18748,11.48315,2.3435,H2S,17.15
25,0,3.3,255,92889,18957,92889,18957,11.61119,2.36963,H2S,17.39
26,0,3.3,255,93825,19148,93825,19148,11.72815,2.3935,H2S,17.61
27,0,3.3,255,94702,19327,94702,19327,11.83781,2.41588,H2S,17.82
28,0,3.3,255,95525,19495,95525,19495,11.94071,2.43688,H2S,18.01
29,0,3.3,255,96284,19650,96284,19650,12.03562,2.45625,H2S,18.19
30,0,3.3,255,96980,19792,96980,19792,12.1226,2.474,H2S,18.36
31,0,3.3,255,97651,19928,97651,19928,12.20649,2.49112,H2S,18.51
32,0,3.3,255,98239,20048,98239,20048,12.27999,2.50612,H2S,18.65
33,0,3.3,255,98798,20163,98798,20163,12.34986,2.52038,H2S,18.79
34,0,3.3,255,99323,20270,99323,20270,12.41538,2.53375,H2S,18.91
35,0,3.3,255,99813,20370,99813,20370,12.47663,2.54625,H2S,19.02
36,0,3.3,255,100248,20458,100248,20458,12.53111,2.55737,H2S,19.13
37,0,3.3,255,100651,20541,100651,20541,12.58139,2.56763,H2S,19.22
38,0,3.3,255,101032,20618,101032,20618,12.62911,2.57737,H2S,19.31
39,0,3.3,255,101385,20690,101385,20690,12.67321,2.58637,H2S,19.4
40,0,3.3,255,101709,20757,101709,20757,12.71369,2.59463,H2S,19.47
41,0,3.3,255,102003,20817,102003,20817,12.75044,2.60213,H2S,19.54
42,0,3.3,255,102267,20870,102267,20870,12.78346,2.60887,H2S,19.6
43,0,3.3,255,102522,20922,102522,20922,12.81531,2.61537,H2S,19.66
44,0,3.3,255,102748,20969,102748,20969,12.84354,2.62113,H2S,19.72
45,0,3.3,255,102958,21012,102958,21012,12.86985,2.6265,H2S,19.77
46,0,3.3,255,103139,21048,103139,21048,12.89249,2.63112,H2S,19.81
47,0,3.3,255,103316,21085,103316,21085,12.91459,2.63563,H2S,19.85
48,0,3.3,255,103463,21114,103463,21114,12.93291,2.63937,H2S,19.89
49,0,3.3,255,103600,21143,103600,21143,12.95011,2.64288,H2S,19.92
50,0,3.3,255,103708,21164,103708,21164,12.96354,2.64562,H2S,19.94
51,0,3.3,255,103821,21188,103821,21188,12.97765,2.6485,H2S,19.97
52,0,3.3,255,103904,21204,103904,21204,12.98804,2.65062,H2S,19.99
53,0,3.3,255,103983,21221,103983,21221,12.99789,2.65263,H2S,20.01
54,0,3.3,255,104041,21233,104041,21233,13.00524,2.65413,H2S,20.02
55,0,3.3,255,104095,21244,104095,21244,13.01195,2.6555,H2S,20.03
56,0,3.3,255,104119,21248,104119,21248,13.01499,2.65612,H2S,20.04
57,0,3.3,255,104149,21254,104149,21254,13.01866,2.65687,H2S,20.05
58,0,3.3,255,104174,21260,104174,21260,13.02175,2.6575,H2S,20.05
59,0,3.3,255,104222,21270,104222,21270,13.02787,2.65875,H2S,20.06
60,0,3.3,255,104266,21278,104266,21278,13.03336,2.65987,H2S,20.08
61,0,3.3,255,104242,21274,104242,21274,13.03033,2.65925,H2S,20.07
62,0,3.3,255,104217,21268,104217,21268,13.02724,2.65862,H2S,20.06
63,0,3.3,255,104174,21260,104174,21260,13.02175,2.6575,H2S,20.05
64,0,3.3,255,104144,21254,104144,21254,13.01808,2.65675,H2S,20.05
65,0,3.3,255,104095,21244,104095,21244,13.01195,2.6555,H2S,20.03
66,0,3.3,255,104051,21234,104051,21234,13.00641,2.65437,H2S,20.02
67,0,3.3,255,103978,21220,103978,21220,12.99725,2.6525,H2S,20.01
68,0,3.3,255,103929,21210,103929,21210,12.99113,2.65125,H2S,20.0
69,0,3.3,255,103865,21196,103865,21196,12.98314,2.64962,H2S,19.98
70,0,3.3,255,103791,21182,103791,21182,12.97397,2.64775,H2S,19.96
71,0,3.3,255,103723,21168,103723,21168,12.9654,2.646,H2S,19.95
72,0,3.3,255,103644,21152,103644,21152,12.9556,2.644,H2S,19.93
73,0,3.3,255,103561,21135,103561,21135,12.94521,2.64188,H2S,19.91
74,0,3.3,255,103473,21117,103473,21117,12.93419,2.63963,H2S,19.89
75,0,3.3,255,103399,21102,103399,21102,12.92498,2.63775,H2S,19.87
76,0,3.3,255,103301,21082,103301,21082,12.91273,2.63525,H2S,19.85
77,0,3.3,255,103208,21062,103208,21062,12.90106,2.63287,H2S,19.83
78,0,3.3,255,103105,21042,103105,21042,12.88823,2.63025,H2S,19.8
79,0,3.3,255,103012,21022,103012,21022,12.87656,2.62787,H2S,19.78
80,0,3.3,255,102909,21002,102909,21002,12.86373,2.62525,H2S,19.76
81,0,3.3,255,102811,20982,102811,20982,12.85148,2.62275,H2S,19.73
82,0,3.3,255,102708,20960,102708,20960,12.83859,2.62012,H2S,19.71
83,0,3.3,255,102596,20938,102596,20938,12.82452,2.61725,H2S,19.68
84,0,3.3,255,102483,20914,102483,20914,12.81041,2.61437,H2S,19.65
85,0,3.3,255,102380,20894,102380,20894,12.79758,2.61175,H2S,19.63
86,0,3.3,255,102272,20872,102272,20872,12.7841,2.609,H2S,19.6
87,0,3.3,255,102155,20848,102155,20848,12.7694,2.606,H2S,19.58
88,0,3.3,255,102032,20823,102032,20823,12.75411,2.60288,H2S,19.55
89,0,3.3,255,101920,20800,101920,20800,12.74,2.6,H2S,19.52
90,0,3.3,255,101802,20776,101802,20776,12.7253,2.597,H2S,19.49
91,0,3.3,255,101694,20754,101694,20754,12.71183,2.59425,H2S,19.47
92,0,3.3,255,101571,20728,101571,20728,12.69649,2.59112,H2S,19.44
93,0,3.3,255,101439,20702,101439,20702,12.67998,2.58775,H2S,19.41
94,0,3.3,255,101341,20682,101341,20682,12.66773,2.58525,H2S,19.39
95,0,3.3,255,101214,20656,101214,20656,12.6518,2.582,H2S,19.36
96,0,3.3,255,101092,20631,101092,20631,12.63651,2.57888,H2S,19.33
97,0,3.3,255,100974,20606,100974,20606,12.62176,2.57587,H2S,19.3
98,0,3.3,255,100851,20582,100851,20582,12.60648,2.57275,H2S,19.27
99,0,3.3,255,100729,20556,100729,20556,12.59114,2.56962,H2S,19.24
100,0,3.3,255,100616,20534,100616,20534,12.57708,2.56675,H2S,19.21
101,0,3.3,255,100489,20508,100489,20508,12.56115,2.5635,H2S,19.18
102,0,3.3,255,100371,20484,100371,20484,12.54645,2.5605,H2S,19.16
103,0,3.3,255,100248,20458,100248,20458,12.53111,2.55737,H2S,19.13
104,0,3.3,255,100116,20432,100116,20432,12.5146,2.554,H2S,19.1
105,0,3.3,255,100014,20411,100014,20411,12.50176,2.55138,H2S,19.07
106,0,3.3,255,99886,20385,99886,20385,12.48584,2.54813,H2S,19.04
107,0,3.3,255,99764,20360,99764,20360,12.4705,2.545,H2S,19.01
108,0,3.3,255,99597,20326,99597,20326,12.44968,2.54075,H2S,18.97
109,0,3.3,255,99499,20306,99499,20306,12.43743,2.53825,H2S,18.95
110,0,3.3,255,99391,20284,99391,20284,12.42395,2.5355,H2S,18.93
111,0,3.3,255,99332,20272,99332,20272,12.4166,2.534,H2S,18.91
112,0,3.3,255,99166,20238,99166,20238,12.39578,2.52975,H2S,18.87
113,0,3.3,255,99121,20228,99121,20228,12.39024,2.52862,H2S,18.86
114,0,3.3,255,98994,20202,98994,20202,12.37431,2.52537,H2S,18.83
115,0,3.3,255,98906,20184,98906,20184,12.36329,2.52312,H2S,18.81
116,0,3.3,255,98739,20150,98739,20150,12.34246,2.51887,H2S,18.77
117,0,3.3,255,98695,20142,98695,20142,12.33698,2.51775,H2S,18.76
118,0,3.3,255,98534,20109,98534,20109,12.31679,2.51363,H2S,18.72
119,0,3.3,255,98470,20096,98470,20096,12.3088,2.512,H2S,18.71
120,0,3.3,255,98313,20064,98313,20064,12.2892,2.508,H2S,18.67
121,0,3.3,255,98264,20054,98264,20054,12.28308,2.50675,H2S,18.66
122,0,3.3,255,98103,20021,98103,20021,12.26289,2.50263,H2S,18.62
123,0,3.3,255,98068,20014,98068,20014,12.25858,2.50175,H2S,18.61
124,0,3.3,255,97970,19994,97970,19994,12.24633,2.49925,H2S,18.59
125,0,0.0,0,116992,23876,116992,23876,14.62405,2.9845,H2S,23.08
126,0,0.0,0,115042,23478,115042,23478,14.38028,2.93475,H2S,22.62
127,0,0.0,0,112508,22960,112508,22960,14.06359,2.87012,H2S,22.02
128,0,0.0,0,110063,22462,110063,22462,13.75798,2.80775,H2S,21.44
129,0,0.0,0,107696,21978,107696,21978,13.46211,2.74737,H2S,20.88
130,0,0.0,0,105408,21512,105408,21512,13.1761,2.689,H2S,20.34
131,0,0.0,0,103213,21064,103213,21064,12.9017,2.633,H2S,19.83
132,0,0.0,0,101096,20632,101096,20632,12.6371,2.579,H2S,19.33
133,0,0.0,0,99029,20210,99029,20210,12.37863,2.52625,H2S,18.84
134,0,0.0,0,97044,19804,97044,19804,12.13054,2.47562,H2S,18.37
135,0,0.0,0,95103,19408,95103,19408,11.88799,2.42612,H2S,17.91
136,0,0.0,0,93256,19032,93256,19032,11.6571,2.379,H2S,17.48
137,0,0.0,0,91453,18664,91453,18664,11.4317,2.333,H2S,17.05
138,0,0.0,0,89733,18312,89733,18312,11.21669,2.28912,H2S,16.65
139,0,0.0,0,88092,17978,88092,17978,11.01153,2.24725,H2S,16.26
140,0,0.0,0,86514,17656,86514,17656,10.8143,2.207,H2S,15.89
141,0,0.0,0,85005,17348,85005,17348,10.62565,2.1685,H2S,15.53
142,0,0.0,0,83539,17048,83539,17048,10.44249,2.13112,H2S,15.19
143,0,0.0,0,82167,16768,82167,16768,10.27099,2.09612,H2S,14.86
144,0,0.0,0,80850,16500,80850,16500,10.10625,2.0625,H2S,14.55
145,0,0.0,0,79585,16242,79585,16242,9.94823,2.03025,H2S,14.25
146,0,0.0,0,78400,16000,78400,16000,9.8,2.0,H2S,13.97
147,0,0.0,0,77228,15760,77228,15760,9.65359,1.97012,H2S,13.7
148,0,0.0,0,76116,15534,76116,15534,9.51458,1.94175,H2S,13.43
149,0,0.0,0,75058,15318,75058,15318,9.38227,1.91475,H2S,13.18
150,0,0.0,0,74048,15112,74048,15112,9.2561,1.889,H2S,12.95
151,0,0.0,0,73063,14910,73063,14910,9.13296,1.86387,H2S,12.71
152,0,0.0,0,72133,14721,72133,14721,9.01664,1.84013,H2S,12.49
153,0,0.0,0,71236,14538,71236,14538,8.90453,1.81725,H2S,12.28
154,0,0.0,0,70349,14356,70349,14356,8.79364,1.79462,H2S,12.07
155,0,0.0,0,69526,14189,69526,14189,8.69079,1.77363,H2S,11.88
156,0,0.0,0,68727,14026,68727,14026,8.59093,1.75325,H2S,11.69
157,0,0.0,0,67948,13867,67948,13867,8.49356,1.73338,H2S,11.51
158,0,0.0,0,67228,13720,67228,13720,8.4035,1.715,H2S,11.34
159,0,0.0,0,66507,13573,66507,13573,8.31349,1.69663,H2S,11.17
160,0,0.0,0,65807,13430,65807,13430,8.22588,1.67875,H2S,11.0
161,0,0.0,0,65140,13294,65140,13294,8.14258,1.66175,H2S,10.84
162,0,0.0,0,64479,13159,64479,13159,8.05991,1.64488,H2S,10.69
163,0,0.0,0,63871,13035,63871,13035,7.98396,1.62938,H2S,10.55
164,0,0.0,0,63249,12908,63249,12908,7.90615,1.6135,H2S,10.4
165,0,0.0,0,62680,12792,62680,12792,7.8351,1.599,H2S,10.26
166,0,0.0,0,62122,12678,62122,12678,7.76528,1.58475,H2S,10.13
167,0,0.0,0,61583,12568,61583,12568,7.6979,1.571,H2S,10.01
168,0,0.0,0,61073,12464,61073,12464,7.6342,1.558,H2S,9.89
169,0,0.0,0,60549,12356,60549,12356,7.56864,1.54462,H2S,9.76
170,0,0.0,0,60074,12260,60074,12260,7.50925,1.5325,H2S,9.65
171,0,0.0,0,59608,12164,59608,12164,7.45104,1.52062,H2S,9.54
172,0,0.0,0,59143,12070,59143,12070,7.39288,1.50875,H2S,9.43
173,0,0.0,0,58677,11974,58677,11974,7.33466,1.49687,H2S,9.32
174,0,0.0,0,58275,11893,58275,11893,7.28449,1.48663,H2S,9.23
175,0,0.0,0,57859,11808,57859,11808,7.2324,1.476,H2S,9.13
176,0,0.0,0,57467,11728,57467,11728,7.1834,1.466,H2S,9.03
177,0,0.0,0,57085,11650,57085,11650,7.13563,1.45625,H2S,8.94
178,0,0.0,0,56717,11574,56717,11574,7.08966,1.44687,H2S,8.86
179,0,0.0,0,56345,11499,56345,11499,7.04316,1.43738,H2S,8.77
180,0,0.0,0,56011,11430,56011,11430,7.00146,1.42887,H2S,8.69
181,0,0.0,0,55654,11358,55654,11358,6.95678,1.41975,H2S,8.61
182,0,0.0,0,55340,11294,55340,11294,6.91758,1.41175,H2S,8.53
183,0,0.0,0,55021,11228,55021,11228,6.87774,1.40362,H2S,8.46
184,0,0.0,0,54733,11170,54733,11170,6.84163,1.39625,H2S,8.39
185,0,0.0,0,54439,11110,54439,11110,6.80488,1.38875,H2S,8.32
186,0,0.0,0,54150,11051,54150,11051,6.76876,1.38138,H2S,8.25
187,0,0.0,0,53890,10998,53890,10998,6.73628,1.37475,H2S,8.19
188,0,0.0,0,53601,10939,53601,10939,6.70016,1.36738,H2S,8.12
189,0,0.0,0,53361,10890,53361,10890,6.67013,1.36125,H2S,8.07
190,0,0.0,0,53111,10839,53111,10839,6.63891,1.35488,H2S,8.01
191,0,0.0,0,52890,10794,52890,10794,6.61133,1.34925,H2S,7.95
192,0,0.0,0,52650,10744,52650,10744,6.58129,1.34312,H2S,7.9
193,0,0.0,0,52405,10695,52405,10695,6.55071,1.33688,H2S,7.84
194,0,0.0,0,52199,10653,52199,10653,6.52499,1.33163,H2S,7.79
195,0,0.0,0,51998,10612,51998,10612,6.49985,1.3265,H2S,7.74
196,0,0.0,0,51807,10573,51807,10573,6.47599,1.32163,H2S,7.7
197,0,0.0,0,51602,10531,51602,10531,6.45026,1.31638,H2S,7.65
198,0,0.0,0,51410,10492,51410,10492,6.42635,1.3115,H2S,7.61
199,0,0.0,0,51234,10456,51234,10456,6.4043,1.307,H2S,7.56
200,0,0.0,0,51062,10420,51062,10420,6.38284,1.30262,H2S,7.52
201,0,0.0,0,50896,10387,50896,10387,6.36206,1.29838,H2S,7.48
202,0,0.0,0,50724,10352,50724,10352,6.3406,1.294,H2S,7.44
203,0,0.0,0,50558,10318,50558,10318,6.31977,1.28975,H2S,7.4
204,0,0.0,0,50420,10290,50420,10290,6.30262,1.28625,H2S,7.37
205,0,0.0,0,50259,10256,50259,10256,6.28239,1.28212,H2S,7.33
206,0,0.0,0,50131,10230,50131,10230,6.26646,1.27887,H2S,7.3
207,0,0.0,0,49994,10202,49994,10202,6.24931,1.27537,H2S,7.27
208,0,0.0,0,49867,10176,49867,10176,6.23339,1.27212,H2S,7.24
209,0,0.0,0,49729,10148,49729,10148,6.21624,1.26862,H2S,7.21
210,0,0.0,0,49597,10122,49597,10122,6.19973,1.26525,H2S,7.18
211,0,0.0,0,49480,10098,49480,10098,6.18503,1.26225,H2S,7.15
212,0,0.0,0,49382,10078,49382,10078,6.17277,1.25975,H2S,7.13
213,0,0.0,0,49259,10053,49259,10053,6.15749,1.25663,H2S,7.1
214,0,0.0,0,49146,10030,49146,10030,6.14337,1.25375,H2S,7.07
215,0,0.0,0,49044,10009,49044,10009,6.13054,1.25113,H2S,7.05
216,0,0.0,0,48926,9984,48926,9984,6.11579,1.24812,H2S,7.02
217,0,0.0,0,48818,9962,48818,9962,6.10231,1.24537,H2S,6.99
218,0,0.0,0,48735,9946,48735,9946,6.09193,1.24325,H2S,6.97
219,0,0.0,0,48642,9926,48642,9926,6.08026,1.24087,H2S,6.95
220,0,0.0,0,48554,9909,48554,9909,6.06929,1.23863,H2S,6.93
221,0,0.0,0,48466,9891,48466,9891,6.05826,1.23638,H2S,6.91
222,0,0.0,0,48387,9875,48387,9875,6.04846,1.23438,H2S,6.89
223,0,0.0,0,48323,9862,48323,9862,6.04048,1.23275,H2S,6.88
224,0,0.0,0,48265,9850,48265,9850,6.03313,1.23125,H2S,6.86
225,0,0.0,0,48176,9832,48176,9832,6.0221,1.229,H2S,6.84
226,0,0.0,0,48108,9818,48108,9818,6.01353,1.22725,H2S,6.83
227,0,0.0,0,48063,9808,48063,9808,6.00799,1.22612,H2S,6.82
228,0,0.0,0,47985,9792,47985,9792,5.99819,1.22412,H2S,6.8
229,0,0.0,0,47922,9780,47922,9780,5.99025,1.2225,H2S,6.78
230,0,0.0,0,47878,9771,47878,9771,5.98476,1.22138,H2S,6.77
231,0,0.0,0,47819,9759,47819,9759,5.97741,1.21988,H2S,6.76
232,0,0.0,0,47775,9750,47775,9750,5.97188,1.21875,H2S,6.75
233,0,0.0,0,47716,9738,47716,9738,5.96453,1.21725,H2S,6.73
234,0,0.0,0,47681,9730,47681,9730,5.96021,1.21637,H2S,6.73
235,0,0.0,0,47622,9718,47622,9718,5.95286,1.21487,H2S,6.71
236,0,0.0,0,47593,9712,47593,9712,5.94919,1.21412,H2S,6.7
237,0,0.0,0,47559,9706,47559,9706,5.94493,1.21325,H2S,6.7
238,0,0.0,0,47505,9695,47505,9695,5.93821,1.21188,H2S,6.68
239,0,0.0,0,47486,9691,47486,9691,5.93576,1.21138,H2S,6.68
240,0,0.0,0,47441,9682,47441,9682,5.93023,1.21025,H2S,6.67
241,0,0.0,0,47436,9680,47436,9680,5.92959,1.21012,H2S,6.67
242,0,0.0,0,47397,9673,47397,9673,5.92474,1.20913,H2S,6.66
243,0,0.0,0,47378,9669,47378,9669,5.92229,1.20863,H2S,6.65
244,0,0.0,0,47343,9662,47343,9662,5.91798,1.20775,H2S,6.65
245,0,0.0,0,47329,9659,47329,9659,5.91616,1.20738,H2S,6.64
246,0,0.0,0,47324,9658,47324,9658,5.91552,1.20725,H2S,6.64
247,0,0.0,0,47309,9654,47309,9654,5.91366,1.20687,H2S,6.64
248,0,0.0,0,47289,9650,47289,9650,5.91121,1.20637,H2S,6.63
249,0,0.0,0,47279,9648,47279,9648,5.90999,1.20612,H2S,6.63
0,0,3.3,255,39616,8085,39616,8085,4.95209,1.01063,H2S,4.82
1,0,3.3,255,41694,8509,41694,8509,5.21179,1.06363,H2S,5.31
2,0,3.3,255,44884,9160,44884,9160,5.6105,1.145,H2S,6.07
3,0,3.3,255,48147,9826,48147,9826,6.01843,1.22825,H2S,6.84
4,0,3.3,255,51327,10474,51327,10474,6.41591,1.30937,H2S,7.59
5,0,3.3,255,54448,11112,54448,11112,6.8061,1.389,H2S,8.32
6,0,3.3,255,57467,11728,57467,11728,7.1834,1.466,H2S,9.03
7,0,3.3,255,60397,12326,60397,12326,7.54968,1.54075,H2S,9.73
8,0,3.3,255,63190,12896,63190,12896,7.8988,1.612,H2S,10.38
9,0,3.3,255,65890,13446,65890,13446,8.23626,1.68087,H2S,11.02
10,0,3.3,255,68447,13968,68447,13968,8.55599,1.74612,H2S,11.62
11,0,3.3,255,70897,14468,70897,14468,8.86224,1.80862,H2S,12.2
12,0,3.3,255,73215,14942,73215,14942,9.15198,1.86775,H2S,12.75
13,0,3.3,255,75420,15392,75420,15392,9.4276,1.924,H2S,13.27
14,0,3.3,255,77576,15832,77576,15832,9.6971,1.979,H2S,13.78
15,0,3.3,255,79532,16231,79532,16231,9.94151,2.02888,H2S,14.24
16,0,3.3,255,81354,16603,81354,16603,10.16936,2.07538,H2S,14.67
17,0,3.3,255,83074,16954,83074,16954,10.38433,2.11925,H2S,15.08
18,0,3.3,255,84676,17280,84676,17280,10.58459,2.16012,H2S,15.45
19,0,3.3,255,86191,17590,86191,17590,10.77388,2.19875,H2S,15.81
20,0,3.3,255,87617,17881,87617,17881,10.95214,2.23513,H2S,16.15
21,0,3.3,255,88880,18138,88880,18138,11.11011,2.26737,H2S,16.45
22,0,3.3,255,90169,18402,90169,18402,11.27123,2.30025,H2S,16.75
23,0,3.3,255,91321,18637,91321,18637,11.41519,2.32963,H2S,17.02
24,0,3.3,255,92404,18858,92404,18858,11.55053,2.35725,H2S,17.28
25,0,3.3,255,93398,19060,93398,19060,11.67484,2.38262,H2S,17.51
26,0,3.3,255,94339,19253,94339,19253,11.79249,2.40663,H2S,17.73
27,0,3.3,255,95143,19417,95143,19417,11.89294,2.42713,H2S,17.92
28,0,3.3,255,95951,19582,95951,19582,11.99398,2.44775,H2S,18.11
29,0,3.3,255,96711,19736,96711,19736,12.08889,2.46712,H2S,18.29
30,0,3.3,255,97470,19892,97470,19892,12.18385,2.4865,H2S,18.47
31,0,3.3,255,98107,20022,98107,20022,12.26347,2.50275,H2S,18.62
32,0,3.3,255,98651,20132,98651,20132,12.33144,2.51662,H2S,18.75
33,0,3.3,255,99264,20258,99264,20258,12.40803,2.53225,H2S,18.9
34,0,3.3,255,99734,20354,99734,20354,12.46683,2.54425,H2S,19.01
35,0,3.3,255,100278,20464,100278,20464,12.53479,2.55812,H2S,19.13
36,0,3.3,255,100646,20540,100646,20540,12.58075,2.5675,H2S,19.22
37,0,3.3,255,101087,20630,101087,20630,12.63588,2.57875,H2S,19.33
38,0,3.3,255,101503,20714,101503,20714,12.68791,2.58937,H2S,19.42
39,0,3.3,255,101797,20774,101797,20774,12.72466,2.59687,H2S,19.49
40,0,3.3,255,102121,20841,102121,20841,12.76514,2.60513,H2S,19.57
41,0,3.3,255,102449,20908,102449,20908,12.80615,2.6135,H2S,19.65
42,0,3.3,255,102723,20964,102723,20964,12.84045,2.6205,H2S,19.71
43,0,3.3,255,103007,21022,103007,21022,12.87598,2.62775,H2S,19.78
44,0,3.3,255,103228,21067,103228,21067,12.90356,2.63338,H2S,19.83
45,0,3.3,255,103444,21111,103444,21111,12.93051,2.63888,H2S,19.88
46,0,3.3,255,103551,21132,103551,21132,12.94394,2.64162,H2S,19.91
47,0,3.3,255,103787,21181,103787,21181,12.97339,2.64763,H2S,19.96
48,0,3.3,255,103904,21204,103904,21204,12.98804,2.65062,H2S,19.99
49,0,3.3,255,104066,21238,104066,21238,13.00828,2.65475,H2S,20.03
50,0,3.3,255,104217,21268,104217,21268,13.02724,2.65862,H2S,20.06
51,0,3.3,255,104232,21272,104232,21272,13.0291,2.659,H2S,20.07
52,0,3.3,255,104379,21302,104379,21302,13.04748,2.66275,H2S,20.1
53,0,3.3,255,104468,21320,104468,21320,13.0585,2.665,H2S,20.12
54,0,3.3,255,104448,21316,104448,21316,13.05605,2.6645,H2S,20.12
55,0,3.3,255,104521,21330,104521,21330,13.06521,2.66637,H2S,20.14
56,0,3.3,255,104571,21341,104571,21341,13.07139,2.66763,H2S,20.15
57,0,3.3,255,104629,21353,104629,21353,13.07874,2.66913,H2S,20.16
58,0,3.3,255,104649,21356,104649,21356,13.08114,2.66962,H2S,20.17
59,0,3.3,255,104683,21364,104683,21364,13.08545,2.6705,H2S,20.17
60,0,3.3,255,104673,21362,104673,21362,13.08422,2.67025,H2S,20.17
61,0,3.3,255,104664,21360,104664,21360,13.083,2.67,H2S,20.17
62,0,3.3,255,104649,21356,104649,21356,13.08114,2.66962,H2S,20.17
63,0,3.3,255,104629,21353,104629,21353,13.07874,2.66913,H2S,20.16
64,0,3.3,255,104615,21350,104615,21350,13.07688,2.66875,H2S,20.16
65,0,3.3,255,104600,21347,104600,21347,13.07506,2.66838,H2S,20.15
66,0,3.3,255,104580,21342,104580,21342,13.07256,2.66787,H2S,20.15
67,0,3.3,255,104541,21335,104541,21335,13.06771,2.66688,H2S,20.14
68,0,3.3,255,104502,21327,104502,21327,13.06281,2.66588,H2S,20.13
69,0,3.3,255,104453,21317,104453,21317,13.05669,2.66463,H2S,20.12
70,0,3.3,255,104394,21304,104394,21304,13.04929,2.66312,H2S,20.11
71,0,3.3,255,104330,21292,104330,21292,13.04135,2.6615,H2S,20.09
72,0,3.3,255,104276,21280,104276,21280,13.03459,2.66012,H2S,20.08
73,0,3.3,255,104217,21268,104217,21268,13.02724,2.65862,H2S,20.06
74,0,3.3,255,104139,21253,104139,21253,13.01749,2.65663,H2S,20.05
75,0,3.3,255,104061,21236,104061,21236,13.00764,2.65462,H2S,20.03
76,0,3.3,255,103943,21213,103943,21213,12.99299,2.65163,H2S,20.0
77,0,3.3,255,103850,21194,103850,21194,12.98133,2.64925,H2S,19.98
78,0,3.3,255,103757,21175,103757,21175,12.96971,2.64688,H2S,19.96
79,0,3.3,255,103664,21156,103664,21156,12.95805,2.6445,H2S,19.93
80,0,3.3,255,103561,21135,103561,21135,12.94521,2.64188,H2S,19.91
81,0,3.3,255,103468,21116,103468,21116,12.93355,2.6395,H2S,19.89
82,0,3.3,255,103375,21097,103375,21097,12.92194,2.63713,H2S,19.86
83,0,3.3,255,103272,21076,103272,21076,12.90905,2.6345,H2S,19.84
84,0,3.3,255,103149,21050,103149,21050,12.89371,2.63137,H2S,19.81
85,0,3.3,255,103051,21030,103051,21030,12.88146,2.62887,H2S,19.79
86,0,3.3,255,102944,21009,102944,21009,12.86804,2.62613,H2S,19.76
87,0,3.3,255,102826,20984,102826,20984,12.85329,2.62312,H2S,19.74
88,0,3.3,255,102704,20960,102704,20960,12.838,2.62,H2S,19.71
89,0,3.3,255,102571,20932,102571,20932,12.82144,2.61662,H2S,19.68
90,0,3.3,255,102449,20908,102449,20908,12.80615,2.6135,H2S,19.65
91,0,3.3,255,102331,20884,102331,20884,12.79145,2.6105,H2S,19.62
92,0,3.3,255,102209,20859,102209,20859,12.77616,2.60738,H2S,19.59
93,0,3.3,255,102071,20830,102071,20830,12.75896,2.60387,H2S,19.56
94,0,3.3,255,101900,20796,101900,20796,12.73755,2.5995,H2S,19.52
95,0,3.3,255,101763,20768,101763,20768,12.7204,2.596,H2S,19.48
96,0,3.3,255,101616,20738,101616,20738,12.70203,2.59225,H2S,19.45
97,0,3.3,255,101493,20713,101493,20713,12.68674,2.58913,H2S,19.42
98,0,3.3,255,101376,20689,101376,20689,12.67204,2.58613,H2S,19.39
99,0,3.3,255,101243,20662,101243,20662,12.65548,2.58275,H2S,19.36
100,0,3.3,255,101096,20632,101096,20632,12.6371,2.579,H2S,19.33
101,0,3.3,255,100959,20604,100959,20604,12.61995,2.5755,H2S,19.3
102,0,3.3,255,100787,20568,100787,20568,12.59849,2.57112,H2S,19.25
103,0,3.3,255,100655,20542,100655,20542,12.58198,2.56775,H2S,19.22
104,0,3.3,255,100533,20516,100533,20516,12.56664,2.56462,H2S,19.19
105,0,3.3,255,100410,20492,100410,20492,12.55135,2.5615,H2S,19.17
106,0,3.3,255,100283,20466,100283,20466,12.53543,2.55825,H2S,19.14
107,0,3.3,255,100126,20434,100126,20434,12.51583,2.55425,H2S,19.1
108,0,3.3,255,99974,20402,99974,20402,12.49681,2.55037,H2S,19.06
109,0,3.3,255,99837,20375,99837,20375,12.47971,2.54688,H2S,19.03
110,0,3.3,255,99705,20348,99705,20348,12.46315,2.5435,H2S,19.0
111,0,3.3,255,99582,20323,99582,20323,12.44786,2.54038,H2S,18.97
112,0,3.3,255,99440,20294,99440,20294,12.43008,2.53675,H2S,18.94
113,0,3.3,255,99317,20268,99317,20268,12.41474,2.53362,H2S,18.91
114,0,3.3,255,99161,20236,99161,20236,12.39514,2.52962,H2S,18.87
115,0,3.3,255,99014,20207,99014,20207,12.37681,2.52588,H2S,18.84
116,0,3.3,255,98872,20178,98872,20178,12.35903,2.52225,H2S,18.8
117,0,3.3,255,98739,20150,98739,20150,12.34246,2.51887,H2S,18.77
118,0,3.3,255,98617,20126,98617,20126,12.32718,2.51575,H2S,18.74
119,0,3.3,255,98475,20097,98475,20097,12.30944,2.51213,H2S,18.71
120,0,3.3,255,98337,20068,98337,20068,12.29224,2.50862,H2S,18.68
121,0,3.3,255,98215,20044,98215,20044,12.27695,2.5055,H2S,18.65
122,0,3.3,255,98088,20018,98088,20018,12.26103,2.50225,H2S,18.62
123,0,3.3,255,97960,19992,97960,19992,12.2451,2.499,H2S,18.59
124,0,3.3,255,97833,19966,97833,19966,12.22918,2.49575,H2S,18.56
125,0,0.0,0,116830,23842,116830,23842,14.60381,2.98037,H2S,23.04
126,0,0.0,0,114812,23431,114812,23431,14.35151,2.92888,H2S,22.56
127,0,0.0,0,112200,22898,112200,22898,14.02503,2.86225,H2S,21.95
128,0,0.0,0,109681,22384,109681,22384,13.7102,2.798,H2S,21.35
129,0,0.0,0,107221,21882,107221,21882,13.40273,2.73525,H2S,20.77
130,0,0.0,0,104850,21398,104850,21398,13.10628,2.67475,H2S,20.21
131,0,0.0,0,102557,20930,102557,20930,12.81963,2.61625,H2S,19.67
132,0,0.0,0,100332,20476,100332,20476,12.54155,2.5595,H2S,19.15
133,0,0.0,0,98181,20036,98181,20036,12.27264,2.50462,H2S,18.64
134,0,0.0,0,96098,19612,96098,19612,12.01235,2.4515,H2S,18.15
135,0,0.0,0,94070,19198,94070,19198,11.75878,2.39975,H2S,17.67
136,0,0.0,0,92129,18802,92129,18802,11.51623,2.35025,H2S,17.21
137,0,0.0,0,90238,18416,90238,18416,11.2798,2.302,H2S,16.77
138,0,0.0,0,88430,18047,88430,18047,11.05381,2.25588,H2S,16.34
139,0,0.0,0,86651,17684,86651,17684,10.83145,2.2105,H2S,15.92
140,0,0.0,0,84951,17336,84951,17336,10.61889,2.16712,H2S,15.52
141,0,0.0,0,83314,17003,83314,17003,10.41436,2.12538,H2S,15.13
142,0,0.0,0,81717,16676,81717,16676,10.21464,2.08462,H2S,14.76
143,0,0.0,0,80183,16364,80183,16364,10.02295,2.0455,H2S,14.39
144,0,0.0,0,78669,16054,78669,16054,9.83366,2.00687,H2S,14.04
145,0,0.0,0,77248,15765,77248,15765,9.65609,1.97063,H2S,13.7
146,0,0.0,0,75856,15480,75856,15480,9.48209,1.93512,H2S,13.37
147,0,0.0,0,74509,15206,74509,15206,9.31367,1.90075,H2S,13.05
148,0,0.0,0,73215,14942,73215,14942,9.15198,1.86775,H2S,12.75
149,0,0.0,0,71961,14686,71961,14686,8.99518,1.83575,H2S,12.45
150,0,0.0,0,70765,14442,70765,14442,8.84573,1.80525,H2S,12.17
151,0,0.0,0,69580,14200,69580,14200,8.6975,1.775,H2S,11.89
152,0,0.0,0,68477,13974,68477,13974,8.55966,1.74687,H2S,11.63
153,0,0.0,0,67375,13750,67375,13750,8.42188,1.71875,H2S,11.37
154,0,0.0,0,66321,13535,66321,13535,8.29021,1.69188,H2S,11.12
155,0,0.0,0,65317,13330,65317,13330,8.16463,1.66625,H2S,10.89
156,0,0.0,0,64322,13127,64322,13127,8.04031,1.64088,H2S,10.65
157,0,0.0,0,63371,12932,63371,12932,7.92144,1.61662,H2S,10.43
158,0,0.0,0,62440,12743,62440,12743,7.80511,1.59288,H2S,10.21
159,0,0.0,0,61563,12564,61563,12564,7.69545,1.5705,H2S,10.0
160,0,0.0,0,60705,12388,60705,12388,7.58824,1.54862,H2S,9.8
161,0,0.0,0,59863,12217,59863,12217,7.48294,1.52713,H2S,9.6
162,0,0.0,0,59054,12052,59054,12052,7.38185,1.5065,H2S,9.41
163,0,0.0,0,58275,11893,58275,11893,7.28449,1.48663,H2S,9.23
164,0,0.0,0,57540,11743,57540,11743,7.19261,1.46788,H2S,9.05
165,0,0.0,0,56825,11596,56825,11596,7.10314,1.44962,H2S,8.88
166,0,0.0,0,56105,11450,56105,11450,7.01313,1.43125,H2S,8.71
167,0,0.0,0,55423,11310,55423,11310,6.92796,1.41387,H2S,8.55
168,0,0.0,0,54782,11180,54782,11180,6.84775,1.3975,H2S,8.4
169,0,0.0,0,54120,11044,54120,11044,6.76504,1.38062,H2S,8.24
170,0,0.0,0,53512,10920,53512,10920,6.68909,1.36512,H2S,8.1
171,0,0.0,0,52900,10796,52900,10796,6.61255,1.3495,H2S,7.96
172,0,0.0,0,52336,10680,52336,10680,6.54209,1.33512,H2S,7.82
173,0,0.0,0,51763,10564,51763,10564,6.47045,1.3205,H2S,7.69
174,0,0.0,0,51224,10454,51224,10454,6.40308,1.30675,H2S,7.56
175,0,0.0,0,50685,10344,50685,10344,6.3357,1.293,H2S,7.43
176,0,0.0,0,50161,10237,50161,10237,6.27019,1.27963,H2S,7.31
177,0,0.0,0,49656,10134,49656,10134,6.20708,1.26675,H2S,7.19
178,0,0.0,0,49181,10037,49181,10037,6.14769,1.25463,H2S,7.08
179,0,0.0,0,48691,9936,48691,9936,6.08639,1.24212,H2S,6.96
180,0,0.0,0,48250,9846,48250,9846,6.03126,1.23087,H2S,6.86
181,0,0.0,0,47804,9756,47804,9756,5.97555,1.2195,H2S,6.75
182,0,0.0,0,47373,9668,47373,9668,5.92165,1.2085,H2S,6.65
183,0,0.0,0,46942,9580,46942,9580,5.86775,1.1975,H2S,6.55
184,0,0.0,0,46520,9494,46520,9494,5.81508,1.18675,H2S,6.45
185,0,0.0,0,46133,9414,46133,9414,5.76666,1.17687,H2S,6.36
186,0,0.0,0,45741,9335,45741,9335,5.71771,1.16688,H2S,6.27
187,0,0.0,0,45374,9260,45374,9260,5.67175,1.1575,H2S,6.18
188,0,0.0,0,45011,9186,45011,9186,5.62643,1.14825,H2S,6.1
189,0,0.0,0,44644,9111,44644,9111,5.58051,1.13888,H2S,6.01
190,0,0.0,0,44325,9046,44325,9046,5.54068,1.13075,H2S,5.93
191,0,0.0,0,43972,8974,43972,8974,5.49658,1.12175,H2S,5.85
192,0,0.0,0,43644,8907,43644,8907,5.45556,1.11338,H2S,5.77
193,0,0.0,0,43320,8840,43320,8840,5.41509,1.10512,H2S,5.7
194,0,0.0,0,43031,8782,43031,8782,5.37898,1.09775,H2S,5.63
195,0,0.0,0,42728,8720,42728,8720,5.341,1.09,H2S,5.56
196,0,0.0,0,42443,8662,42443,8662,5.30548,1.08275,H2S,5.49
197,0,0.0,0,42149,8602,42149,8602,5.26873,1.07525,H2S,5.42
198,0,0.0,0,41889,8548,41889,8548,5.23624,1.06862,H2S,5.36
199,0,0.0,0,41605,8490,41605,8490,5.20071,1.06137,H2S,5.29
200,0,0.0,0,41365,8442,41365,8442,5.17073,1.05525,H2S,5.24
201,0,0.0,0,41101,8388,41101,8388,5.13765,1.0485,H2S,5.17
202,0,0.0,0,40846,8336,40846,8336,5.1058,1.042,H2S,5.11
203,0,0.0,0,40606,8287,40606,8287,5.07581,1.03588,H2S,5.06
204,0,0.0,0,40371,8239,40371,8239,5.04641,1.02988,H2S,5.0
205,0,0.0,0,40145,8192,40145,8192,5.01819,1.02412,H2S,4.95
206,0,0.0,0,39929,8148,39929,8148,4.99124,1.01862,H2S,4.9
207,0,0.0,0,39719,8106,39719,8106,4.96493,1.01325,H2S,4.85
208,0,0.0,0,39494,8060,39494,8060,4.93675,1.0075,H2S,4.79
209,0,0.0,0,39283,8016,39283,8016,4.91039,1.00212,H2S,4.74
210,0,0.0,0,39106,7980,39106,7980,4.88834,0.99762,H2S,4.7
211,0,0.0,0,38910,7940,38910,7940,4.86384,0.99262,H2S,4.66
212,0,0.0,0,38695,7897,38695,7897,4.83694,0.98713,H2S,4.61
213,0,0.0,0,38523,7862,38523,7862,4.81548,0.98275,H2S,4.57
214,0,0.0,0,38347,7826,38347,7826,4.79343,0.97825,H2S,4.52
215,0,0.0,0,38176,7791,38176,7791,4.77201,0.97388,H2S,4.48
216,0,0.0,0,37999,7754,37999,7754,4.74991,0.96937,H2S,4.44
217,0,0.0,0,37862,7727,37862,7727,4.73281,0.96588,H2S,4.41
218,0,0.0,0,37690,7692,37690,7692,4.71135,0.9615,H2S,4.37
219,0,0.0,0,37514,7656,37514,7656,4.6893,0.957,H2S,4.33
220,0,0.0,0,37387,7630,37387,7630,4.67338,0.95375,H2S,4.3
221,0,0.0,0,37249,7602,37249,7602,4.65623,0.95025,H2S,4.26
222,0,0.0,0,37122,7576,37122,7576,4.6403,0.947,H2S,4.23
223,0,0.0,0,36985,7548,36985,7548,4.62315,0.9435,H2S,4.2
224,0,0.0,0,36838,7518,36838,7518,4.60478,0.93975,H2S,4.17
225,0,0.0,0,36701,7490,36701,7490,4.58763,0.93625,H2S,4.14
226,0,0.0,0,36583,7466,36583,7466,4.57293,0.93325,H2S,4.11
227,0,0.0,0,36465,7442,36465,7442,4.55823,0.93025,H2S,4.08
228,0,0.0,0,36333,7415,36333,7415,4.54171,0.92688,H2S,4.05
229,0,0.0,0,36210,7390,36210,7390,4.52637,0.92375,H2S,4.02
230,0,0.0,0,36098,7366,36098,7366,4.51226,0.92087,H2S,3.99
231,0,0.0,0,35995,7346,35995,7346,4.49943,0.91825,H2S,3.97
232,0,0.0,0,35907,7328,35907,7328,4.4884,0.916,H2S,3.95
233,0,0.0,0,35794,7304,35794,7304,4.47429,0.91312,H2S,3.92
234,0,0.0,0,35662,7278,35662,7278,4.45777,0.90975,H2S,3.89
235,0,0.0,0,35588,7262,35588,7262,4.44856,0.90787,H2S,3.87
236,0,0.0,0,35490,7243,35490,7243,4.43636,0.90538,H2S,3.85
237,0,0.0,0,35407,7226,35407,7226,4.42593,0.90325,H2S,3.83
238,0,0.0,0,35309,7206,35309,7206,4.41368,0.90075,H2S,3.81
239,0,0.0,0,35216,7187,35216,7187,4.40206,0.89838,H2S,3.78
240,0,0.0,0,35142,7172,35142,7172,4.39285,0.8965,H2S,3.77
241,0,0.0,0,35035,7150,35035,7150,4.37938,0.89375,H2S,3.74
242,0,0.0,0,34986,7140,34986,7140,4.37325,0.8925,H2S,3.73
243,0,0.0,0,34897,7122,34897,7122,4.36223,0.89025,H2S,3.71
244,0,0.0,0,34829,7108,34829,7108,4.35365,0.8885,H2S,3.69
245,0,0.0,0,34755,7092,34755,7092,4.34444,0.88662,H2S,3.68
246,0,0.0,0,34677,7076,34677,7076,4.33464,0.88462,H2S,3.66
247,0,0.0,0,34618,7065,34618,7065,4.32734,0.88313,H2S,3.64
248,0,0.0,0,34540,7049,34540,7049,4.31754,0.88113,H2S,3.63
249,0,0.0,0,34496,7040,34496,7040,4.312,0.88,H2S,3.61
0,0,3.3,255,28905,5899,28905,5899,3.61316,0.73738,H2S,2.3
1,0,3.3,255,30561,6237,30561,6237,3.82019,0.77963,H2S,2.69
2,0,3.3,255,33129,6761,33129,6761,4.14114,0.84513,H2S,3.29
3,0,3.3,255,35740,7294,35740,7294,4.46758,0.91175,H2S,3.91
4,0,3.3,255,38342,7825,38342,7825,4.79284,0.97813,H2S,4.52
5,0,3.3,255,40895,8346,40895,8346,5.11193,1.04325,H2S,5.12
6,0,3.3,255,43414,8860,43414,8860,5.42675,1.1075,H2S,5.72
7,0,3.3,255,45864,9360,45864,9360,5.733,1.17,H2S,6.3
8,0,3.3,255,48284,9854,48284,9854,6.03557,1.23175,H2S,6.87
9,0,3.3,255,50626,10332,50626,10332,6.32835,1.2915,H2S,7.42
10,0,3.3,255,52949,10806,52949,10806,6.61867,1.35075,H2S,7.97
11,0,3.3,255,55100,11244,55100,11244,6.88754,1.40562,H2S,8.48
12,0,3.3,255,57251,11684,57251,11684,7.15645,1.4605,H2S,8.98
13,0,3.3,255,59333,12108,59333,12108,7.41674,1.51362,H2S,9.47
14,0,3.3,255,61274,12505,61274,12505,7.65934,1.56313,H2S,9.93
15,0,3.3,255,63254,12909,63254,12909,7.90679,1.61363,H2S,10.4
16,0,3.3,255,65042,13274,65042,13274,8.13033,1.65925,H2S,10.82
17,0,3.3,255,66850,13643,66850,13643,8.35636,1.70538,H2S,11.25
18,0,3.3,255,68546,13989,68546,13989,8.56829,1.74863,H2S,11.65
19,0,3.3,255,70133,14313,70133,14313,8.76674,1.78913,H2S,12.02
20,0,3.3,255,71667,14626,71667,14626,8.95843,1.82825,H2S,12.38
21,0,3.3,255,73142,14926,73142,14926,9.14276,1.86587,H2S,12.73
22,0,3.3,255,74578,15220,74578,15220,9.32225,1.9025,H2S,13.07
23,0,3.3,255,75856,15480,75856,15480,9.48209,1.93512,H2S,13.37
24,0,3.3,255,77175,15750,77175,15750,9.64688,1.96875,H2S,13.68
25,0,3.3,255,78390,15998,78390,15998,9.79878,1.99975,H2S,13.97
26,0,3.3,255,79473,16219,79473,16219,9.93416,2.02738,H2S,14.23
27,0,3.3,255,80624,16454,80624,16454,10.07808,2.05675,H2S,14.5
28,0,3.3,255,81653,16664,81653,16664,10.2067,2.083,H2S,14.74
29,0,3.3,255,82628,16862,82628,16862,10.32856,2.10787,H2S,14.97
30,0,3.3,255,83545,17050,83545,17050,10.44313,2.13125,H2S,15.19
31,0,3.3,255,84378,17220,84378,17220,10.54725,2.1525,H2S,15.38
32,0,3.3,255,85230,17394,85230,17394,10.65382,2.17425,H2S,15.58
33,0,3.3,255,86019,17554,86019,17554,10.75241,2.19437,H2S,15.77
34,0,3.3,255,86773,17708,86773,17708,10.84674,2.21362,H2S,15.95
35,0,3.3,255,87479,17853,87479,17853,10.93499,2.23163,H2S,16.11
36,0,3.3,255,88141,17988,88141,17988,11.01765,2.2485,H2S,16.27
37,0,3.3,255,88792,18120,88792,18120,11.09909,2.26512,H2S,16.42
38,0,3.3,255,89356,18236,89356,18236,11.16955,2.2795,H2S,16.56
39,0,3.3,255,89846,18336,89846,18336,11.2308,2.292,H2S,16.67
40,0,3.3,255,90385,18446,90385,18446,11.29818,2.30575,H2S,16.8
41,0,3.3,255,90870,18545,90870,18545,11.35884,2.31813,H2S,16.91
42,0,3.3,255,91365,18646,91365,18646,11.42068,2.33075,H2S,17.03
43,0,3.3,255,91728,18720,91728,18720,11.466,2.34,H2S,17.12
44,0,3.3,255,92124,18800,92124,18800,11.51559,2.35012,H2S,17.21
45,0,3.3,255,92551,18888,92551,18888,11.5689,2.361,H2S,17.31
46,0,3.3,255,92840,18946,92840,18946,11.60501,2.36837,H2S,17.38
47,0,3.3,255,93212,19022,93212,19022,11.65156,2.37787,H2S,17.47
48,0,3.3,255,93511,19084,93511,19084,11.68895,2.3855,H2S,17.54
49,0,3.3,255,93780,19138,93780,19138,11.72261,2.39237,H2S,17.6
50,0,3.3,255,94011,19186,94011,19186,11.75143,2.39825,H2S,17.66
51,0,3.3,255,94183,19221,94183,19221,11.77289,2.40263,H2S,17.7
52,0,3.3,255,94423,19270,94423,19270,11.80288,2.40875,H2S,17.75
53,0,3.3,255,94628,19312,94628,19312,11.8286,2.414,H2S,17.8
54,0,3.3,255,94780,19342,94780,19342,11.84756,2.41787,H2S,17.84
55,0,3.3,255,94932,19374,94932,19374,11.86658,2.42175,H2S,17.87
56,0,3.3,255,95133,19414,95133,19414,11.89166,2.42687,H2S,17.92
57,0,3.3,255,95265,19442,95265,19442,11.90823,2.43025,H2S,17.95
58,0,3.3,255,95329,19454,95329,19454,11.91616,2.43187,H2S,17.97
59,0,3.3,255,95476,19484,95476,19484,11.93454,2.43562,H2S,18.0
60,0,3.3,255,95501,19490,95501,19490,11.93763,2.43625,H2S,18.01
61,0,3.3,255,95653,19521,95653,19521,11.95664,2.44013,H2S,18.04
62,0,3.3,255,95648,19520,95648,19520,11.956,2.44,H2S,18.04
63,0,3.3,255,95721,19535,95721,19535,11.96521,2.44188,H2S,18.06
64,0,3.3,255,95780,19547,95780,19547,11.97256,2.44338,H2S,18.07
65,0,3.3,255,95853,19562,95853,19562,11.98173,2.44525,H2S,18.09
66,0,3.3,255,95809,19553,95809,19553,11.97624,2.44413,H2S,18.08
67,0,3.3,255,95848,19560,95848,19560,11.98109,2.44512,H2S,18.09
68,0,3.3,255,95917,19574,95917,19574,11.98966,2.44687,H2S,18.11
69,0,3.3,255,95907,19573,95907,19573,11.98849,2.44663,H2S,18.1
70,0,3.3,255,95834,19558,95834,19558,11.97928,2.44475,H2S,18.09
71,0,3.3,255,95868,19565,95868,19565,11.98359,2.44563,H2S,18.09
72,0,3.3,255,95785,19548,95785,19548,11.97315,2.4435,H2S,18.07
73,0,3.3,255,95814,19554,95814,19554,11.97682,2.44425,H2S,18.08
74,0,3.3,255,95746,19540,95746,19540,11.96825,2.4425,H2S,18.07
75,0,3.3,255,95741,19539,95741,19539,11.96766,2.44238,H2S,18.06
76,0,3.3,255,95682,19527,95682,19527,11.96031,2.44088,H2S,18.05
77,0,3.3,255,95579,19506,95579,19506,11.94743,2.43825,H2S,18.03
78,0,3.3,255,95569,19504,95569,19504,11.9462,2.438,H2S,18.02
79,0,3.3,255,95515,19492,95515,19492,11.93944,2.43662,H2S,18.01
80,0,3.3,255,95437,19477,95437,19477,11.92969,2.43463,H2S,17.99
81,0,3.3,255,95368,19463,95368,19463,11.92111,2.43288,H2S,17.98
82,0,3.3,255,95295,19448,95295,19448,11.9119,2.431,H2S,17.96
83,0,3.3,255,95207,19430,95207,19430,11.90088,2.42875,H2S,17.94
84,0,3.3,255,95118,19412,95118,19412,11.88985,2.4265,H2S,17.92
85,0,3.3,255,95055,19399,95055,19399,11.88191,2.42488,H2S,17.9
86,0,3.3,255,94976,19382,94976,19382,11.87206,2.42287,H2S,17.88
87,0,3.3,255,94883,19364,94883,19364,11.86045,2.4205,H2S,17.86
88,0,3.3,255,94790,19344,94790,19344,11.84879,2.41812,H2S,17.84
89,0,3.3,255,94702,19327,94702,19327,11.83781,2.41588,H2S,17.82
90,0,3.3,255,94609,19308,94609,19308,11.82615,2.4135,H2S,17.8
91,0,3.3,255,94521,19290,94521,19290,11.81513,2.41125,H2S,17.78
92,0,3.3,255,94432,19272,94432,19272,11.8041,2.409,H2S,17.76
93,0,3.3,255,94339,19253,94339,19253,11.79249,2.40663,H2S,17.73
94,0,3.3,255,94202,19225,94202,19225,11.77534,2.40313,H2S,17.7
95,0,3.3,255,94114,19207,94114,19207,11.76431,2.40088,H2S,17.68
96,0,3.3,255,94011,19186,94011,19186,11.75143,2.39825,H2S,17.66
97,0,3.3,255,93913,19166,93913,19166,11.73918,2.39575,H2S,17.63
98,0,3.3,255,93820,19146,93820,19146,11.72751,2.39337,H2S,17.61
99,0,3.3,255,93732,19129,93732,19129,11.71654,2.39113,H2S,17.59
100,0,3.3,255,93624,19106,93624,19106,11.70301,2.38837,H2S,17.56
101,0,3.3,255,93535,19088,93535,19088,11.69199,2.38612,H2S,17.54
102,0,3.3,255,93437,19068,93437,19068,11.67974,2.38362,H2S,17.52
103,0,3.3,255,93335,19048,93335,19048,11.6669,2.381,H2S,17.5
104,0,3.3,255,93217,19024,93217,19024,11.6522,2.378,H2S,17.47
105,0,3.3,255,93119,19004,93119,19004,11.63995,2.3755,H2S,17.45
106,0,3.3,255,93011,18982,93011,18982,11.62648,2.37275,H2S,17.42
107,0,3.3,255,92898,18958,92898,18958,11.61236,2.36987,H2S,17.39
108,0,3.3,255,92806,18940,92806,18940,11.60075,2.3675,H2S,17.37
109,0,3.3,255,92708,18920,92708,18920,11.5885,2.365,H2S,17.35
110,0,3.3,255,92580,18894,92580,18894,11.57258,2.36175,H2S,17.32
111,0,3.3,255,92482,18874,92482,18874,11.56033,2.35925,H2S,17.3
112,0,3.3,255,92414,18860,92414,18860,11.55175,2.3575,H2S,17.28
113,0,3.3,255,92301,18836,92301,18836,11.53764,2.35462,H2S,17.25
114,0,3.3,255,92178,18812,92178,18812,11.52235,2.3515,H2S,17.22
115,0,3.3,255,92095,18795,92095,18795,11.51196,2.34938,H2S,17.2
116,0,3.3,255,91982,18772,91982,18772,11.49785,2.3465,H2S,17.18
117,0,3.3,255,91894,18754,91894,18754,11.48683,2.34425,H2S,17.16
118,0,3.3,255,91806,18736,91806,18736,11.4758,2.342,H2S,17.14
119,0,3.3,255,91693,18713,91693,18713,11.46174,2.33913,H2S,17.11
120,0,3.3,255,91600,18694,91600,18694,11.45008,2.33675,H2S,17.09
121,0,3.3,255,91517,18676,91517,18676,11.43964,2.33462,H2S,17.07
122,0,3.3,255,91399,18652,91399,18652,11.42494,2.33162,H2S,17.04
123,0,3.3,255,91316,18636,91316,18636,11.41455,2.3295,H2S,17.02
124,0,3.3,255,91203,18612,91203,18612,11.40044,2.32662,H2S,16.99
125,0,0.0,0,108883,22221,108883,22221,13.61039,2.77763,H2S,21.16
126,0,0.0,0,106785,21792,106785,21792,13.34819,2.72412,H2S,20.67
127,0,0.0,0,104066,21238,104066,21238,13.00828,2.65475,H2S,20.03
128,0,0.0,0,101425,20699,101425,20699,12.67816,2.58738,H2S,19.4
129,0,0.0,0,98896,20182,98896,20182,12.36206,2.52287,H2S,18.81
130,0,0.0,0,96451,19684,96451,19684,12.05645,2.4605,H2S,18.23
131,0,0.0,0,94055,19195,94055,19195,11.75696,2.39938,H2S,17.67
132,0,0.0,0,91777,18730,91777,18730,11.47213,2.34125,H2S,17.13
133,0,0.0,0,89547,18274,89547,18274,11.19341,2.28437,H2S,16.6
134,0,0.0,0,87425,17842,87425,17842,10.92822,2.23025,H2S,16.1
135,0,0.0,0,85367,17422,85367,17422,10.67098,2.17775,H2S,15.62
136,0,0.0,0,83383,17016,83383,17016,10.42289,2.12712,H2S,15.15
137,0,0.0,0,81486,16630,81486,16630,10.18587,2.07875,H2S,14.7
138,0,0.0,0,79649,16254,79649,16254,9.95616,2.03187,H2S,14.27
139,0,0.0,0,77861,15890,77861,15890,9.73263,1.98625,H2S,13.85
140,0,0.0,0,76165,15544,76165,15544,9.5207,1.943,H2S,13.45
141,0,0.0,0,74494,15202,74494,15202,9.31181,1.90037,H2S,13.05
142,0,0.0,0,72912,14880,72912,14880,9.114,1.86,H2S,12.68
143,0,0.0,0,71383,14568,71383,14568,8.9229,1.821,H2S,12.32
144,0,0.0,0,69913,14268,69913,14268,8.73915,1.7835,H2S,11.97
145,0,0.0,0,68506,13980,68506,13980,8.56334,1.74762,H2S,11.64
146,0,0.0,0,67144,13702,67144,13702,8.39306,1.71287,H2S,11.32
147,0,0.0,0,65811,13430,65811,13430,8.22646,1.67887,H2S,11.0
148,0,0.0,0,64552,13174,64552,13174,8.06907,1.64675,H2S,10.71
149,0,0.0,0,63312,12920,63312,12920,7.91409,1.61512,H2S,10.41
150,0,0.0,0,62146,12682,62146,12682,7.76831,1.58537,H2S,10.14
151,0,0.0,0,61014,12452,61014,12452,7.62685,1.5565,H2S,9.87
152,0,0.0,0,59921,12228,59921,12228,7.49024,1.52862,H2S,9.61
153,0,0.0,0,58873,12015,58873,12015,7.35921,1.50188,H2S,9.37
154,0,0.0,0,57849,11806,57849,11806,7.23118,1.47575,H2S,9.12
155,0,0.0,0,56854,11602,56854,11602,7.10681,1.45037,H2S,8.89
156,0,0.0,0,55933,11414,55933,11414,6.99166,1.42687,H2S,8.67
157,0,0.0,0,55027,11230,55027,11230,6.87838,1.40375,H2S,8.46
158,0,0.0,0,54169,11054,54169,11054,6.77116,1.38187,H2S,8.26
159,0,0.0,0,53306,10878,53306,10878,6.66336,1.35987,H2S,8.05
160,0,0.0,0,52484,10711,52484,10711,6.56051,1.33888,H2S,7.86
161,0,0.0,0,51700,10551,51700,10551,6.46251,1.31888,H2S,7.67
162,0,0.0,0,50945,10397,50945,10397,6.36819,1.29963,H2S,7.5
163,0,0.0,0,50200,10244,50200,10244,6.27504,1.28062,H2S,7.32
164,0,0.0,0,49490,10100,49490,10100,6.18625,1.2625,H2S,7.15
165,0,0.0,0,48809,9961,48809,9961,6.10114,1.24513,H2S,6.99
166,0,0.0,0,48157,9828,48157,9828,6.01965,1.2285,H2S,6.84
167,0,0.0,0,47515,9696,47515,9696,5.93939,1.21212,H2S,6.69
168,0,0.0,0,46893,9570,46893,9570,5.86163,1.19625,H2S,6.54
169,0,0.0,0,46304,9450,46304,9450,5.78812,1.18125,H2S,6.4
170,0,0.0,0,45731,9333,45731,9333,5.71649,1.16663,H2S,6.27
171,0,0.0,0,45172,9218,45172,9218,5.64661,1.15237,H2S,6.13
172,0,0.0,0,44624,9106,44624,9106,5.57801,1.13837,H2S,6.0
173,0,0.0,0,44104,9000,44104,9000,5.51309,1.12512,H2S,5.88
174,0,0.0,0,43595,8897,43595,8897,5.44944,1.11213,H2S,5.76
175,0,0.0,0,43110,8798,43110,8798,5.38878,1.09975,H2S,5.65
176,0,0.0,0,42635,8701,42635,8701,5.32939,1.08763,H2S,5.54
177,0,0.0,0,42154,8602,42154,8602,5.26931,1.07537,H2S,5.42
178,0,0.0,0,41718,8514,41718,8514,5.21483,1.06425,H2S,5.32
179,0,0.0,0,41287,8426,41287,8426,5.16093,1.05325,H2S,5.22
180,0,0.0,0,40851,8336,40851,8336,5.10639,1.04212,H2S,5.11
181,0,0.0,0,40454,8256,40454,8256,5.0568,1.032,H2S,5.02
182,0,0.0,0,40057,8175,40057,8175,5.00721,1.02188,H2S,4.93
183,0,0.0,0,39665,8095,39665,8095,4.95821,1.01188,H2S,4.83
184,0,0.0,0,39303,8021,39303,8021,4.91289,1.00263,H2S,4.75
185,0,0.0,0,38935,7946,38935,7946,4.86693,0.99325,H2S,4.66
186,0,0.0,0,38607,7879,38607,7879,4.82591,0.98488,H2S,4.58
187,0,0.0,0,38264,7809,38264,7809,4.78304,0.97613,H2S,4.5
188,0,0.0,0,37940,7743,37940,7743,4.74261,0.96788,H2S,4.43
189,0,0.0,0,37607,7674,37607,7674,4.70091,0.95937,H2S,4.35
190,0,0.0,0,37338,7620,37338,7620,4.66725,0.9525,H2S,4.29
191,0,0.0,0,37029,7557,37029,7557,4.62869,0.94463,H2S,4.21
192,0,0.0,0,36720,7494,36720,7494,4.59008,0.93675,H2S,4.14
193,0,0.0,0,36441,7437,36441,7437,4.55519,0.92963,H2S,4.07
194,0,0.0,0,36157,7379,36157,7379,4.51966,0.92238,H2S,4.01
195,0,0.0,0,35907,7328,35907,7328,4.4884,0.916,H2S,3.95
196,0,0.0,0,35642,7274,35642,7274,4.45533,0.90925,H2S,3.89
197,0,0.0,0,35387,7222,35387,7222,4.42348,0.90275,H2S,3.83
198,0,0.0,0,35157,7174,35157,7174,4.39466,0.89687,H2S,3.77
199,0,0.0,0,34922,7126,34922,7126,4.36526,0.89087,H2S,3.72
200,0,0.0,0,34682,7078,34682,7078,4.33528,0.88475,H2S,3.66
201,0,0.0,0,34481,7036,34481,7036,4.31014,0.87962,H2S,3.61
202,0,0.0,0,34251,6990,34251,6990,4.28138,0.87375,H2S,3.56
203,0,0.0,0,34040,6947,34040,6947,4.25506,0.86838,H2S,3.51
204,0,0.0,0,33834,6905,33834,6905,4.22934,0.86313,H2S,3.46
205,0,0.0,0,33618,6860,33618,6860,4.20234,0.85762,H2S,3.41
206,0,0.0,0,33452,6826,33452,6826,4.18151,0.85337,H2S,3.37
207,0,0.0,0,33265,6788,33265,6788,4.15824,0.84862,H2S,3.32
208,0,0.0,0,33099,6754,33099,6754,4.13741,0.84437,H2S,3.29
209,0,0.0,0,32898,6714,32898,6714,4.11233,0.83925,H2S,3.24
210,0,0.0,0,32756,6685,32756,6685,4.09459,0.83563,H2S,3.2
211,0,0.0,0,32565,6646,32565,6646,4.07068,0.83075,H2S,3.16
212,0,0.0,0,32408,6614,32408,6614,4.05107,0.82675,H2S,3.12
213,0,0.0,0,32251,6582,32251,6582,4.03148,0.82275,H2S,3.09
214,0,0.0,0,32114,6554,32114,6554,4.01433,0.81925,H2S,3.05
215,0,0.0,0,31948,6520,31948,6520,3.9935,0.815,H2S,3.01
216,0,0.0,0,31791,6488,31791,6488,3.9739,0.811,H2S,2.98
217,0,0.0,0,31668,6463,31668,6463,3.95861,0.80788,H2S,2.95
218,0,0.0,0,31526,6434,31526,6434,3.94083,0.80425,H2S,2.91
219,0,0.0,0,31394,6407,31394,6407,3.92431,0.80088,H2S,2.88
220,0,0.0,0,31276,6383,31276,6383,3.90961,0.79788,H2S,2.86
221,0,0.0,0,31173,6362,31173,6362,3.89673,0.79525,H2S,2.83
222,0,0.0,0,31031,6333,31031,6333,3.87899,0.79163,H2S,2.8
223,0,0.0,0,30919,6310,30919,6310,3.86488,0.78875,H2S,2.77
224,0,0.0,0,30806,6286,30806,6286,3.85076,0.78587,H2S,2.74
225,0,0.0,0,30693,6264,30693,6264,3.8367,0.783,H2S,2.72
226,0,0.0,0,30600,6245,30600,6245,3.82509,0.78063,H2S,2.7
227,0,0.0,0,30502,6225,30502,6225,3.81284,0.77813,H2S,2.67
228,0,0.0,0,30399,6204,30399,6204,3.79995,0.7755,H2S,2.65
229,0,0.0,0,30291,6182,30291,6182,3.78648,0.77275,H2S,2.62
230,0,0.0,0,30213,6166,30213,6166,3.77668,0.77075,H2S,2.6
231,0,0.0,0,30120,6147,30120,6147,3.76506,0.76838,H2S,2.58
232,0,0.0,0,30017,6126,30017,6126,3.75218,0.76575,H2S,2.56
233,0,0.0,0,29953,6113,29953,6113,3.74424,0.76413,H2S,2.54
234,0,0.0,0,29875,6097,29875,6097,3.73444,0.76213,H2S,2.52
235,0,0.0,0,29772,6076,29772,6076,3.72155,0.7595,H2S,2.5
236,0,0.0,0,29708,6062,29708,6062,3.71356,0.75787,H2S,2.49
237,0,0.0,0,29630,6046,29630,6046,3.70376,0.75587,H2S,2.47
238,0,0.0,0,29547,6030,29547,6030,3.69338,0.75375,H2S,2.45
239,0,0.0,0,29483,6017,29483,6017,3.68544,0.75213,H2S,2.43
240,0,0.0,0,29409,6002,29409,6002,3.67623,0.75025,H2S,2.41
241,0,0.0,0,29351,5990,29351,5990,3.66888,0.74875,H2S,2.4
242,0,0.0,0,29282,5976,29282,5976,3.6603,0.747,H2S,2.38
243,0,0.0,0,29233,5966,29233,5966,3.65418,0.74575,H2S,2.37
244,0,0.0,0,29155,5950,29155,5950,3.64438,0.74375,H2S,2.35
245,0,0.0,0,29101,5939,29101,5939,3.63766,0.74238,H2S,2.34
246,0,0.0,0,29027,5924,29027,5924,3.62845,0.7405,H2S,2.32
247,0,0.0,0,28988,5916,28988,5916,3.62355,0.7395,H2S,2.32
248,0,0.0,0,28949,5908,28949,5908,3.61865,0.7385,H2S,2.31
249,0,0.0,0,28875,5892,28875,5892,3.60944,0.73662,H2S,2.29
0,0,3.3,255,24245,4948,24245,4948,3.03065,0.6185,H2S,1.2
1,0,3.3,255,25749,5254,25749,5254,3.21866,0.65687,H2S,1.55
2,0,3.3,255,28037,5722,28037,5722,3.50473,0.71525,H2S,2.09
3,0,3.3,255,30399,6204,30399,6204,3.79995,0.7755,H2S,2.65
4,0,3.3,255,32761,6686,32761,6686,4.09518,0.83575,H2S,3.21
5,0,3.3,255,35123,7168,35123,7168,4.3904,0.896,H2S,3.76
6,0,3.3,255,37445,7642,37445,7642,4.68073,0.95525,H2S,4.31
7,0,3.3,255,39744,8111,39744,8111,4.96801,1.01388,H2S,4.85
8,0,3.3,255,42017,8574,42017,8574,5.25216,1.07187,H2S,5.39
9,0,3.3,255,44237,9028,44237,9028,5.52965,1.1285,H2S,5.91
10,0,3.3,255,46412,9472,46412,9472,5.8016,1.184,H2S,6.43
11,0,3.3,255,48524,9903,48524,9903,6.06561,1.23788,H2S,6.92
12,0,3.3,255,50607,10328,50607,10328,6.3259,1.291,H2S,7.42
13,0,3.3,255,52630,10740,52630,10740,6.57884,1.34262,H2S,7.89
14,0,3.3,255,54551,11132,54551,11132,6.81894,1.39162,H2S,8.35
15,0,3.3,255,56403,11510,56403,11510,7.05046,1.43887,H2S,8.78
16,0,3.3,255,58168,11871,58168,11871,7.27101,1.48388,H2S,9.2
17,0,3.3,255,59941,12233,59941,12233,7.49274,1.52913,H2S,9.62
18,0,3.3,255,61578,12567,61578,12567,7.69731,1.57088,H2S,10.0
19,0,3.3,255,63219,12902,63219,12902,7.90247,1.61275,H2S,10.39
20,0,3.3,255,64723,13208,64723,13208,8.09049,1.65112,H2S,10.75
21,0,3.3,255,66233,13516,66233,13516,8.27914,1.68962,H2S,11.1
22,0,3.3,255,67614,13798,67614,13798,8.45186,1.72487,H2S,11.43
23,0,3.3,255,68962,14074,68962,14074,8.62033,1.75925,H2S,11.75
24,0,3.3,255,70256,14338,70256,14338,8.78203,1.79225,H2S,12.05
25,0,3.3,255,71520,14596,71520,14596,8.94005,1.8245,H2S,12.35
26,0,3.3,255,72642,14824,72642,14824,9.08029,1.85312,H2S,12.61
27,0,3.3,255,73774,15056,73774,15056,9.2218,1.882,H2S,12.88
28,0,3.3,255,74823,15270,74823,15270,9.35288,1.90875,H2S,13.13
29,0,3.3,255,75817,15473,75817,15473,9.47724,1.93413,H2S,13.36
30,0,3.3,255,76758,15664,76758,15664,9.59479,1.95812,H2S,13.59
31,0,3.3,255,77708,15858,77708,15858,9.71361,1.98237,H2S,13.81
32,0,3.3,255,78503,16021,78503,16021,9.81289,2.00263,H2S,14.0
33,0,3.3,255,79316,16187,79316,16187,9.91456,2.02338,H2S,14.19
34,0,3.3,255,80139,16355,80139,16355,10.01746,2.04438,H2S,14.38
35,0,3.3,255,80864,16503,80864,16503,10.10811,2.06288,H2S,14.55
36,0,3.3,255,81560,16644,81560,16644,10.19504,2.08062,H2S,14.72
37,0,3.3,255,82138,16763,82138,16763,10.26736,2.09538,H2S,14.85
38,0,3.3,255,82755,16888,82755,16888,10.34449,2.11112,H2S,15.0
39,0,3.3,255,83353,17010,83353,17010,10.41921,2.12637,H2S,15.14
40,0,3.3,255,83936,17130,83936,17130,10.49212,2.14125,H2S,15.28
41,0,3.3,255,84421,17228,84421,17228,10.55274,2.15362,H2S,15.39
42,0,3.3,255,84892,17324,84892,17324,10.61154,2.16562,H2S,15.5
43,0,3.3,255,85358,17420,85358,17420,10.66975,2.1775,H2S,15.61
44,0,3.3,255,85715,17492,85715,17492,10.71444,2.18662,H2S,15.7
45,0,3.3,255,86181,17588,86181,17588,10.77265,2.1985,H2S,15.81
46,0,3.3,255,86504,17654,86504,17654,10.81308,2.20675,H2S,15.88
47,0,3.3,255,86852,17725,86852,17725,10.85659,2.21563,H2S,15.97
48,0,3.3,255,87205,17797,87205,17797,10.90069,2.22463,H2S,16.05
49,0,3.3,255,87440,17844,87440,17844,10.93004,2.23062,H2S,16.11
50,0,3.3,255,87768,17912,87768,17912,10.9711,2.239,H2S,16.18
51,0,3.3,255,88023,17964,88023,17964,11.00295,2.2455,H2S,16.24
52,0,3.3,255,88239,18008,88239,18008,11.0299,2.251,H2S,16.29
53,0,3.3,255,88425,18046,88425,18046,11.05318,2.25575,H2S,16.34
54,0,3.3,255,88685,18099,88685,18099,11.08566,2.26238,H2S,16.4
55,0,3.3,255,88802,18123,88802,18123,11.10036,2.26538,H2S,16.43
56,0,3.3,255,89003,18164,89003,18164,11.12545,2.2705,H2S,16.47
57,0,3.3,255,89160,18196,89160,18196,11.14505,2.2745,H2S,16.51
58,0,3.3,255,89297,18224,89297,18224,11.1622,2.278,H2S,16.54
59,0,3.3,255,89434,18252,89434,18252,11.17935,2.2815,H2S,16.58
60,0,3.3,255,89547,18274,89547,18274,11.19341,2.28437,H2S,16.6
61,0,3.3,255,89660,18298,89660,18298,11.20753,2.28725,H2S,16.63
62,0,3.3,255,89758,18318,89758,18318,11.21978,2.28975,H2S,16.65
63,0,3.3,255,89836,18334,89836,18334,11.22958,2.29175,H2S,16.67
64,0,3.3,255,89905,18348,89905,18348,11.23815,2.2935,H2S,16.69
65,0,3.3,255,89954,18358,89954,18358,11.24428,2.29475,H2S,16.7
66,0,3.3,255,90013,18370,90013,18370,11.25163,2.29625,H2S,16.71
67,0,3.3,255,90057,18379,90057,18379,11.25716,2.29738,H2S,16.72
68,0,3.3,255,90047,18376,90047,18376,11.25589,2.29712,H2S,16.72
69,0,3.3,255,90105,18388,90105,18388,11.26324,2.29862,H2S,16.73
70,0,3.3,255,90174,18402,90174,18402,11.27181,2.30037,H2S,16.75
71,0,3.3,255,90130,18394,90130,18394,11.26633,2.29925,H2S,16.74
72,0,3.3,255,90160,18400,90160,18400,11.27,2.3,H2S,16.75
73,0,3.3,255,90150,18398,90150,18398,11.26877,2.29975,H2S,16.74
74,0,3.3,255,90145,18396,90145,18396,11.26814,2.29962,H2S,16.74
75,0,3.3,255,90189,18406,90189,18406,11.27368,2.30075,H2S,16.75
76,0,3.3,255,90140,18396,90140,18396,11.26755,2.2995,H2S,16.74
77,0,3.3,255,90111,18390,90111,18390,11.26388,2.29875,H2S,16.74
78,0,3.3,255,90086,18385,90086,18385,11.26084,2.29813,H2S,16.73
79,0,3.3,255,90120,18392,90120,18392,11.2651,2.299,H2S,16.74
80,0,3.3,255,90032,18374,90032,18374,11.25408,2.29675,H2S,16.72
81,0,3.3,255,90042,18376,90042,18376,11.2553,2.297,H2S,16.72
82,0,3.3,255,89993,18366,89993,18366,11.24918,2.29575,H2S,16.71
83,0,3.3,255,89915,18350,89915,18350,11.23938,2.29375,H2S,16.69
84,0,3.3,255,89929,18353,89929,18353,11.24124,2.29413,H2S,16.69
85,0,3.3,255,89841,18335,89841,18335,11.23021,2.29188,H2S,16.67
86,0,3.3,255,89807,18328,89807,18328,11.2259,2.291,H2S,16.66
87,0,3.3,255,89797,18326,89797,18326,11.22468,2.29075,H2S,16.66
88,0,3.3,255,89733,18312,89733,18312,11.21669,2.28912,H2S,16.65
89,0,3.3,255,89684,18303,89684,18303,11.21061,2.28788,H2S,16.64
90,0,3.3,255,89630,18292,89630,18292,11.20385,2.2865,H2S,16.62
91,0,3.3,255,89572,18280,89572,18280,11.1965,2.285,H2S,16.61
92,0,3.3,255,89439,18253,89439,18253,11.17999,2.28163,H2S,16.58
93,0,3.3,255,89415,18248,89415,18248,11.1769,2.281,H2S,16.57
94,0,3.3,255,89415,18248,89415,18248,11.1769,2.281,H2S,16.57
95,0,3.3,255,89317,18228,89317,18228,11.16465,2.2785,H2S,16.55
96,0,3.3,255,89307,18226,89307,18226,11.16343,2.27825,H2S,16.55
97,0,3.3,255,89233,18210,89233,18210,11.15421,2.27637,H2S,16.53
98,0,3.3,255,89150,18194,89150,18194,11.14382,2.27425,H2S,16.51
99,0,3.3,255,89076,18178,89076,18178,11.13461,2.27237,H2S,16.49
100,0,3.3,255,88974,18158,88974,18158,11.12178,2.26975,H2S,16.47
101,0,3.3,255,88930,18149,88930,18149,11.11629,2.26863,H2S,16.46
102,0,3.3,255,88851,18132,88851,18132,11.10644,2.26662,H2S,16.44
103,0,3.3,255,88832,18129,88832,18129,11.10404,2.26613,H2S,16.43
104,0,3.3,255,88729,18108,88729,18108,11.09115,2.2635,H2S,16.41
105,0,3.3,255,88690,18100,88690,18100,11.08625,2.2625,H2S,16.4
106,0,3.3,255,88606,18082,88606,18082,11.07581,2.26037,H2S,16.38
107,0,3.3,255,88552,18072,88552,18072,11.0691,2.259,H2S,16.37
108,0,3.3,255,88498,18060,88498,18060,11.06234,2.25762,H2S,16.36
109,0,3.3,255,88356,18032,88356,18032,11.0446,2.254,H2S,16.32
110,0,3.3,255,88317,18024,88317,18024,11.0397,2.253,H2S,16.31
111,0,3.3,255,88263,18013,88263,18013,11.03299,2.25163,H2S,16.3
112,0,3.3,255,88200,18000,88200,18000,11.025,2.25,H2S,16.28
113,0,3.3,255,88131,17986,88131,17986,11.01643,2.24825,H2S,16.27
114,0,3.3,255,88126,17984,88126,17984,11.01579,2.24812,H2S,16.27
115,0,3.3,255,88038,17966,88038,17966,11.00476,2.24587,H2S,16.25
116,0,3.3,255,87920,17943,87920,17943,10.99011,2.24288,H2S,16.22
117,0,3.3,255,87847,17928,87847,17928,10.9809,2.241,H2S,16.2
118,0,3.3,255,87856,17930,87856,17930,10.98212,2.24125,H2S,16.2
119,0,3.3,255,87817,17922,87817,17922,10.97723,2.24025,H2S,16.19
120,0,3.3,255,87724,17902,87724,17902,10.96556,2.23787,H2S,16.17
121,0,3.3,255,87729,17904,87729,17904,10.9662,2.238,H2S,16.17
122,0,3.3,255,87665,17890,87665,17890,10.95821,2.23637,H2S,16.16
123,0,3.3,255,87563,17870,87563,17870,10.94538,2.23375,H2S,16.13
124,0,3.3,255,87538,17864,87538,17864,10.94229,2.23312,H2S,16.13
125,0,0.0,0,104531,21332,104531,21332,13.06644,2.66662,H2S,20.14
126,0,0.0,0,102419,20902,102419,20902,12.80248,2.61275,H2S,19.64
127,0,0.0,0,99660,20338,99660,20338,12.45761,2.54237,H2S,18.99
128,0,0.0,0,97014,19798,97014,19798,12.12686,2.47487,H2S,18.36
129,0,0.0,0,94457,19277,94457,19277,11.80719,2.40963,H2S,17.76
130,0,0.0,0,91978,18771,91978,18771,11.49726,2.34638,H2S,17.18
131,0,0.0,0,89596,18285,89596,18285,11.19959,2.28563,H2S,16.61
132,0,0.0,0,87303,17817,87303,17817,10.91294,2.22713,H2S,16.07
133,0,0.0,0,85083,17364,85083,17364,10.63545,2.1705,H2S,15.55
134,0,0.0,0,82966,16932,82966,16932,10.37085,2.1165,H2S,15.05
135,0,0.0,0,80918,16514,80918,16514,10.11482,2.06425,H2S,14.57
136,0,0.0,0,78924,16106,78924,16106,9.86551,2.01337,H2S,14.1
137,0,0.0,0,77022,15718,77022,15718,9.62786,1.96487,H2S,13.65
138,0,0.0,0,75190,15345,75190,15345,9.39884,1.91813,H2S,13.22
139,0,0.0,0,73431,14986,73431,14986,9.17893,1.87325,H2S,12.8
140,0,0.0,0,71730,14638,71730,14638,8.96636,1.82987,H2S,12.4
141,0,0.0,0,70084,14303,70084,14303,8.76061,1.78788,H2S,12.01
142,0,0.0,0,68536,13987,68536,13987,8.56706,1.74838,H2S,11.65
143,0,0.0,0,67012,13676,67012,13676,8.37655,1.7095,H2S,11.29
144,0,0.0,0,65562,13380,65562,13380,8.19525,1.6725,H2S,10.94
145,0,0.0,0,64195,13101,64195,13101,8.02439,1.63763,H2S,10.62
146,0,0.0,0,62847,12826,62847,12826,7.85593,1.60325,H2S,10.3
147,0,0.0,0,61538,12558,61538,12558,7.69236,1.56987,H2S,9.99
148,0,0.0,0,60313,12308,60313,12308,7.53924,1.53862,H2S,9.71
149,0,0.0,0,59118,12064,59118,12064,7.38979,1.50812,H2S,9.42
150,0,0.0,0,57962,11829,57962,11829,7.24529,1.47863,H2S,9.15
151,0,0.0,0,56869,11606,56869,11606,7.10868,1.45075,H2S,8.89
152,0,0.0,0,55816,11391,55816,11391,6.97701,1.42388,H2S,8.64
153,0,0.0,0,54782,11180,54782,11180,6.84775,1.3975,H2S,8.4
154,0,0.0,0,53787,10977,53787,10977,6.72344,1.37213,H2S,8.17
155,0,0.0,0,52841,10784,52841,10784,6.6052,1.348,H2S,7.94
156,0,0.0,0,51949,10602,51949,10602,6.49373,1.32525,H2S,7.73
157,0,0.0,0,51062,10420,51062,10420,6.38284,1.30262,H2S,7.52
158,0,0.0,0,50234,10252,50234,10252,6.27935,1.2815,H2S,7.33
159,0,0.0,0,49387,10079,49387,10079,6.17341,1.25988,H2S,7.13
160,0,0.0,0,48608,9920,48608,9920,6.076,1.24,H2S,6.94
161,0,0.0,0,47833,9762,47833,9762,5.97923,1.22025,H2S,6.76
162,0,0.0,0,47108,9614,47108,9614,5.88858,1.20175,H2S,6.59
163,0,0.0,0,46393,9468,46393,9468,5.79915,1.1835,H2S,6.42
164,0,0.0,0,45731,9333,45731,9333,5.71649,1.16663,H2S,6.27
165,0,0.0,0,45055,9195,45055,9195,5.63196,1.14938,H2S,6.11
166,0,0.0,0,44433,9068,44433,9068,5.55415,1.1335,H2S,5.96
167,0,0.0,0,43815,8942,43815,8942,5.47698,1.11775,H2S,5.81
168,0,0.0,0,43237,8824,43237,8824,5.4047,1.103,H2S,5.68
169,0,0.0,0,42659,8706,42659,8706,5.33242,1.08825,H2S,5.54
170,0,0.0,0,42120,8596,42120,8596,5.26505,1.0745,H2S,5.41
171,0,0.0,0,41552,8480,41552,8480,5.194,1.06,H2S,5.28
172,0,0.0,0,41052,8378,41052,8378,5.13153,1.04725,H2S,5.16
173,0,0.0,0,40557,8276,40557,8276,5.06964,1.03462,H2S,5.04
174,0,0.0,0,40072,8178,40072,8178,5.00903,1.02225,H2S,4.93
175,0,0.0,0,39592,8080,39592,8080,4.949,1.01,H2S,4.82
176,0,0.0,0,39145,7988,39145,7988,4.89324,0.99862,H2S,4.71
177,0,0.0,0,38719,7902,38719,7902,4.83998,0.98775,H2S,4.61
178,0,0.0,0,38288,7814,38288,7814,4.78608,0.97675,H2S,4.51
179,0,0.0,0,37872,7729,37872,7729,4.73404,0.96613,H2S,4.41
180,0,0.0,0,37494,7652,37494,7652,4.68685,0.9565,H2S,4.32
181,0,0.0,0,37117,7575,37117,7575,4.63971,0.94688,H2S,4.23
182,0,0.0,0,36735,7496,36735,7496,4.59189,0.93712,H2S,4.14
183,0,0.0,0,36348,7418,36348,7418,4.54353,0.92725,H2S,4.05
184,0,0.0,0,36019,7350,36019,7350,4.50246,0.91887,H2S,3.97
185,0,0.0,0,35657,7277,35657,7277,4.45719,0.90963,H2S,3.89
186,0,0.0,0,35343,7213,35343,7213,4.41799,0.90163,H2S,3.81
187,0,0.0,0,35020,7147,35020,7147,4.37756,0.89338,H2S,3.74
188,0,0.0,0,34716,7084,34716,7084,4.33954,0.88562,H2S,3.67
189,0,0.0,0,34407,7022,34407,7022,4.30098,0.87775,H2S,3.59
190,0,0.0,0,34123,6964,34123,6964,4.26545,0.8705,H2S,3.53
191,0,0.0,0,33844,6907,33844,6907,4.23056,0.86338,H2S,3.46
192,0,0.0,0,33569,6850,33569,6850,4.19621,0.85637,H2S,3.4
193,0,0.0,0,33285,6793,33285,6793,4.16074,0.84913,H2S,3.33
194,0,0.0,0,33045,6744,33045,6744,4.1307,0.843,H2S,3.27
195,0,0.0,0,32800,6694,32800,6694,4.10008,0.83675,H2S,3.21
196,0,0.0,0,32585,6650,32585,6650,4.07313,0.83125,H2S,3.16
197,0,0.0,0,32330,6598,32330,6598,4.04128,0.82475,H2S,3.1
198,0,0.0,0,32109,6552,32109,6552,4.01369,0.81912,H2S,3.05
199,0,0.0,0,31889,6508,31889,6508,3.98615,0.8135,H2S,3.0
200,0,0.0,0,31659,6461,31659,6461,3.95739,0.80763,H2S,2.95
201,0,0.0,0,31453,6419,31453,6419,3.93166,0.80238,H2S,2.9
202,0,0.0,0,31257,6379,31257,6379,3.90716,0.79738,H2S,2.85
203,0,0.0,0,31046,6336,31046,6336,3.8808,0.792,H2S,2.8
204,0,0.0,0,30865,6299,30865,6299,3.85816,0.78738,H2S,2.76
205,0,0.0,0,30674,6260,30674,6260,3.83425,0.7825,H2S,2.71
206,0,0.0,0,30512,6227,30512,6227,3.81406,0.77838,H2S,2.68
207,0,0.0,0,30326,6189,30326,6189,3.79079,0.77363,H2S,2.63
208,0,0.0,0,30164,6156,30164,6156,3.77055,0.7695,H2S,2.59
209,0,0.0,0,29997,6122,29997,6122,3.74973,0.76525,H2S,2.55
210,0,0.0,0,29841,6090,29841,6090,3.73013,0.76125,H2S,2.52
211,0,0.0,0,29694,6060,29694,6060,3.71175,0.7575,H2S,2.48
212,0,0.0,0,29537,6028,29537,6028,3.69215,0.7535,H2S,2.45
213,0,0.0,0,29390,5998,29390,5998,3.67378,0.74975,H2S,2.41
214,0,0.0,0,29248,5969,29248,5969,3.65604,0.74613,H2S,2.38
215,0,0.0,0,29120,5943,29120,5943,3.64011,0.74288,H2S,2.35
216,0,0.0,0,28988,5916,28988,5916,3.62355,0.7395,H2S,2.32
217,0,0.0,0,28861,5890,28861,5890,3.60763,0.73625,H2S,2.29
218,0,0.0,0,28743,5866,28743,5866,3.59293,0.73325,H2S,2.26
219,0,0.0,0,28621,5841,28621,5841,3.57764,0.73013,H2S,2.23
220,0,0.0,0,28512,5818,28512,5818,3.56411,0.72737,H2S,2.2
221,0,0.0,0,28380,5792,28380,5792,3.5476,0.724,H2S,2.17
222,0,0.0,0,28272,5770,28272,5770,3.53412,0.72125,H2S,2.15
223,0,0.0,0,28170,5749,28170,5749,3.52129,0.71863,H2S,2.12
224,0,0.0,0,28052,5725,28052,5725,3.50659,0.71563,H2S,2.09
225,0,0.0,0,27959,5706,27959,5706,3.49493,0.71325,H2S,2.07
226,0,0.0,0,27881,5690,27881,5690,3.48513,0.71125,H2S,2.05
227,0,0.0,0,27792,5672,27792,5672,3.4741,0.709,H2S,2.03
228,0,0.0,0,27689,5650,27689,5650,3.46121,0.70637,H2S,2.01
229,0,0.0,0,27596,5632,27596,5632,3.4496,0.704,H2S,1.99
230,0,0.0,0,27498,5612,27498,5612,3.43735,0.7015,H2S,1.96
231,0,0.0,0,27425,5597,27425,5597,3.42819,0.69963,H2S,1.95
232,0,0.0,0,27351,5582,27351,5582,3.41898,0.69775,H2S,1.93
233,0,0.0,0,27263,5564,27263,5564,3.40795,0.6955,H2S,1.91
234,0,0.0,0,27190,5549,27190,5549,3.39879,0.69363,H2S,1.89
235,0,0.0,0,27111,5533,27111,5533,3.38899,0.69163,H2S,1.87
236,0,0.0,0,27057,5522,27057,5522,3.38223,0.69025,H2S,1.86
237,0,0.0,0,26969,5504,26969,5504,3.3712,0.688,H2S,1.84
238,0,0.0,0,26910,5492,26910,5492,3.36385,0.6865,H2S,1.83
239,0,0.0,0,26847,5479,26847,5479,3.35591,0.68488,H2S,1.81
240,0,0.0,0,26798,5469,26798,5469,3.34979,0.68363,H2S,1.8
241,0,0.0,0,26705,5450,26705,5450,3.33813,0.68125,H2S,1.78
242,0,0.0,0,26656,5440,26656,5440,3.332,0.68,H2S,1.77
243,0,0.0,0,26621,5432,26621,5432,3.32769,0.67912,H2S,1.76
244,0,0.0,0,26538,5416,26538,5416,3.3173,0.677,H2S,1.74
245,0,0.0,0,26494,5407,26494,5407,3.31181,0.67588,H2S,1.73
246,0,0.0,0,26455,5399,26455,5399,3.30691,0.67488,H2S,1.72
247,0,0.0,0,26396,5387,26396,5387,3.29956,0.67338,H2S,1.7
248,0,0.0,0,26352,5378,26352,5378,3.29403,0.67225,H2S,1.69
249,0,0.0,0,26293,5366,26293,5366,3.28668,0.67075,H2S,1.68
0,0,3.3,255,22094,4509,22094,4509,2.76179,0.56363,H2S,0.69
1,0,3.3,255,23505,4796,23505,4796,2.93814,0.59962,H2S,1.02
2,0,3.3,255,25681,5241,25681,5241,3.21014,0.65513,H2S,1.54
3,0,3.3,255,27910,5696,27910,5696,3.4888,0.712,H2S,2.06
4,0,3.3,255,30154,6154,30154,6154,3.76933,0.76925,H2S,2.59
5,0,3.3,255,32408,6614,32408,6614,4.05107,0.82675,H2S,3.12
6,0,3.3,255,34647,7070,34647,7070,4.33096,0.88387,H2S,3.65
7,0,3.3,255,36857,7522,36857,7522,4.60723,0.94025,H2S,4.17
8,0,3.3,255,39058,7971,39058,7971,4.88226,0.99638,H2S,4.69
9,0,3.3,255,41213,8410,41213,8410,5.15171,1.05137,H2S,5.2
10,0,3.3,255,43325,8842,43325,8842,5.41573,1.10525,H2S,5.7
11,0,3.3,255,45403,9266,45403,9266,5.67543,1.15825,H2S,6.19
12,0,3.3,255,47427,9679,47427,9679,5.92841,1.20988,H2S,6.67
13,0,3.3,255,49421,10086,49421,10086,6.17768,1.26075,H2S,7.14
14,0,3.3,255,51308,10471,51308,10471,6.41351,1.30888,H2S,7.58
15,0,3.3,255,53150,10846,53150,10846,6.64376,1.35587,H2S,8.02
16,0,3.3,255,54938,11212,54938,11212,6.86735,1.4015,H2S,8.44
17,0,3.3,255,56658,11563,56658,11563,7.08236,1.44538,H2S,8.84
18,0,3.3,255,58280,11894,58280,11894,7.28508,1.48675,H2S,9.23
19,0,3.3,255,59917,12228,59917,12228,7.48965,1.5285,H2S,9.61
20,0,3.3,255,61411,12532,61411,12532,7.67644,1.56662,H2S,9.96
21,0,3.3,255,62906,12838,62906,12838,7.86327,1.60475,H2S,10.32
22,0,3.3,255,64327,13128,64327,13128,8.0409,1.641,H2S,10.65
23,0,3.3,255,65699,13408,65699,13408,8.2124,1.676,H2S,10.98
24,0,3.3,255,66978,13669,66978,13669,8.37229,1.70863,H2S,11.28
25,0,3.3,255,68193,13916,68193,13916,8.52414,1.73962,H2S,11.56
26,0,3.3,255,69388,14160,69388,14160,8.67359,1.77012,H2S,11.85
27,0,3.3,255,70462,14380,70462,14380,8.80775,1.7975,H2S,12.1
28,0,3.3,255,71540,14600,71540,14600,8.9425,1.825,H2S,12.35
29,0,3.3,255,72563,14808,72563,14808,9.07049,1.85112,H2S,12.6
30,0,3.3,255,73534,15006,73534,15006,9.19176,1.87587,H2S,12.82
31,0,3.3,255,74460,15196,74460,15196,9.30755,1.8995,H2S,13.04
32,0,3.3,255,75332,15374,75332,15374,9.41658,1.92175,H2S,13.25
33,0,3.3,255,76155,15542,76155,15542,9.51947,1.94275,H2S,13.44
34,0,3.3,255,76944,15702,76944,15702,9.61806,1.96287,H2S,13.63
35,0,3.3,255,77719,15861,77719,15861,9.71489,1.98263,H2S,13.81
36,0,3.3,255,78409,16001,78409,16001,9.80123,2.00025,H2S,13.98
37,0,3.3,255,79027,16128,79027,16128,9.8784,2.016,H2S,14.12
38,0,3.3,255,79688,16263,79688,16263,9.96111,2.03288,H2S,14.28
39,0,3.3,255,80232,16373,80232,16373,10.02908,2.04675,H2S,14.41
40,0,3.3,255,80791,16488,80791,16488,10.0989,2.061,H2S,14.54
41,0,3.3,255,81330,16598,81330,16598,10.16628,2.07475,H2S,14.66
42,0,3.3,255,81854,16704,81854,16704,10.23179,2.08812,H2S,14.79
43,0,3.3,255,82320,16800,82320,16800,10.29,2.1,H2S,14.9
44,0,3.3,255,82751,16888,82751,16888,10.3439,2.111,H2S,15.0
45,0,3.3,255,83138,16966,83138,16966,10.39226,2.12087,H2S,15.09
46,0,3.3,255,83441,17028,83441,17028,10.43024,2.12862,H2S,15.16
47,0,3.3,255,83819,17106,83819,17106,10.47743,2.13825,H2S,15.25
48,0,3.3,255,84182,17180,84182,17180,10.52275,2.1475,H2S,15.34
49,0,3.3,255,84485,17242,84485,17242,10.56073,2.15525,H2S,15.41
50,0,3.3,255,84691,17284,84691,17284,10.58645,2.1605,H2S,15.46
51,0,3.3,255,84980,17342,84980,17342,10.62256,2.16787,H2S,15.53
52,0,3.3,255,85289,17406,85289,17406,10.66118,2.17575,H2S,15.6
53,0,3.3,255,85524,17454,85524,17454,10.69058,2.18175,H2S,15.65
54,0,3.3,255,85691,17488,85691,17488,10.7114,2.186,H2S,15.69
55,0,3.3,255,85901,17530,85901,17530,10.73771,2.19137,H2S,15.74
56,0,3.3,255,86117,17574,86117,17574,10.76466,2.19687,H2S,15.79
57,0,3.3,255,86289,17610,86289,17610,10.78613,2.20125,H2S,15.83
58,0,3.3,255,86367,17626,86367,17626,10.79593,2.20325,H2S,15.85
59,0,3.3,255,86543,17662,86543,17662,10.81798,2.20775,H2S,15.89
60,0,3.3,255,86685,17690,86685,17690,10.83571,2.21137,H2S,15.93
61,0,3.3,255,86749,17704,86749,17704,10.8437,2.213,H2S,15.94
62,0,3.3,255,86882,17731,86882,17731,10.86026,2.21638,H2S,15.97
63,0,3.3,255,86989,17753,86989,17753,10.87374,2.21913,H2S,16.0
64,0,3.3,255,87107,17777,87107,17777,10.88844,2.22213,H2S,16.03
65,0,3.3,255,87176,17791,87176,17791,10.89701,2.22388,H2S,16.04
66,0,3.3,255,87224,17800,87224,17800,10.90309,2.22512,H2S,16.05
67,0,3.3,255,87283,17812,87283,17812,10.91044,2.22662,H2S,16.07
68,0,3.3,255,87332,17823,87332,17823,10.91661,2.22788,H2S,16.08
69,0,3.3,255,87318,17820,87318,17820,10.91475,2.2275,H2S,16.08
70,0,3.3,255,87401,17836,87401,17836,10.92514,2.22962,H2S,16.1
71,0,3.3,255,87474,17852,87474,17852,10.93435,2.2315,H2S,16.11
72,0,3.3,255,87440,17844,87440,17844,10.93004,2.23062,H2S,16.11
73,0,3.3,255,87479,17853,87479,17853,10.93499,2.23163,H2S,16.11
74,0,3.3,255,87504,17858,87504,17858,10.93803,2.23225,H2S,16.12
75,0,3.3,255,87528,17862,87528,17862,10.94106,2.23287,H2S,16.13
76,0,3.3,255,87523,17862,87523,17862,10.94047,2.23275,H2S,16.13
77,0,3.3,255,87557,17868,87557,17868,10.94474,2.23362,H2S,16.13
78,0,3.3,255,87563,17870,87563,17870,10.94538,2.23375,H2S,16.13
79,0,3.3,255,87543,17866,87543,17866,10.94293,2.23325,H2S,16.13
80,0,3.3,255,87519,17861,87519,17861,10.93989,2.23263,H2S,16.12
81,0,3.3,255,87435,17844,87435,17844,10.92945,2.2305,H2S,16.1
82,0,3.3,255,87479,17853,87479,17853,10.93499,2.23163,H2S,16.11
83,0,3.3,255,87421,17841,87421,17841,10.92764,2.23013,H2S,16.1
84,0,3.3,255,87450,17847,87450,17847,10.93131,2.23088,H2S,16.11
85,0,3.3,255,87425,17842,87425,17842,10.92822,2.23025,H2S,16.1
86,0,3.3,255,87312,17818,87312,17818,10.91411,2.22737,H2S,16.08
87,0,3.3,255,87327,17822,87327,17822,10.91597,2.22775,H2S,16.08
88,0,3.3,255,87269,17810,87269,17810,10.90863,2.22625,H2S,16.07
89,0,3.3,255,87234,17803,87234,17803,10.90436,2.22538,H2S,16.06
90,0,3.3,255,87224,17800,87224,17800,10.90309,2.22512,H2S,16.05
91,0,3.3,255,87131,17782,87131,17782,10.89148,2.22275,H2S,16.03
92,0,3.3,255,87131,17782,87131,17782,10.89148,2.22275,H2S,16.03
93,0,3.3,255,87028,17760,87028,17760,10.87859,2.22012,H2S,16.01
94,0,3.3,255,87063,17768,87063,17768,10.8829,2.221,H2S,16.02
95,0,3.3,255,87004,17756,87004,17756,10.87555,2.2195,H2S,16.0
96,0,3.3,255,86955,17746,86955,17746,10.86942,2.21825,H2S,15.99
97,0,3.3,255,86901,17734,86901,17734,10.86266,2.21687,H2S,15.98
98,0,3.3,255,86823,17719,86823,17719,10.85291,2.21488,H2S,15.96
99,0,3.3,255,86769,17708,86769,17708,10.84615,2.2135,H2S,15.95
100,0,3.3,255,86705,17695,86705,17695,10.83821,2.21188,H2S,15.93
101,0,3.3,255,86739,17702,86739,17702,10.84248,2.21275,H2S,15.94
102,0,3.3,255,86641,17682,86641,17682,10.83023,2.21025,H2S,15.92
103,0,3.3,255,86651,17684,86651,17684,10.83145,2.2105,H2S,15.92
104,0,3.3,255,86553,17664,86553,17664,10.8192,2.208,H2S,15.9
105,0,3.3,255,86524,17658,86524,17658,10.81553,2.20725,H2S,15.89
106,0,3.3,255,86499,17652,86499,17652,10.81244,2.20662,H2S,15.88
107,0,3.3,255,86460,17644,86460,17644,10.80754,2.20562,H2S,15.87
108,0,3.3,255,86411,17635,86411,17635,10.80146,2.20438,H2S,15.86
109,0,3.3,255,86377,17628,86377,17628,10.79715,2.2035,H2S,15.85
110,0,3.3,255,86332,17618,86332,17618,10.79161,2.20237,H2S,15.84
111,0,3.3,255,86338,17620,86338,17620,10.79225,2.2025,H2S,15.85
112,0,3.3,255,86289,17610,86289,17610,10.78613,2.20125,H2S,15.83
113,0,3.3,255,86230,17598,86230,17598,10.77877,2.19975,H2S,15.82
114,0,3.3,255,86142,17580,86142,17580,10.76775,2.1975,H2S,15.8
115,0,3.3,255,86102,17572,86102,17572,10.76285,2.1965,H2S,15.79
116,0,3.3,255,86063,17564,86063,17564,10.75795,2.1955,H2S,15.78
117,0,3.3,255,86029,17556,86029,17556,10.75364,2.19462,H2S,15.77
118,0,3.3,255,85995,17550,85995,17550,10.74938,2.19375,H2S,15.76
119,0,3.3,255,85960,17542,85960,17542,10.74506,2.19287,H2S,15.76
120,0,3.3,255,85936,17538,85936,17538,10.74203,2.19225,H2S,15.75
121,0,3.3,255,85887,17528,85887,17528,10.7359,2.191,H2S,15.74
122,0,3.3,255,85833,17516,85833,17516,10.72914,2.18962,H2S,15.73
123,0,3.3,255,85755,17501,85755,17501,10.71939,2.18763,H2S,15.71
124,0,3.3,255,85730,17496,85730,17496,10.7163,2.187,H2S,15.7
125,0,0.0,0,102419,20902,102419,20902,12.80248,2.61275,H2S,19.64
126,0,0.0,0,100312,20472,100312,20472,12.5391,2.559,H2S,19.14
127,0,0.0,0,97583,19914,97583,19914,12.19791,2.48937,H2S,18.5
128,0,0.0,0,94922,19372,94922,19372,11.86535,2.4215,H2S,17.87
129,0,0.0,0,92394,18856,92394,18856,11.5493,2.357,H2S,17.27
130,0,0.0,0,89954,18358,89954,18358,11.24428,2.29475,H2S,16.7
131,0,0.0,0,87582,17874,87582,17874,10.94782,2.23425,H2S,16.14
132,0,0.0,0,85338,17416,85338,17416,10.6673,2.177,H2S,15.61
133,0,0.0,0,83148,16969,83148,16969,10.39354,2.12113,H2S,15.09
134,0,0.0,0,81046,16540,81046,16540,10.13075,2.0675,H2S,14.6
135,0,0.0,0,79037,16129,79037,16129,9.87963,2.01625,H2S,14.12
136,0,0.0,0,77101,15734,77101,15734,9.63766,1.96687,H2S,13.67
137,0,0.0,0,75229,15352,75229,15352,9.40369,1.91912,H2S,13.22
138,0,0.0,0,73436,14987,73436,14987,9.17956,1.87338,H2S,12.8
139,0,0.0,0,71730,14638,71730,14638,8.96636,1.82987,H2S,12.4
140,0,0.0,0,70045,14294,70045,14294,8.75566,1.78687,H2S,12.0
141,0,0.0,0,68487,13977,68487,13977,8.56094,1.74713,H2S,11.63
142,0,0.0,0,66978,13669,66978,13669,8.37229,1.70863,H2S,11.28
143,0,0.0,0,65556,13378,65556,13378,8.19461,1.67237,H2S,10.94
144,0,0.0,0,64190,13100,64190,13100,8.02375,1.6375,H2S,10.62
145,0,0.0,0,62871,12830,62871,12830,7.85896,1.60387,H2S,10.31
146,0,0.0,0,61632,12578,61632,12578,7.70403,1.57225,H2S,10.02
147,0,0.0,0,60485,12344,60485,12344,7.5607,1.543,H2S,9.75
148,0,0.0,0,59344,12111,59344,12111,7.41801,1.51388,H2S,9.48
149,0,0.0,0,58280,11894,58280,11894,7.28508,1.48675,H2S,9.23
150,0,0.0,0,57320,11698,57320,11698,7.16503,1.46225,H2S,9.0
151,0,0.0,0,56359,11502,56359,11502,7.04498,1.43775,H2S,8.77
152,0,0.0,0,55463,11319,55463,11319,6.93291,1.41488,H2S,8.56
153,0,0.0,0,54610,11144,54610,11144,6.82629,1.39312,H2S,8.36
154,0,0.0,0,53816,10983,53816,10983,6.72711,1.37288,H2S,8.17
155,0,0.0,0,53037,10824,53037,10824,6.6297,1.353,H2S,7.99
156,0,0.0,0,52327,10679,52327,10679,6.54091,1.33488,H2S,7.82
157,0,0.0,0,51621,10535,51621,10535,6.45271,1.31688,H2S,7.66
158,0,0.0,0,50969,10402,50969,10402,6.37122,1.30025,H2S,7.5
159,0,0.0,0,50337,10272,50337,10272,6.29219,1.28412,H2S,7.35
160,0,0.0,0,49735,10150,49735,10150,6.21688,1.26875,H2S,7.21
161,0,0.0,0,49137,10028,49137,10028,6.14215,1.2535,H2S,7.07
162,0,0.0,0,48603,9919,48603,9919,6.07541,1.23988,H2S,6.94
163,0,0.0,0,48063,9808,48063,9808,6.00799,1.22612,H2S,6.82
164,0,0.0,0,47559,9706,47559,9706,5.94493,1.21325,H2S,6.7
165,0,0.0,0,47064,9605,47064,9605,5.88309,1.20063,H2S,6.58
166,0,0.0,0,46633,9516,46633,9516,5.82914,1.18962,H2S,6.48
167,0,0.0,0,46167,9422,46167,9422,5.77098,1.17775,H2S,6.37
168,0,0.0,0,45726,9332,45726,9332,5.71585,1.1665,H2S,6.26
169,0,0.0,0,45315,9248,45315,9248,5.6644,1.156,H2S,6.17
170,0,0.0,0,44908,9164,44908,9164,5.61354,1.14562,H2S,6.07
171,0,0.0,0,44531,9088,44531,9088,5.5664,1.136,H2S,5.98
172,0,0.0,0,44178,9016,44178,9016,5.5223,1.127,H2S,5.9
173,0,0.0,0,43806,8940,43806,8940,5.47575,1.1175,H2S,5.81
174,0,0.0,0,43482,8874,43482,8874,5.43533,1.10925,H2S,5.74
175,0,0.0,0,43159,8808,43159,8808,5.3949,1.101,H2S,5.66
176,0,0.0,0,42835,8742,42835,8742,5.35448,1.09275,H2S,5.58
177,0,0.0,0,42546,8682,42546,8682,5.31831,1.08537,H2S,5.51
178,0,0.0,0,42281,8628,42281,8628,5.28524,1.07862,H2S,5.45
179,0,0.0,0,41988,8569,41988,8569,5.24854,1.07113,H2S,5.38
180,0,0.0,0,41723,8515,41723,8515,5.21546,1.06438,H2S,5.32
181,0,0.0,0,41468,8462,41468,8462,5.18356,1.05787,H2S,5.26
182,0,0.0,0,41223,8413,41223,8413,5.15299,1.05163,H2S,5.2
183,0,0.0,0,40993,8366,40993,8366,5.12418,1.04575,H2S,5.15
184,0,0.0,0,40772,8320,40772,8320,5.09659,1.04012,H2S,5.1
185,0,0.0,0,40562,8278,40562,8278,5.07028,1.03475,H2S,5.05
186,0,0.0,0,40351,8234,40351,8234,5.04391,1.02937,H2S,5.0
187,0,0.0,0,40155,8195,40155,8195,5.01946,1.02438,H2S,4.95
188,0,0.0,0,39984,8160,39984,8160,4.998,1.02,H2S,4.91
189,0,0.0,0,39797,8122,39797,8122,4.97473,1.01525,H2S,4.87
190,0,0.0,0,39626,8086,39626,8086,4.95326,1.01087,H2S,4.83
191,0,0.0,0,39450,8051,39450,8051,4.93126,1.00638,H2S,4.78
192,0,0.0,0,39317,8023,39317,8023,4.9147,1.003,H2S,4.75
193,0,0.0,0,39175,7995,39175,7995,4.89696,0.99938,H2S,4.72
194,0,0.0,0,39038,7967,39038,7967,4.87981,0.99588,H2S,4.69
195,0,0.0,0,38910,7940,38910,7940,4.86384,0.99262,H2S,4.66
196,0,0.0,0,38773,7913,38773,7913,4.84674,0.98913,H2S,4.62
197,0,0.0,0,38666,7891,38666,7891,4.83326,0.98638,H2S,4.6
198,0,0.0,0,38543,7866,38543,7866,4.81792,0.98325,H2S,4.57
199,0,0.0,0,38430,7842,38430,7842,4.80381,0.98037,H2S,4.54
200,0,0.0,0,38337,7824,38337,7824,4.7922,0.978,H2S,4.52
201,0,0.0,0,38225,7801,38225,7801,4.77814,0.97513,H2S,4.49
202,0,0.0,0,38141,7784,38141,7784,4.7677,0.973,H2S,4.47
203,0,0.0,0,38053,7766,38053,7766,4.75668,0.97075,H2S,4.45
204,0,0.0,0,37975,7750,37975,7750,4.74688,0.96875,H2S,4.44
205,0,0.0,0,37877,7730,37877,7730,4.73463,0.96625,H2S,4.41
206,0,0.0,0,37803,7714,37803,7714,4.72541,0.96437,H2S,4.4
207,0,0.0,0,37715,7697,37715,7697,4.71444,0.96213,H2S,4.37
208,0,0.0,0,37671,7688,37671,7688,4.7089,0.961,H2S,4.36
209,0,0.0,0,37607,7674,37607,7674,4.70091,0.95937,H2S,4.35
210,0,0.0,0,37553,7664,37553,7664,4.6942,0.958,H2S,4.34
211,0,0.0,0,37509,7655,37509,7655,4.68871,0.95688,H2S,4.33
212,0,0.0,0,37421,7637,37421,7637,4.67769,0.95463,H2S,4.31
213,0,0.0,0,37382,7629,37382,7629,4.67279,0.95363,H2S,4.3
214,0,0.0,0,37332,7618,37332,7618,4.66661,0.95237,H2S,4.28
215,0,0.0,0,37274,7607,37274,7607,4.65931,0.95088,H2S,4.27
216,0,0.0,0,37259,7604,37259,7604,4.65745,0.9505,H2S,4.27
217,0,0.0,0,37210,7594,37210,7594,4.65133,0.94925,H2S,4.26
218,0,0.0,0,37176,7586,37176,7586,4.64701,0.94837,H2S,4.25
219,0,0.0,0,37147,7581,37147,7581,4.64339,0.94763,H2S,4.24
220,0,0.0,0,37122,7576,37122,7576,4.6403,0.947,H2S,4.23
221,0,0.0,0,37078,7567,37078,7567,4.63481,0.94588,H2S,4.22
222,0,0.0,0,37053,7562,37053,7562,4.63173,0.94525,H2S,4.22
223,0,0.0,0,37019,7554,37019,7554,4.62741,0.94437,H2S,4.21
224,0,0.0,0,37029,7557,37029,7557,4.62869,0.94463,H2S,4.21
225,0,0.0,0,36990,7549,36990,7549,4.62379,0.94363,H2S,4.2
226,0,0.0,0,36985,7548,36985,7548,4.62315,0.9435,H2S,4.2
227,0,0.0,0,36975,7546,36975,7546,4.62193,0.94325,H2S,4.2
228,0,0.0,0,36965,7544,36965,7544,4.6207,0.943,H2S,4.2
229,0,0.0,0,36960,7543,36960,7543,4.62011,0.94288,H2S,4.2
230,0,0.0,0,36946,7540,36946,7540,4.61825,0.9425,H2S,4.19
231,0,0.0,0,36946,7540,36946,7540,4.61825,0.9425,H2S,4.19
232,0,0.0,0,36946,7540,36946,7540,4.61825,0.9425,H2S,4.19
233,0,0.0,0,36960,7543,36960,7543,4.62011,0.94288,H2S,4.2
234,0,0.0,0,36975,7546,36975,7546,4.62193,0.94325,H2S,4.2
235,0,0.0,0,36980,7547,36980,7547,4.62256,0.94338,H2S,4.2
236,0,0.0,0,36995,7550,36995,7550,4.62438,0.94375,H2S,4.2
237,0,0.0,0,37000,7551,37000,7551,4.62501,0.94388,H2S,4.21
238,0,0.0,0,37014,7554,37014,7554,4.62683,0.94425,H2S,4.21
239,0,0.0,0,37034,7558,37034,7558,4.62927,0.94475,H2S,4.21
240,0,0.0,0,37063,7564,37063,7564,4.63295,0.9455,H2S,4.22
241,0,0.0,0,37078,7567,37078,7567,4.63481,0.94588,H2S,4.22
242,0,0.0,0,37102,7572,37102,7572,4.63785,0.9465,H2S,4.23
243,0,0.0,0,37117,7575,37117,7575,4.63971,0.94688,H2S,4.23
244,0,0.0,0,37147,7581,37147,7581,4.64339,0.94763,H2S,4.24
245,0,0.0,0,37200,7592,37200,7592,4.6501,0.949,H2S,4.25
246,0,0.0,0,37215,7594,37215,7594,4.65191,0.94937,H2S,4.26
247,0,0.0,0,37235,7599,37235,7599,4.65441,0.94988,H2S,4.26
248,0,0.0,0,37264,7605,37264,7605,4.65809,0.95063,H2S,4.27
249,0,0.0,0,37298,7612,37298,7612,4.66235,0.9515,H2S,4.28
0,0,3.3,255,31345,6397,31345,6397,3.91819,0.79963,H2S,2.87
1,0,3.3,255,33246,6785,33246,6785,4.15584,0.84813,H2S,3.32
2,0,3.3,255,36162,7380,36162,7380,4.52025,0.9225,H2S,4.01
3,0,3.3,255,39185,7996,39185,7996,4.89814,0.99962,H2S,4.72
4,0,3.3,255,42194,8611,42194,8611,5.27426,1.07638,H2S,5.43
5,0,3.3,255,45172,9218,45172,9218,5.64661,1.15237,H2S,6.13
6,0,3.3,255,48093,9814,48093,9814,6.01166,1.22687,H2S,6.82
7,0,3.3,255,50950,10398,50950,10398,6.36878,1.29975,H2S,7.5
8,0,3.3,255,53713,10962,53713,10962,6.71422,1.37025,H2S,8.15
9,0,3.3,255,56379,11506,56379,11506,7.04743,1.43825,H2S,8.78
10,0,3.3,255,58961,12032,58961,12032,7.37019,1.50412,H2S,9.39
11,0,3.3,255,61436,12538,61436,12538,7.67953,1.56725,H2S,9.97
12,0,3.3,255,63803,13021,63803,13021,7.97539,1.62763,H2S,10.53
13,0,3.3,255,66056,13480,66056,13480,8.25709,1.68512,H2S,11.06
14,0,3.3,255,68257,13930,68257,13930,8.53213,1.74125,H2S,11.58
15,0,3.3,255,70275,14342,70275,14342,8.78448,1.79275,H2S,12.06
16,0,3.3,255,72147,14724,72147,14724,9.01845,1.8405,H2S,12.5
17,0,3.3,255,74024,15106,74024,15106,9.25301,1.88837,H2S,12.94
18,0,3.3,255,75748,15458,75748,15458,9.46861,1.93237,H2S,13.35
19,0,3.3,255,77351,15786,77351,15786,9.66892,1.97325,H2S,13.73
20,0,3.3,255,78860,16094,78860,16094,9.85758,2.01175,H2S,14.08
21,0,3.3,255,80296,16387,80296,16387,10.03706,2.04838,H2S,14.42
22,0,3.3,255,81648,16663,81648,16663,10.20611,2.08288,H2S,14.74
23,0,3.3,255,82829,16904,82829,16904,10.3537,2.113,H2S,15.02
24,0,3.3,255,84093,17162,84093,17162,10.51173,2.14525,H2S,15.32
25,0,3.3,255,85191,17386,85191,17386,10.64893,2.17325,H2S,15.57
26,0,3.3,255,86151,17582,86151,17582,10.76898,2.19775,H2S,15.8
27,0,3.3,255,87161,17788,87161,17788,10.89515,2.2235,H2S,16.04
28,0,3.3,255,88008,17960,88008,17960,11.00109,2.24512,H2S,16.24
29,0,3.3,255,88895,18142,88895,18142,11.11198,2.26775,H2S,16.45
30,0,3.3,255,89679,18302,89679,18302,11.20998,2.28775,H2S,16.63
31,0,3.3,255,90356,18440,90356,18440,11.2945,2.305,H2S,16.79
32,0,3.3,255,91046,18580,91046,18580,11.38084,2.32262,H2S,16.96
33,0,3.3,255,91737,18722,91737,18722,11.46723,2.34025,H2S,17.12
34,0,3.3,255,92316,18840,92316,18840,11.5395,2.355,H2S,17.26
35,0,3.3,255,92874,18954,92874,18954,11.60933,2.36925,H2S,17.39
36,0,3.3,255,93384,19058,93384,19058,11.67303,2.38225,H2S,17.51
37,0,3.3,255,93859,19155,93859,19155,11.73246,2.39438,H2S,17.62
38,0,3.3,255,94241,19233,94241,19233,11.78024,2.40413,H2S,17.71
39,0,3.3,255,94682,19323,94682,19323,11.83536,2.41538,H2S,17.81
40,0,3.3,255,95074,19402,95074,19402,11.88431,2.42537,H2S,17.91
41,0,3.3,255,95520,19494,95520,19494,11.94008,2.43675,H2S,18.01
42,0,3.3,255,95839,19559,95839,19559,11.97991,2.44488,H2S,18.09
43,0,3.3,255,96157,19624,96157,19624,12.0197,2.453,H2S,18.16
44,0,3.3,255,96461,19686,96461,19686,12.05768,2.46075,H2S,18.23
45,0,3.3,255,96667,19728,96667,19728,12.0834,2.466,H2S,18.28
46,0,3.3,255,96936,19783,96936,19783,12.11711,2.47288,H2S,18.35
47,0,3.3,255,97186,19834,97186,19834,12.14832,2.47925,H2S,18.4
48,0,3.3,255,97412,19880,97412,19880,12.1765,2.485,H2S,18.46
49,0,3.3,255,97662,19931,97662,19931,12.20776,2.49138,H2S,18.52
50,0,3.3,255,97838,19966,97838,19966,12.22976,2.49587,H2S,18.56
51,0,3.3,255,97960,19992,97960,19992,12.2451,2.499,H2S,18.59
52,0,3.3,255,98132,20027,98132,20027,12.26656,2.50338,H2S,18.63
53,0,3.3,255,98357,20073,98357,20073,12.29474,2.50913,H2S,18.68
54,0,3.3,255,98490,20100,98490,20100,12.31125,2.5125,H2S,18.71
55,0,3.3,255,98607,20124,98607,20124,12.32595,2.5155,H2S,18.74
56,0,3.3,255,98700,20143,98700,20143,12.33761,2.51788,H2S,18.76
57,0,3.3,255,98808,20164,98808,20164,12.35104,2.52062,H2S,18.79
58,0,3.3,255,98896,20182,98896,20182,12.36206,2.52287,H2S,18.81
59,0,3.3,255,98965,20196,98965,20196,12.37064,2.52462,H2S,18.82
60,0,3.3,255,99029,20210,99029,20210,12.37863,2.52625,H2S,18.84
61,0,3.3,255,99009,20206,99009,20206,12.37617,2.52575,H2S,18.83
62,0,3.3,255,99102,20225,99102,20225,12.38784,2.52813,H2S,18.86
63,0,3.3,255,99176,20240,99176,20240,12.397,2.53,H2S,18.87
64,0,3.3,255,99200,20245,99200,20245,12.40009,2.53063,H2S,18.88
65,0,3.3,255,99225,20250,99225,20250,12.40313,2.53125,H2S,18.89
66,0,3.3,255,99244,20254,99244,20254,12.40558,2.53175,H2S,18.89
67,0,3.3,255,99219,20248,99219,20248,12.40249,2.53112,H2S,18.88
68,0,3.3,255,99274,20260,99274,20260,12.40925,2.5325,H2S,18.9
69,0,3.3,255,99230,20251,99230,20251,12.40376,2.53138,H2S,18.89
70,0,3.3,255,99180,20240,99180,20240,12.39759,2.53012,H2S,18.88
71,0,3.3,255,99254,20256,99254,20256,12.4068,2.532,H2S,18.89
72,0,3.3,255,99190,20242,99190,20242,12.39881,2.53037,H2S,18.88
73,0,3.3,255,99205,20246,99205,20246,12.40067,2.53075,H2S,18.88
74,0,3.3,255,99180,20240,99180,20240,12.39759,2.53012,H2S,18.88
75,0,3.3,255,99102,20225,99102,20225,12.38784,2.52813,H2S,18.86
76,0,3.3,255,99073,20219,99073,20219,12.38416,2.52738,H2S,18.85
77,0,3.3,255,98999,20204,98999,20204,12.37495,2.5255,H2S,18.83
78,0,3.3,255,98945,20193,98945,20193,12.36824,2.52413,H2S,18.82
79,0,3.3,255,98965,20196,98965,20196,12.37064,2.52462,H2S,18.82
80,0,3.3,255,98896,20182,98896,20182,12.36206,2.52287,H2S,18.81
81,0,3.3,255,98833,20170,98833,20170,12.35413,2.52125,H2S,18.79
82,0,3.3,255,98720,20146,98720,20146,12.34001,2.51837,H2S,18.77
83,0,3.3,255,98710,20144,98710,20144,12.33879,2.51812,H2S,18.76
84,0,3.3,255,98592,20120,98592,20120,12.32409,2.51512,H2S,18.74
85,0,3.3,255,98534,20109,98534,20109,12.31679,2.51363,H2S,18.72
86,0,3.3,255,98470,20096,98470,20096,12.3088,2.512,H2S,18.71
87,0,3.3,255,98392,20080,98392,20080,12.299,2.51,H2S,18.69
88,0,3.3,255,98323,20066,98323,20066,12.29043,2.50825,H2S,18.67
89,0,3.3,255,98245,20050,98245,20050,12.28063,2.50625,H2S,18.65
90,0,3.3,255,98171,20035,98171,20035,12.27146,2.50438,H2S,18.64
91,0,3.3,255,98092,20018,98092,20018,12.26161,2.50237,H2S,18.62
92,0,3.3,255,98014,20003,98014,20003,12.25186,2.50038,H2S,18.6
93,0,3.3,255,97946,19989,97946,19989,12.24329,2.49863,H2S,18.58
94,0,3.3,255,97862,19972,97862,19972,12.23285,2.4965,H2S,18.56
95,0,3.3,255,97774,19954,97774,19954,12.22183,2.49425,H2S,18.54
96,0,3.3,255,97701,19939,97701,19939,12.21266,2.49238,H2S,18.53
97,0,3.3,255,97617,19922,97617,19922,12.20223,2.49025,H2S,18.51
98,0,3.3,255,97529,19904,97529,19904,12.1912,2.488,H2S,18.49
99,0,3.3,255,97465,19890,97465,19890,12.18321,2.48637,H2S,18.47
100,0,3.3,255,97387,19875,97387,19875,12.17346,2.48438,H2S,18.45
101,0,3.3,255,97304,19858,97304,19858,12.16303,2.48225,H2S,18.43
102,0,3.3,255,97230,19842,97230,19842,12.15381,2.48037,H2S,18.42
103,0,3.3,255,97147,19826,97147,19826,12.14343,2.47825,H2S,18.4
104,0,3.3,255,97073,19810,97073,19810,12.13421,2.47637,H2S,18.38
105,0,3.3,255,97000,19796,97000,19796,12.12505,2.4745,H2S,18.36
106,0,3.3,255,96922,19780,96922,19780,12.11525,2.4725,H2S,18.34
107,0,3.3,255,96853,19766,96853,19766,12.10667,2.47075,H2S,18.33
108,0,3.3,255,96775,19750,96775,19750,12.09688,2.46875,H2S,18.31
109,0,3.3,255,96701,19734,96701,19734,12.08766,2.46687,H2S,18.29
110,0,3.3,255,96623,19719,96623,19719,12.07791,2.46488,H2S,18.27
111,0,3.3,255,96549,19704,96549,19704,12.0687,2.463,H2S,18.25
112,0,3.3,255,96490,19692,96490,19692,12.06135,2.4615,H2S,18.24
113,0,3.3,255,96407,19675,96407,19675,12.05096,2.45938,H2S,18.22
114,0,3.3,255,96334,19660,96334,19660,12.04175,2.4575,H2S,18.2
115,0,3.3,255,96270,19646,96270,19646,12.03376,2.45587,H2S,18.19
116,0,3.3,255,96196,19632,96196,19632,12.0246,2.454,H2S,18.17
117,0,3.3,255,96132,19618,96132,19618,12.01661,2.45237,H2S,18.16
118,0,3.3,255,96064,19605,96064,19605,12.00809,2.45063,H2S,18.14
119,0,3.3,255,96000,19592,96000,19592,12.0001,2.449,H2S,18.13
120,0,3.3,255,95942,19580,95942,19580,11.99275,2.4475,H2S,18.11
121,0,3.3,255,95873,19566,95873,19566,11.98418,2.44575,H2S,18.1
122,0,3.3,255,95804,19552,95804,19552,11.9756,2.444,H2S,18.08
123,0,3.3,255,95736,19538,95736,19538,11.96703,2.44225,H2S,18.06
124,0,3.3,255,95677,19526,95677,19526,11.95968,2.44075,H2S,18.05
125,0,0.0,0,114331,23332,114331,23332,14.29144,2.91662,H2S,22.45
126,0,0.0,0,112381,22934,112381,22934,14.04766,2.86687,H2S,21.99
127,0,0.0,0,109858,22420,109858,22420,13.73225,2.8025,H2S,21.39
128,0,0.0,0,107422,21922,107422,21922,13.42781,2.74037,H2S,20.82
129,0,0.0,0,105085,21446,105085,21446,13.13568,2.68075,H2S,20.27
130,0,0.0,0,102850,20990,102850,20990,12.85637,2.62375,H2S,19.74
131,0,0.0,0,100695,20550,100695,20550,12.58688,2.56875,H2S,19.23
132,0,0.0,0,98622,20126,98622,20126,12.32776,2.51587,H2S,18.74
133,0,0.0,0,96618,19718,96618,19718,12.07728,2.46475,H2S,18.27
134,0,0.0,0,94687,19324,94687,19324,11.83595,2.4155,H2S,17.82
135,0,0.0,0,92850,18949,92850,18949,11.60629,2.36863,H2S,17.38
136,0,0.0,0,91100,18592,91100,18592,11.3876,2.324,H2S,16.97
137,0,0.0,0,89419,18248,89419,18248,11.17749,2.28112,H2S,16.57
138,0,0.0,0,87817,17922,87817,17922,10.97723,2.24025,H2S,16.19
139,0,0.0,0,86254,17603,86254,17603,10.78186,2.20038,H2S,15.83
140,0,0.0,0,84823,17310,84823,17310,10.60296,2.16387,H2S,15.49
141,0,0.0,0,83447,17030,83447,17030,10.43088,2.12875,H2S,15.16
142,0,0.0,0,82133,16762,82133,16762,10.26673,2.09525,H2S,14.85
143,0,0.0,0,80908,16512,80908,16512,10.1136,2.064,H2S,14.56
144,0,0.0,0,79708,16266,79708,16266,9.96351,2.03337,H2S,14.28
145,0,0.0,0,78596,16040,78596,16040,9.8245,2.005,H2S,14.02
146,0,0.0,0,77513,15819,77513,15819,9.68916,1.97738,H2S,13.76
147,0,0.0,0,76503,15612,76503,15612,9.56294,1.95162,H2S,13.53
148,0,0.0,0,75538,15416,75538,15416,9.4423,1.927,H2S,13.3
149,0,0.0,0,74583,15221,74583,15221,9.32289,1.90263,H2S,13.07
150,0,0.0,0,73720,15044,73720,15044,9.21504,1.88062,H2S,12.87
151,0,0.0,0,72848,14867,72848,14867,9.10606,1.85838,H2S,12.66
152,0,0.0,0,72030,14700,72030,14700,9.00375,1.8375,H2S,12.47
153,0,0.0,0,71231,14537,71231,14537,8.90394,1.81713,H2S,12.28
154,0,0.0,0,70467,14381,70467,14381,8.80839,1.79763,H2S,12.1
155,0,0.0,0,69721,14228,69721,14228,8.71524,1.77862,H2S,11.93
156,0,0.0,0,69031,14088,69031,14088,8.6289,1.761,H2S,11.76
157,0,0.0,0,68349,13948,68349,13948,8.54374,1.74362,H2S,11.6
158,0,0.0,0,67683,13813,67683,13813,8.46049,1.72663,H2S,11.44
159,0,0.0,0,67061,13686,67061,13686,8.38268,1.71075,H2S,11.3
160,0,0.0,0,66429,13557,66429,13557,8.30369,1.69463,H2S,11.15
161,0,0.0,0,65851,13439,65851,13439,8.23141,1.67988,H2S,11.01
162,0,0.0,0,65268,13320,65268,13320,8.1585,1.665,H2S,10.87
163,0,0.0,0,64704,13205,64704,13205,8.08809,1.65063,H2S,10.74
164,0,0.0,0,64190,13100,64190,13100,8.02375,1.6375,H2S,10.62
165,0,0.0,0,63641,12988,63641,12988,7.95515,1.6235,H2S,10.49
166,0,0.0,0,63151,12888,63151,12888,7.8939,1.611,H2S,10.38
167,0,0.0,0,62676,12791,62676,12791,7.83451,1.59888,H2S,10.26
168,0,0.0,0,62210,12696,62210,12696,7.7763,1.587,H2S,10.15
169,0,0.0,0,61759,12604,61759,12604,7.71995,1.5755,H2S,10.05
170,0,0.0,0,61328,12516,61328,12516,7.66605,1.5645,H2S,9.95
171,0,0.0,0,60911,12430,60911,12430,7.61396,1.55387,H2S,9.85
172,0,0.0,0,60505,12348,60505,12348,7.56315,1.5435,H2S,9.75
173,0,0.0,0,60103,12266,60103,12266,7.51293,1.53325,H2S,9.66
174,0,0.0,0,59736,12191,59736,12191,7.46701,1.52388,H2S,9.57
175,0,0.0,0,59368,12116,59368,12116,7.42105,1.5145,H2S,9.48
176,0,0.0,0,59025,12046,59025,12046,7.37818,1.50575,H2S,9.4
177,0,0.0,0,58677,11974,58677,11974,7.33466,1.49687,H2S,9.32
178,0,0.0,0,58359,11910,58359,11910,7.29488,1.48875,H2S,9.24
179,0,0.0,0,58055,11848,58055,11848,7.2569,1.481,H2S,9.17
180,0,0.0,0,57731,11782,57731,11782,7.21648,1.47275,H2S,9.1
181,0,0.0,0,57437,11722,57437,11722,7.17973,1.46525,H2S,9.03
182,0,0.0,0,57168,11666,57168,11666,7.14601,1.45837,H2S,8.96
183,0,0.0,0,56869,11606,56869,11606,7.10868,1.45075,H2S,8.89
184,0,0.0,0,56624,11556,56624,11556,7.07805,1.4445,H2S,8.84
185,0,0.0,0,56374,11505,56374,11505,7.04684,1.43813,H2S,8.78
186,0,0.0,0,56139,11457,56139,11457,7.01744,1.43213,H2S,8.72
187,0,0.0,0,55889,11406,55889,11406,6.98618,1.42575,H2S,8.66
188,0,0.0,0,55669,11361,55669,11361,6.95864,1.42013,H2S,8.61
189,0,0.0,0,55433,11313,55433,11313,6.92924,1.41413,H2S,8.55
190,0,0.0,0,55222,11270,55222,11270,6.90287,1.40875,H2S,8.5
191,0,0.0,0,55017,11228,55017,11228,6.87715,1.4035,H2S,8.46
192,0,0.0,0,54831,11190,54831,11190,6.85388,1.39875,H2S,8.41
193,0,0.0,0,54615,11146,54615,11146,6.82693,1.39325,H2S,8.36
194,0,0.0,0,54453,11112,54453,11112,6.80669,1.38912,H2S,8.32
195,0,0.0,0,54282,11078,54282,11078,6.78528,1.38475,H2S,8.28
196,0,0.0,0,54101,11041,54101,11041,6.76264,1.38013,H2S,8.24
197,0,0.0,0,53934,11006,53934,11006,6.74176,1.37587,H2S,8.2
198,0,0.0,0,53762,10972,53762,10972,6.72035,1.3715,H2S,8.16
199,0,0.0,0,53596,10938,53596,10938,6.69953,1.36725,H2S,8.12
200,0,0.0,0,53483,10914,53483,10914,6.68541,1.36437,H2S,8.09
201,0,0.0,0,53317,10881,53317,10881,6.66464,1.36013,H2S,8.06
202,0,0.0,0,53179,10852,53179,10852,6.64744,1.35662,H2S,8.02
203,0,0.0,0,53027,10822,53027,10822,6.62847,1.35275,H2S,7.99
204,0,0.0,0,52910,10798,52910,10798,6.61378,1.34975,H2S,7.96
205,0,0.0,0,52802,10776,52802,10776,6.6003,1.347,H2S,7.93
206,0,0.0,0,52650,10744,52650,10744,6.58129,1.34312,H2S,7.9
207,0,0.0,0,52547,10724,52547,10724,6.56845,1.3405,H2S,7.87
208,0,0.0,0,52435,10701,52435,10701,6.55439,1.33763,H2S,7.85
209,0,0.0,0,52317,10676,52317,10676,6.53964,1.33462,H2S,7.82
210,0,0.0,0,52209,10654,52209,10654,6.52616,1.33187,H2S,7.79
211,0,0.0,0,52116,10636,52116,10636,6.51455,1.3295,H2S,7.77
212,0,0.0,0,52008,10614,52008,10614,6.50108,1.32675,H2S,7.75
213,0,0.0,0,51905,10592,51905,10592,6.48819,1.32412,H2S,7.72
214,0,0.0,0,51822,10576,51822,10576,6.4778,1.322,H2S,7.7
215,0,0.0,0,51704,10552,51704,10552,6.4631,1.319,H2S,7.67
216,0,0.0,0,51611,10532,51611,10532,6.45144,1.31662,H2S,7.65
217,0,0.0,0,51528,10516,51528,10516,6.44105,1.3145,H2S,7.63
218,0,0.0,0,51450,10500,51450,10500,6.43125,1.3125,H2S,7.61
219,0,0.0,0,51381,10486,51381,10486,6.42268,1.31075,H2S,7.6
220,0,0.0,0,51273,10464,51273,10464,6.4092,1.308,H2S,7.57
221,0,0.0,0,51214,10452,51214,10452,6.40185,1.3065,H2S,7.56
222,0,0.0,0,51146,10438,51146,10438,6.39328,1.30475,H2S,7.54
223,0,0.0,0,51077,10424,51077,10424,6.3847,1.303,H2S,7.53
224,0,0.0,0,51018,10412,51018,10412,6.37735,1.3015,H2S,7.51
225,0,0.0,0,50920,10392,50920,10392,6.3651,1.299,H2S,7.49
226,0,0.0,0,50881,10384,50881,10384,6.3602,1.298,H2S,7.48
227,0,0.0,0,50807,10368,50807,10368,6.35099,1.29612,H2S,7.46
228,0,0.0,0,50758,10358,50758,10358,6.34486,1.29487,H2S,7.45
229,0,0.0,0,50715,10350,50715,10350,6.33938,1.29375,H2S,7.44
230,0,0.0,0,50680,10342,50680,10342,6.33506,1.29287,H2S,7.43
231,0,0.0,0,50621,10330,50621,10330,6.32771,1.29137,H2S,7.42
232,0,0.0,0,50587,10324,50587,10324,6.32345,1.2905,H2S,7.41
233,0,0.0,0,50543,10314,50543,10314,6.31791,1.28937,H2S,7.4
234,0,0.0,0,50528,10312,50528,10312,6.3161,1.289,H2S,7.4
235,0,0.0,0,50479,10302,50479,10302,6.30998,1.28775,H2S,7.39
236,0,0.0,0,50445,10294,50445,10294,6.30566,1.28687,H2S,7.38
237,0,0.0,0,50440,10294,50440,10294,6.30508,1.28675,H2S,7.38
238,0,0.0,0,50411,10288,50411,10288,6.3014,1.286,H2S,7.37
239,0,0.0,0,50377,10281,50377,10281,6.29714,1.28513,H2S,7.36
240,0,0.0,0,50352,10276,50352,10276,6.29405,1.2845,H2S,7.36
241,0,0.0,0,50347,10275,50347,10275,6.29346,1.28438,H2S,7.35
242,0,0.0,0,50352,10276,50352,10276,6.29405,1.2845,H2S,7.36
243,0,0.0,0,50328,10271,50328,10271,6.29101,1.28388,H2S,7.35
244,0,0.0,0,50328,10271,50328,10271,6.29101,1.28388,H2S,7.35
245,0,0.0,0,50328,10271,50328,10271,6.29101,1.28388,H2S,7.35
246,0,0.0,0,50352,10276,50352,10276,6.29405,1.2845,H2S,7.36
247,0,0.0,0,50323,10270,50323,10270,6.29038,1.28375,H2S,7.35
248,0,0.0,0,50318,10269,50318,10269,6.28979,1.28363,H2S,7.35
249,0,0.0,0,50347,10275,50347,10275,6.29346,1.28438,H2S,7.35
0,0,3.3,255,42194,8611,42194,8611,5.27426,1.07638,H2S,5.43
1,0,3.3,255,44374,9056,44374,9056,5.5468,1.132,H2S,5.95
2,0,3.3,255,47760,9746,47760,9746,5.97001,1.21837,H2S,6.74
3,0,3.3,255,51204,10450,51204,10450,6.40062,1.30625,H2S,7.56
4,0,3.3,255,54586,11140,54586,11140,6.82325,1.3925,H2S,8.35
5,0,3.3,255,57893,11814,57893,11814,7.23666,1.47687,H2S,9.13
6,0,3.3,255,61083,12466,61083,12466,7.63542,1.55825,H2S,9.89
7,0,3.3,255,64145,13090,64145,13090,8.01821,1.63637,H2S,10.61
8,0,3.3,255,67051,13684,67051,13684,8.38145,1.7105,H2S,11.3
9,0,3.3,255,69844,14254,69844,14254,8.73057,1.78175,H2S,11.95
10,0,3.3,255,72495,14794,72495,14794,9.06191,1.84937,H2S,12.58
11,0,3.3,255,75038,15314,75038,15314,9.37983,1.91425,H2S,13.18
12,0,3.3,255,77370,15790,77370,15790,9.67137,1.97375,H2S,13.73
13,0,3.3,255,79502,16225,79502,16225,9.93784,2.02813,H2S,14.23
14,0,3.3,255,81550,16643,81550,16643,10.19386,2.08038,H2S,14.72
15,0,3.3,255,83535,17048,83535,17048,10.4419,2.131,H2S,15.18
16,0,3.3,255,85264,17400,85264,17400,10.65809,2.17512,H2S,15.59
17,0,3.3,255,86965,17748,86965,17748,10.87065,2.2185,H2S,15.99
18,0,3.3,255,88567,18074,88567,18074,11.07091,2.25937,H2S,16.37
19,0,3.3,255,89944,18356,89944,18356,11.24305,2.2945,H2S,16.7
20,0,3.3,255,91340,18640,91340,18640,11.41759,2.33012,H2S,17.03
21,0,3.3,255,92590,18896,92590,18896,11.5738,2.362,H2S,17.32
22,0,3.3,255,93688,19120,93688,19120,11.711,2.39,H2S,17.58
23,0,3.3,255,94771,19341,94771,19341,11.84639,2.41763,H2S,17.84
24,0,3.3,255,95809,19553,95809,19553,11.97624,2.44413,H2S,18.08
25,0,3.3,255,96657,19726,96657,19726,12.08217,2.46575,H2S,18.28
26,0,3.3,255,97524,19902,97524,19902,12.19056,2.48787,H2S,18.48
27,0,3.3,255,98352,20072,98352,20072,12.2941,2.509,H2S,18.68
28,0,3.3,255,99004,20204,99004,20204,12.37554,2.52562,H2S,18.83
29,0,3.3,255,99734,20354,99734,20354,12.46683,2.54425,H2S,19.01
30,0,3.3,255,100293,20468,100293,20468,12.53665,2.5585,H2S,19.14
31,0,3.3,255,100856,20582,100856,20582,12.60706,2.57287,H2S,19.27
32,0,3.3,255,101385,20690,101385,20690,12.67321,2.58637,H2S,19.4
33,0,3.3,255,101924,20800,101924,20800,12.74059,2.60012,H2S,19.52
34,0,3.3,255,102307,20879,102307,20879,12.78841,2.60988,H2S,19.61
35,0,3.3,255,102777,20975,102777,20975,12.84721,2.62188,H2S,19.72
36,0,3.3,255,103154,21052,103154,21052,12.89435,2.6315,H2S,19.81
37,0,3.3,255,103434,21109,103434,21109,12.92929,2.63863,H2S,19.88
38,0,3.3,255,103757,21175,103757,21175,12.96971,2.64688,H2S,19.96
39,0,3.3,255,104105,21246,104105,21246,13.01318,2.65575,H2S,20.04
40,0,3.3,255,104355,21297,104355,21297,13.04444,2.66213,H2S,20.1
41,0,3.3,255,104541,21335,104541,21335,13.06771,2.66688,H2S,20.14
42,0,3.3,255,104767,21381,104767,21381,13.09589,2.67263,H2S,20.19
43,0,3.3,255,104948,21418,104948,21418,13.11852,2.67725,H2S,20.24
44,0,3.3,255,105124,21454,105124,21454,13.14058,2.68175,H2S,20.28
45,0,3.3,255,105355,21501,105355,21501,13.16939,2.68763,H2S,20.33
46,0,3.3,255,105428,21516,105428,21516,13.17855,2.6895,H2S,20.35
47,0,3.3,255,105614,21554,105614,21554,13.20182,2.69425,H2S,20.39
48,0,3.3,255,105673,21566,105673,21566,13.20918,2.69575,H2S,20.41
49,0,3.3,255,105761,21584,105761,21584,13.2202,2.698,H2S,20.43
50,0,3.3,255,105844,21600,105844,21600,13.23059,2.70012,H2S,20.45
51,0,3.3,255,105938,21620,105938,21620,13.24225,2.7025,H2S,20.47
52,0,3.3,255,105987,21630,105987,21630,13.24838,2.70375,H2S,20.48
53,0,3.3,255,106036,21640,106036,21640,13.2545,2.705,H2S,20.49
54,0,3.3,255,106070,21646,106070,21646,13.25876,2.70587,H2S,20.5
55,0,3.3,255,106139,21661,106139,21661,13.26739,2.70763,H2S,20.52
56,0,3.3,255,106094,21652,106094,21652,13.26185,2.7065,H2S,20.51
57,0,3.3,255,106099,21652,106099,21652,13.26244,2.70662,H2S,20.51
58,0,3.3,255,106080,21649,106080,21649,13.26004,2.70613,H2S,20.5
59,0,3.3,255,106075,21648,106075,21648,13.2594,2.706,H2S,20.5
60,0,3.3,255,106050,21643,106050,21643,13.25636,2.70538,H2S,20.5
61,0,3.3,255,106080,21649,106080,21649,13.26004,2.70613,H2S,20.5
62,0,3.3,255,106001,21632,106001,21632,13.25019,2.70412,H2S,20.48
63,0,3.3,255,105962,21624,105962,21624,13.24529,2.70312,H2S,20.48
64,0,3.3,255,105967,21626,105967,21626,13.24593,2.70325,H2S,20.48
65,0,3.3,255,105894,21611,105894,21611,13.23676,2.70138,H2S,20.46
66,0,3.3,255,105796,21591,105796,21591,13.22451,2.69888,H2S,20.44
67,0,3.3,255,105742,21580,105742,21580,13.21775,2.6975,H2S,20.42
68,0,3.3,255,105742,21580,105742,21580,13.21775,2.6975,H2S,20.42
69,0,3.3,255,105614,21554,105614,21554,13.20182,2.69425,H2S,20.39
70,0,3.3,255,105546,21540,105546,21540,13.19325,2.6925,H2S,20.38
71,0,3.3,255,105482,21527,105482,21527,13.18531,2.69088,H2S,20.36
72,0,3.3,255,105462,21522,105462,21522,13.18281,2.69037,H2S,20.36
73,0,3.3,255,105315,21492,105315,21492,13.16444,2.68662,H2S,20.32
74,0,3.3,255,105232,21476,105232,21476,13.15405,2.6845,H2S,20.3
75,0,3.3,255,105158,21460,105158,21460,13.14484,2.68262,H2S,20.29
76,0,3.3,255,105119,21452,105119,21452,13.13994,2.68162,H2S,20.28
77,0,3.3,255,104977,21424,104977,21424,13.1222,2.678,H2S,20.24
78,0,3.3,255,104894,21407,104894,21407,13.11181,2.67588,H2S,20.22
79,0,3.3,255,104879,21404,104879,21404,13.10995,2.6755,H2S,20.22
80,0,3.3,255,104717,21370,104717,21370,13.08971,2.67137,H2S,20.18
81,0,3.3,255,104683,21364,104683,21364,13.08545,2.6705,H2S,20.17
82,0,3.3,255,104502,21327,104502,21327,13.06281,2.66588,H2S,20.13
83,0,3.3,255,104473,21321,104473,21321,13.05914,2.66513,H2S,20.12
84,0,3.3,255,104330,21292,104330,21292,13.04135,2.6615,H2S,20.09
85,0,3.3,255,104203,21266,104203,21266,13.02543,2.65825,H2S,20.06
86,0,3.3,255,104154,21256,104154,21256,13.0193,2.657,H2S,20.05
87,0,3.3,255,104021,21228,104021,21228,13.00274,2.65362,H2S,20.02
88,0,3.3,255,103870,21198,103870,21198,12.98378,2.64975,H2S,19.98
89,0,3.3,255,103831,21190,103831,21190,12.97888,2.64875,H2S,19.97
90,0,3.3,255,103698,21163,103698,21163,12.96236,2.64538,H2S,19.94
91,0,3.3,255,103537,21130,103537,21130,12.94213,2.64125,H2S,19.9
92,0,3.3,255,103488,21120,103488,21120,12.936,2.64,H2S,19.89
93,0,3.3,255,103326,21086,103326,21086,12.91576,2.63587,H2S,19.85
94,0,3.3,255,103267,21074,103267,21074,12.90841,2.63437,H2S,19.84
95,0,3.3,255,103105,21042,103105,21042,12.88823,2.63025,H2S,19.8
96,0,3.3,255,103047,21030,103047,21030,12.88088,2.62875,H2S,19.79
97,0,3.3,255,102894,20998,102894,20998,12.86186,2.62487,H2S,19.75
98,0,3.3,255,102772,20974,102772,20974,12.84658,2.62175,H2S,19.72
99,0,3.3,255,102650,20949,102650,20949,12.83129,2.61863,H2S,19.69
100,0,3.3,255,102557,20930,102557,20930,12.81963,2.61625,H2S,19.67
101,0,3.3,255,102419,20902,102419,20902,12.80248,2.61275,H2S,19.64
102,0,3.3,255,102375,20893,102375,20893,12.79699,2.61163,H2S,19.63
103,0,3.3,255,102209,20859,102209,20859,12.77616,2.60738,H2S,19.59
104,0,3.3,255,102125,20842,102125,20842,12.76572,2.60525,H2S,19.57
105,0,3.3,255,101988,20814,101988,20814,12.74858,2.60175,H2S,19.54
106,0,3.3,255,101880,20792,101880,20792,12.7351,2.599,H2S,19.51
107,0,3.3,255,101816,20778,101816,20778,12.72711,2.59737,H2S,19.5
108,0,3.3,255,101660,20746,101660,20746,12.70751,2.59337,H2S,19.46
109,0,3.3,255,101606,20736,101606,20736,12.7008,2.592,H2S,19.45
110,0,3.3,255,101488,20712,101488,20712,12.6861,2.589,H2S,19.42
111,0,3.3,255,101337,20681,101337,20681,12.66714,2.58513,H2S,19.38
112,0,3.3,255,101283,20670,101283,20670,12.66038,2.58375,H2S,19.37
113,0,3.3,255,101126,20638,101126,20638,12.64078,2.57975,H2S,19.33
114,0,3.3,255,101062,20624,101062,20624,12.63279,2.57812,H2S,19.32
115,0,3.3,255,100910,20594,100910,20594,12.61383,2.57425,H2S,19.28
116,0,3.3,255,100807,20573,100807,20573,12.60099,2.57163,H2S,19.26
117,0,3.3,255,100758,20562,100758,20562,12.59481,2.57037,H2S,19.25
118,0,3.3,255,100616,20534,100616,20534,12.57708,2.56675,H2S,19.21
119,0,3.3,255,100513,20513,100513,20513,12.56424,2.56413,H2S,19.19
120,0,3.3,255,100464,20503,100464,20503,12.55811,2.56288,H2S,19.18
121,0,3.3,255,100317,20472,100317,20472,12.53969,2.55912,H2S,19.14
122,0,3.3,255,100268,20463,100268,20463,12.53361,2.55788,H2S,19.13
123,0,3.3,255,100121,20432,100121,20432,12.51519,2.55412,H2S,19.1
124,0,3.3,255,100023,20413,100023,20413,12.50299,2.55163,H2S,19.07
125,0,0.0,0,119520,24392,119520,24392,14.9401,3.049,H2S,23.67
126,0,0.0,0,117600,24000,117600,24000,14.7,3.0,H2S,23.22
127,0,0.0,0,115135,23496,115135,23496,14.39189,2.93712,H2S,22.64
128,0,0.0,0,112753,23010,112753,23010,14.09421,2.87637,H2S,22.08
129,0,0.0,0,110455,22542,110455,22542,13.80698,2.81775,H2S,21.54
130,0,0.0,0,108265,22094,108265,22094,13.53316,2.76187,H2S,21.02
131,0,0.0,0,106143,21662,106143,21662,13.26797,2.70775,H2S,20.52
132,0,0.0,0,104080,21240,104080,21240,13.01009,2.65512,H2S,20.03
133,0,0.0,0,102140,20844,102140,20844,12.76754,2.60562,H2S,19.57
134,0,0.0,0,100200,20449,100200,20449,12.52504,2.55613,H2S,19.12
135,0,0.0,0,98372,20076,98372,20076,12.29655,2.5095,H2S,18.68
136,0,0.0,0,96623,19719,96623,19719,12.07791,2.46488,H2S,18.27
137,0,0.0,0,94947,19376,94947,19376,11.86839,2.42212,H2S,17.88
138,0,0.0,0,93349,19050,93349,19050,11.66871,2.38137,H2S,17.5
139,0,0.0,0,91835,18742,91835,18742,11.47948,2.34275,H2S,17.14
140,0,0.0,0,90365,18442,90365,18442,11.29573,2.30525,H2S,16.8
141,0,0.0,0,88978,18158,88978,18158,11.12236,2.26987,H2S,16.47
142,0,0.0,0,87641,17886,87641,17886,10.95518,2.23575,H2S,16.15
143,0,0.0,0,86396,17632,86396,17632,10.7996,2.204,H2S,15.86
144,0,0.0,0,85196,17387,85196,17387,10.64956,2.17338,H2S,15.58
145,0,0.0,0,84059,17155,84059,17155,10.50746,2.14438,H2S,15.31
146,0,0.0,0,82957,16930,82957,16930,10.36963,2.11625,H2S,15.05
147,0,0.0,0,81923,16719,81923,16719,10.24041,2.08988,H2S,14.8
148,0,0.0,0,80923,16515,80923,16515,10.11546,2.06438,H2S,14.57
149,0,0.0,0,79958,16318,79958,16318,9.99478,2.03975,H2S,14.34
150,0,0.0,0,79046,16132,79046,16132,9.88085,2.0165,H2S,14.13
151,0,0.0,0,78184,15956,78184,15956,9.77305,1.9945,H2S,13.92
152,0,0.0,0,77346,15785,77346,15785,9.66834,1.97313,H2S,13.72
153,0,0.0,0,76528,15618,76528,15618,9.56603,1.95225,H2S,13.53
154,0,0.0,0,75744,15458,75744,15458,9.46803,1.93225,H2S,13.35
155,0,0.0,0,74999,15306,74999,15306,9.37492,1.91325,H2S,13.17
156,0,0.0,0,74259,15154,74259,15154,9.28241,1.89437,H2S,13.0
157,0,0.0,0,73563,15012,73563,15012,9.19544,1.87662,H2S,12.83
158,0,0.0,0,72897,14877,72897,14877,9.11219,1.85963,H2S,12.67
159,0,0.0,0,72260,14746,72260,14746,9.03251,1.84337,H2S,12.52
160,0,0.0,0,71618,14616,71618,14616,8.9523,1.827,H2S,12.37
161,0,0.0,0,71005,14490,71005,14490,8.87571,1.81137,H2S,12.23
162,0,0.0,0,70427,14372,70427,14372,8.80344,1.79662,H2S,12.09
163,0,0.0,0,69859,14256,69859,14256,8.73239,1.78212,H2S,11.96
164,0,0.0,0,69315,14146,69315,14146,8.66443,1.76825,H2S,11.83
165,0,0.0,0,68766,14034,68766,14034,8.59583,1.75425,H2S,11.7
166,0,0.0,0,68257,13930,68257,13930,8.53213,1.74125,H2S,11.58
167,0,0.0,0,67771,13830,67771,13830,8.47146,1.72887,H2S,11.47
168,0,0.0,0,67301,13734,67301,13734,8.41266,1.71687,H2S,11.35
169,0,0.0,0,66850,13643,66850,13643,8.35636,1.70538,H2S,11.25
170,0,0.0,0,66400,13551,66400,13551,8.30001,1.69388,H2S,11.14
171,0,0.0,0,65983,13466,65983,13466,8.24793,1.68325,H2S,11.04
172,0,0.0,0,65562,13380,65562,13380,8.19525,1.6725,H2S,10.94
173,0,0.0,0,65164,13298,65164,13298,8.14561,1.66237,H2S,10.85
174,0,0.0,0,64787,13222,64787,13222,8.09848,1.65275,H2S,10.76
175,0,0.0,0,64405,13144,64405,13144,8.0507,1.643,H2S,10.67
176,0,0.0,0,64057,13073,64057,13073,8.00724,1.63413,H2S,10.59
177,0,0.0,0,63714,13003,63714,13003,7.96436,1.62538,H2S,10.51
178,0,0.0,0,63396,12938,63396,12938,7.92453,1.61725,H2S,10.43
179,0,0.0,0,63063,12870,63063,12870,7.88288,1.60875,H2S,10.35
180,0,0.0,0,62763,12808,62763,12808,7.84549,1.60112,H2S,10.28
181,0,0.0,0,62475,12750,62475,12750,7.80938,1.59375,H2S,10.22
182,0,0.0,0,62190,12692,62190,12692,7.77385,1.5865,H2S,10.15
183,0,0.0,0,61901,12632,61901,12632,7.73769,1.57912,H2S,10.08
184,0,0.0,0,61622,12576,61622,12576,7.7028,1.572,H2S,10.01
185,0,0.0,0,61357,12522,61357,12522,7.66973,1.56525,H2S,9.95
186,0,0.0,0,61103,12470,61103,12470,7.63788,1.55875,H2S,9.89
187,0,0.0,0,60877,12424,60877,12424,7.6097,1.553,H2S,9.84
188,0,0.0,0,60632,12374,60632,12374,7.57908,1.54675,H2S,9.78
189,0,0.0,0,60417,12330,60417,12330,7.55213,1.54125,H2S,9.73
190,0,0.0,0,60186,12282,60186,12282,7.52331,1.53537,H2S,9.68
191,0,0.0,0,59995,12244,59995,12244,7.49945,1.5305,H2S,9.63
192,0,0.0,0,59785,12201,59785,12201,7.47314,1.52513,H2S,9.58
193,0,0.0,0,59608,12164,59608,12164,7.45104,1.52062,H2S,9.54
194,0,0.0,0,59417,12126,59417,12126,7.42718,1.51575,H2S,9.49
195,0,0.0,0,59236,12089,59236,12089,7.40454,1.51113,H2S,9.45
196,0,0.0,0,59064,12054,59064,12054,7.38308,1.50675,H2S,9.41
197,0,0.0,0,58903,12021,58903,12021,7.36289,1.50263,H2S,9.37
198,0,0.0,0,58741,11988,58741,11988,7.34265,1.4985,H2S,9.33
199,0,0.0,0,58579,11955,58579,11955,7.32246,1.49438,H2S,9.3
200,0,0.0,0,58427,11924,58427,11924,7.30345,1.4905,H2S,9.26
201,0,0.0,0,58270,11892,58270,11892,7.28385,1.4865,H2S,9.22
202,0,0.0,0,58128,11862,58128,11862,7.26606,1.48287,H2S,9.19
203,0,0.0,0,57991,11835,57991,11835,7.24896,1.47938,H2S,9.16
204,0,0.0,0,57869,11810,57869,11810,7.23363,1.47625,H2S,9.13
205,0,0.0,0,57731,11782,57731,11782,7.21648,1.47275,H2S,9.1
206,0,0.0,0,57609,11756,57609,11756,7.20114,1.46962,H2S,9.07
207,0,0.0,0,57471,11728,57471,11728,7.18399,1.46612,H2S,9.04
208,0,0.0,0,57373,11708,57373,11708,7.17174,1.46362,H2S,9.01
209,0,0.0,0,57251,11684,57251,11684,7.15645,1.4605,H2S,8.98
210,0,0.0,0,57134,11660,57134,11660,7.14175,1.4575,H2S,8.96
211,0,0.0,0,57050,11643,57050,11643,7.13136,1.45538,H2S,8.94
212,0,0.0,0,56962,11624,56962,11624,7.12029,1.45312,H2S,8.92
213,0,0.0,0,56849,11602,56849,11602,7.10623,1.45025,H2S,8.89
214,0,0.0,0,56756,11583,56756,11583,7.09461,1.44788,H2S,8.87
215,0,0.0,0,56663,11564,56663,11564,7.08295,1.4455,H2S,8.84
216,0,0.0,0,56565,11544,56565,11544,7.0707,1.443,H2S,8.82
217,0,0.0,0,56491,11528,56491,11528,7.06149,1.44112,H2S,8.8
218,0,0.0,0,56413,11512,56413,11512,7.05169,1.43912,H2S,8.79
219,0,0.0,0,56305,11490,56305,11490,7.03821,1.43637,H2S,8.76
220,0,0.0,0,56256,11480,56256,11480,7.03209,1.43512,H2S,8.75
221,0,0.0,0,56159,11461,56159,11461,7.01989,1.43263,H2S,8.73
222,0,0.0,0,56099,11448,56099,11448,7.01249,1.43112,H2S,8.71
223,0,0.0,0,56031,11435,56031,11435,7.00396,1.42938,H2S,8.7
224,0,0.0,0,55953,11419,55953,11419,6.99416,1.42738,H2S,8.68
225,0,0.0,0,55869,11402,55869,11402,6.98372,1.42525,H2S,8.66
226,0,0.0,0,55820,11392,55820,11392,6.9776,1.424,H2S,8.65
227,0,0.0,0,55781,11384,55781,11384,6.9727,1.423,H2S,8.64
228,0,0.0,0,55722,11372,55722,11372,6.96535,1.4215,H2S,8.62
229,0,0.0,0,55654,11358,55654,11358,6.95678,1.41975,H2S,8.61
230,0,0.0,0,55624,11352,55624,11352,6.9531,1.419,H2S,8.6
231,0,0.0,0,55580,11342,55580,11342,6.94756,1.41787,H2S,8.59
232,0,0.0,0,55521,11330,55521,11330,6.94021,1.41637,H2S,8.58
233,0,0.0,0,55482,11323,55482,11323,6.93536,1.41538,H2S,8.57
234,0,0.0,0,55458,11318,55458,11318,6.93228,1.41475,H2S,8.56
235,0,0.0,0,55409,11308,55409,11308,6.92615,1.4135,H2S,8.55
236,0,0.0,0,55370,11300,55370,11300,6.92125,1.4125,H2S,8.54
237,0,0.0,0,55360,11298,55360,11298,6.92003,1.41225,H2S,8.54
238,0,0.0,0,55296,11285,55296,11285,6.91209,1.41063,H2S,8.52
239,0,0.0,0,55286,11282,55286,11282,6.91081,1.41037,H2S,8.52
240,0,0.0,0,55266,11278,55266,11278,6.90836,1.40987,H2S,8.52
241,0,0.0,0,55232,11272,55232,11272,6.9041,1.409,H2S,8.51
242,0,0.0,0,55232,11272,55232,11272,6.9041,1.409,H2S,8.51
243,0,0.0,0,55218,11269,55218,11269,6.90229,1.40863,H2S,8.5
244,0,0.0,0,55203,11266,55203,11266,6.90043,1.40825,H2S,8.5
245,0,0.0,0,55198,11265,55198,11265,6.89984,1.40813,H2S,8.5
246,0,0.0,0,55218,11269,55218,11269,6.90229,1.40863,H2S,8.5
247,0,0.0,0,55193,11264,55193,11264,6.8992,1.408,H2S,8.5
248,0,0.0,0,55198,11265,55198,11265,6.89984,1.40813,H2S,8.5
249,0,0.0,0,55237,11272,55237,11272,6.90469,1.40912,H2S,8.51
0,0,3.3,255,46270,9442,46270,9442,5.78381,1.18037,H2S,6.39
1,0,3.3,255,48524,9903,48524,9903,6.06561,1.23788,H2S,6.92
2,0,3.3,255,52003,10612,52003,10612,6.50044,1.32662,H2S,7.75
3,0,3.3,255,55536,11334,55536,11334,6.94207,1.41675,H2S,8.58
4,0,3.3,255,58981,12037,58981,12037,7.37269,1.50463,H2S,9.39
5,0,3.3,255,62318,12718,62318,12718,7.78978,1.58975,H2S,10.18
6,0,3.3,255,65537,13375,65537,13375,8.19221,1.67188,H2S,10.94
7,0,3.3,255,68604,14000,68604,14000,8.57559,1.75012,H2S,11.66
8,0,3.3,255,71515,14595,71515,14595,8.93946,1.82438,H2S,12.35
9,0,3.3,255,74279,15159,74279,15159,9.28491,1.89488,H2S,13.0
10,0,3.3,255,76886,15691,76886,15691,9.61076,1.96138,H2S,13.62
11,0,3.3,255,79335,16190,79335,16190,9.91696,2.02387,H2S,14.19
12,0,3.3,255,81683,16670,81683,16670,10.21038,2.08375,H2S,14.75
13,0,3.3,255,83819,17106,83819,17106,10.47743,2.13825,H2S,15.25
14,0,3.3,255,85823,17515,85823,17515,10.72796,2.18938,H2S,15.72
15,0,3.3,255,87680,17894,87680,17894,10.96007,2.23675,H2S,16.16
16,0,3.3,255,89415,18248,89415,18248,11.1769,2.281,H2S,16.57
17,0,3.3,255,91027,18577,91027,18577,11.37844,2.32213,H2S,16.95
18,0,3.3,255,92457,18868,92457,18868,11.55724,2.35862,H2S,17.29
19,0,3.3,255,93849,19152,93849,19152,11.73119,2.39412,H2S,17.62
20,0,3.3,255,95148,19418,95148,19418,11.89353,2.42725,H2S,17.92
21,0,3.3,255,96378,19669,96378,19669,12.04729,2.45863,H2S,18.21
22,0,3.3,255,97431,19884,97431,19884,12.17895,2.4855,H2S,18.46
23,0,3.3,255,98446,20091,98446,20091,12.30576,2.51138,H2S,18.7
24,0,3.3,255,99386,20283,99386,20283,12.42336,2.53538,H2S,18.92
25,0,3.3,255,100317,20472,100317,20472,12.53969,2.55912,H2S,19.14
26,0,3.3,255,101057,20624,101057,20624,12.6322,2.578,H2S,19.32
27,0,3.3,255,101782,20772,101782,20772,12.72285,2.5965,H2S,19.49
28,0,3.3,255,102478,20914,102478,20914,12.80983,2.61425,H2S,19.65
29,0,3.3,255,103149,21050,103149,21050,12.89371,2.63137,H2S,19.81
30,0,3.3,255,103718,21167,103718,21167,12.96481,2.64588,H2S,19.95
31,0,3.3,255,104257,21277,104257,21277,13.03219,2.65963,H2S,20.07
32,0,3.3,255,104678,21362,104678,21362,13.08481,2.67037,H2S,20.17
33,0,3.3,255,105139,21457,105139,21457,13.14244,2.68213,H2S,20.28
34,0,3.3,255,105560,21542,105560,21542,13.19506,2.69287,H2S,20.38
35,0,3.3,255,105992,21631,105992,21631,13.24901,2.70388,H2S,20.48
36,0,3.3,255,106285,21690,106285,21690,13.28571,2.71137,H2S,20.55
37,0,3.3,255,106624,21760,106624,21760,13.328,2.72,H2S,20.63
38,0,3.3,255,106952,21827,106952,21827,13.36906,2.72838,H2S,20.71
39,0,3.3,255,107221,21882,107221,21882,13.40273,2.73525,H2S,20.77
40,0,3.3,255,107383,21914,107383,21914,13.42291,2.73937,H2S,20.81
41,0,3.3,255,107623,21964,107623,21964,13.45295,2.7455,H2S,20.87
42,0,3.3,255,107868,22014,107868,22014,13.48358,2.75175,H2S,20.93
43,0,3.3,255,107996,22040,107996,22040,13.4995,2.755,H2S,20.96
44,0,3.3,255,108148,22071,108148,22071,13.51851,2.75888,H2S,20.99
45,0,3.3,255,108353,22112,108353,22112,13.54419,2.76412,H2S,21.04
46,0,3.3,255,108407,22124,108407,22124,13.55095,2.7655,H2S,21.05
47,0,3.3,255,108510,22144,108510,22144,13.56379,2.76812,H2S,21.08
48,0,3.3,255,108662,22176,108662,22176,13.5828,2.772,H2S,21.11
49,0,3.3,255,108662,22176,108662,22176,13.5828,2.772,H2S,21.11
50,0,3.3,255,108740,22192,108740,22192,13.5926,2.774,H2S,21.13
51,0,3.3,255,108804,22204,108804,22204,13.60054,2.77562,H2S,21.15
52,0,3.3,255,108833,22210,108833,22210,13.60421,2.77637,H2S,21.15
53,0,3.3,255,108892,22222,108892,22222,13.61156,2.77787,H2S,21.17
54,0,3.3,255,108838,22212,108838,22212,13.60485,2.7765,H2S,21.15
55,0,3.3,255,108907,22226,108907,22226,13.61343,2.77825,H2S,21.17
56,0,3.3,255,108838,22212,108838,22212,13.60485,2.7765,H2S,21.15
57,0,3.3,255,108883,22221,108883,22221,13.61039,2.77763,H2S,21.16
58,0,3.3,255,108804,22204,108804,22204,13.60054,2.77562,H2S,21.15
59,0,3.3,255,108775,22199,108775,22199,13.59691,2.77488,H2S,21.14
60,0,3.3,255,108750,22194,108750,22194,13.59383,2.77425,H2S,21.13
61,0,3.3,255,108706,22184,108706,22184,13.58829,2.77312,H2S,21.12
62,0,3.3,255,108711,22186,108711,22186,13.58893,2.77325,H2S,21.12
63,0,3.3,255,108574,22158,108574,22158,13.57178,2.76975,H2S,21.09
64,0,3.3,255,108530,22149,108530,22149,13.56629,2.76863,H2S,21.08
65,0,3.3,255,108510,22144,108510,22144,13.56379,2.76812,H2S,21.08
66,0,3.3,255,108392,22120,108392,22120,13.54909,2.76512,H2S,21.05
67,0,3.3,255,108314,22105,108314,22105,13.53934,2.76313,H2S,21.03
68,0,3.3,255,108290,22100,108290,22100,13.53625,2.7625,H2S,21.02
69,0,3.3,255,108152,22072,108152,22072,13.5191,2.759,H2S,20.99
70,0,3.3,255,108064,22054,108064,22054,13.50807,2.75675,H2S,20.97
71,0,3.3,255,108005,22042,108005,22042,13.50073,2.75525,H2S,20.96
72,0,3.3,255,107903,22021,107903,22021,13.48789,2.75263,H2S,20.93
73,0,3.3,255,107868,22014,107868,22014,13.48358,2.75175,H2S,20.93
74,0,3.3,255,107760,21992,107760,21992,13.4701,2.749,H2S,20.9
75,0,3.3,255,107598,21958,107598,21958,13.44986,2.74487,H2S,20.86
76,0,3.3,255,107501,21939,107501,21939,13.43766,2.74238,H2S,20.84
77,0,3.3,255,107471,21932,107471,21932,13.43394,2.74162,H2S,20.83
78,0,3.3,255,107290,21896,107290,21896,13.4113,2.737,H2S,20.79
79,0,3.3,255,107261,21890,107261,21890,13.40763,2.73625,H2S,20.78
80,0,3.3,255,107074,21852,107074,21852,13.38435,2.7315,H2S,20.74
81,0,3.3,255,106986,21834,106986,21834,13.37333,2.72925,H2S,20.72
82,0,3.3,255,106878,21812,106878,21812,13.35985,2.7265,H2S,20.69
83,0,3.3,255,106776,21791,106776,21791,13.34701,2.72388,H2S,20.67
84,0,3.3,255,106667,21768,106667,21768,13.33349,2.72112,H2S,20.64
85,0,3.3,255,106560,21746,106560,21746,13.32001,2.71837,H2S,20.62
86,0,3.3,255,106457,21726,106457,21726,13.30718,2.71575,H2S,20.59
87,0,3.3,255,106344,21702,106344,21702,13.29306,2.71287,H2S,20.57
88,0,3.3,255,106281,21690,106281,21690,13.28513,2.71125,H2S,20.55
89,0,3.3,255,106134,21660,106134,21660,13.26675,2.7075,H2S,20.52
90,0,3.3,255,106011,21635,106011,21635,13.25146,2.70438,H2S,20.49
91,0,3.3,255,105820,21596,105820,21596,13.22755,2.6995,H2S,20.44
92,0,3.3,255,105722,21576,105722,21576,13.2153,2.697,H2S,20.42
93,0,3.3,255,105658,21562,105658,21562,13.20731,2.69537,H2S,20.4
94,0,3.3,255,105526,21536,105526,21536,13.1908,2.692,H2S,20.37
95,0,3.3,255,105344,21498,105344,21498,13.16811,2.68737,H2S,20.33
96,0,3.3,255,105242,21478,105242,21478,13.15528,2.68475,H2S,20.31
97,0,3.3,255,105168,21463,105168,21463,13.14611,2.68288,H2S,20.29
98,0,3.3,255,105051,21439,105051,21439,13.13141,2.67988,H2S,20.26
99,0,3.3,255,104914,21411,104914,21411,13.11426,2.67638,H2S,20.23
100,0,3.3,255,104791,21386,104791,21386,13.09893,2.67325,H2S,20.2
101,0,3.3,255,104585,21344,104585,21344,13.0732,2.668,H2S,20.15
102,0,3.3,255,104473,21321,104473,21321,13.05914,2.66513,H2S,20.12
103,0,3.3,255,104448,21316,104448,21316,13.05605,2.6645,H2S,20.12
104,0,3.3,255,104320,21290,104320,21290,13.04012,2.66125,H2S,20.09
105,0,3.3,255,104203,21266,104203,21266,13.02543,2.65825,H2S,20.06
106,0,3.3,255,104080,21240,104080,21240,13.01009,2.65512,H2S,20.03
107,0,3.3,255,103865,21196,103865,21196,12.98314,2.64962,H2S,19.98
108,0,3.3,255,103840,21192,103840,21192,12.9801,2.649,H2S,19.97
109,0,3.3,255,103733,21170,103733,21170,12.96663,2.64625,H2S,19.95
110,0,3.3,255,103615,21146,103615,21146,12.95193,2.64325,H2S,19.92
111,0,3.3,255,103399,21102,103399,21102,12.92498,2.63775,H2S,19.87
112,0,3.3,255,103311,21084,103311,21084,12.91395,2.6355,H2S,19.85
113,0,3.3,255,103257,21073,103257,21073,12.90724,2.63413,H2S,19.84
114,0,3.3,255,103076,21036,103076,21036,12.88455,2.6295,H2S,19.79
115,0,3.3,255,102978,21016,102978,21016,12.8723,2.627,H2S,19.77
116,0,3.3,255,102934,21007,102934,21007,12.86681,2.62588,H2S,19.76
117,0,3.3,255,102807,20981,102807,20981,12.85089,2.62263,H2S,19.73
118,0,3.3,255,102694,20958,102694,20958,12.83677,2.61975,H2S,19.7
119,0,3.3,255,102503,20919,102503,20919,12.81291,2.61488,H2S,19.66
120,0,3.3,255,102473,20913,102473,20913,12.80924,2.61413,H2S,19.65
121,0,3.3,255,102331,20884,102331,20884,12.79145,2.6105,H2S,19.62
122,0,3.3,255,102194,20856,102194,20856,12.7743,2.607,H2S,19.59
123,0,3.3,255,102155,20848,102155,20848,12.7694,2.606,H2S,19.58
124,0,3.3,255,102012,20818,102012,20818,12.75161,2.60237,H2S,19.54
125,0,0.0,0,121863,24870,121863,24870,15.23288,3.10875,H2S,24.23
126,0,0.0,0,119996,24489,119996,24489,14.99954,3.06113,H2S,23.79
127,0,0.0,0,117565,23992,117565,23992,14.69569,2.99912,H2S,23.21
128,0,0.0,0,115233,23516,115233,23516,14.40414,2.93962,H2S,22.66
129,0,0.0,0,112949,23050,112949,23050,14.11871,2.88137,H2S,22.12
130,0,0.0,0,110769,22606,110769,22606,13.84618,2.82575,H2S,21.61
131,0,0.0,0,108676,22178,108676,22178,13.58461,2.77237,H2S,21.12
132,0,0.0,0,106648,21765,106648,21765,13.33109,2.72063,H2S,20.64
133,0,0.0,0,104659,21359,104659,21359,13.08241,2.66988,H2S,20.17
134,0,0.0,0,102772,20974,102772,20974,12.84658,2.62175,H2S,19.72
135,0,0.0,0,100920,20596,100920,20596,12.61505,2.5745,H2S,19.29
136,0,0.0,0,99215,20248,99215,20248,12.4019,2.531,H2S,18.88
137,0,0.0,0,97510,19900,97510,19900,12.18875,2.4875,H2S,18.48
138,0,0.0,0,95922,19576,95922,19576,11.9903,2.447,H2S,18.11
139,0,0.0,0,94388,19263,94388,19263,11.79861,2.40788,H2S,17.74
140,0,0.0,0,92943,18968,92943,18968,11.6179,2.371,H2S,17.4
141,0,0.0,0,91541,18682,91541,18682,11.44272,2.33525,H2S,17.07
142,0,0.0,0,90203,18408,90203,18408,11.27549,2.30112,H2S,16.76
143,0,0.0,0,88939,18150,88939,18150,11.11746,2.26887,H2S,16.46
144,0,0.0,0,87724,17902,87724,17902,10.96556,2.23787,H2S,16.17
145,0,0.0,0,86578,17669,86578,17669,10.82229,2.20863,H2S,15.9
146,0,0.0,0,85480,17445,85480,17445,10.68509,2.18063,H2S,15.64
147,0,0.0,0,84432,17231,84432,17231,10.55401,2.15388,H2S,15.4
148,0,0.0,0,83417,17024,83417,17024,10.4272,2.128,H2S,15.16
149,0,0.0,0,82437,16824,82437,16824,10.3047,2.103,H2S,14.93
150,0,0.0,0,81521,16637,81521,16637,10.19019,2.07963,H2S,14.71
151,0,0.0,0,80654,16460,80654,16460,10.08175,2.0575,H2S,14.5
152,0,0.0,0,79801,16286,79801,16286,9.97518,2.03575,H2S,14.3
153,0,0.0,0,78973,16117,78973,16117,9.87169,2.01463,H2S,14.11
154,0,0.0,0,78194,15958,78194,15958,9.77428,1.99475,H2S,13.92
155,0,0.0,0,77425,15801,77425,15801,9.67814,1.97513,H2S,13.74
156,0,0.0,0,76709,15654,76709,15654,9.58866,1.95687,H2S,13.57
157,0,0.0,0,75979,15506,75979,15506,9.49743,1.93825,H2S,13.4
158,0,0.0,0,75318,15371,75318,15371,9.41476,1.92138,H2S,13.25
159,0,0.0,0,74666,15238,74666,15238,9.33328,1.90475,H2S,13.09
160,0,0.0,0,74024,15106,74024,15106,9.25301,1.88837,H2S,12.94
161,0,0.0,0,73411,14982,73411,14982,9.17647,1.87275,H2S,12.8
162,0,0.0,0,72838,14865,72838,14865,9.10484,1.85813,H2S,12.66
163,0,0.0,0,72265,14748,72265,14748,9.03315,1.8435,H2S,12.53
164,0,0.0,0,71716,14636,71716,14636,8.96455,1.8295,H2S,12.4
165,0,0.0,0,71172,14525,71172,14525,8.89659,1.81563,H2S,12.27
166,0,0.0,0,70658,14420,70658,14420,8.83225,1.8025,H2S,12.15
167,0,0.0,0,70158,14318,70158,14318,8.76978,1.78975,H2S,12.03
168,0,0.0,0,69697,14224,69697,14224,8.7122,1.778,H2S,11.92
169,0,0.0,0,69237,14130,69237,14130,8.65463,1.76625,H2S,11.81
170,0,0.0,0,68796,14040,68796,14040,8.5995,1.755,H2S,11.71
171,0,0.0,0,68379,13955,68379,13955,8.54746,1.74438,H2S,11.61
172,0,0.0,0,67953,13868,67953,13868,8.49415,1.7335,H2S,11.51
173,0,0.0,0,67556,13787,67556,13787,8.44456,1.72338,H2S,11.41
174,0,0.0,0,67188,13712,67188,13712,8.3986,1.714,H2S,11.33
175,0,0.0,0,66792,13631,66792,13631,8.34901,1.70388,H2S,11.23
176,0,0.0,0,66463,13564,66463,13564,8.30795,1.6955,H2S,11.16
177,0,0.0,0,66096,13489,66096,13489,8.26204,1.68613,H2S,11.07
178,0,0.0,0,65767,13422,65767,13422,8.22098,1.67775,H2S,10.99
179,0,0.0,0,65473,13362,65473,13362,8.18423,1.67025,H2S,10.92
180,0,0.0,0,65155,13297,65155,13297,8.14444,1.66213,H2S,10.85
181,0,0.0,0,64861,13237,64861,13237,8.10769,1.65463,H2S,10.78
182,0,0.0,0,64591,13182,64591,13182,8.07398,1.64775,H2S,10.72
183,0,0.0,0,64293,13121,64293,13121,8.03664,1.64013,H2S,10.64
184,0,0.0,0,64023,13066,64023,13066,8.00293,1.63325,H2S,10.58
185,0,0.0,0,63778,13016,63778,13016,7.9723,1.627,H2S,10.52
186,0,0.0,0,63528,12964,63528,12964,7.94104,1.62062,H2S,10.46
187,0,0.0,0,63298,12918,63298,12918,7.91228,1.61475,H2S,10.41
188,0,0.0,0,63057,12868,63057,12868,7.88224,1.60862,H2S,10.35
189,0,0.0,0,62852,12826,62852,12826,7.85651,1.60337,H2S,10.3
190,0,0.0,0,62641,12784,62641,12784,7.8302,1.598,H2S,10.26
191,0,0.0,0,62426,12740,62426,12740,7.80325,1.5925,H2S,10.2
192,0,0.0,0,62244,12702,62244,12702,7.78056,1.58787,H2S,10.16
193,0,0.0,0,62058,12664,62058,12664,7.75729,1.58312,H2S,10.12
194,0,0.0,0,61877,12628,61877,12628,7.73465,1.5785,H2S,10.07
195,0,0.0,0,61691,12590,61691,12590,7.71138,1.57375,H2S,10.03
196,0,0.0,0,61529,12557,61529,12557,7.69119,1.56963,H2S,9.99
197,0,0.0,0,61357,12522,61357,12522,7.66973,1.56525,H2S,9.95
198,0,0.0,0,61191,12488,61191,12488,7.6489,1.561,H2S,9.91
199,0,0.0,0,61019,12452,61019,12452,7.62744,1.55662,H2S,9.87
200,0,0.0,0,60897,12428,60897,12428,7.61215,1.5535,H2S,9.84
201,0,0.0,0,60745,12397,60745,12397,7.59319,1.54963,H2S,9.81
202,0,0.0,0,60603,12368,60603,12368,7.5754,1.546,H2S,9.77
203,0,0.0,0,60466,12340,60466,12340,7.55825,1.5425,H2S,9.74
204,0,0.0,0,60333,12313,60333,12313,7.54174,1.53913,H2S,9.71
205,0,0.0,0,60206,12287,60206,12287,7.52581,1.53588,H2S,9.68
206,0,0.0,0,60088,12262,60088,12262,7.51106,1.53287,H2S,9.65
207,0,0.0,0,59961,12237,59961,12237,7.49519,1.52963,H2S,9.62
208,0,0.0,0,59872,12218,59872,12218,7.48411,1.52737,H2S,9.6
209,0,0.0,0,59740,12192,59740,12192,7.4676,1.524,H2S,9.57
210,0,0.0,0,59633,12170,59633,12170,7.45413,1.52125,H2S,9.55
211,0,0.0,0,59515,12146,59515,12146,7.43943,1.51825,H2S,9.52
212,0,0.0,0,59422,12127,59422,12127,7.42781,1.51588,H2S,9.5
213,0,0.0,0,59314,12105,59314,12105,7.41434,1.51313,H2S,9.47
214,0,0.0,0,59226,12086,59226,12086,7.40326,1.51087,H2S,9.45
215,0,0.0,0,59138,12069,59138,12069,7.39229,1.50863,H2S,9.43
216,0,0.0,0,59054,12052,59054,12052,7.38185,1.5065,H2S,9.41
217,0,0.0,0,58937,12028,58937,12028,7.36715,1.5035,H2S,9.38
218,0,0.0,0,58868,12014,58868,12014,7.35858,1.50175,H2S,9.36
219,0,0.0,0,58780,11996,58780,11996,7.34755,1.4995,H2S,9.34
220,0,0.0,0,58726,11984,58726,11984,7.34079,1.49812,H2S,9.33
221,0,0.0,0,58662,11972,58662,11972,7.33285,1.4965,H2S,9.32
222,0,0.0,0,58609,11961,58609,11961,7.32614,1.49513,H2S,9.3
223,0,0.0,0,58515,11942,58515,11942,7.31448,1.49275,H2S,9.28
224,0,0.0,0,58457,11930,58457,11930,7.30713,1.49125,H2S,9.27
225,0,0.0,0,58408,11920,58408,11920,7.301,1.49,H2S,9.26
226,0,0.0,0,58359,11910,58359,11910,7.29488,1.48875,H2S,9.24
227,0,0.0,0,58304,11898,58304,11898,7.28811,1.48737,H2S,9.23
228,0,0.0,0,58255,11888,58255,11888,7.28199,1.48612,H2S,9.22
229,0,0.0,0,58202,11878,58202,11878,7.27528,1.48475,H2S,9.21
230,0,0.0,0,58163,11870,58163,11870,7.27038,1.48375,H2S,9.2
231,0,0.0,0,58133,11864,58133,11864,7.2667,1.483,H2S,9.19
232,0,0.0,0,58089,11855,58089,11855,7.26121,1.48188,H2S,9.18
233,0,0.0,0,58050,11846,58050,11846,7.25626,1.48087,H2S,9.17
234,0,0.0,0,58020,11840,58020,11840,7.25259,1.48012,H2S,9.16
235,0,0.0,0,57991,11835,57991,11835,7.24896,1.47938,H2S,9.16
236,0,0.0,0,57962,11829,57962,11829,7.24529,1.47863,H2S,9.15
237,0,0.0,0,57942,11824,57942,11824,7.24279,1.47812,H2S,9.15
238,0,0.0,0,57903,11817,57903,11817,7.23794,1.47713,H2S,9.14
239,0,0.0,0,57888,11814,57888,11814,7.23608,1.47675,H2S,9.13
240,0,0.0,0,57873,11810,57873,11810,7.23421,1.47637,H2S,9.13
241,0,0.0,0,57849,11806,57849,11806,7.23118,1.47575,H2S,9.12
242,0,0.0,0,57863,11808,57863,11808,7.23299,1.47612,H2S,9.13
243,0,0.0,0,57849,11806,57849,11806,7.23118,1.47575,H2S,9.12
244,0,0.0,0,57849,11806,57849,11806,7.23118,1.47575,H2S,9.12
245,0,0.0,0,57854,11807,57854,11807,7.23181,1.47588,H2S,9.13
246,0,0.0,0,57863,11808,57863,11808,7.23299,1.47612,H2S,9.13
247,0,0.0,0,57854,11807,57854,11807,7.23181,1.47588,H2S,9.13
248,0,0.0,0,57869,11810,57869,11810,7.23363,1.47625,H2S,9.13
249,0,0.0,0,57869,11810,57869,11810,7.23363,1.47625,H2S,9.13
0,0,3.3,255,48470,9892,48470,9892,6.05885,1.2365,H2S,6.91
1,0,3.3,255,50778,10362,50778,10362,6.34731,1.29537,H2S,7.46
2,0,3.3,255,54277,11076,54277,11076,6.78464,1.38462,H2S,8.28
3,0,3.3,255,57825,11801,57825,11801,7.22814,1.47513,H2S,9.12
4,0,3.3,255,61299,12510,61299,12510,7.66238,1.56375,H2S,9.94
5,0,3.3,255,64645,13192,64645,13192,8.08069,1.64912,H2S,10.73
6,0,3.3,255,67835,13844,67835,13844,8.47945,1.7305,H2S,11.48
7,0,3.3,255,70893,14468,70893,14468,8.86165,1.8085,H2S,12.2
8,0,3.3,255,73774,15056,73774,15056,9.2218,1.882,H2S,12.88
9,0,3.3,255,76489,15610,76489,15610,9.56113,1.95125,H2S,13.52
10,0,3.3,255,79051,16132,79051,16132,9.88144,2.01662,H2S,14.13
11,0,3.3,255,81477,16628,81477,16628,10.18465,2.0785,H2S,14.7
12,0,3.3,255,83731,17088,83731,17088,10.4664,2.136,H2S,15.23
13,0,3.3,255,85877,17526,85877,17526,10.73468,2.19075,H2S,15.74
14,0,3.3,255,87842,17926,87842,17926,10.98026,2.24087,H2S,16.2
15,0,3.3,255,89611,18288,89611,18288,11.2014,2.286,H2S,16.62
16,0,3.3,255,91340,18640,91340,18640,11.41759,2.33012,H2S,17.03
17,0,3.3,255,92864,18952,92864,18952,11.6081,2.369,H2S,17.39
18,0,3.3,255,94330,19251,94330,19251,11.79126,2.40638,H2S,17.73
19,0,3.3,255,95657,19522,95657,19522,11.95722,2.44025,H2S,18.04
20,0,3.3,255,96907,19777,96907,19777,12.11344,2.47213,H2S,18.34
21,0,3.3,255,98112,20022,98112,20022,12.26406,2.50287,H2S,18.62
22,0,3.3,255,99185,20242,99185,20242,12.39823,2.53025,H2S,18.88
23,0,3.3,255,100121,20432,100121,20432,12.51519,2.55412,H2S,19.1
24,0,3.3,255,101092,20631,101092,20631,12.63651,2.57888,H2S,19.33
25,0,3.3,255,101939,20804,101939,20804,12.74245,2.6005,H2S,19.53
26,0,3.3,255,102635,20946,102635,20946,12.82943,2.61825,H2S,19.69
27,0,3.3,255,103424,21106,103424,21106,12.92801,2.63837,H2S,19.88
28,0,3.3,255,104032,21231,104032,21231,13.00401,2.65388,H2S,20.02
29,0,3.3,255,104610,21349,104610,21349,13.07629,2.66863,H2S,20.16
30,0,3.3,255,105257,21481,105257,21481,13.15714,2.68513,H2S,20.31
31,0,3.3,255,105717,21574,105717,21574,13.21466,2.69687,H2S,20.42
32,0,3.3,255,106246,21682,106246,21682,13.28081,2.71037,H2S,20.54
33,0,3.3,255,106589,21753,106589,21753,13.32374,2.71913,H2S,20.62
34,0,3.3,255,107069,21850,107069,21850,13.38371,2.73137,H2S,20.74
35,0,3.3,255,107427,21924,107427,21924,13.42845,2.7405,H2S,20.82
36,0,3.3,255,107755,21990,107755,21990,13.46946,2.74887,H2S,20.9
37,0,3.3,255,108010,22042,108010,22042,13.50131,2.75537,H2S,20.96
38,0,3.3,255,108348,22112,108348,22112,13.5436,2.764,H2S,21.04
39,0,3.3,255,108544,22152,108544,22152,13.5681,2.769,H2S,21.08
40,0,3.3,255,108765,22196,108765,22196,13.59564,2.77462,H2S,21.14
41,0,3.3,255,108985,22242,108985,22242,13.62323,2.78025,H2S,21.19
42,0,3.3,255,109245,22295,109245,22295,13.65571,2.78688,H2S,21.25
43,0,3.3,255,109348,22316,109348,22316,13.66855,2.7895,H2S,21.27
44,0,3.3,255,109554,22358,109554,22358,13.69428,2.79475,H2S,21.32
45,0,3.3,255,109632,22374,109632,22374,13.70407,2.79675,H2S,21.34
46,0,3.3,255,109735,22394,109735,22394,13.71691,2.79937,H2S,21.37
47,0,3.3,255,109853,22419,109853,22419,13.73166,2.80238,H2S,21.39
48,0,3.3,255,109956,22440,109956,22440,13.7445,2.805,H2S,21.42
49,0,3.3,255,110029,22454,110029,22454,13.75366,2.80687,H2S,21.43
50,0,3.3,255,110083,22466,110083,22466,13.76043,2.80825,H2S,21.45
51,0,3.3,255,110157,22481,110157,22481,13.76964,2.81013,H2S,21.46
52,0,3.3,255,110176,22484,110176,22484,13.77204,2.81062,H2S,21.47
53,0,3.3,255,110122,22474,110122,22474,13.76533,2.80925,H2S,21.46
54,0,3.3,255,110181,22486,110181,22486,13.77268,2.81075,H2S,21.47
55,0,3.3,255,110171,22484,110171,22484,13.77145,2.8105,H2S,21.47
56,0,3.3,255,110181,22486,110181,22486,13.77268,2.81075,H2S,21.47
57,0,3.3,255,110157,22481,110157,22481,13.76964,2.81013,H2S,21.46
58,0,3.3,255,110152,22480,110152,22480,13.769,2.81,H2S,21.46
59,0,3.3,255,110058,22460,110058,22460,13.75734,2.80762,H2S,21.44
60,0,3.3,255,110024,22454,110024,22454,13.75308,2.80675,H2S,21.43
61,0,3.3,255,109995,22448,109995,22448,13.7494,2.806,H2S,21.43
62,0,3.3,255,109965,22442,109965,22442,13.74573,2.80525,H2S,21.42
63,0,3.3,255,109921,22432,109921,22432,13.74019,2.80412,H2S,21.41
64,0,3.3,255,109789,22406,109789,22406,13.72368,2.80075,H2S,21.38
65,0,3.3,255,109799,22408,109799,22408,13.7249,2.801,H2S,21.38
66,0,3.3,255,109715,22390,109715,22390,13.71446,2.79887,H2S,21.36
67,0,3.3,255,109607,22368,109607,22368,13.70099,2.79612,H2S,21.34
68,0,3.3,255,109569,22361,109569,22361,13.69614,2.79513,H2S,21.33
69,0,3.3,255,109417,22330,109417,22330,13.67713,2.79125,H2S,21.29
70,0,3.3,255,109402,22327,109402,22327,13.67531,2.79088,H2S,21.29
71,0,3.3,255,109289,22304,109289,22304,13.6612,2.788,H2S,21.26
72,0,3.3,255,109191,22284,109191,22284,13.64895,2.7855,H2S,21.24
73,0,3.3,255,109147,22274,109147,22274,13.64341,2.78437,H2S,21.23
74,0,3.3,255,108971,22239,108971,22239,13.62141,2.77988,H2S,21.19
75,0,3.3,255,108887,22222,108887,22222,13.61098,2.77775,H2S,21.17
76,0,3.3,255,108785,22201,108785,22201,13.59814,2.77513,H2S,21.14
77,0,3.3,255,108691,22182,108691,22182,13.58648,2.77275,H2S,21.12
78,0,3.3,255,108589,22161,108589,22161,13.57364,2.77013,H2S,21.09
79,0,3.3,255,108495,22142,108495,22142,13.56198,2.76775,H2S,21.07
80,0,3.3,255,108432,22129,108432,22129,13.55404,2.76613,H2S,21.06
81,0,3.3,255,108304,22103,108304,22103,13.53811,2.76288,H2S,21.03
82,0,3.3,255,108113,22064,108113,22064,13.5142,2.758,H2S,20.98
83,0,3.3,255,108069,22054,108069,22054,13.50866,2.75687,H2S,20.97
84,0,3.3,255,107961,22033,107961,22033,13.49524,2.75413,H2S,20.95
85,0,3.3,255,107800,22000,107800,22000,13.475,2.75,H2S,20.91
86,0,3.3,255,107653,21970,107653,21970,13.45663,2.74625,H2S,20.87
87,0,3.3,255,107550,21949,107550,21949,13.44379,2.74363,H2S,20.85
88,0,3.3,255,107427,21924,107427,21924,13.42845,2.7405,H2S,20.82
89,0,3.3,255,107305,21899,107305,21899,13.41316,2.73738,H2S,20.79
90,0,3.3,255,107202,21878,107202,21878,13.40028,2.73475,H2S,20.77
91,0,3.3,255,107143,21866,107143,21866,13.39292,2.73325,H2S,20.75
92,0,3.3,255,107016,21840,107016,21840,13.377,2.73,H2S,20.72
93,0,3.3,255,106839,21804,106839,21804,13.35495,2.7255,H2S,20.68
94,0,3.3,255,106741,21784,106741,21784,13.3427,2.723,H2S,20.66
95,0,3.3,255,106648,21765,106648,21765,13.33109,2.72063,H2S,20.64
96,0,3.3,255,106521,21739,106521,21739,13.31516,2.71738,H2S,20.61
97,0,3.3,255,106373,21708,106373,21708,13.29674,2.71362,H2S,20.57
98,0,3.3,255,106237,21681,106237,21681,13.27964,2.71013,H2S,20.54
99,0,3.3,255,106050,21643,106050,21643,13.25636,2.70538,H2S,20.5
100,0,3.3,255,106021,21637,106021,21637,13.25269,2.70463,H2S,20.49
101,0,3.3,255,105889,21610,105889,21610,13.23613,2.70125,H2S,20.46
102,0,3.3,255,105678,21567,105678,21567,13.20981,2.69588,H2S,20.41
103,0,3.3,255,105570,21545,105570,21545,13.19634,2.69313,H2S,20.38
104,0,3.3,255,105482,21527,105482,21527,13.18531,2.69088,H2S,20.36
105,0,3.3,255,105359,21502,105359,21502,13.16998,2.68775,H2S,20.33
106,0,3.3,255,105276,21484,105276,21484,13.15954,2.68562,H2S,20.31
107,0,3.3,255,105065,21442,105065,21442,13.13323,2.68025,H2S,20.26
108,0,3.3,255,104972,21422,104972,21422,13.12156,2.67787,H2S,20.24
109,0,3.3,255,104855,21399,104855,21399,13.10691,2.67488,H2S,20.21
110,0,3.3,255,104811,21390,104811,21390,13.10138,2.67375,H2S,20.2
111,0,3.3,255,104629,21353,104629,21353,13.07874,2.66913,H2S,20.16
112,0,3.3,255,104512,21329,104512,21329,13.06404,2.66613,H2S,20.13
113,0,3.3,255,104399,21306,104399,21306,13.04993,2.66325,H2S,20.11
114,0,3.3,255,104281,21282,104281,21282,13.03523,2.66025,H2S,20.08
115,0,3.3,255,104174,21260,104174,21260,13.02175,2.6575,H2S,20.05
116,0,3.3,255,104066,21238,104066,21238,13.00828,2.65475,H2S,20.03
117,0,3.3,255,103953,21214,103953,21214,12.99416,2.65187,H2S,20.0
118,0,3.3,255,103889,21202,103889,21202,12.98623,2.65025,H2S,19.99
119,0,3.3,255,103718,21167,103718,21167,12.96481,2.64588,H2S,19.95
120,0,3.3,255,103610,21144,103610,21144,12.95129,2.64312,H2S,19.92
121,0,3.3,255,103522,21126,103522,21126,12.94026,2.64087,H2S,19.9
122,0,3.3,255,103399,21102,103399,21102,12.92498,2.63775,H2S,19.87
123,0,3.3,255,103292,21080,103292,21080,12.9115,2.635,H2S,19.85
124,0,3.3,255,103189,21059,103189,21059,12.89866,2.63238,H2S,19.82
125,0,0.0,0,123186,25140,123186,25140,15.39825,3.1425,H2S,24.54
126,0,0.0,0,121309,24757,121309,24757,15.16369,3.09463,H2S,24.1
127,0,0.0,0,118928,24271,118928,24271,14.86601,3.03388,H2S,23.53
128,0,0.0,0,116576,23791,116576,23791,14.57201,2.97388,H2S,22.98
129,0,0.0,0,114326,23332,114326,23332,14.29085,2.9165,H2S,22.45
130,0,0.0,0,112175,22893,112175,22893,14.02199,2.86163,H2S,21.94
131,0,0.0,0,110058,22460,110058,22460,13.75734,2.80762,H2S,21.44
132,0,0.0,0,108030,22047,108030,22047,13.50381,2.75588,H2S,20.96
133,0,0.0,0,106070,21646,106070,21646,13.25876,2.70587,H2S,20.5
134,0,0.0,0,104178,21260,104178,21260,13.02234,2.65762,H2S,20.05
135,0,0.0,0,102326,20882,102326,20882,12.79081,2.61037,H2S,19.62
136,0,0.0,0,100577,20526,100577,20526,12.57218,2.56575,H2S,19.2
137,0,0.0,0,98876,20178,98876,20178,12.35961,2.52237,H2S,18.8
138,0,0.0,0,97274,19852,97274,19852,12.15935,2.4815,H2S,18.43
139,0,0.0,0,95741,19539,95741,19539,11.96766,2.44238,H2S,18.06
140,0,0.0,0,94290,19242,94290,19242,11.78631,2.40537,H2S,17.72
141,0,0.0,0,92879,18954,92879,18954,11.60991,2.36937,H2S,17.39
142,0,0.0,0,91537,18681,91537,18681,11.44214,2.33513,H2S,17.07
143,0,0.0,0,90272,18422,90272,18422,11.28406,2.30287,H2S,16.77
144,0,0.0,0,89052,18174,89052,18174,11.13157,2.27175,H2S,16.49
145,0,0.0,0,87886,17936,87886,17936,10.9858,2.242,H2S,16.21
146,0,0.0,0,86773,17708,86773,17708,10.84674,2.21362,H2S,15.95
147,0,0.0,0,85730,17496,85730,17496,10.7163,2.187,H2S,15.7
148,0,0.0,0,84716,17289,84716,17289,10.58954,2.16113,H2S,15.46
149,0,0.0,0,83746,17091,83746,17091,10.46826,2.13638,H2S,15.23
150,0,0.0,0,82814,16900,82814,16900,10.35184,2.11262,H2S,15.01
151,0,0.0,0,81933,16721,81933,16721,10.24164,2.09013,H2S,14.81
152,0,0.0,0,81051,16541,81051,16541,10.13139,2.06763,H2S,14.6
153,0,0.0,0,80222,16372,80222,16372,10.02785,2.0465,H2S,14.4
154,0,0.0,0,79448,16213,79448,16213,9.93107,2.02675,H2S,14.22
155,0,0.0,0,78664,16053,78664,16053,9.83307,2.00675,H2S,14.04
156,0,0.0,0,77949,15908,77949,15908,9.74365,1.9885,H2S,13.87
157,0,0.0,0,77228,15760,77228,15760,9.65359,1.97012,H2S,13.7
158,0,0.0,0,76557,15624,76557,15624,9.5697,1.953,H2S,13.54
159,0,0.0,0,75876,15484,75876,15484,9.48454,1.93562,H2S,13.38
160,0,0.0,0,75269,15361,75269,15361,9.40864,1.92013,H2S,13.23
161,0,0.0,0,74651,15234,74651,15234,9.33141,1.90437,H2S,13.09
162,0,0.0,0,74082,15118,74082,15118,9.26036,1.88987,H2S,12.95
163,0,0.0,0,73455,14990,73455,14990,9.18196,1.87387,H2S,12.81
164,0,0.0,0,72917,14881,72917,14881,9.11464,1.86013,H2S,12.68
165,0,0.0,0,72382,14772,72382,14772,9.04785,1.8465,H2S,12.55
166,0,0.0,0,71848,14663,71848,14663,8.98111,1.83288,H2S,12.43
167,0,0.0,0,71353,14562,71353,14562,8.91923,1.82025,H2S,12.31
168,0,0.0,0,70873,14464,70873,14464,8.8592,1.808,H2S,12.2
169,0,0.0,0,70422,14372,70422,14372,8.80285,1.7965,H2S,12.09
170,0,0.0,0,69972,14280,69972,14280,8.7465,1.785,H2S,11.98
171,0,0.0,0,69560,14196,69560,14196,8.69505,1.7745,H2S,11.89
172,0,0.0,0,69144,14111,69144,14111,8.64301,1.76388,H2S,11.79
173,0,0.0,0,68756,14032,68756,14032,8.5946,1.754,H2S,11.7
174,0,0.0,0,68374,13954,68374,13954,8.54683,1.74425,H2S,11.61
175,0,0.0,0,68006,13878,68006,13878,8.50086,1.73487,H2S,11.52
176,0,0.0,0,67654,13807,67654,13807,8.45681,1.72588,H2S,11.44
177,0,0.0,0,67311,13737,67311,13737,8.41394,1.71713,H2S,11.36
178,0,0.0,0,66978,13669,66978,13669,8.37229,1.70863,H2S,11.28
179,0,0.0,0,66635,13599,66635,13599,8.32941,1.69988,H2S,11.2
180,0,0.0,0,66351,13541,66351,13541,8.29389,1.69263,H2S,11.13
181,0,0.0,0,66071,13484,66071,13484,8.25895,1.6855,H2S,11.06
182,0,0.0,0,65797,13428,65797,13428,8.22465,1.6785,H2S,11.0
183,0,0.0,0,65518,13371,65518,13371,8.18976,1.67138,H2S,10.93
184,0,0.0,0,65272,13320,65272,13320,8.15909,1.66512,H2S,10.88
185,0,0.0,0,65018,13269,65018,13269,8.12729,1.65863,H2S,10.82
186,0,0.0,0,64768,13218,64768,13218,8.09603,1.65225,H2S,10.76
187,0,0.0,0,64533,13170,64533,13170,8.06663,1.64625,H2S,10.7
188,0,0.0,0,64297,13122,64297,13122,8.03723,1.64025,H2S,10.65
189,0,0.0,0,64106,13083,64106,13083,8.01336,1.63538,H2S,10.6
190,0,0.0,0,63890,13038,63890,13038,7.98636,1.62987,H2S,10.55
191,0,0.0,0,63695,12999,63695,12999,7.96191,1.62488,H2S,10.5
192,0,0.0,0,63494,12958,63494,12958,7.93678,1.61975,H2S,10.46
193,0,0.0,0,63312,12920,63312,12920,7.91409,1.61512,H2S,10.41
194,0,0.0,0,63121,12882,63121,12882,7.89023,1.61025,H2S,10.37
195,0,0.0,0,62979,12852,62979,12852,7.87244,1.60662,H2S,10.33
196,0,0.0,0,62793,12814,62793,12814,7.84916,1.60187,H2S,10.29
197,0,0.0,0,62656,12787,62656,12787,7.83206,1.59838,H2S,10.26
198,0,0.0,0,62475,12750,62475,12750,7.80938,1.59375,H2S,10.22
199,0,0.0,0,62357,12726,62357,12726,7.79468,1.59075,H2S,10.19
200,0,0.0,0,62205,12695,62205,12695,7.77571,1.58688,H2S,10.15
201,0,0.0,0,62073,12668,62073,12668,7.75915,1.5835,H2S,10.12
202,0,0.0,0,61911,12634,61911,12634,7.73891,1.57937,H2S,10.08
203,0,0.0,0,61779,12608,61779,12608,7.7224,1.576,H2S,10.05
204,0,0.0,0,61646,12580,61646,12580,7.70584,1.57262,H2S,10.02
205,0,0.0,0,61519,12554,61519,12554,7.68991,1.56937,H2S,9.99
206,0,0.0,0,61402,12531,61402,12531,7.67526,1.56638,H2S,9.96
207,0,0.0,0,61303,12510,61303,12510,7.66296,1.56387,H2S,9.94
208,0,0.0,0,61186,12487,61186,12487,7.64831,1.56088,H2S,9.91
209,0,0.0,0,61083,12466,61083,12466,7.63542,1.55825,H2S,9.89
210,0,0.0,0,60961,12441,60961,12441,7.62014,1.55513,H2S,9.86
211,0,0.0,0,60882,12425,60882,12425,7.61034,1.55313,H2S,9.84
212,0,0.0,0,60784,12404,60784,12404,7.59804,1.55062,H2S,9.82
213,0,0.0,0,60671,12382,60671,12382,7.58398,1.54775,H2S,9.79
214,0,0.0,0,60603,12368,60603,12368,7.5754,1.546,H2S,9.77
215,0,0.0,0,60510,12349,60510,12349,7.56379,1.54363,H2S,9.75
216,0,0.0,0,60412,12329,60412,12329,7.55154,1.54113,H2S,9.73
217,0,0.0,0,60353,12317,60353,12317,7.54419,1.53963,H2S,9.72
218,0,0.0,0,60270,12300,60270,12300,7.53375,1.5375,H2S,9.7
219,0,0.0,0,60191,12284,60191,12284,7.52395,1.5355,H2S,9.68
220,0,0.0,0,60128,12271,60128,12271,7.51601,1.53388,H2S,9.66
221,0,0.0,0,60034,12252,60034,12252,7.50435,1.5315,H2S,9.64
222,0,0.0,0,59990,12243,59990,12243,7.49886,1.53038,H2S,9.63
223,0,0.0,0,59921,12228,59921,12228,7.49024,1.52862,H2S,9.61
224,0,0.0,0,59883,12221,59883,12221,7.48539,1.52763,H2S,9.6
225,0,0.0,0,59814,12207,59814,12207,7.47681,1.52588,H2S,9.59
226,0,0.0,0,59755,12195,59755,12195,7.46946,1.52438,H2S,9.57
227,0,0.0,0,59706,12185,59706,12185,7.46334,1.52313,H2S,9.56
228,0,0.0,0,59657,12175,59657,12175,7.45721,1.52188,H2S,9.55
229,0,0.0,0,59598,12163,59598,12163,7.44986,1.52038,H2S,9.54
230,0,0.0,0,59569,12157,59569,12157,7.44619,1.51963,H2S,9.53
231,0,0.0,0,59520,12147,59520,12147,7.44006,1.51838,H2S,9.52
232,0,0.0,0,59480,12138,59480,12138,7.43511,1.51737,H2S,9.51
233,0,0.0,0,59446,12132,59446,12132,7.43085,1.5165,H2S,9.5
234,0,0.0,0,59407,12124,59407,12124,7.42595,1.5155,H2S,9.49
235,0,0.0,0,59382,12118,59382,12118,7.42286,1.51487,H2S,9.49
236,0,0.0,0,59348,12112,59348,12112,7.4186,1.514,H2S,9.48
237,0,0.0,0,59324,12106,59324,12106,7.41551,1.51337,H2S,9.47
238,0,0.0,0,59324,12106,59324,12106,7.41551,1.51337,H2S,9.47
239,0,0.0,0,59295,12101,59295,12101,7.41189,1.51263,H2S,9.47
240,0,0.0,0,59275,12096,59275,12096,7.40939,1.51212,H2S,9.46
241,0,0.0,0,59275,12096,59275,12096,7.40939,1.51212,H2S,9.46
242,0,0.0,0,59270,12096,59270,12096,7.4088,1.512,H2S,9.46
243,0,0.0,0,59270,12096,59270,12096,7.4088,1.512,H2S,9.46
244,0,0.0,0,59265,12095,59265,12095,7.40821,1.51188,H2S,9.46
245,0,0.0,0,59260,12094,59260,12094,7.40758,1.51175,H2S,9.46
246,0,0.0,0,59260,12094,59260,12094,7.40758,1.51175,H2S,9.46
247,0,0.0,0,59280,12098,59280,12098,7.41003,1.51225,H2S,9.46
248,0,0.0,0,59290,12100,59290,12100,7.41125,1.5125,H2S,9.46
249,0,0.0,0,59290,12100,59290,12100,7.41125,1.5125,H2S,9.46
0,0,3.3,255,49671,10137,49671,10137,6.20894,1.26713,H2S,7.2
1,0,3.3,255,51974,10606,51974,10606,6.49676,1.32587,H2S,7.74
2,0,3.3,255,55517,11330,55517,11330,6.93963,1.41625,H2S,8.57
3,0,3.3,255,59113,12064,59113,12064,7.3892,1.508,H2S,9.42
4,0,3.3,255,62582,12772,62582,12772,7.82285,1.5965,H2S,10.24
5,0,3.3,255,65944,13458,65944,13458,8.24303,1.68225,H2S,11.03
6,0,3.3,255,69153,14112,69153,14112,8.64419,1.76412,H2S,11.79
7,0,3.3,255,72196,14734,72196,14734,9.02458,1.84175,H2S,12.51
8,0,3.3,255,75063,15319,75063,15319,9.38291,1.91488,H2S,13.19
9,0,3.3,255,77772,15872,77772,15872,9.7216,1.984,H2S,13.82
10,0,3.3,255,80325,16393,80325,16393,10.04074,2.04913,H2S,14.43
11,0,3.3,255,82717,16881,82717,16881,10.33964,2.11013,H2S,14.99
12,0,3.3,255,84941,17335,84941,17335,10.61771,2.16688,H2S,15.52
13,0,3.3,255,87033,17762,87033,17762,10.87923,2.22025,H2S,16.01
14,0,3.3,255,88974,18158,88974,18158,11.12178,2.26975,H2S,16.47
15,0,3.3,255,90742,18518,90742,18518,11.34286,2.31487,H2S,16.88
16,0,3.3,255,92457,18868,92457,18868,11.55724,2.35862,H2S,17.29
17,0,3.3,255,93947,19172,93947,19172,11.74344,2.39662,H2S,17.64
18,0,3.3,255,95383,19466,95383,19466,11.92293,2.43325,H2S,17.98
19,0,3.3,255,96780,19751,96780,19751,12.09751,2.46888,H2S,18.31
20,0,3.3,255,97946,19989,97946,19989,12.24329,2.49863,H2S,18.58
21,0,3.3,255,99092,20222,99092,20222,12.38656,2.52787,H2S,18.85
22,0,3.3,255,100141,20437,100141,20437,12.51769,2.55463,H2S,19.1
23,0,3.3,255,101101,20632,101101,20632,12.63769,2.57912,H2S,19.33
24,0,3.3,255,102032,20823,102032,20823,12.75411,2.60288,H2S,19.55
25,0,3.3,255,102850,20990,102850,20990,12.85637,2.62375,H2S,19.74
26,0,3.3,255,103605,21144,103605,21144,12.9507,2.643,H2S,19.92
27,0,3.3,255,104228,21271,104228,21271,13.02851,2.65888,H2S,20.07
28,0,3.3,255,104874,21402,104874,21402,13.10931,2.67537,H2S,20.22
29,0,3.3,255,105482,21527,105482,21527,13.18531,2.69088,H2S,20.36
30,0,3.3,255,106040,21640,106040,21640,13.25509,2.70512,H2S,20.49
31,0,3.3,255,106594,21754,106594,21754,13.32433,2.71925,H2S,20.62
32,0,3.3,255,107045,21846,107045,21846,13.38068,2.73075,H2S,20.73
33,0,3.3,255,107403,21919,107403,21919,13.42541,2.73988,H2S,20.82
34,0,3.3,255,107805,22001,107805,22001,13.47564,2.75013,H2S,20.91
35,0,3.3,255,108231,22088,108231,22088,13.5289,2.761,H2S,21.01
36,0,3.3,255,108554,22154,108554,22154,13.56933,2.76925,H2S,21.09
37,0,3.3,255,108858,22216,108858,22216,13.6073,2.777,H2S,21.16
38,0,3.3,255,109044,22254,109044,22254,13.63058,2.78175,H2S,21.2
39,0,3.3,255,109314,22309,109314,22309,13.66429,2.78863,H2S,21.27
40,0,3.3,255,109544,22356,109544,22356,13.69305,2.7945,H2S,21.32
41,0,3.3,255,109838,22416,109838,22416,13.7298,2.802,H2S,21.39
42,0,3.3,255,110000,22449,110000,22449,13.75004,2.80613,H2S,21.43
43,0,3.3,255,110152,22480,110152,22480,13.769,2.81,H2S,21.46
44,0,3.3,255,110299,22510,110299,22510,13.78738,2.81375,H2S,21.5
45,0,3.3,255,110431,22536,110431,22536,13.80389,2.81712,H2S,21.53
46,0,3.3,255,110485,22548,110485,22548,13.81065,2.8185,H2S,21.54
47,0,3.3,255,110651,22582,110651,22582,13.83148,2.82275,H2S,21.58
48,0,3.3,255,110725,22597,110725,22597,13.84069,2.82463,H2S,21.6
49,0,3.3,255,110794,22611,110794,22611,13.84926,2.82638,H2S,21.62
50,0,3.3,255,110774,22606,110774,22606,13.84676,2.82587,H2S,21.61
51,0,3.3,255,110842,22620,110842,22620,13.85534,2.82762,H2S,21.63
52,0,3.3,255,110867,22626,110867,22626,13.85843,2.82825,H2S,21.63
53,0,3.3,255,110892,22631,110892,22631,13.86151,2.82888,H2S,21.64
54,0,3.3,255,110901,22632,110901,22632,13.86269,2.82912,H2S,21.64
55,0,3.3,255,110940,22640,110940,22640,13.86759,2.83012,H2S,21.65
56,0,3.3,255,110887,22630,110887,22630,13.86088,2.82875,H2S,21.64
57,0,3.3,255,110877,22628,110877,22628,13.85965,2.8285,H2S,21.63
58,0,3.3,255,110852,22623,110852,22623,13.85661,2.82788,H2S,21.63
59,0,3.3,255,110808,22614,110808,22614,13.85108,2.82675,H2S,21.62
60,0,3.3,255,110789,22610,110789,22610,13.84863,2.82625,H2S,21.61
61,0,3.3,255,110744,22600,110744,22600,13.84309,2.82512,H2S,21.6
62,0,3.3,255,110612,22574,110612,22574,13.82658,2.82175,H2S,21.57
63,0,3.3,255,110568,22565,110568,22565,13.82109,2.82063,H2S,21.56
64,0,3.3,255,110568,22565,110568,22565,13.82109,2.82063,H2S,21.56
65,0,3.3,255,110499,22550,110499,22550,13.81246,2.81887,H2S,21.55
66,0,3.3,255,110372,22524,110372,22524,13.79654,2.81562,H2S,21.52
67,0,3.3,255,110348,22520,110348,22520,13.7935,2.815,H2S,21.51
68,0,3.3,255,110196,22489,110196,22489,13.77454,2.81113,H2S,21.47
69,0,3.3,255,110142,22478,110142,22478,13.76778,2.80975,H2S,21.46
70,0,3.3,255,110088,22466,110088,22466,13.76101,2.80837,H2S,21.45
71,0,3.3,255,109931,22434,109931,22434,13.74141,2.80437,H2S,21.41
72,0,3.3,255,109838,22416,109838,22416,13.7298,2.802,H2S,21.39
73,0,3.3,255,109764,22400,109764,22400,13.72059,2.80012,H2S,21.37
74,0,3.3,255,109720,22392,109720,22392,13.7151,2.799,H2S,21.36
75,0,3.3,255,109583,22364,109583,22364,13.69795,2.7955,H2S,21.33
76,0,3.3,255,109421,22330,109421,22330,13.67771,2.79137,H2S,21.29
77,0,3.3,255,109392,22324,109392,22324,13.67404,2.79062,H2S,21.28
78,0,3.3,255,109216,22289,109216,22289,13.65204,2.78613,H2S,21.24
79,0,3.3,255,109157,22277,109157,22277,13.64469,2.78463,H2S,21.23
80,0,3.3,255,108985,22242,108985,22242,13.62323,2.78025,H2S,21.19
81,0,3.3,255,108941,22233,108941,22233,13.61774,2.77913,H2S,21.18
82,0,3.3,255,108819,22208,108819,22208,13.6024,2.776,H2S,21.15
83,0,3.3,255,108691,22182,108691,22182,13.58648,2.77275,H2S,21.12
84,0,3.3,255,108578,22158,108578,22158,13.57236,2.76987,H2S,21.09
85,0,3.3,255,108388,22120,108388,22120,13.5485,2.765,H2S,21.05
86,0,3.3,255,108275,22097,108275,22097,13.53444,2.76213,H2S,21.02
87,0,3.3,255,108231,22088,108231,22088,13.5289,2.761,H2S,21.01
88,0,3.3,255,108035,22048,108035,22048,13.5044,2.756,H2S,20.96
89,0,3.3,255,107947,22030,107947,22030,13.49338,2.75375,H2S,20.94
90,0,3.3,255,107853,22010,107853,22010,13.48171,2.75137,H2S,20.92
91,0,3.3,255,107662,21972,107662,21972,13.45785,2.7465,H2S,20.88
92,0,3.3,255,107618,21963,107618,21963,13.45236,2.74538,H2S,20.87
93,0,3.3,255,107417,21922,107417,21922,13.42723,2.74025,H2S,20.82
94,0,3.3,255,107359,21910,107359,21910,13.41988,2.73875,H2S,20.8
95,0,3.3,255,107241,21886,107241,21886,13.40517,2.73575,H2S,20.78
96,0,3.3,255,107045,21846,107045,21846,13.38068,2.73075,H2S,20.73
97,0,3.3,255,106952,21827,106952,21827,13.36906,2.72838,H2S,20.71
98,0,3.3,255,106829,21802,106829,21802,13.35373,2.72525,H2S,20.68
99,0,3.3,255,106716,21778,106716,21778,13.33961,2.72237,H2S,20.65
100,0,3.3,255,106584,21752,106584,21752,13.3231,2.719,H2S,20.62
101,0,3.3,255,106457,21726,106457,21726,13.30718,2.71575,H2S,20.59
102,0,3.3,255,106330,21700,106330,21700,13.29125,2.7125,H2S,20.56
103,0,3.3,255,106207,21675,106207,21675,13.27596,2.70938,H2S,20.53
104,0,3.3,255,106084,21650,106084,21650,13.26062,2.70625,H2S,20.5
105,0,3.3,255,105957,21624,105957,21624,13.2447,2.703,H2S,20.47
106,0,3.3,255,105835,21599,105835,21599,13.22941,2.69988,H2S,20.45
107,0,3.3,255,105698,21571,105698,21571,13.21226,2.69638,H2S,20.41
108,0,3.3,255,105580,21547,105580,21547,13.19756,2.69338,H2S,20.39
109,0,3.3,255,105453,21521,105453,21521,13.18164,2.69013,H2S,20.36
110,0,3.3,255,105320,21494,105320,21494,13.16508,2.68675,H2S,20.32
111,0,3.3,255,105203,21470,105203,21470,13.15038,2.68375,H2S,20.3
112,0,3.3,255,105090,21446,105090,21446,13.13626,2.68087,H2S,20.27
113,0,3.3,255,104958,21420,104958,21420,13.11975,2.6775,H2S,20.24
114,0,3.3,255,104830,21394,104830,21394,13.10383,2.67425,H2S,20.21
115,0,3.3,255,104707,21368,104707,21368,13.08849,2.67112,H2S,20.18
116,0,3.3,255,104585,21344,104585,21344,13.0732,2.668,H2S,20.15
117,0,3.3,255,104477,21322,104477,21322,13.05973,2.66525,H2S,20.13
118,0,3.3,255,104345,21295,104345,21295,13.04321,2.66188,H2S,20.09
119,0,3.3,255,104237,21272,104237,21272,13.02969,2.65912,H2S,20.07
120,0,3.3,255,104115,21248,104115,21248,13.0144,2.656,H2S,20.04
121,0,3.3,255,103992,21222,103992,21222,12.99906,2.65287,H2S,20.01
122,0,3.3,255,103880,21200,103880,21200,12.985,2.65,H2S,19.98
123,0,3.3,255,103787,21181,103787,21181,12.97339,2.64763,H2S,19.96
124,0,3.3,255,103654,21154,103654,21154,12.95683,2.64425,H2S,19.93
125,0,0.0,0,123828,25271,123828,25271,15.47851,3.15888,H2S,24.69
126,0,0.0,0,121951,24888,121951,24888,15.2439,3.111,H2S,24.25
127,0,0.0,0,119564,24400,119564,24400,14.94559,3.05012,H2S,23.68
128,0,0.0,0,117242,23926,117242,23926,14.65526,2.99087,H2S,23.14
129,0,0.0,0,114973,23464,114973,23464,14.3717,2.933,H2S,22.6
130,0,0.0,0,112817,23024,112817,23024,14.1022,2.878,H2S,22.09
131,0,0.0,0,110700,22592,110700,22592,13.8376,2.824,H2S,21.59
132,0,0.0,0,108672,22178,108672,22178,13.58403,2.77225,H2S,21.11
133,0,0.0,0,106702,21776,106702,21776,13.3378,2.722,H2S,20.65
134,0,0.0,0,104801,21388,104801,21388,13.10015,2.6735,H2S,20.2
135,0,0.0,0,102944,21009,102944,21009,12.86804,2.62613,H2S,19.76
136,0,0.0,0,101160,20644,101160,20644,12.64504,2.58062,H2S,19.34
137,0,0.0,0,99450,20296,99450,20296,12.4313,2.537,H2S,18.94
138,0,0.0,0,97813,19962,97813,19962,12.22673,2.49525,H2S,18.55
139,0,0.0,0,96250,19643,96250,19643,12.03136,2.45538,H2S,18.18
140,0,0.0,0,94785,19344,94785,19344,11.8482,2.418,H2S,17.84
141,0,0.0,0,93369,19054,93369,19054,11.67116,2.38187,H2S,17.5
142,0,0.0,0,92031,18782,92031,18782,11.50398,2.34775,H2S,17.19
143,0,0.0,0,90748,18520,90748,18520,11.3435,2.315,H2S,16.89
144,0,0.0,0,89508,18266,89508,18266,11.18851,2.28337,H2S,16.59
145,0,0.0,0,88337,18028,88337,18028,11.04215,2.2535,H2S,16.32
146,0,0.0,0,87214,17798,87214,17798,10.90186,2.22487,H2S,16.05
147,0,0.0,0,86127,17577,86127,17577,10.76594,2.19713,H2S,15.8
148,0,0.0,0,85113,17370,85113,17370,10.63913,2.17125,H2S,15.56
149,0,0.0,0,84137,17170,84137,17170,10.51721,2.14637,H2S,15.33
150,0,0.0,0,83192,16978,83192,16978,10.39903,2.12225,H2S,15.1
151,0,0.0,0,82290,16794,82290,16794,10.28633,2.09925,H2S,14.89
152,0,0.0,0,81438,16620,81438,16620,10.17975,2.0775,H2S,14.69
153,0,0.0,0,80605,16450,80605,16450,10.07563,2.05625,H2S,14.49
154,0,0.0,0,79816,16289,79816,16289,9.97704,2.03613,H2S,14.31
155,0,0.0,0,79051,16132,79051,16132,9.88144,2.01662,H2S,14.13
156,0,0.0,0,78306,15980,78306,15980,9.78834,1.99762,H2S,13.95
157,0,0.0,0,77606,15838,77606,15838,9.70078,1.97975,H2S,13.79
158,0,0.0,0,76920,15698,76920,15698,9.61503,1.96225,H2S,13.62
159,0,0.0,0,76258,15563,76258,15563,9.53236,1.94538,H2S,13.47
160,0,0.0,0,75641,15436,75641,15436,9.45514,1.92962,H2S,13.32
161,0,0.0,0,75033,15313,75033,15313,9.37924,1.91413,H2S,13.18
162,0,0.0,0,74455,15195,74455,15195,9.30696,1.89938,H2S,13.04
163,0,0.0,0,73877,15076,73877,15076,9.23464,1.88462,H2S,12.91
164,0,0.0,0,73328,14964,73328,14964,9.16604,1.87062,H2S,12.78
165,0,0.0,0,72804,14858,72804,14858,9.10053,1.85725,H2S,12.65
166,0,0.0,0,72299,14755,72299,14755,9.03746,1.84438,H2S,12.53
167,0,0.0,0,71809,14654,71809,14654,8.97616,1.83187,H2S,12.42
168,0,0.0,0,71334,14558,71334,14558,8.91678,1.81975,H2S,12.31
169,0,0.0,0,70863,14462,70863,14462,8.85797,1.80775,H2S,12.19
170,0,0.0,0,70427,14372,70427,14372,8.80344,1.79662,H2S,12.09
171,0,0.0,0,70006,14287,70006,14287,8.75081,1.78588,H2S,11.99
172,0,0.0,0,69599,14204,69599,14204,8.69995,1.7755,H2S,11.9
173,0,0.0,0,69202,14122,69202,14122,8.65031,1.76537,H2S,11.8
174,0,0.0,0,68830,14047,68830,14047,8.60381,1.75588,H2S,11.72
175,0,0.0,0,68458,13971,68458,13971,8.55726,1.74638,H2S,11.63
176,0,0.0,0,68110,13900,68110,13900,8.51375,1.7375,H2S,11.55
177,0,0.0,0,67771,13830,67771,13830,8.47146,1.72887,H2S,11.47
178,0,0.0,0,67458,13766,67458,13766,8.43226,1.72087,H2S,11.39
179,0,0.0,0,67130,13700,67130,13700,8.39125,1.7125,H2S,11.31
180,0,0.0,0,66830,13638,66830,13638,8.35386,1.70487,H2S,11.24
181,0,0.0,0,66542,13580,66542,13580,8.31775,1.6975,H2S,11.18
182,0,0.0,0,66272,13525,66272,13525,8.28409,1.69063,H2S,11.11
183,0,0.0,0,66003,13470,66003,13470,8.25038,1.68375,H2S,11.05
184,0,0.0,0,65738,13416,65738,13416,8.2173,1.677,H2S,10.99
185,0,0.0,0,65483,13364,65483,13364,8.18545,1.6705,H2S,10.93
186,0,0.0,0,65263,13319,65263,13319,8.15791,1.66488,H2S,10.87
187,0,0.0,0,65018,13269,65018,13269,8.12729,1.65863,H2S,10.82
188,0,0.0,0,64802,13224,64802,13224,8.10029,1.65312,H2S,10.76
189,0,0.0,0,64577,13179,64577,13179,8.07216,1.64738,H2S,10.71
190,0,0.0,0,64376,13138,64376,13138,8.04702,1.64225,H2S,10.66
191,0,0.0,0,64180,13098,64180,13098,8.02253,1.63725,H2S,10.62
192,0,0.0,0,63979,13057,63979,13057,7.99744,1.63213,H2S,10.57
193,0,0.0,0,63798,13020,63798,13020,7.97475,1.6275,H2S,10.53
194,0,0.0,0,63651,12990,63651,12990,7.95638,1.62375,H2S,10.49
195,0,0.0,0,63454,12950,63454,12950,7.93187,1.61875,H2S,10.45
196,0,0.0,0,63293,12916,63293,12916,7.91164,1.61462,H2S,10.41
197,0,0.0,0,63121,12882,63121,12882,7.89023,1.61025,H2S,10.37
198,0,0.0,0,62965,12850,62965,12850,7.87063,1.60625,H2S,10.33
199,0,0.0,0,62822,12820,62822,12820,7.85284,1.60262,H2S,10.3
200,0,0.0,0,62685,12792,62685,12792,7.83569,1.59912,H2S,10.27
201,0,0.0,0,62553,12766,62553,12766,7.81918,1.59575,H2S,10.23
202,0,0.0,0,62440,12743,62440,12743,7.80511,1.59288,H2S,10.21
203,0,0.0,0,62303,12714,62303,12714,7.78791,1.58937,H2S,10.18
204,0,0.0,0,62176,12689,62176,12689,7.77204,1.58613,H2S,10.15
205,0,0.0,0,62073,12668,62073,12668,7.75915,1.5835,H2S,10.12
206,0,0.0,0,61955,12644,61955,12644,7.74445,1.5805,H2S,10.09
207,0,0.0,0,61832,12618,61832,12618,7.72911,1.57737,H2S,10.06
208,0,0.0,0,61735,12599,61735,12599,7.71691,1.57488,H2S,10.04
209,0,0.0,0,61642,12580,61642,12580,7.70525,1.5725,H2S,10.02
210,0,0.0,0,61544,12560,61544,12560,7.693,1.57,H2S,10.0
211,0,0.0,0,61446,12540,61446,12540,7.68075,1.5675,H2S,9.97
212,0,0.0,0,61357,12522,61357,12522,7.66973,1.56525,H2S,9.95
213,0,0.0,0,61274,12505,61274,12505,7.65934,1.56313,H2S,9.93
214,0,0.0,0,61181,12486,61181,12486,7.64768,1.56075,H2S,9.91
215,0,0.0,0,61112,12472,61112,12472,7.6391,1.559,H2S,9.89
216,0,0.0,0,61024,12454,61024,12454,7.62808,1.55675,H2S,9.87
217,0,0.0,0,60956,12440,60956,12440,7.6195,1.555,H2S,9.86
218,0,0.0,0,60872,12423,60872,12423,7.60911,1.55288,H2S,9.84
219,0,0.0,0,60804,12409,60804,12409,7.60054,1.55113,H2S,9.82
220,0,0.0,0,60754,12398,60754,12398,7.59436,1.54987,H2S,9.81
221,0,0.0,0,60647,12377,60647,12377,7.58094,1.54713,H2S,9.78
222,0,0.0,0,60607,12368,60607,12368,7.57599,1.54612,H2S,9.78
223,0,0.0,0,60539,12355,60539,12355,7.56746,1.54438,H2S,9.76
224,0,0.0,0,60490,12345,60490,12345,7.56134,1.54313,H2S,9.75
225,0,0.0,0,60407,12328,60407,12328,7.5509,1.541,H2S,9.73
226,0,0.0,0,60372,12320,60372,12320,7.54659,1.54012,H2S,9.72
227,0,0.0,0,60328,12312,60328,12312,7.5411,1.539,H2S,9.71
228,0,0.0,0,60275,12301,60275,12301,7.53439,1.53763,H2S,9.7
229,0,0.0,0,60201,12286,60201,12286,7.52517,1.53575,H2S,9.68
230,0,0.0,0,60191,12284,60191,12284,7.52395,1.5355,H2S,9.68
231,0,0.0,0,60137,12272,60137,12272,7.51719,1.53412,H2S,9.66
232,0,0.0,0,60128,12271,60128,12271,7.51601,1.53388,H2S,9.66
233,0,0.0,0,60078,12260,60078,12260,7.50984,1.53262,H2S,9.65
234,0,0.0,0,60025,12250,60025,12250,7.50313,1.53125,H2S,9.64
235,0,0.0,0,60000,12244,60000,12244,7.50004,1.53062,H2S,9.63
236,0,0.0,0,59976,12240,59976,12240,7.497,1.53,H2S,9.63
237,0,0.0,0,59956,12236,59956,12236,7.49455,1.5295,H2S,9.62
238,0,0.0,0,59936,12232,59936,12232,7.4921,1.529,H2S,9.62
239,0,0.0,0,59912,12227,59912,12227,7.48906,1.52838,H2S,9.61
240,0,0.0,0,59907,12226,59907,12226,7.48843,1.52825,H2S,9.61
241,0,0.0,0,59912,12227,59912,12227,7.48906,1.52838,H2S,9.61
242,0,0.0,0,59887,12222,59887,12222,7.48597,1.52775,H2S,9.61
243,0,0.0,0,59883,12221,59883,12221,7.48539,1.52763,H2S,9.6
244,0,0.0,0,59907,12226,59907,12226,7.48843,1.52825,H2S,9.61
245,0,0.0,0,59921,12228,59921,12228,7.49024,1.52862,H2S,9.61
246,0,0.0,0,59921,12228,59921,12228,7.49024,1.52862,H2S,9.61
247,0,0.0,0,59921,12228,59921,12228,7.49024,1.52862,H2S,9.61
248,0,0.0,0,59976,12240,59976,12240,7.497,1.53,H2S,9.63
249,0,0.0,0,59980,12240,59980,12240,7.49759,1.53012,H2S,9.63
0,0,3.3,255,50239,10253,50239,10253,6.27999,1.28163,H2S,7.33
1,0,3.3,255,52557,10726,52557,10726,6.56968,1.34075,H2S,7.88
2,0,3.3,255,56110,11451,56110,11451,7.01376,1.43138,H2S,8.71
3,0,3.3,255,59691,12182,59691,12182,7.46148,1.52275,H2S,9.56
4,0,3.3,255,63175,12893,63175,12893,7.89699,1.61163,H2S,10.38
5,0,3.3,255,66537,13579,66537,13579,8.31716,1.69738,H2S,11.17
6,0,3.3,255,69707,14226,69707,14226,8.71343,1.77825,H2S,11.92
7,0,3.3,255,72750,14846,72750,14846,9.09376,1.85587,H2S,12.64
8,0,3.3,255,75616,15432,75616,15432,9.4521,1.929,H2S,13.32
9,0,3.3,255,78316,15983,78316,15983,9.78961,1.99788,H2S,13.95
10,0,3.3,255,80815,16492,80815,16492,10.10194,2.06162,H2S,14.54
11,0,3.3,255,83187,16977,83187,16977,10.39844,2.12213,H2S,15.1
12,0,3.3,255,85397,17428,85397,17428,10.67465,2.1785,H2S,15.62
13,0,3.3,255,87484,17854,87484,17854,10.93558,2.23175,H2S,16.12
14,0,3.3,255,89434,18252,89434,18252,11.17935,2.2815,H2S,16.58
15,0,3.3,255,91208,18614,91208,18614,11.40108,2.32675,H2S,16.99
16,0,3.3,255,92850,18949,92850,18949,11.60629,2.36863,H2S,17.38
17,0,3.3,255,94300,19245,94300,19245,11.78759,2.40563,H2S,17.72
18,0,3.3,255,95785,19548,95785,19548,11.97315,2.4435,H2S,18.07
19,0,3.3,255,97034,19803,97034,19803,12.12936,2.47538,H2S,18.37
20,0,3.3,255,98313,20064,98313,20064,12.2892,2.508,H2S,18.67
21,0,3.3,255,99376,20280,99376,20280,12.42209,2.53512,H2S,18.92
22,0,3.3,255,100469,20504,100469,20504,12.5587,2.563,H2S,19.18
23,0,3.3,255,101425,20699,101425,20699,12.67816,2.58738,H2S,19.4
24,0,3.3,255,102292,20876,102292,20876,12.78655,2.6095,H2S,19.61
25,0,3.3,255,103135,21048,103135,21048,12.8919,2.631,H2S,19.81
26,0,3.3,255,103816,21187,103816,21187,12.97706,2.64838,H2S,19.97
27,0,3.3,255,104541,21335,104541,21335,13.06771,2.66688,H2S,20.14
28,0,3.3,255,105193,21468,105193,21468,13.14915,2.6835,H2S,20.29
29,0,3.3,255,105776,21586,105776,21586,13.22201,2.69837,H2S,20.43
30,0,3.3,255,106315,21696,106315,21696,13.28939,2.71212,H2S,20.56
31,0,3.3,255,106810,21798,106810,21798,13.35127,2.72475,H2S,20.68
32,0,3.3,255,107265,21890,107265,21890,13.40821,2.73637,H2S,20.78
33,0,3.3,255,107692,21978,107692,21978,13.46153,2.74725,H2S,20.88
34,0,3.3,255,108113,22064,108113,22064,13.5142,2.758,H2S,20.98
35,0,3.3,255,108471,22137,108471,22137,13.55894,2.76713,H2S,21.07
36,0,3.3,255,108799,22204,108799,22204,13.59995,2.7755,H2S,21.14
37,0,3.3,255,109019,22248,109019,22248,13.62749,2.78112,H2S,21.2
38,0,3.3,255,109294,22304,109294,22304,13.66179,2.78812,H2S,21.26
39,0,3.3,255,109617,22370,109617,22370,13.70221,2.79637,H2S,21.34
40,0,3.3,255,109833,22414,109833,22414,13.72916,2.80187,H2S,21.39
41,0,3.3,255,109975,22444,109975,22444,13.74695,2.8055,H2S,21.42
42,0,3.3,255,110210,22492,110210,22492,13.77635,2.8115,H2S,21.48
43,0,3.3,255,110323,22515,110323,22515,13.79046,2.81438,H2S,21.5
44,0,3.3,255,110460,22542,110460,22542,13.80756,2.81787,H2S,21.54
45,0,3.3,255,110661,22584,110661,22584,13.8327,2.823,H2S,21.58
46,0,3.3,255,110715,22594,110715,22594,13.83941,2.82437,H2S,21.6
47,0,3.3,255,110887,22630,110887,22630,13.86088,2.82875,H2S,21.64
48,0,3.3,255,110896,22632,110896,22632,13.8621,2.829,H2S,21.64
49,0,3.3,255,111048,22663,111048,22663,13.88111,2.83288,H2S,21.68
50,0,3.3,255,111097,22672,111097,22672,13.88719,2.83412,H2S,21.69
51,0,3.3,255,111151,22684,111151,22684,13.89395,2.8355,H2S,21.7
52,0,3.3,255,111117,22676,111117,22676,13.88964,2.83462,H2S,21.69
53,0,3.3,255,111210,22696,111210,22696,13.9013,2.837,H2S,21.71
54,0,3.3,255,111220,22698,111220,22698,13.90253,2.83725,H2S,21.72
55,0,3.3,255,111146,22682,111146,22682,13.89331,2.83537,H2S,21.7
56,0,3.3,255,111141,22682,111141,22682,13.89273,2.83525,H2S,21.7
57,0,3.3,255,111126,22678,111126,22678,13.89086,2.83487,H2S,21.69
58,0,3.3,255,111171,22688,111171,22688,13.8964,2.836,H2S,21.7
59,0,3.3,255,111078,22669,111078,22669,13.88479,2.83363,H2S,21.68
60,0,3.3,255,111039,22661,111039,22661,13.87989,2.83263,H2S,21.67
61,0,3.3,255,111048,22663,111048,22663,13.88111,2.83288,H2S,21.68
62,0,3.3,255,110936,22640,110936,22640,13.867,2.83,H2S,21.65
63,0,3.3,255,110955,22644,110955,22644,13.86945,2.8305,H2S,21.65
64,0,3.3,255,110828,22618,110828,22618,13.85352,2.82725,H2S,21.62
65,0,3.3,255,110832,22618,110832,22618,13.85411,2.82737,H2S,21.62
66,0,3.3,255,110744,22600,110744,22600,13.84309,2.82512,H2S,21.6
67,0,3.3,255,110671,22586,110671,22586,13.83393,2.82325,H2S,21.59
68,0,3.3,255,110583,22568,110583,22568,13.8229,2.821,H2S,21.57
69,0,3.3,255,110431,22536,110431,22536,13.80389,2.81712,H2S,21.53
70,0,3.3,255,110348,22520,110348,22520,13.7935,2.815,H2S,21.51
71,0,3.3,255,110333,22516,110333,22516,13.79164,2.81462,H2S,21.51
72,0,3.3,255,110166,22483,110166,22483,13.77086,2.81038,H2S,21.47
73,0,3.3,255,110146,22478,110146,22478,13.76836,2.80987,H2S,21.46
74,0,3.3,255,110034,22456,110034,22456,13.7543,2.807,H2S,21.44
75,0,3.3,255,109882,22425,109882,22425,13.73534,2.80313,H2S,21.4
76,0,3.3,255,109838,22416,109838,22416,13.7298,2.802,H2S,21.39
77,0,3.3,255,109671,22382,109671,22382,13.70898,2.79775,H2S,21.35
78,0,3.3,255,109627,22373,109627,22373,13.70349,2.79663,H2S,21.34
79,0,3.3,255,109451,22336,109451,22336,13.68139,2.79212,H2S,21.3
80,0,3.3,255,109417,22330,109417,22330,13.67713,2.79125,H2S,21.29
81,0,3.3,255,109279,22302,109279,22302,13.65998,2.78775,H2S,21.26
82,0,3.3,255,109128,22271,109128,22271,13.64101,2.78388,H2S,21.22
83,0,3.3,255,109010,22246,109010,22246,13.62626,2.78087,H2S,21.19
84,0,3.3,255,108902,22225,108902,22225,13.61284,2.77813,H2S,21.17
85,0,3.3,255,108785,22201,108785,22201,13.59814,2.77513,H2S,21.14
86,0,3.3,255,108667,22176,108667,22176,13.58339,2.77212,H2S,21.11
87,0,3.3,255,108608,22164,108608,22164,13.57604,2.77062,H2S,21.1
88,0,3.3,255,108476,22138,108476,22138,13.55953,2.76725,H2S,21.07
89,0,3.3,255,108314,22105,108314,22105,13.53934,2.76313,H2S,21.03
90,0,3.3,255,108182,22078,108182,22078,13.52278,2.75975,H2S,21.0
91,0,3.3,255,108079,22056,108079,22056,13.50989,2.75712,H2S,20.97
92,0,3.3,255,107961,22033,107961,22033,13.49524,2.75413,H2S,20.95
93,0,3.3,255,107829,22006,107829,22006,13.47868,2.75075,H2S,20.92
94,0,3.3,255,107711,21982,107711,21982,13.46398,2.74775,H2S,20.89
95,0,3.3,255,107613,21962,107613,21962,13.45173,2.74525,H2S,20.86
96,0,3.3,255,107427,21924,107427,21924,13.42845,2.7405,H2S,20.82
97,0,3.3,255,107353,21908,107353,21908,13.41924,2.73862,H2S,20.8
98,0,3.3,255,107236,21885,107236,21885,13.40459,2.73563,H2S,20.78
99,0,3.3,255,107099,21856,107099,21856,13.38739,2.73212,H2S,20.74
100,0,3.3,255,106893,21815,106893,21815,13.36171,2.72688,H2S,20.7
101,0,3.3,255,106790,21794,106790,21794,13.34883,2.72425,H2S,20.67
102,0,3.3,255,106682,21772,106682,21772,13.33535,2.7215,H2S,20.65
103,0,3.3,255,106589,21753,106589,21753,13.32374,2.71913,H2S,20.62
104,0,3.3,255,106393,21713,106393,21713,13.29924,2.71413,H2S,20.58
105,0,3.3,255,106364,21707,106364,21707,13.29556,2.71338,H2S,20.57
106,0,3.3,255,106217,21676,106217,21676,13.27714,2.70962,H2S,20.54
107,0,3.3,255,106026,21638,106026,21638,13.25328,2.70475,H2S,20.49
108,0,3.3,255,105982,21629,105982,21629,13.24779,2.70363,H2S,20.48
109,0,3.3,255,105844,21600,105844,21600,13.23059,2.70012,H2S,20.45
110,0,3.3,255,105727,21577,105727,21577,13.21594,2.69713,H2S,20.42
111,0,3.3,255,105555,21542,105555,21542,13.19448,2.69275,H2S,20.38
112,0,3.3,255,105491,21528,105491,21528,13.18649,2.69112,H2S,20.36
113,0,3.3,255,105325,21495,105325,21495,13.16571,2.68688,H2S,20.33
114,0,3.3,255,105203,21470,105203,21470,13.15038,2.68375,H2S,20.3
115,0,3.3,255,105129,21454,105129,21454,13.14116,2.68187,H2S,20.28
116,0,3.3,255,104943,21417,104943,21417,13.11794,2.67713,H2S,20.23
117,0,3.3,255,104899,21408,104899,21408,13.1124,2.676,H2S,20.22
118,0,3.3,255,104771,21382,104771,21382,13.09648,2.67275,H2S,20.19
119,0,3.3,255,104654,21358,104654,21358,13.08178,2.66975,H2S,20.17
120,0,3.3,255,104521,21330,104521,21330,13.06521,2.66637,H2S,20.14
121,0,3.3,255,104326,21291,104326,21291,13.04076,2.66138,H2S,20.09
122,0,3.3,255,104247,21274,104247,21274,13.03091,2.65937,H2S,20.07
123,0,3.3,255,104198,21265,104198,21265,13.02484,2.65813,H2S,20.06
124,0,3.3,255,104021,21228,104021,21228,13.00274,2.65362,H2S,20.02
125,0,0.0,0,124283,25364,124283,25364,15.53545,3.1705,H2S,24.8
126,0,0.0,0,122446,24989,122446,24989,15.30579,3.12363,H2S,24.36
127,0,0.0,0,120044,24498,120044,24498,15.00561,3.06237,H2S,23.8
128,0,0.0,0,117717,24024,117717,24024,14.7147,3.003,H2S,23.25
129,0,0.0,0,115473,23566,115473,23566,14.43417,2.94575,H2S,22.72
130,0,0.0,0,113307,23124,113307,23124,14.16345,2.8905,H2S,22.21
131,0,0.0,0,111220,22698,111220,22698,13.90253,2.83725,H2S,21.72
132,0,0.0,0,109176,22280,109176,22280,13.64709,2.78512,H2S,21.23
133,0,0.0,0,107202,21878,107202,21878,13.40028,2.73475,H2S,20.77
134,0,0.0,0,105266,21483,105266,21483,13.15836,2.68538,H2S,20.31
135,0,0.0,0,103434,21109,103434,21109,12.92929,2.63863,H2S,19.88
136,0,0.0,0,101660,20746,101660,20746,12.70751,2.59337,H2S,19.46
137,0,0.0,0,99920,20392,99920,20392,12.4901,2.549,H2S,19.05
138,0,0.0,0,98264,20054,98264,20054,12.28308,2.50675,H2S,18.66
139,0,0.0,0,96701,19734,96701,19734,12.08766,2.46687,H2S,18.29
140,0,0.0,0,95187,19426,95187,19426,11.89842,2.42825,H2S,17.93
141,0,0.0,0,93780,19138,93780,19138,11.72261,2.39237,H2S,17.6
142,0,0.0,0,92423,18862,92423,18862,11.55297,2.35775,H2S,17.28
143,0,0.0,0,91120,18596,91120,18596,11.39005,2.3245,H2S,16.97
144,0,0.0,0,89875,18342,89875,18342,11.23447,2.29275,H2S,16.68
145,0,0.0,0,88680,18098,88680,18098,11.08502,2.26225,H2S,16.4
146,0,0.0,0,87557,17868,87557,17868,10.94474,2.23362,H2S,16.13
147,0,0.0,0,86480,17649,86480,17649,10.81004,2.20613,H2S,15.88
148,0,0.0,0,85446,17438,85446,17438,10.68078,2.17975,H2S,15.64
149,0,0.0,0,84441,17233,84441,17233,10.55524,2.15413,H2S,15.4
150,0,0.0,0,83505,17042,83505,17042,10.43823,2.13025,H2S,15.18
151,0,0.0,0,82589,16855,82589,16855,10.32371,2.10688,H2S,14.96
152,0,0.0,0,81717,16676,81717,16676,10.21464,2.08462,H2S,14.76
153,0,0.0,0,80884,16507,80884,16507,10.11056,2.06338,H2S,14.56
154,0,0.0,0,80066,16340,80066,16340,10.00825,2.0425,H2S,14.37
155,0,0.0,0,79316,16187,79316,16187,9.91456,2.02338,H2S,14.19
156,0,0.0,0,78566,16033,78566,16033,9.82082,2.00425,H2S,14.01
157,0,0.0,0,77866,15891,77866,15891,9.73326,1.98638,H2S,13.85
158,0,0.0,0,77179,15750,77179,15750,9.64746,1.96887,H2S,13.68
159,0,0.0,0,76518,15616,76518,15616,9.5648,1.952,H2S,13.53
160,0,0.0,0,75886,15487,75886,15487,9.48581,1.93588,H2S,13.38
161,0,0.0,0,75269,15361,75269,15361,9.40864,1.92013,H2S,13.23
162,0,0.0,0,74676,15240,74676,15240,9.3345,1.905,H2S,13.09
163,0,0.0,0,74117,15126,74117,15126,9.26468,1.89075,H2S,12.96
164,0,0.0,0,73563,15012,73563,15012,9.19544,1.87662,H2S,12.83
165,0,0.0,0,73063,14910,73063,14910,9.13296,1.86387,H2S,12.71
166,0,0.0,0,72549,14806,72549,14806,9.06868,1.85075,H2S,12.59
167,0,0.0,0,72039,14702,72039,14702,9.00497,1.83775,H2S,12.47
168,0,0.0,0,71594,14611,71594,14611,8.94926,1.82638,H2S,12.37
169,0,0.0,0,71148,14520,71148,14520,8.8935,1.815,H2S,12.26
170,0,0.0,0,70707,14430,70707,14430,8.83838,1.80375,H2S,12.16
171,0,0.0,0,70290,14345,70290,14345,8.78634,1.79313,H2S,12.06
172,0,0.0,0,69883,14262,69883,14262,8.73548,1.78275,H2S,11.96
173,0,0.0,0,69506,14185,69506,14185,8.68834,1.77313,H2S,11.87
174,0,0.0,0,69114,14105,69114,14105,8.63934,1.76313,H2S,11.78
175,0,0.0,0,68766,14034,68766,14034,8.59583,1.75425,H2S,11.7
176,0,0.0,0,68398,13958,68398,13958,8.54986,1.74487,H2S,11.61
177,0,0.0,0,68085,13894,68085,13894,8.51066,1.73687,H2S,11.54
178,0,0.0,0,67737,13824,67737,13824,8.4672,1.728,H2S,11.46
179,0,0.0,0,67428,13760,67428,13760,8.42859,1.72012,H2S,11.38
180,0,0.0,0,67139,13702,67139,13702,8.39248,1.71275,H2S,11.32
181,0,0.0,0,66850,13643,66850,13643,8.35636,1.70538,H2S,11.25
182,0,0.0,0,66591,13590,66591,13590,8.32388,1.69875,H2S,11.19
183,0,0.0,0,66326,13536,66326,13536,8.2908,1.692,H2S,11.12
184,0,0.0,0,66066,13483,66066,13483,8.25836,1.68538,H2S,11.06
185,0,0.0,0,65816,13432,65816,13432,8.2271,1.679,H2S,11.0
186,0,0.0,0,65581,13384,65581,13384,8.1977,1.673,H2S,10.95
187,0,0.0,0,65346,13336,65346,13336,8.1683,1.667,H2S,10.89
188,0,0.0,0,65130,13292,65130,13292,8.14135,1.6615,H2S,10.84
189,0,0.0,0,64939,13253,64939,13253,8.11749,1.65663,H2S,10.8
190,0,0.0,0,64714,13207,64714,13207,8.08931,1.65088,H2S,10.74
191,0,0.0,0,64528,13169,64528,13169,8.06604,1.64613,H2S,10.7
192,0,0.0,0,64361,13134,64361,13134,8.04516,1.64187,H2S,10.66
193,0,0.0,0,64170,13096,64170,13096,8.0213,1.637,H2S,10.62
194,0,0.0,0,63984,13058,63984,13058,7.99803,1.63225,H2S,10.57
195,0,0.0,0,63817,13024,63817,13024,7.9772,1.628,H2S,10.53
196,0,0.0,0,63670,12994,63670,12994,7.95883,1.62425,H2S,10.5
197,0,0.0,0,63494,12958,63494,12958,7.93678,1.61975,H2S,10.46
198,0,0.0,0,63347,12928,63347,12928,7.9184,1.616,H2S,10.42
199,0,0.0,0,63204,12898,63204,12898,7.90061,1.61237,H2S,10.39
200,0,0.0,0,63068,12871,63068,12871,7.88351,1.60888,H2S,10.36
201,0,0.0,0,62955,12848,62955,12848,7.8694,1.606,H2S,10.33
202,0,0.0,0,62818,12820,62818,12820,7.85225,1.6025,H2S,10.3
203,0,0.0,0,62690,12794,62690,12794,7.83633,1.59925,H2S,10.27
204,0,0.0,0,62587,12772,62587,12772,7.82344,1.59662,H2S,10.24
205,0,0.0,0,62470,12749,62470,12749,7.80879,1.59363,H2S,10.21
206,0,0.0,0,62362,12727,62362,12727,7.79531,1.59088,H2S,10.19
207,0,0.0,0,62284,12711,62284,12711,7.78551,1.58888,H2S,10.17
208,0,0.0,0,62161,12686,62161,12686,7.77018,1.58575,H2S,10.14
209,0,0.0,0,62048,12663,62048,12663,7.75611,1.58288,H2S,10.12
210,0,0.0,0,61950,12643,61950,12643,7.74386,1.58038,H2S,10.09
211,0,0.0,0,61852,12622,61852,12622,7.73156,1.57787,H2S,10.07
212,0,0.0,0,61779,12608,61779,12608,7.7224,1.576,H2S,10.05
213,0,0.0,0,61691,12590,61691,12590,7.71138,1.57375,H2S,10.03
214,0,0.0,0,61637,12579,61637,12579,7.70466,1.57238,H2S,10.02
215,0,0.0,0,61524,12556,61524,12556,7.69055,1.5695,H2S,9.99
216,0,0.0,0,61446,12540,61446,12540,7.68075,1.5675,H2S,9.97
217,0,0.0,0,61377,12526,61377,12526,7.67218,1.56575,H2S,9.96
218,0,0.0,0,61284,12506,61284,12506,7.66051,1.56337,H2S,9.93
219,0,0.0,0,61235,12496,61235,12496,7.65439,1.56212,H2S,9.92
220,0,0.0,0,61181,12486,61181,12486,7.64768,1.56075,H2S,9.91
221,0,0.0,0,61117,12473,61117,12473,7.63974,1.55913,H2S,9.9
222,0,0.0,0,61059,12461,61059,12461,7.63239,1.55763,H2S,9.88
223,0,0.0,0,61010,12451,61010,12451,7.62626,1.55638,H2S,9.87
224,0,0.0,0,60941,12436,60941,12436,7.61764,1.55462,H2S,9.85
225,0,0.0,0,60877,12424,60877,12424,7.6097,1.553,H2S,9.84
226,0,0.0,0,60838,12416,60838,12416,7.6048,1.552,H2S,9.83
227,0,0.0,0,60799,12408,60799,12408,7.5999,1.551,H2S,9.82
228,0,0.0,0,60745,12397,60745,12397,7.59319,1.54963,H2S,9.81
229,0,0.0,0,60701,12388,60701,12388,7.58765,1.5485,H2S,9.8
230,0,0.0,0,60656,12378,60656,12378,7.58211,1.54737,H2S,9.79
231,0,0.0,0,60627,12372,60627,12372,7.57844,1.54662,H2S,9.78
232,0,0.0,0,60588,12365,60588,12365,7.57359,1.54563,H2S,9.77
233,0,0.0,0,60554,12358,60554,12358,7.56928,1.54475,H2S,9.76
234,0,0.0,0,60544,12356,60544,12356,7.56805,1.5445,H2S,9.76
235,0,0.0,0,60520,12351,60520,12351,7.56501,1.54388,H2S,9.75
236,0,0.0,0,60485,12344,60485,12344,7.5607,1.543,H2S,9.75
237,0,0.0,0,60485,12344,60485,12344,7.5607,1.543,H2S,9.75
238,0,0.0,0,60461,12339,60461,12339,7.55766,1.54238,H2S,9.74
239,0,0.0,0,60466,12340,60466,12340,7.55825,1.5425,H2S,9.74
240,0,0.0,0,60446,12336,60446,12336,7.5558,1.542,H2S,9.74
241,0,0.0,0,60426,12332,60426,12332,7.55335,1.5415,H2S,9.73
242,0,0.0,0,60441,12335,60441,12335,7.55521,1.54188,H2S,9.74
243,0,0.0,0,60421,12330,60421,12330,7.55271,1.54137,H2S,9.73
244,0,0.0,0,60421,12330,60421,12330,7.55271,1.54137,H2S,9.73
245,0,0.0,0,60431,12333,60431,12333,7.55399,1.54163,H2S,9.73
246,0,0.0,0,60407,12328,60407,12328,7.5509,1.541,H2S,9.73
247,0,0.0,0,60417,12330,60417,12330,7.55213,1.54125,H2S,9.73
248,0,0.0,0,60417,12330,60417,12330,7.55213,1.54125,H2S,9.73
249,0,0.0,0,60441,12335,60441,12335,7.55521,1.54188,H2S,9.74
0,0,3.3,255,50621,10330,50621,10330,6.32771,1.29137,H2S,7.42
1,0,3.3,255,52959,10808,52959,10808,6.6199,1.351,H2S,7.97
2,0,3.3,255,56502,11531,56502,11531,7.06276,1.44138,H2S,8.81
3,0,3.3,255,60083,12262,60083,12262,7.51048,1.53275,H2S,9.65
4,0,3.3,255,63587,12977,63587,12977,7.94844,1.62213,H2S,10.48
5,0,3.3,255,66934,13660,66934,13660,8.36675,1.7075,H2S,11.27
6,0,3.3,255,70104,14307,70104,14307,8.76306,1.78838,H2S,12.02
7,0,3.3,255,73122,14923,73122,14923,9.14036,1.86538,H2S,12.73
8,0,3.3,255,75969,15504,75969,15504,9.4962,1.938,H2S,13.4
9,0,3.3,255,78659,16053,78659,16053,9.83249,2.00663,H2S,14.03
10,0,3.3,255,81173,16566,81173,16566,10.14668,2.07075,H2S,14.63
11,0,3.3,255,83535,17048,83535,17048,10.4419,2.131,H2S,15.18
12,0,3.3,255,85735,17496,85735,17496,10.71689,2.18712,H2S,15.7
13,0,3.3,255,87788,17916,87788,17916,10.97355,2.2395,H2S,16.19
14,0,3.3,255,89762,18318,89762,18318,11.22036,2.28987,H2S,16.65
15,0,3.3,255,91512,18676,91512,18676,11.43905,2.3345,H2S,17.07
16,0,3.3,255,93153,19010,93153,19010,11.64421,2.37637,H2S,17.45
17,0,3.3,255,94662,19318,94662,19318,11.83286,2.41487,H2S,17.81
18,0,3.3,255,96064,19605,96064,19605,12.00809,2.45063,H2S,18.14
19,0,3.3,255,97348,19867,97348,19867,12.16856,2.48338,H2S,18.44
20,0,3.3,255,98494,20100,98494,20100,12.31184,2.51262,H2S,18.71
21,0,3.3,255,99602,20327,99602,20327,12.45031,2.54088,H2S,18.97
22,0,3.3,255,100709,20553,100709,20553,12.58874,2.56913,H2S,19.24
23,0,3.3,255,101596,20734,101596,20734,12.69958,2.59175,H2S,19.45
24,0,3.3,255,102517,20922,102517,20922,12.81473,2.61525,H2S,19.66
25,0,3.3,255,103252,21072,103252,21072,12.9066,2.634,H2S,19.84
26,0,3.3,255,104051,21234,104051,21234,13.00641,2.65437,H2S,20.02
27,0,3.3,255,104707,21368,104707,21368,13.08849,2.67112,H2S,20.18
28,0,3.3,255,105408,21512,105408,21512,13.1761,2.689,H2S,20.34
29,0,3.3,255,105938,21620,105938,21620,13.24225,2.7025,H2S,20.47
30,0,3.3,255,106540,21742,106540,21742,13.31756,2.71787,H2S,20.61
31,0,3.3,255,106991,21835,106991,21835,13.37396,2.72938,H2S,20.72
32,0,3.3,255,107457,21930,107457,21930,13.43213,2.74125,H2S,20.83
33,0,3.3,255,107941,22028,107941,22028,13.49274,2.75362,H2S,20.94
34,0,3.3,255,108319,22106,108319,22106,13.53993,2.76325,H2S,21.03
35,0,3.3,255,108662,22176,108662,22176,13.5828,2.772,H2S,21.11
36,0,3.3,255,108995,22244,108995,22244,13.62445,2.7805,H2S,21.19
37,0,3.3,255,109216,22289,109216,22289,13.65204,2.78613,H2S,21.24
38,0,3.3,255,109495,22346,109495,22346,13.68693,2.79325,H2S,21.31
39,0,3.3,255,109818,22412,109818,22412,13.72735,2.8015,H2S,21.39
40,0,3.3,255,109951,22439,109951,22439,13.74391,2.80488,H2S,21.42
41,0,3.3,255,110240,22498,110240,22498,13.78003,2.81225,H2S,21.48
42,0,3.3,255,110353,22521,110353,22521,13.79414,2.81513,H2S,21.51
43,0,3.3,255,110617,22574,110617,22574,13.82716,2.82187,H2S,21.57
44,0,3.3,255,110691,22590,110691,22590,13.83638,2.82375,H2S,21.59
45,0,3.3,255,110901,22632,110901,22632,13.86269,2.82912,H2S,21.64
46,0,3.3,255,110945,22642,110945,22642,13.86823,2.83025,H2S,21.65
47,0,3.3,255,111063,22666,111063,22666,13.88293,2.83325,H2S,21.68
48,0,3.3,255,111132,22680,111132,22680,13.8915,2.835,H2S,21.69
49,0,3.3,255,111210,22696,111210,22696,13.9013,2.837,H2S,21.71
50,0,3.3,255,111264,22707,111264,22707,13.90806,2.83838,H2S,21.73
51,0,3.3,255,111367,22728,111367,22728,13.9209,2.841,H2S,21.75
52,0,3.3,255,111323,22719,111323,22719,13.91541,2.83988,H2S,21.74
53,0,3.3,255,111377,22730,111377,22730,13.92213,2.84125,H2S,21.75
54,0,3.3,255,111371,22728,111371,22728,13.92149,2.84112,H2S,21.75
55,0,3.3,255,111445,22744,111445,22744,13.9307,2.843,H2S,21.77
56,0,3.3,255,111430,22740,111430,22740,13.92884,2.84262,H2S,21.77
57,0,3.3,255,111371,22728,111371,22728,13.92149,2.84112,H2S,21.75
58,0,3.3,255,111337,22722,111337,22722,13.91723,2.84025,H2S,21.74
59,0,3.3,255,111318,22718,111318,22718,13.91478,2.83975,H2S,21.74
60,0,3.3,255,111269,22708,111269,22708,13.90865,2.8385,H2S,21.73
61,0,3.3,255,111254,22704,111254,22704,13.90679,2.83812,H2S,21.72
62,0,3.3,255,111205,22695,111205,22695,13.90071,2.83688,H2S,21.71
63,0,3.3,255,111151,22684,111151,22684,13.89395,2.8355,H2S,21.7
64,0,3.3,255,111073,22668,111073,22668,13.88415,2.8335,H2S,21.68
65,0,3.3,255,111014,22656,111014,22656,13.8768,2.832,H2S,21.67
66,0,3.3,255,110852,22623,110852,22623,13.85661,2.82788,H2S,21.63
67,0,3.3,255,110774,22606,110774,22606,13.84676,2.82587,H2S,21.61
68,0,3.3,255,110730,22598,110730,22598,13.84127,2.82475,H2S,21.6
69,0,3.3,255,110705,22592,110705,22592,13.83819,2.82412,H2S,21.59
70,0,3.3,255,110612,22574,110612,22574,13.82658,2.82175,H2S,21.57
71,0,3.3,255,110524,22556,110524,22556,13.81555,2.8195,H2S,21.55
72,0,3.3,255,110367,22524,110367,22524,13.79595,2.8155,H2S,21.51
73,0,3.3,255,110274,22504,110274,22504,13.78429,2.81312,H2S,21.49
74,0,3.3,255,110171,22484,110171,22484,13.77145,2.8105,H2S,21.47
75,0,3.3,255,110142,22478,110142,22478,13.76778,2.80975,H2S,21.46
76,0,3.3,255,110039,22457,110039,22457,13.75494,2.80713,H2S,21.44
77,0,3.3,255,109931,22434,109931,22434,13.74141,2.80437,H2S,21.41
78,0,3.3,255,109745,22396,109745,22396,13.71814,2.79962,H2S,21.37
79,0,3.3,255,109671,22382,109671,22382,13.70898,2.79775,H2S,21.35
80,0,3.3,255,109569,22361,109569,22361,13.69614,2.79513,H2S,21.33
81,0,3.3,255,109456,22338,109456,22338,13.68203,2.79225,H2S,21.3
82,0,3.3,255,109348,22316,109348,22316,13.66855,2.7895,H2S,21.27
83,0,3.3,255,109230,22292,109230,22292,13.65385,2.7865,H2S,21.25
84,0,3.3,255,109108,22266,109108,22266,13.63851,2.78337,H2S,21.22
85,0,3.3,255,109005,22246,109005,22246,13.62567,2.78075,H2S,21.19
86,0,3.3,255,108883,22221,108883,22221,13.61039,2.77763,H2S,21.16
87,0,3.3,255,108760,22196,108760,22196,13.59505,2.7745,H2S,21.14
88,0,3.3,255,108633,22170,108633,22170,13.57913,2.77125,H2S,21.11
89,0,3.3,255,108534,22150,108534,22150,13.56687,2.76875,H2S,21.08
90,0,3.3,255,108402,22123,108402,22123,13.55036,2.76538,H2S,21.05
91,0,3.3,255,108270,22096,108270,22096,13.5338,2.762,H2S,21.02
92,0,3.3,255,108148,22071,108148,22071,13.51851,2.75888,H2S,20.99
93,0,3.3,255,108020,22045,108020,22045,13.50259,2.75563,H2S,20.96
94,0,3.3,255,107903,22021,107903,22021,13.48789,2.75263,H2S,20.93
95,0,3.3,255,107765,21992,107765,21992,13.47069,2.74912,H2S,20.9
96,0,3.3,255,107643,21968,107643,21968,13.4554,2.746,H2S,20.87
97,0,3.3,255,107515,21942,107515,21942,13.43948,2.74275,H2S,20.84
98,0,3.3,255,107398,21918,107398,21918,13.42478,2.73975,H2S,20.81
99,0,3.3,255,107280,21894,107280,21894,13.41007,2.73675,H2S,20.79
100,0,3.3,255,107148,21867,107148,21867,13.39356,2.73338,H2S,20.76
101,0,3.3,255,107021,21841,107021,21841,13.37764,2.73013,H2S,20.73
102,0,3.3,255,106898,21816,106898,21816,13.3623,2.727,H2S,20.7
103,0,3.3,255,106766,21789,106766,21789,13.34579,2.72363,H2S,20.66
104,0,3.3,255,106648,21765,106648,21765,13.33109,2.72063,H2S,20.64
105,0,3.3,255,106526,21740,106526,21740,13.31575,2.7175,H2S,20.61
106,0,3.3,255,106403,21714,106403,21714,13.30041,2.71437,H2S,20.58
107,0,3.3,255,106276,21689,106276,21689,13.28454,2.71113,H2S,20.55
108,0,3.3,255,106158,21664,106158,21664,13.26979,2.70812,H2S,20.52
109,0,3.3,255,106026,21638,106026,21638,13.25328,2.70475,H2S,20.49
110,0,3.3,255,105889,21610,105889,21610,13.23613,2.70125,H2S,20.46
111,0,3.3,255,105781,21588,105781,21588,13.22265,2.6985,H2S,20.43
112,0,3.3,255,105644,21560,105644,21560,13.2055,2.695,H2S,20.4
113,0,3.3,255,105531,21536,105531,21536,13.19139,2.69212,H2S,20.37
114,0,3.3,255,105413,21513,105413,21513,13.17674,2.68913,H2S,20.35
115,0,3.3,255,105330,21496,105330,21496,13.1663,2.687,H2S,20.33
116,0,3.3,255,105173,21464,105173,21464,13.1467,2.683,H2S,20.29
117,0,3.3,255,105051,21439,105051,21439,13.13141,2.67988,H2S,20.26
118,0,3.3,255,104938,21416,104938,21416,13.1173,2.677,H2S,20.23
119,0,3.3,255,104820,21392,104820,21392,13.1026,2.674,H2S,20.21
120,0,3.3,255,104703,21368,104703,21368,13.0879,2.671,H2S,20.18
121,0,3.3,255,104590,21344,104590,21344,13.07379,2.66812,H2S,20.15
122,0,3.3,255,104473,21321,104473,21321,13.05914,2.66513,H2S,20.12
123,0,3.3,255,104350,21296,104350,21296,13.0438,2.662,H2S,20.09
124,0,3.3,255,104242,21274,104242,21274,13.03033,2.65925,H2S,20.07
125,0,0.0,0,124494,25407,124494,25407,15.56181,3.17588,H2S,24.85
126,0,0.0,0,122637,25028,122637,25028,15.32965,3.1285,H2S,24.41
127,0,0.0,0,120246,24540,120246,24540,15.03075,3.0675,H2S,23.85
128,0,0.0,0,117933,24068,117933,24068,14.74165,3.0085,H2S,23.3
129,0,0.0,0,115684,23609,115684,23609,14.46054,2.95113,H2S,22.77
130,0,0.0,0,113503,23164,113503,23164,14.18795,2.8955,H2S,22.25
131,0,0.0,0,111426,22740,111426,22740,13.92825,2.8425,H2S,21.76
132,0,0.0,0,109373,22321,109373,22321,13.67164,2.79013,H2S,21.28
133,0,0.0,0,107403,21919,107403,21919,13.42541,2.73988,H2S,20.82
134,0,0.0,0,105477,21526,105477,21526,13.18468,2.69075,H2S,20.36
135,0,0.0,0,103625,21148,103625,21148,12.95315,2.6435,H2S,19.92
136,0,0.0,0,101826,20780,101826,20780,12.72834,2.59762,H2S,19.5
137,0,0.0,0,100092,20426,100092,20426,12.51151,2.55337,H2S,19.09
138,0,0.0,0,98431,20088,98431,20088,12.3039,2.511,H2S,18.7
139,0,0.0,0,96838,19763,96838,19763,12.10486,2.47038,H2S,18.32
140,0,0.0,0,95290,19446,95290,19446,11.91126,2.43087,H2S,17.96
141,0,0.0,0,93859,19155,93859,19155,11.73246,2.39438,H2S,17.62
142,0,0.0,0,92492,18876,92492,18876,11.56155,2.3595,H2S,17.3
143,0,0.0,0,91164,18605,91164,18605,11.39559,2.32563,H2S,16.98
144,0,0.0,0,89915,18350,89915,18350,11.23938,2.29375,H2S,16.69
145,0,0.0,0,88719,18106,88719,18106,11.08993,2.26325,H2S,16.41
146,0,0.0,0,87563,17870,87563,17870,10.94538,2.23375,H2S,16.13
147,0,0.0,0,86494,17652,86494,17652,10.81185,2.2065,H2S,15.88
148,0,0.0,0,85436,17436,85436,17436,10.67955,2.1795,H2S,15.63
149,0,0.0,0,84427,17230,84427,17230,10.55338,2.15375,H2S,15.39
150,0,0.0,0,83491,17039,83491,17039,10.43641,2.12988,H2S,15.17
151,0,0.0,0,82574,16852,82574,16852,10.32185,2.1065,H2S,14.96
152,0,0.0,0,81707,16675,81707,16675,10.21346,2.08438,H2S,14.75
153,0,0.0,0,80859,16502,80859,16502,10.10748,2.06275,H2S,14.55
154,0,0.0,0,80071,16341,80071,16341,10.00889,2.04263,H2S,14.37
155,0,0.0,0,79291,16181,79291,16181,9.91147,2.02275,H2S,14.18
156,0,0.0,0,78566,16033,78566,16033,9.82082,2.00425,H2S,14.01
157,0,0.0,0,77836,15884,77836,15884,9.72954,1.98562,H2S,13.84
158,0,0.0,0,77155,15746,77155,15746,9.64443,1.96825,H2S,13.68
159,0,0.0,0,76489,15610,76489,15610,9.56113,1.95125,H2S,13.52
160,0,0.0,0,75856,15480,75856,15480,9.48209,1.93512,H2S,13.37
161,0,0.0,0,75254,15358,75254,15358,9.40678,1.91975,H2S,13.23
162,0,0.0,0,74680,15240,74680,15240,9.33509,1.90512,H2S,13.1
163,0,0.0,0,74107,15124,74107,15124,9.26345,1.8905,H2S,12.96
164,0,0.0,0,73573,15015,73573,15015,9.19671,1.87688,H2S,12.83
165,0,0.0,0,73054,14909,73054,14909,9.13179,1.86363,H2S,12.71
166,0,0.0,0,72554,14807,72554,14807,9.06931,1.85088,H2S,12.59
167,0,0.0,0,72069,14708,72069,14708,9.00865,1.8385,H2S,12.48
168,0,0.0,0,71603,14612,71603,14612,8.95044,1.82662,H2S,12.37
169,0,0.0,0,71172,14525,71172,14525,8.89659,1.81563,H2S,12.27
170,0,0.0,0,70711,14430,70711,14430,8.83896,1.80387,H2S,12.16
171,0,0.0,0,70324,14352,70324,14352,8.7906,1.794,H2S,12.07
172,0,0.0,0,69913,14268,69913,14268,8.73915,1.7835,H2S,11.97
173,0,0.0,0,69536,14191,69536,14191,8.69201,1.77388,H2S,11.88
174,0,0.0,0,69173,14117,69173,14117,8.64669,1.76463,H2S,11.8
175,0,0.0,0,68801,14041,68801,14041,8.60014,1.75513,H2S,11.71
176,0,0.0,0,68482,13976,68482,13976,8.5603,1.747,H2S,11.63
177,0,0.0,0,68129,13904,68129,13904,8.5162,1.738,H2S,11.55
178,0,0.0,0,67825,13842,67825,13842,8.47823,1.73025,H2S,11.48
179,0,0.0,0,67502,13776,67502,13776,8.4378,1.722,H2S,11.4
180,0,0.0,0,67213,13717,67213,13717,8.40169,1.71463,H2S,11.33
181,0,0.0,0,66914,13656,66914,13656,8.3643,1.707,H2S,11.26
182,0,0.0,0,66664,13605,66664,13605,8.33309,1.70063,H2S,11.2
183,0,0.0,0,66419,13554,66419,13554,8.30241,1.69437,H2S,11.15
184,0,0.0,0,66169,13504,66169,13504,8.2712,1.688,H2S,11.09
185,0,0.0,0,65919,13452,65919,13452,8.23994,1.68162,H2S,11.03
186,0,0.0,0,65713,13410,65713,13410,8.21421,1.67637,H2S,10.98
187,0,0.0,0,65469,13361,65469,13361,8.18364,1.67013,H2S,10.92
188,0,0.0,0,65268,13320,65268,13320,8.1585,1.665,H2S,10.87
189,0,0.0,0,65047,13275,65047,13275,8.13096,1.65938,H2S,10.82
190,0,0.0,0,64866,13238,64866,13238,8.10828,1.65475,H2S,10.78
191,0,0.0,0,64680,13200,64680,13200,8.085,1.65,H2S,10.74
192,0,0.0,0,64493,13162,64493,13162,8.06173,1.64525,H2S,10.69
193,0,0.0,0,64331,13128,64331,13128,8.04149,1.64112,H2S,10.65
194,0,0.0,0,64165,13095,64165,13095,8.02071,1.63688,H2S,10.61
195,0,0.0,0,64013,13064,64013,13064,8.0017,1.633,H2S,10.58
196,0,0.0,0,63861,13032,63861,13032,7.98269,1.62912,H2S,10.54
197,0,0.0,0,63700,13000,63700,13000,7.9625,1.625,H2S,10.5
198,0,0.0,0,63572,12974,63572,12974,7.94658,1.62175,H2S,10.47
199,0,0.0,0,63420,12942,63420,12942,7.92756,1.61787,H2S,10.44
200,0,0.0,0,63293,12916,63293,12916,7.91164,1.61462,H2S,10.41
201,0,0.0,0,63170,12892,63170,12892,7.89635,1.6115,H2S,10.38
202,0,0.0,0,63053,12868,63053,12868,7.88165,1.6085,H2S,10.35
203,0,0.0,0,62925,12842,62925,12842,7.86573,1.60525,H2S,10.32
204,0,0.0,0,62798,12816,62798,12816,7.8498,1.602,H2S,10.29
205,0,0.0,0,62695,12794,62695,12794,7.83691,1.59937,H2S,10.27
206,0,0.0,0,62597,12775,62597,12775,7.82471,1.59688,H2S,10.24
207,0,0.0,0,62494,12754,62494,12754,7.81183,1.59425,H2S,10.22
208,0,0.0,0,62391,12733,62391,12733,7.79899,1.59163,H2S,10.2
209,0,0.0,0,62318,12718,62318,12718,7.78978,1.58975,H2S,10.18
210,0,0.0,0,62205,12695,62205,12695,7.77571,1.58688,H2S,10.15
211,0,0.0,0,62102,12674,62102,12674,7.76283,1.58425,H2S,10.13
212,0,0.0,0,62014,12656,62014,12656,7.7518,1.582,H2S,10.11
213,0,0.0,0,61930,12638,61930,12638,7.74136,1.57987,H2S,10.09
214,0,0.0,0,61847,12622,61847,12622,7.73098,1.57775,H2S,10.07
215,0,0.0,0,61764,12605,61764,12605,7.72059,1.57563,H2S,10.05
216,0,0.0,0,61705,12592,61705,12592,7.71319,1.57412,H2S,10.03
217,0,0.0,0,61632,12578,61632,12578,7.70403,1.57225,H2S,10.02
218,0,0.0,0,61553,12562,61553,12562,7.69423,1.57025,H2S,10.0
219,0,0.0,0,61480,12547,61480,12547,7.68506,1.56838,H2S,9.98
220,0,0.0,0,61431,12537,61431,12537,7.67894,1.56713,H2S,9.97
221,0,0.0,0,61372,12525,61372,12525,7.67159,1.56563,H2S,9.96
222,0,0.0,0,61299,12510,61299,12510,7.66238,1.56375,H2S,9.94
223,0,0.0,0,61250,12500,61250,12500,7.65625,1.5625,H2S,9.93
224,0,0.0,0,61210,12492,61210,12492,7.65135,1.5615,H2S,9.92
225,0,0.0,0,61156,12480,61156,12480,7.64459,1.56012,H2S,9.9
226,0,0.0,0,61112,12472,61112,12472,7.6391,1.559,H2S,9.89
227,0,0.0,0,61073,12464,61073,12464,7.6342,1.558,H2S,9.89
228,0,0.0,0,61014,12452,61014,12452,7.62685,1.5565,H2S,9.87
229,0,0.0,0,60970,12442,60970,12442,7.62131,1.55537,H2S,9.86
230,0,0.0,0,60936,12436,60936,12436,7.61705,1.5545,H2S,9.85
231,0,0.0,0,60902,12429,60902,12429,7.61279,1.55363,H2S,9.84
232,0,0.0,0,60877,12424,60877,12424,7.6097,1.553,H2S,9.84
233,0,0.0,0,60843,12416,60843,12416,7.60539,1.55212,H2S,9.83
234,0,0.0,0,60823,12413,60823,12413,7.60299,1.55163,H2S,9.83
235,0,0.0,0,60779,12404,60779,12404,7.59745,1.5505,H2S,9.82
236,0,0.0,0,60754,12398,60754,12398,7.59436,1.54987,H2S,9.81
237,0,0.0,0,60745,12397,60745,12397,7.59319,1.54963,H2S,9.81
238,0,0.0,0,60745,12397,60745,12397,7.59319,1.54963,H2S,9.81
239,0,0.0,0,60730,12394,60730,12394,7.59133,1.54925,H2S,9.8
240,0,0.0,0,60720,12392,60720,12392,7.5901,1.549,H2S,9.8
241,0,0.0,0,60711,12390,60711,12390,7.58888,1.54875,H2S,9.8
242,0,0.0,0,60711,12390,60711,12390,7.58888,1.54875,H2S,9.8
243,0,0.0,0,60711,12390,60711,12390,7.58888,1.54875,H2S,9.8
244,0,0.0,0,60705,12388,60705,12388,7.58824,1.54862,H2S,9.8
245,0,0.0,0,60716,12391,60716,12391,7.58951,1.54888,H2S,9.8
246,0,0.0,0,60705,12388,60705,12388,7.58824,1.54862,H2S,9.8
247,0,0.0,0,60711,12390,60711,12390,7.58888,1.54875,H2S,9.8
248,0,0.0,0,60735,12394,60735,12394,7.59191,1.54937,H2S,9.81
249,0,0.0,0,60750,12398,60750,12398,7.59377,1.54975,H2S,9.81
0,0,3.3,255,50876,10382,50876,10382,6.35956,1.29787,H2S,7.48
1,0,3.3,255,53219,10861,53219,10861,6.65239,1.35763,H2S,8.03
2,0,3.3,255,56746,11580,56746,11580,7.09334,1.44762,H2S,8.86
3,0,3.3,255,60333,12313,60333,12313,7.54174,1.53913,H2S,9.71
4,0,3.3,255,63817,13024,63817,13024,7.9772,1.628,H2S,10.53
5,0,3.3,255,67154,13705,67154,13705,8.39434,1.71313,H2S,11.32
6,0,3.3,255,70324,14352,70324,14352,8.7906,1.794,H2S,12.07
7,0,3.3,255,73333,14966,73333,14966,9.16667,1.87075,H2S,12.78
8,0,3.3,255,76175,15546,76175,15546,9.52192,1.94325,H2S,13.45
9,0,3.3,255,78850,16091,78850,16091,9.85635,2.0115,H2S,14.08
10,0,3.3,255,81354,16603,81354,16603,10.16936,2.07538,H2S,14.67
11,0,3.3,255,83692,17080,83692,17080,10.4615,2.135,H2S,15.22
12,0,3.3,255,85887,17528,85887,17528,10.7359,2.191,H2S,15.74
13,0,3.3,255,87920,17943,87920,17943,10.99011,2.24288,H2S,16.22
14,0,3.3,255,89826,18332,89826,18332,11.22835,2.2915,H2S,16.67
15,0,3.3,255,91673,18708,91673,18708,11.45924,2.33862,H2S,17.1
16,0,3.3,255,93296,19040,93296,19040,11.662,2.38,H2S,17.49
17,0,3.3,255,94795,19346,94795,19346,11.84943,2.41825,H2S,17.84
18,0,3.3,255,96147,19622,96147,19622,12.01848,2.45275,H2S,18.16
19,0,3.3,255,97480,19894,97480,19894,12.18507,2.48675,H2S,18.47
20,0,3.3,255,98617,20126,98617,20126,12.32718,2.51575,H2S,18.74
21,0,3.3,255,99773,20362,99773,20362,12.47172,2.54525,H2S,19.02
22,0,3.3,255,100793,20570,100793,20570,12.59913,2.57125,H2S,19.26
23,0,3.3,255,101694,20754,101694,20754,12.71183,2.59425,H2S,19.47
24,0,3.3,255,102566,20932,102566,20932,12.82085,2.6165,H2S,19.67
25,0,3.3,255,103399,21102,103399,21102,12.92498,2.63775,H2S,19.87
26,0,3.3,255,104149,21254,104149,21254,13.01866,2.65687,H2S,20.05
27,0,3.3,255,104869,21402,104869,21402,13.10873,2.67525,H2S,20.22
28,0,3.3,255,105472,21524,105472,21524,13.18404,2.69062,H2S,20.36
29,0,3.3,255,106094,21652,106094,21652,13.26185,2.7065,H2S,20.51
30,0,3.3,255,106628,21760,106628,21760,13.32859,2.72012,H2S,20.63
31,0,3.3,255,107109,21859,107109,21859,13.38866,2.73238,H2S,20.75
32,0,3.3,255,107564,21952,107564,21952,13.4456,2.744,H2S,20.85
33,0,3.3,255,107903,22021,107903,22021,13.48789,2.75263,H2S,20.93
34,0,3.3,255,108388,22120,108388,22120,13.5485,2.765,H2S,21.05
35,0,3.3,255,108740,22192,108740,22192,13.5926,2.774,H2S,21.13
36,0,3.3,255,109010,22246,109010,22246,13.62626,2.78087,H2S,21.19
37,0,3.3,255,109362,22318,109362,22318,13.67036,2.78987,H2S,21.28
38,0,3.3,255,109549,22356,109549,22356,13.69364,2.79462,H2S,21.32
39,0,3.3,255,109887,22426,109887,22426,13.73592,2.80325,H2S,21.4
40,0,3.3,255,110108,22471,110108,22471,13.76351,2.80888,H2S,21.45
41,0,3.3,255,110259,22502,110259,22502,13.78247,2.81275,H2S,21.49
42,0,3.3,255,110470,22545,110470,22545,13.80884,2.81813,H2S,21.54
43,0,3.3,255,110651,22582,110651,22582,13.83148,2.82275,H2S,21.58
44,0,3.3,255,110803,22612,110803,22612,13.85044,2.82662,H2S,21.62
45,0,3.3,255,110950,22643,110950,22643,13.86886,2.83038,H2S,21.65
46,0,3.3,255,111063,22666,111063,22666,13.88293,2.83325,H2S,21.68
47,0,3.3,255,111166,22687,111166,22687,13.89581,2.83588,H2S,21.7
48,0,3.3,255,111249,22704,111249,22704,13.9062,2.838,H2S,21.72
49,0,3.3,255,111367,22728,111367,22728,13.9209,2.841,H2S,21.75
50,0,3.3,255,111352,22725,111352,22725,13.91909,2.84063,H2S,21.75
51,0,3.3,255,111430,22740,111430,22740,13.92884,2.84262,H2S,21.77
52,0,3.3,255,111489,22753,111489,22753,13.93624,2.84413,H2S,21.78
53,0,3.3,255,111528,22760,111528,22760,13.94109,2.84512,H2S,21.79
54,0,3.3,255,111548,22765,111548,22765,13.94359,2.84563,H2S,21.79
55,0,3.3,255,111533,22762,111533,22762,13.94173,2.84525,H2S,21.79
56,0,3.3,255,111538,22763,111538,22763,13.94236,2.84538,H2S,21.79
57,0,3.3,255,111553,22766,111553,22766,13.94417,2.84575,H2S,21.79
58,0,3.3,255,111494,22754,111494,22754,13.93683,2.84425,H2S,21.78
59,0,3.3,255,111469,22748,111469,22748,13.93374,2.84362,H2S,21.77
60,0,3.3,255,111435,22742,111435,22742,13.92948,2.84275,H2S,21.77
61,0,3.3,255,111396,22734,111396,22734,13.92458,2.84175,H2S,21.76
62,0,3.3,255,111342,22722,111342,22722,13.91781,2.84037,H2S,21.74
63,0,3.3,255,111288,22712,111288,22712,13.9111,2.839,H2S,21.73
64,0,3.3,255,111235,22701,111235,22701,13.90439,2.83763,H2S,21.72
65,0,3.3,255,111200,22694,111200,22694,13.90008,2.83675,H2S,21.71
66,0,3.3,255,111117,22676,111117,22676,13.88964,2.83462,H2S,21.69
67,0,3.3,255,111039,22661,111039,22661,13.87989,2.83263,H2S,21.67
68,0,3.3,255,110867,22626,110867,22626,13.85843,2.82825,H2S,21.63
69,0,3.3,255,110823,22617,110823,22617,13.85294,2.82713,H2S,21.62
70,0,3.3,255,110749,22602,110749,22602,13.84373,2.82525,H2S,21.6
71,0,3.3,255,110735,22599,110735,22599,13.84191,2.82488,H2S,21.6
72,0,3.3,255,110632,22578,110632,22578,13.82903,2.82225,H2S,21.58
73,0,3.3,255,110475,22546,110475,22546,13.80943,2.81825,H2S,21.54
74,0,3.3,255,110382,22527,110382,22527,13.79781,2.81588,H2S,21.52
75,0,3.3,255,110338,22518,110338,22518,13.79228,2.81475,H2S,21.51
76,0,3.3,255,110235,22496,110235,22496,13.77939,2.81212,H2S,21.48
77,0,3.3,255,110137,22477,110137,22477,13.76719,2.80963,H2S,21.46
78,0,3.3,255,109936,22436,109936,22436,13.74205,2.8045,H2S,21.41
79,0,3.3,255,109916,22432,109916,22432,13.7396,2.804,H2S,21.41
80,0,3.3,255,109803,22408,109803,22408,13.72549,2.80112,H2S,21.38
81,0,3.3,255,109627,22373,109627,22373,13.70349,2.79663,H2S,21.34
82,0,3.3,255,109583,22364,109583,22364,13.69795,2.7955,H2S,21.33
83,0,3.3,255,109475,22342,109475,22342,13.68448,2.79275,H2S,21.3
84,0,3.3,255,109299,22306,109299,22306,13.66243,2.78825,H2S,21.26
85,0,3.3,255,109201,22286,109201,22286,13.65018,2.78575,H2S,21.24
86,0,3.3,255,109098,22265,109098,22265,13.63734,2.78313,H2S,21.22
87,0,3.3,255,109005,22246,109005,22246,13.62567,2.78075,H2S,21.19
88,0,3.3,255,108892,22222,108892,22222,13.61156,2.77787,H2S,21.17
89,0,3.3,255,108765,22196,108765,22196,13.59564,2.77462,H2S,21.14
90,0,3.3,255,108589,22161,108589,22161,13.57364,2.77013,H2S,21.09
91,0,3.3,255,108476,22138,108476,22138,13.55953,2.76725,H2S,21.07
92,0,3.3,255,108373,22117,108373,22117,13.54669,2.76463,H2S,21.04
93,0,3.3,255,108235,22088,108235,22088,13.52949,2.76112,H2S,21.01
94,0,3.3,255,108118,22065,108118,22065,13.51484,2.75813,H2S,20.98
95,0,3.3,255,108039,22048,108039,22048,13.50499,2.75612,H2S,20.97
96,0,3.3,255,107878,22016,107878,22016,13.4848,2.752,H2S,20.93
97,0,3.3,255,107790,21998,107790,21998,13.47378,2.74975,H2S,20.91
98,0,3.3,255,107594,21958,107594,21958,13.44928,2.74475,H2S,20.86
99,0,3.3,255,107540,21946,107540,21946,13.44251,2.74337,H2S,20.85
100,0,3.3,255,107364,21911,107364,21911,13.42051,2.73888,H2S,20.81
101,0,3.3,255,107300,21898,107300,21898,13.41253,2.73725,H2S,20.79
102,0,3.3,255,107163,21870,107163,21870,13.39538,2.73375,H2S,20.76
103,0,3.3,255,107050,21847,107050,21847,13.38131,2.73088,H2S,20.73
104,0,3.3,255,106908,21818,106908,21818,13.36353,2.72725,H2S,20.7
105,0,3.3,255,106751,21786,106751,21786,13.34393,2.72325,H2S,20.66
106,0,3.3,255,106624,21760,106624,21760,13.328,2.72,H2S,20.63
107,0,3.3,255,106496,21734,106496,21734,13.31208,2.71675,H2S,20.6
108,0,3.3,255,106388,21712,106388,21712,13.2986,2.714,H2S,20.58
109,0,3.3,255,106325,21699,106325,21699,13.29066,2.71238,H2S,20.56
110,0,3.3,255,106187,21670,106187,21670,13.27346,2.70887,H2S,20.53
111,0,3.3,255,106011,21635,106011,21635,13.25146,2.70438,H2S,20.49
112,0,3.3,255,105952,21623,105952,21623,13.24411,2.70288,H2S,20.47
113,0,3.3,255,105830,21598,105830,21598,13.22878,2.69975,H2S,20.44
114,0,3.3,255,105653,21562,105653,21562,13.20673,2.69525,H2S,20.4
115,0,3.3,255,105585,21548,105585,21548,13.19815,2.6935,H2S,20.39
116,0,3.3,255,105403,21510,105403,21510,13.17546,2.68887,H2S,20.34
117,0,3.3,255,105344,21498,105344,21498,13.16811,2.68737,H2S,20.33
118,0,3.3,255,105237,21477,105237,21477,13.15469,2.68463,H2S,20.3
119,0,3.3,255,105056,21440,105056,21440,13.132,2.68,H2S,20.26
120,0,3.3,255,104953,21419,104953,21419,13.11916,2.67738,H2S,20.24
121,0,3.3,255,104889,21406,104889,21406,13.11117,2.67575,H2S,20.22
122,0,3.3,255,104717,21370,104717,21370,13.08971,2.67137,H2S,20.18
123,0,3.3,255,104678,21362,104678,21362,13.08481,2.67037,H2S,20.17
124,0,3.3,255,104566,21340,104566,21340,13.07075,2.6675,H2S,20.15
125,0,0.0,0,124802,25470,124802,25470,15.60037,3.18375,H2S,24.92
126,0,0.0,0,122960,25094,122960,25094,15.37008,3.13675,H2S,24.49
127,0,0.0,0,120564,24605,120564,24605,15.07059,3.07563,H2S,23.92
128,0,0.0,0,118261,24135,118261,24135,14.78271,3.01688,H2S,23.38
129,0,0.0,0,115997,23672,115997,23672,14.49969,2.95912,H2S,22.84
130,0,0.0,0,113832,23231,113832,23231,14.22901,2.90388,H2S,22.33
131,0,0.0,0,111729,22802,111729,22802,13.96623,2.85025,H2S,21.84
132,0,0.0,0,109691,22386,109691,22386,13.71143,2.79825,H2S,21.36
133,0,0.0,0,107707,21981,107707,21981,13.46339,2.74763,H2S,20.89
134,0,0.0,0,105825,21597,105825,21597,13.22819,2.69963,H2S,20.44
135,0,0.0,0,103948,21214,103948,21214,12.99357,2.65175,H2S,20.0
136,0,0.0,0,102155,20848,102155,20848,12.7694,2.606,H2S,19.58
137,0,0.0,0,100405,20490,100405,20490,12.55071,2.56137,H2S,19.16
138,0,0.0,0,98734,20150,98734,20150,12.34187,2.51875,H2S,18.77
139,0,0.0,0,97103,19817,97103,19817,12.13794,2.47713,H2S,18.39
140,0,0.0,0,95574,19504,95574,19504,11.94679,2.43812,H2S,18.02
141,0,0.0,0,94099,19204,94099,19204,11.76245,2.4005,H2S,17.68
142,0,0.0,0,92747,18928,92747,18928,11.5934,2.366,H2S,17.36
143,0,0.0,0,91375,18648,91375,18648,11.4219,2.331,H2S,17.03
144,0,0.0,0,90120,18392,90120,18392,11.2651,2.299,H2S,16.74
145,0,0.0,0,88905,18144,88905,18144,11.1132,2.268,H2S,16.45
146,0,0.0,0,87783,17914,87783,17914,10.97291,2.23937,H2S,16.19
147,0,0.0,0,86651,17684,86651,17684,10.83145,2.2105,H2S,15.92
148,0,0.0,0,85583,17466,85583,17466,10.69793,2.18325,H2S,15.67
149,0,0.0,0,84593,17264,84593,17264,10.5742,2.158,H2S,15.43
150,0,0.0,0,83637,17068,83637,17068,10.45474,2.13362,H2S,15.21
151,0,0.0,0,82741,16886,82741,16886,10.34267,2.11075,H2S,15.0
152,0,0.0,0,81825,16699,81825,16699,10.22816,2.08738,H2S,14.78
153,0,0.0,0,80972,16524,80972,16524,10.12154,2.06562,H2S,14.58
154,0,0.0,0,80213,16370,80213,16370,10.02663,2.04625,H2S,14.4
155,0,0.0,0,79433,16210,79433,16210,9.92921,2.02637,H2S,14.22
156,0,0.0,0,78645,16050,78645,16050,9.83063,2.00625,H2S,14.03
157,0,0.0,0,77973,15913,77973,15913,9.74674,1.98913,H2S,13.87
158,0,0.0,0,77312,15778,77312,15778,9.66403,1.97225,H2S,13.72
159,0,0.0,0,76675,15648,76675,15648,9.5844,1.956,H2S,13.57
160,0,0.0,0,76023,15515,76023,15515,9.50296,1.93938,H2S,13.41
161,0,0.0,0,75347,15377,75347,15377,9.41844,1.92213,H2S,13.25
162,0,0.0,0,74818,15269,74818,15269,9.35229,1.90863,H2S,13.13
163,0,0.0,0,74274,15158,74274,15158,9.28428,1.89475,H2S,13.0
164,0,0.0,0,73681,15037,73681,15037,9.21019,1.87963,H2S,12.86
165,0,0.0,0,73201,14939,73201,14939,9.15016,1.86738,H2S,12.75
166,0,0.0,0,72720,14840,72720,14840,9.09009,1.85512,H2S,12.63
167,0,0.0,0,72191,14733,72191,14733,9.02399,1.84163,H2S,12.51
168,0,0.0,0,71789,14650,71789,14650,8.97371,1.83137,H2S,12.41
169,0,0.0,0,71348,14560,71348,14560,8.91859,1.82012,H2S,12.31
170,0,0.0,0,70844,14458,70844,14458,8.85553,1.80725,H2S,12.19
171,0,0.0,0,70447,14377,70447,14377,8.80594,1.79713,H2S,12.1
172,0,0.0,0,70094,14304,70094,14304,8.76179,1.78812,H2S,12.01
173,0,0.0,0,69741,14233,69741,14233,8.71774,1.77913,H2S,11.93
174,0,0.0,0,69329,14148,69329,14148,8.66624,1.76862,H2S,11.83
175,0,0.0,0,68957,14073,68957,14073,8.61974,1.75913,H2S,11.75
176,0,0.0,0,68688,14018,68688,14018,8.58603,1.75225,H2S,11.68
177,0,0.0,0,68360,13951,68360,13951,8.54501,1.74388,H2S,11.6
178,0,0.0,0,67992,13876,67992,13876,8.49905,1.7345,H2S,11.52
179,0,0.0,0,67703,13817,67703,13817,8.46294,1.72713,H2S,11.45
180,0,0.0,0,67482,13772,67482,13772,8.43535,1.7215,H2S,11.4
181,0,0.0,0,67184,13711,67184,13711,8.39801,1.71388,H2S,11.33
182,0,0.0,0,66929,13659,66929,13659,8.36616,1.70738,H2S,11.27
183,0,0.0,0,66664,13605,66664,13605,8.33309,1.70063,H2S,11.2
184,0,0.0,0,66365,13544,66365,13544,8.2957,1.693,H2S,11.13
185,0,0.0,0,66120,13494,66120,13494,8.26508,1.68675,H2S,11.08
186,0,0.0,0,65939,13457,65939,13457,8.24244,1.68213,H2S,11.03
187,0,0.0,0,65679,13404,65679,13404,8.20995,1.6755,H2S,10.97
188,0,0.0,0,65469,13361,65469,13361,8.18364,1.67013,H2S,10.92
189,0,0.0,0,65331,13333,65331,13333,8.16649,1.66663,H2S,10.89
190,0,0.0,0,65135,13292,65135,13292,8.14194,1.66162,H2S,10.84
191,0,0.0,0,64964,13258,64964,13258,8.12053,1.65725,H2S,10.8
192,0,0.0,0,64787,13222,64787,13222,8.09848,1.65275,H2S,10.76
193,0,0.0,0,64601,13184,64601,13184,8.0752,1.648,H2S,10.72
194,0,0.0,0,64385,13140,64385,13140,8.04825,1.6425,H2S,10.67
195,0,0.0,0,64297,13122,64297,13122,8.03723,1.64025,H2S,10.65
196,0,0.0,0,64155,13092,64155,13092,8.01944,1.63662,H2S,10.61
197,0,0.0,0,63974,13056,63974,13056,7.9968,1.632,H2S,10.57
198,0,0.0,0,63871,13035,63871,13035,7.98396,1.62938,H2S,10.55
199,0,0.0,0,63709,13002,63709,13002,7.96373,1.62525,H2S,10.51
200,0,0.0,0,63587,12977,63587,12977,7.94844,1.62213,H2S,10.48
201,0,0.0,0,63420,12942,63420,12942,7.92756,1.61787,H2S,10.44
202,0,0.0,0,63342,12926,63342,12926,7.91776,1.61587,H2S,10.42
203,0,0.0,0,63180,12894,63180,12894,7.89758,1.61175,H2S,10.38
204,0,0.0,0,63043,12866,63043,12866,7.88043,1.60825,H2S,10.35
205,0,0.0,0,63014,12860,63014,12860,7.87675,1.6075,H2S,10.34
206,0,0.0,0,62920,12840,62920,12840,7.86509,1.60512,H2S,10.32
207,0,0.0,0,62818,12820,62818,12820,7.85225,1.6025,H2S,10.3
208,0,0.0,0,62705,12797,62705,12797,7.83819,1.59963,H2S,10.27
209,0,0.0,0,62631,12782,62631,12782,7.82898,1.59775,H2S,10.25
210,0,0.0,0,62543,12764,62543,12764,7.81795,1.5955,H2S,10.23
211,0,0.0,0,62426,12740,62426,12740,7.80325,1.5925,H2S,10.2
212,0,0.0,0,62318,12718,62318,12718,7.78978,1.58975,H2S,10.18
213,0,0.0,0,62288,12712,62288,12712,7.7861,1.589,H2S,10.17
214,0,0.0,0,62151,12684,62151,12684,7.76895,1.5855,H2S,10.14
215,0,0.0,0,62078,12669,62078,12669,7.75979,1.58363,H2S,10.12
216,0,0.0,0,62009,12654,62009,12654,7.75116,1.58187,H2S,10.11
217,0,0.0,0,61989,12650,61989,12650,7.74871,1.58137,H2S,10.1
218,0,0.0,0,61911,12634,61911,12634,7.73891,1.57937,H2S,10.08
219,0,0.0,0,61783,12608,61783,12608,7.72299,1.57612,H2S,10.05
220,0,0.0,0,61715,12595,61715,12595,7.71446,1.57438,H2S,10.04
221,0,0.0,0,61671,12586,61671,12586,7.70893,1.57325,H2S,10.03
222,0,0.0,0,61622,12576,61622,12576,7.7028,1.572,H2S,10.01
223,0,0.0,0,61632,12578,61632,12578,7.70403,1.57225,H2S,10.02
224,0,0.0,0,61593,12570,61593,12570,7.69913,1.57125,H2S,10.01
225,0,0.0,0,61529,12557,61529,12557,7.69119,1.56963,H2S,9.99
226,0,0.0,0,61426,12536,61426,12536,7.6783,1.567,H2S,9.97
227,0,0.0,0,61421,12535,61421,12535,7.67771,1.56688,H2S,9.97
228,0,0.0,0,61391,12528,61391,12528,7.67399,1.56612,H2S,9.96
229,0,0.0,0,61328,12516,61328,12516,7.66605,1.5645,H2S,9.95
230,0,0.0,0,61254,12500,61254,12500,7.65684,1.56262,H2S,9.93
231,0,0.0,0,61269,12504,61269,12504,7.6587,1.563,H2S,9.93
232,0,0.0,0,61264,12503,61264,12503,7.65811,1.56288,H2S,9.93
233,0,0.0,0,61210,12492,61210,12492,7.65135,1.5615,H2S,9.92
234,0,0.0,0,61117,12473,61117,12473,7.63974,1.55913,H2S,9.9
235,0,0.0,0,61122,12474,61122,12474,7.64033,1.55925,H2S,9.9
236,0,0.0,0,61122,12474,61122,12474,7.64033,1.55925,H2S,9.9
237,0,0.0,0,61156,12480,61156,12480,7.64459,1.56012,H2S,9.9
238,0,0.0,0,61156,12480,61156,12480,7.64459,1.56012,H2S,9.9
239,0,0.0,0,61142,12478,61142,12478,7.64278,1.55975,H2S,9.9
240,0,0.0,0,61122,12474,61122,12474,7.64033,1.55925,H2S,9.9
241,0,0.0,0,61044,12458,61044,12458,7.63053,1.55725,H2S,9.88
242,0,0.0,0,61054,12460,61054,12460,7.63175,1.5575,H2S,9.88
243,0,0.0,0,61112,12472,61112,12472,7.6391,1.559,H2S,9.89
244,0,0.0,0,61112,12472,61112,12472,7.6391,1.559,H2S,9.89
245,0,0.0,0,61097,12468,61097,12468,7.63724,1.55862,H2S,9.89
246,0,0.0,0,61097,12468,61097,12468,7.63724,1.55862,H2S,9.89
247,0,0.0,0,61117,12473,61117,12473,7.63974,1.55913,H2S,9.9
248,0,0.0,0,61068,12462,61068,12462,7.63356,1.55787,H2S,9.88
249,0,0.0,0,61132,12476,61132,12476,7.64155,1.5595,H2S,9.9
0,0,3.3,255,51229,10455,51229,10455,6.40371,1.30688,H2S,7.56
1,0,3.3,255,53571,10932,53571,10932,6.69644,1.36662,H2S,8.12
2,0,3.3,255,57114,11656,57114,11656,7.1393,1.457,H2S,8.95
3,0,3.3,255,60696,12387,60696,12387,7.58706,1.54838,H2S,9.8
4,0,3.3,255,64131,13088,64131,13088,8.0164,1.636,H2S,10.61
5,0,3.3,255,67478,13771,67478,13771,8.43476,1.72138,H2S,11.4
6,0,3.3,255,70662,14420,70662,14420,8.83284,1.80262,H2S,12.15
7,0,3.3,255,73720,15044,73720,15044,9.21504,1.88062,H2S,12.87
8,0,3.3,255,76562,15624,76562,15624,9.57029,1.95312,H2S,13.54
9,0,3.3,255,79178,16158,79178,16158,9.89736,2.01987,H2S,14.16
10,0,3.3,255,81673,16668,81673,16668,10.20915,2.0835,H2S,14.74
11,0,3.3,255,84005,17144,84005,17144,10.5007,2.143,H2S,15.3
12,0,3.3,255,86191,17590,86191,17590,10.77388,2.19875,H2S,15.81
13,0,3.3,255,88253,18010,88253,18010,11.03171,2.25137,H2S,16.3
14,0,3.3,255,90209,18410,90209,18410,11.27613,2.30125,H2S,16.76
15,0,3.3,255,91909,18757,91909,18757,11.48869,2.34463,H2S,17.16
16,0,3.3,255,93496,19080,93496,19080,11.68709,2.38512,H2S,17.53
17,0,3.3,255,95025,19393,95025,19393,11.87824,2.42413,H2S,17.9
18,0,3.3,255,96358,19664,96358,19664,12.04479,2.45812,H2S,18.21
19,0,3.3,255,97710,19940,97710,19940,12.21384,2.49262,H2S,18.53
20,0,3.3,255,98891,20182,98891,20182,12.36148,2.52275,H2S,18.81
21,0,3.3,255,100003,20408,100003,20408,12.50049,2.55112,H2S,19.07
22,0,3.3,255,100998,20612,100998,20612,12.62485,2.5765,H2S,19.3
23,0,3.3,255,101895,20795,101895,20795,12.73696,2.59938,H2S,19.52
24,0,3.3,255,102816,20983,102816,20983,12.85211,2.62288,H2S,19.73
25,0,3.3,255,103580,21138,103580,21138,12.94761,2.64237,H2S,19.91
26,0,3.3,255,104364,21298,104364,21298,13.04561,2.66237,H2S,20.1
27,0,3.3,255,105031,21434,105031,21434,13.12891,2.67937,H2S,20.26
28,0,3.3,255,105575,21546,105575,21546,13.19693,2.69325,H2S,20.38
29,0,3.3,255,106173,21668,106173,21668,13.27165,2.7085,H2S,20.53
30,0,3.3,255,106726,21780,106726,21780,13.34084,2.72262,H2S,20.66
31,0,3.3,255,107255,21888,107255,21888,13.40699,2.73612,H2S,20.78
32,0,3.3,255,107716,21983,107716,21983,13.46461,2.74788,H2S,20.89
33,0,3.3,255,108064,22054,108064,22054,13.50807,2.75675,H2S,20.97
34,0,3.3,255,108461,22135,108461,22135,13.55771,2.76688,H2S,21.06
35,0,3.3,255,108814,22207,108814,22207,13.60181,2.77588,H2S,21.15
36,0,3.3,255,109157,22277,109157,22277,13.64469,2.78463,H2S,21.23
37,0,3.3,255,109505,22348,109505,22348,13.68815,2.7935,H2S,21.31
38,0,3.3,255,109769,22402,109769,22402,13.72123,2.80025,H2S,21.37
39,0,3.3,255,110019,22452,110019,22452,13.75244,2.80662,H2S,21.43
40,0,3.3,255,110230,22496,110230,22496,13.7788,2.812,H2S,21.48
41,0,3.3,255,110377,22526,110377,22526,13.79718,2.81575,H2S,21.52
42,0,3.3,255,110632,22578,110632,22578,13.82903,2.82225,H2S,21.58
43,0,3.3,255,110740,22600,110740,22600,13.8425,2.825,H2S,21.6
44,0,3.3,255,110955,22644,110955,22644,13.86945,2.8305,H2S,21.65
45,0,3.3,255,111087,22670,111087,22670,13.88596,2.83387,H2S,21.68
46,0,3.3,255,111195,22693,111195,22693,13.89949,2.83663,H2S,21.71
47,0,3.3,255,111249,22704,111249,22704,13.9062,2.838,H2S,21.72
48,0,3.3,255,111401,22734,111401,22734,13.92516,2.84187,H2S,21.76
49,0,3.3,255,111480,22751,111480,22751,13.93501,2.84388,H2S,21.78
50,0,3.3,255,111484,22752,111484,22752,13.9356,2.844,H2S,21.78
51,0,3.3,255,111548,22765,111548,22765,13.94359,2.84563,H2S,21.79
52,0,3.3,255,111636,22783,111636,22783,13.95461,2.84788,H2S,21.81
53,0,3.3,255,111661,22788,111661,22788,13.95765,2.8485,H2S,21.82
54,0,3.3,255,111612,22778,111612,22778,13.95153,2.84725,H2S,21.81
55,0,3.3,255,111622,22780,111622,22780,13.95275,2.8475,H2S,21.81
56,0,3.3,255,111676,22791,111676,22791,13.95951,2.84888,H2S,21.82
57,0,3.3,255,111671,22790,111671,22790,13.95888,2.84875,H2S,21.82
58,0,3.3,255,111582,22772,111582,22772,13.94785,2.8465,H2S,21.8
59,0,3.3,255,111573,22770,111573,22770,13.94663,2.84625,H2S,21.8
60,0,3.3,255,111592,22774,111592,22774,13.94908,2.84675,H2S,21.8
61,0,3.3,255,111553,22766,111553,22766,13.94417,2.84575,H2S,21.79
62,0,3.3,255,111465,22748,111465,22748,13.93315,2.8435,H2S,21.77
63,0,3.3,255,111430,22740,111430,22740,13.92884,2.84262,H2S,21.77
64,0,3.3,255,111386,22732,111386,22732,13.92335,2.8415,H2S,21.76
65,0,3.3,255,111318,22718,111318,22718,13.91478,2.83975,H2S,21.74
66,0,3.3,255,111244,22702,111244,22702,13.90556,2.83787,H2S,21.72
67,0,3.3,255,111151,22684,111151,22684,13.89395,2.8355,H2S,21.7
68,0,3.3,255,111073,22668,111073,22668,13.88415,2.8335,H2S,21.68
69,0,3.3,255,111004,22654,111004,22654,13.87558,2.83175,H2S,21.66
70,0,3.3,255,110984,22650,110984,22650,13.87312,2.83125,H2S,21.66
71,0,3.3,255,110896,22632,110896,22632,13.8621,2.829,H2S,21.64
72,0,3.3,255,110744,22600,110744,22600,13.84309,2.82512,H2S,21.6
73,0,3.3,255,110637,22579,110637,22579,13.82966,2.82238,H2S,21.58
74,0,3.3,255,110544,22560,110544,22560,13.818,2.82,H2S,21.56
75,0,3.3,255,110446,22540,110446,22540,13.80575,2.8175,H2S,21.53
76,0,3.3,255,110348,22520,110348,22520,13.7935,2.815,H2S,21.51
77,0,3.3,255,110250,22500,110250,22500,13.78125,2.8125,H2S,21.49
78,0,3.3,255,110137,22477,110137,22477,13.76719,2.80963,H2S,21.46
79,0,3.3,255,110078,22464,110078,22464,13.75979,2.80812,H2S,21.45
80,0,3.3,255,109960,22440,109960,22440,13.74509,2.80512,H2S,21.42
81,0,3.3,255,109843,22417,109843,22417,13.73044,2.80213,H2S,21.39
82,0,3.3,255,109740,22396,109740,22396,13.71755,2.7995,H2S,21.37
83,0,3.3,255,109573,22362,109573,22362,13.69673,2.79525,H2S,21.33
84,0,3.3,255,109475,22342,109475,22342,13.68448,2.79275,H2S,21.3
85,0,3.3,255,109397,22326,109397,22326,13.67468,2.79075,H2S,21.29
86,0,3.3,255,109221,22290,109221,22290,13.65263,2.78625,H2S,21.24
87,0,3.3,255,109166,22278,109166,22278,13.64586,2.78487,H2S,21.23
88,0,3.3,255,109054,22256,109054,22256,13.6318,2.782,H2S,21.2
89,0,3.3,255,108833,22210,108833,22210,13.60421,2.77637,H2S,21.15
90,0,3.3,255,108731,22190,108731,22190,13.59138,2.77375,H2S,21.13
91,0,3.3,255,108706,22184,108706,22184,13.58829,2.77312,H2S,21.12
92,0,3.3,255,108578,22158,108578,22158,13.57236,2.76987,H2S,21.09
93,0,3.3,255,108461,22135,108461,22135,13.55771,2.76688,H2S,21.06
94,0,3.3,255,108250,22092,108250,22092,13.53135,2.7615,H2S,21.02
95,0,3.3,255,108211,22084,108211,22084,13.52645,2.7605,H2S,21.01
96,0,3.3,255,108049,22050,108049,22050,13.50621,2.75637,H2S,20.97
97,0,3.3,255,107922,22024,107922,22024,13.49029,2.75312,H2S,20.94
98,0,3.3,255,107805,22001,107805,22001,13.47564,2.75013,H2S,20.91
99,0,3.3,255,107692,21978,107692,21978,13.46153,2.74725,H2S,20.88
100,0,3.3,255,107569,21952,107569,21952,13.44619,2.74412,H2S,20.85
101,0,3.3,255,107442,21926,107442,21926,13.43026,2.74087,H2S,20.82
102,0,3.3,255,107319,21902,107319,21902,13.41498,2.73775,H2S,20.8
103,0,3.3,255,107236,21885,107236,21885,13.40459,2.73563,H2S,20.78
104,0,3.3,255,107050,21847,107050,21847,13.38131,2.73088,H2S,20.73
105,0,3.3,255,106942,21824,106942,21824,13.36779,2.72812,H2S,20.71
106,0,3.3,255,106864,21809,106864,21809,13.35804,2.72613,H2S,20.69
107,0,3.3,255,106682,21772,106682,21772,13.33535,2.7215,H2S,20.65
108,0,3.3,255,106604,21756,106604,21756,13.32555,2.7195,H2S,20.63
109,0,3.3,255,106437,21722,106437,21722,13.30473,2.71525,H2S,20.59
110,0,3.3,255,106364,21707,106364,21707,13.29556,2.71338,H2S,20.57
111,0,3.3,255,106256,21684,106256,21684,13.28204,2.71062,H2S,20.54
112,0,3.3,255,106045,21642,106045,21642,13.25572,2.70525,H2S,20.49
113,0,3.3,255,105972,21626,105972,21626,13.24651,2.70337,H2S,20.48
114,0,3.3,255,105889,21610,105889,21610,13.23613,2.70125,H2S,20.46
115,0,3.3,255,105766,21585,105766,21585,13.22084,2.69813,H2S,20.43
116,0,3.3,255,105595,21550,105595,21550,13.19938,2.69375,H2S,20.39
117,0,3.3,255,105491,21528,105491,21528,13.18649,2.69112,H2S,20.36
118,0,3.3,255,105379,21506,105379,21506,13.17243,2.68825,H2S,20.34
119,0,3.3,255,105276,21484,105276,21484,13.15954,2.68562,H2S,20.31
120,0,3.3,255,105163,21462,105163,21462,13.14548,2.68275,H2S,20.29
121,0,3.3,255,105056,21440,105056,21440,13.132,2.68,H2S,20.26
122,0,3.3,255,104948,21418,104948,21418,13.11852,2.67725,H2S,20.24
123,0,3.3,255,104830,21394,104830,21394,13.10383,2.67425,H2S,20.21
124,0,3.3,255,104722,21372,104722,21372,13.09035,2.6715,H2S,20.18
125,0,0.0,0,125053,25521,125053,25521,15.63164,3.19013,H2S,24.98
126,0,0.0,0,123215,25146,123215,25146,15.40193,3.14325,H2S,24.55
127,0,0.0,0,120834,24660,120834,24660,15.10425,3.0825,H2S,23.98
128,0,0.0,0,118501,24184,118501,24184,14.8127,3.023,H2S,23.43
129,0,0.0,0,116257,23726,116257,23726,14.53218,2.96575,H2S,22.9
130,0,0.0,0,114091,23284,114091,23284,14.26145,2.9105,H2S,22.39
131,0,0.0,0,111984,22854,111984,22854,13.99808,2.85675,H2S,21.9
132,0,0.0,0,109960,22440,109960,22440,13.74509,2.80512,H2S,21.42
133,0,0.0,0,107986,22038,107986,22038,13.49828,2.75475,H2S,20.95
134,0,0.0,0,106075,21648,106075,21648,13.2594,2.706,H2S,20.5
135,0,0.0,0,104198,21265,104198,21265,13.02484,2.65813,H2S,20.06
136,0,0.0,0,102410,20900,102410,20900,12.80125,2.6125,H2S,19.64
137,0,0.0,0,100660,20542,100660,20542,12.58256,2.56787,H2S,19.22
138,0,0.0,0,98970,20198,98970,20198,12.37128,2.52475,H2S,18.83
139,0,0.0,0,97357,19868,97357,19868,12.16974,2.48362,H2S,18.45
140,0,0.0,0,95819,19554,95819,19554,11.97741,2.44437,H2S,18.08
141,0,0.0,0,94315,19248,94315,19248,11.7894,2.406,H2S,17.73
142,0,0.0,0,92898,18958,92898,18958,11.61236,2.36987,H2S,17.39
143,0,0.0,0,91585,18690,91585,18690,11.44821,2.33637,H2S,17.08
144,0,0.0,0,90292,18426,90292,18426,11.28651,2.30337,H2S,16.78
145,0,0.0,0,89076,18178,89076,18178,11.13461,2.27237,H2S,16.49
146,0,0.0,0,87906,17940,87906,17940,10.98825,2.2425,H2S,16.22
147,0,0.0,0,86783,17710,86783,17710,10.84796,2.21387,H2S,15.95
148,0,0.0,0,85720,17494,85720,17494,10.71508,2.18675,H2S,15.7
149,0,0.0,0,84711,17288,84711,17288,10.5889,2.161,H2S,15.46
150,0,0.0,0,83735,17088,83735,17088,10.46699,2.13612,H2S,15.23
151,0,0.0,0,82800,16898,82800,16898,10.35003,2.11225,H2S,15.01
152,0,0.0,0,81903,16714,81903,16714,10.23791,2.08937,H2S,14.8
153,0,0.0,0,81070,16545,81070,16545,10.13384,2.06813,H2S,14.6
154,0,0.0,0,80257,16379,80257,16379,10.03216,2.04738,H2S,14.41
155,0,0.0,0,79483,16221,79483,16221,9.93539,2.02763,H2S,14.23
156,0,0.0,0,78737,16068,78737,16068,9.84224,2.00862,H2S,14.05
157,0,0.0,0,78012,15920,78012,15920,9.75159,1.99012,H2S,13.88
158,0,0.0,0,77322,15780,77322,15780,9.66525,1.9725,H2S,13.72
159,0,0.0,0,76660,15644,76660,15644,9.58254,1.95562,H2S,13.56
160,0,0.0,0,76023,15515,76023,15515,9.50296,1.93938,H2S,13.41
161,0,0.0,0,75425,15393,75425,15393,9.42824,1.92413,H2S,13.27
162,0,0.0,0,74832,15272,74832,15272,9.3541,1.909,H2S,13.13
163,0,0.0,0,74269,15157,74269,15157,9.28369,1.89463,H2S,13.0
164,0,0.0,0,73739,15048,73739,15048,9.21749,1.88112,H2S,12.87
165,0,0.0,0,73220,14942,73220,14942,9.15256,1.86787,H2S,12.75
166,0,0.0,0,72735,14844,72735,14844,9.09195,1.8555,H2S,12.64
167,0,0.0,0,72240,14743,72240,14743,9.03011,1.84288,H2S,12.52
168,0,0.0,0,71799,14653,71799,14653,8.97499,1.83163,H2S,12.42
169,0,0.0,0,71348,14560,71348,14560,8.91859,1.82012,H2S,12.31
170,0,0.0,0,70937,14477,70937,14477,8.86719,1.80963,H2S,12.21
171,0,0.0,0,70525,14393,70525,14393,8.81574,1.79913,H2S,12.12
172,0,0.0,0,70128,14312,70128,14312,8.7661,1.789,H2S,12.02
173,0,0.0,0,69746,14234,69746,14234,8.71833,1.77925,H2S,11.93
174,0,0.0,0,69379,14159,69379,14159,8.67241,1.76988,H2S,11.84
175,0,0.0,0,69036,14089,69036,14089,8.62954,1.76113,H2S,11.76
176,0,0.0,0,68703,14021,68703,14021,8.58789,1.75263,H2S,11.69
177,0,0.0,0,68379,13955,68379,13955,8.54746,1.74438,H2S,11.61
178,0,0.0,0,68070,13892,68070,13892,8.50885,1.7365,H2S,11.54
179,0,0.0,0,67776,13832,67776,13832,8.4721,1.729,H2S,11.47
180,0,0.0,0,67482,13772,67482,13772,8.43535,1.7215,H2S,11.4
181,0,0.0,0,67203,13714,67203,13714,8.40041,1.71437,H2S,11.33
182,0,0.0,0,66934,13660,66934,13660,8.36675,1.7075,H2S,11.27
183,0,0.0,0,66674,13606,66674,13606,8.33426,1.70087,H2S,11.21
184,0,0.0,0,66438,13558,66438,13558,8.30486,1.69487,H2S,11.15
185,0,0.0,0,66194,13509,66194,13509,8.27429,1.68863,H2S,11.09
186,0,0.0,0,65973,13464,65973,13464,8.2467,1.683,H2S,11.04
187,0,0.0,0,65758,13420,65758,13420,8.21975,1.6775,H2S,10.99
188,0,0.0,0,65556,13378,65556,13378,8.19461,1.67237,H2S,10.94
189,0,0.0,0,65346,13336,65346,13336,8.1683,1.667,H2S,10.89
190,0,0.0,0,65175,13301,65175,13301,8.14689,1.66263,H2S,10.85
191,0,0.0,0,64988,13262,64988,13262,8.12356,1.65787,H2S,10.81
192,0,0.0,0,64821,13228,64821,13228,8.10274,1.65362,H2S,10.77
193,0,0.0,0,64640,13192,64640,13192,8.0801,1.649,H2S,10.73
194,0,0.0,0,64479,13159,64479,13159,8.05991,1.64488,H2S,10.69
195,0,0.0,0,64322,13127,64322,13127,8.04031,1.64088,H2S,10.65
196,0,0.0,0,64190,13100,64190,13100,8.02375,1.6375,H2S,10.62
197,0,0.0,0,64043,13070,64043,13070,8.00538,1.63375,H2S,10.59
198,0,0.0,0,63910,13042,63910,13042,7.98881,1.63037,H2S,10.55
199,0,0.0,0,63778,13016,63778,13016,7.9723,1.627,H2S,10.52
200,0,0.0,0,63660,12992,63660,12992,7.9576,1.624,H2S,10.5
201,0,0.0,0,63533,12966,63533,12966,7.94168,1.62075,H2S,10.47
202,0,0.0,0,63425,12944,63425,12944,7.9282,1.618,H2S,10.44
203,0,0.0,0,63308,12920,63308,12920,7.9135,1.615,H2S,10.41
204,0,0.0,0,63210,12900,63210,12900,7.90125,1.6125,H2S,10.39
205,0,0.0,0,63112,12880,63112,12880,7.889,1.61,H2S,10.37
206,0,0.0,0,63008,12858,63008,12858,7.87611,1.60737,H2S,10.34
207,0,0.0,0,62920,12840,62920,12840,7.86509,1.60512,H2S,10.32
208,0,0.0,0,62822,12820,62822,12820,7.85284,1.60262,H2S,10.3
209,0,0.0,0,62725,12801,62725,12801,7.84064,1.60013,H2S,10.27
210,0,0.0,0,62646,12785,62646,12785,7.83084,1.59813,H2S,10.26
211,0,0.0,0,62568,12769,62568,12769,7.82104,1.59613,H2S,10.24
212,0,0.0,0,62484,12752,62484,12752,7.8106,1.594,H2S,10.22
213,0,0.0,0,62421,12739,62421,12739,7.80266,1.59238,H2S,10.2
214,0,0.0,0,62347,12724,62347,12724,7.79345,1.5905,H2S,10.19
215,0,0.0,0,62259,12706,62259,12706,7.78242,1.58825,H2S,10.16
216,0,0.0,0,62210,12696,62210,12696,7.7763,1.587,H2S,10.15
217,0,0.0,0,62122,12678,62122,12678,7.76528,1.58475,H2S,10.13
218,0,0.0,0,62063,12666,62063,12666,7.75793,1.58325,H2S,10.12
219,0,0.0,0,62014,12656,62014,12656,7.7518,1.582,H2S,10.11
220,0,0.0,0,61945,12642,61945,12642,7.74322,1.58025,H2S,10.09
221,0,0.0,0,61892,12631,61892,12631,7.73651,1.57888,H2S,10.08
222,0,0.0,0,61838,12620,61838,12620,7.72975,1.5775,H2S,10.07
223,0,0.0,0,61783,12608,61783,12608,7.72299,1.57612,H2S,10.05
224,0,0.0,0,61730,12598,61730,12598,7.71628,1.57475,H2S,10.04
225,0,0.0,0,61661,12584,61661,12584,7.7077,1.573,H2S,10.02
226,0,0.0,0,61632,12578,61632,12578,7.70403,1.57225,H2S,10.02
227,0,0.0,0,61588,12569,61588,12569,7.69854,1.57113,H2S,10.01
228,0,0.0,0,61534,12558,61534,12558,7.69178,1.56975,H2S,9.99
229,0,0.0,0,61500,12551,61500,12551,7.68751,1.56888,H2S,9.99
230,0,0.0,0,61460,12542,61460,12542,7.68256,1.56787,H2S,9.98
231,0,0.0,0,61431,12537,61431,12537,7.67894,1.56713,H2S,9.97
232,0,0.0,0,61406,12532,61406,12532,7.67585,1.5665,H2S,9.96
233,0,0.0,0,61372,12525,61372,12525,7.67159,1.56563,H2S,9.96
234,0,0.0,0,61362,12522,61362,12522,7.67031,1.56537,H2S,9.95
235,0,0.0,0,61328,12516,61328,12516,7.66605,1.5645,H2S,9.95
236,0,0.0,0,61303,12510,61303,12510,7.66296,1.56387,H2S,9.94
237,0,0.0,0,61294,12509,61294,12509,7.66179,1.56363,H2S,9.94
238,0,0.0,0,61299,12510,61299,12510,7.66238,1.56375,H2S,9.94
239,0,0.0,0,61299,12510,61299,12510,7.66238,1.56375,H2S,9.94
240,0,0.0,0,61284,12506,61284,12506,7.66051,1.56337,H2S,9.93
241,0,0.0,0,61274,12505,61274,12505,7.65934,1.56313,H2S,9.93
242,0,0.0,0,61259,12502,61259,12502,7.65748,1.56275,H2S,9.93
243,0,0.0,0,61245,12499,61245,12499,7.65566,1.56238,H2S,9.93
244,0,0.0,0,61264,12503,61264,12503,7.65811,1.56288,H2S,9.93
245,0,0.0,0,61259,12502,61259,12502,7.65748,1.56275,H2S,9.93
246,0,0.0,0,61279,12506,61279,12506,7.65993,1.56325,H2S,9.93
247,0,0.0,0,61279,12506,61279,12506,7.65993,1.56325,H2S,9.93
248,0,0.0,0,61294,12509,61294,12509,7.66179,1.56363,H2S,9.94
249,0,0.0,0,61308,12512,61308,12512,7.6636,1.564,H2S,9.94
0,0,3.3,255,51376,10484,51376,10484,6.42204,1.31062,H2S,7.6
1,0,3.3,255,53718,10962,53718,10962,6.71481,1.37037,H2S,8.15
2,0,3.3,255,57276,11689,57276,11689,7.15954,1.46113,H2S,8.99
3,0,3.3,255,60872,12423,60872,12423,7.60911,1.55288,H2S,9.84
4,0,3.3,255,64351,13132,64351,13132,8.04394,1.64162,H2S,10.66
5,0,3.3,255,67703,13817,67703,13817,8.46294,1.72713,H2S,11.45
6,0,3.3,255,70873,14464,70873,14464,8.8592,1.808,H2S,12.2
7,0,3.3,255,73887,15079,73887,15079,9.23591,1.88488,H2S,12.91
8,0,3.3,255,76714,15656,76714,15656,9.5893,1.957,H2S,13.58
9,0,3.3,255,79370,16198,79370,16198,9.92128,2.02475,H2S,14.2
10,0,3.3,255,81849,16704,81849,16704,10.2312,2.088,H2S,14.79
11,0,3.3,255,84191,17182,84191,17182,10.52398,2.14775,H2S,15.34
12,0,3.3,255,86352,17623,86352,17623,10.79411,2.20288,H2S,15.85
13,0,3.3,255,88381,18036,88381,18036,11.04764,2.25462,H2S,16.33
14,0,3.3,255,90267,18422,90267,18422,11.28348,2.30275,H2S,16.77
15,0,3.3,255,92070,18790,92070,18790,11.50887,2.34875,H2S,17.2
16,0,3.3,255,93682,19118,93682,19118,11.71036,2.38987,H2S,17.58
17,0,3.3,255,95167,19422,95167,19422,11.89598,2.42775,H2S,17.93
18,0,3.3,255,96549,19704,96549,19704,12.0687,2.463,H2S,18.25
19,0,3.3,255,97789,19957,97789,19957,12.22369,2.49463,H2S,18.55
20,0,3.3,255,98980,20200,98980,20200,12.3725,2.525,H2S,18.83
21,0,3.3,255,100092,20426,100092,20426,12.51151,2.55337,H2S,19.09
22,0,3.3,255,101140,20640,101140,20640,12.64259,2.58012,H2S,19.34
23,0,3.3,255,102008,20818,102008,20818,12.75103,2.60225,H2S,19.54
24,0,3.3,255,102885,20996,102885,20996,12.86064,2.62462,H2S,19.75
25,0,3.3,255,103742,21172,103742,21172,12.96785,2.6465,H2S,19.95
26,0,3.3,255,104468,21320,104468,21320,13.0585,2.665,H2S,20.12
27,0,3.3,255,105105,21450,105105,21450,13.13813,2.68125,H2S,20.27
28,0,3.3,255,105771,21586,105771,21586,13.22142,2.69825,H2S,20.43
29,0,3.3,255,106300,21694,106300,21694,13.28758,2.71175,H2S,20.56
30,0,3.3,255,106839,21804,106839,21804,13.35495,2.7255,H2S,20.68
31,0,3.3,255,107364,21911,107364,21911,13.42051,2.73888,H2S,20.81
32,0,3.3,255,107805,22001,107805,22001,13.47564,2.75013,H2S,20.91
33,0,3.3,255,108255,22092,108255,22092,13.53194,2.76162,H2S,21.02
34,0,3.3,255,108618,22167,108618,22167,13.57731,2.77088,H2S,21.1
35,0,3.3,255,108976,22240,108976,22240,13.622,2.78,H2S,21.19
36,0,3.3,255,109245,22295,109245,22295,13.65571,2.78688,H2S,21.25
37,0,3.3,255,109598,22367,109598,22367,13.69981,2.79588,H2S,21.33
38,0,3.3,255,109803,22408,109803,22408,13.72549,2.80112,H2S,21.38
39,0,3.3,255,110068,22463,110068,22463,13.75861,2.80788,H2S,21.44
40,0,3.3,255,110342,22518,110342,22518,13.79286,2.81487,H2S,21.51
41,0,3.3,255,110485,22548,110485,22548,13.81065,2.8185,H2S,21.54
42,0,3.3,255,110685,22588,110685,22588,13.83574,2.82362,H2S,21.59
43,0,3.3,255,110921,22637,110921,22637,13.86519,2.82963,H2S,21.65
44,0,3.3,255,111068,22667,111068,22667,13.88356,2.83338,H2S,21.68
45,0,3.3,255,111205,22695,111205,22695,13.90071,2.83688,H2S,21.71
46,0,3.3,255,111254,22704,111254,22704,13.90679,2.83812,H2S,21.72
47,0,3.3,255,111426,22740,111426,22740,13.92825,2.8425,H2S,21.76
48,0,3.3,255,111509,22757,111509,22757,13.93869,2.84463,H2S,21.78
49,0,3.3,255,111582,22772,111582,22772,13.94785,2.8465,H2S,21.8
50,0,3.3,255,111587,22772,111587,22772,13.94844,2.84662,H2S,21.8
51,0,3.3,255,111710,22798,111710,22798,13.96378,2.84975,H2S,21.83
52,0,3.3,255,111749,22806,111749,22806,13.96868,2.85075,H2S,21.84
53,0,3.3,255,111710,22798,111710,22798,13.96378,2.84975,H2S,21.83
54,0,3.3,255,111793,22815,111793,22815,13.97421,2.85188,H2S,21.85
55,0,3.3,255,111798,22816,111798,22816,13.9748,2.852,H2S,21.85
56,0,3.3,255,111744,22804,111744,22804,13.96804,2.85062,H2S,21.84
57,0,3.3,255,111803,22817,111803,22817,13.97544,2.85213,H2S,21.85
58,0,3.3,255,111720,22800,111720,22800,13.965,2.85,H2S,21.83
59,0,3.3,255,111714,22798,111714,22798,13.96436,2.84987,H2S,21.83
60,0,3.3,255,111714,22798,111714,22798,13.96436,2.84987,H2S,21.83
61,0,3.3,255,111680,22792,111680,22792,13.9601,2.849,H2S,21.82
62,0,3.3,255,111553,22766,111553,22766,13.94417,2.84575,H2S,21.79
63,0,3.3,255,111524,22760,111524,22760,13.9405,2.845,H2S,21.79
64,0,3.3,255,111524,22760,111524,22760,13.9405,2.845,H2S,21.79
65,0,3.3,255,111440,22742,111440,22742,13.93006,2.84287,H2S,21.77
66,0,3.3,255,111288,22712,111288,22712,13.9111,2.839,H2S,21.73
67,0,3.3,255,111303,22714,111303,22714,13.91291,2.83937,H2S,21.74
68,0,3.3,255,111225,22699,111225,22699,13.90316,2.83738,H2S,21.72
69,0,3.3,255,111107,22675,111107,22675,13.88846,2.83438,H2S,21.69
70,0,3.3,255,111009,22655,111009,22655,13.87621,2.83188,H2S,21.67
71,0,3.3,255,110911,22635,110911,22635,13.86396,2.82938,H2S,21.64
72,0,3.3,255,110789,22610,110789,22610,13.84863,2.82625,H2S,21.61
73,0,3.3,255,110725,22597,110725,22597,13.84069,2.82463,H2S,21.6
74,0,3.3,255,110676,22586,110676,22586,13.83451,2.82337,H2S,21.59
75,0,3.3,255,110563,22564,110563,22564,13.82045,2.8205,H2S,21.56
76,0,3.3,255,110460,22542,110460,22542,13.80756,2.81787,H2S,21.54
77,0,3.3,255,110323,22515,110323,22515,13.79046,2.81438,H2S,21.5
78,0,3.3,255,110225,22495,110225,22495,13.77821,2.81188,H2S,21.48
79,0,3.3,255,110132,22476,110132,22476,13.76655,2.8095,H2S,21.46
80,0,3.3,255,110034,22456,110034,22456,13.7543,2.807,H2S,21.44
81,0,3.3,255,109985,22446,109985,22446,13.74818,2.80575,H2S,21.42
82,0,3.3,255,109803,22408,109803,22408,13.72549,2.80112,H2S,21.38
83,0,3.3,255,109720,22392,109720,22392,13.7151,2.799,H2S,21.36
84,0,3.3,255,109632,22374,109632,22374,13.70407,2.79675,H2S,21.34
85,0,3.3,255,109524,22352,109524,22352,13.6906,2.794,H2S,21.32
86,0,3.3,255,109402,22327,109402,22327,13.67531,2.79088,H2S,21.29
87,0,3.3,255,109226,22291,109226,22291,13.65326,2.78638,H2S,21.25
88,0,3.3,255,109162,22278,109162,22278,13.64527,2.78475,H2S,21.23
89,0,3.3,255,108980,22240,108980,22240,13.62259,2.78012,H2S,21.19
90,0,3.3,255,108907,22226,108907,22226,13.61343,2.77825,H2S,21.17
91,0,3.3,255,108843,22213,108843,22213,13.60549,2.77663,H2S,21.16
92,0,3.3,255,108691,22182,108691,22182,13.58648,2.77275,H2S,21.12
93,0,3.3,255,108525,22148,108525,22148,13.56565,2.7685,H2S,21.08
94,0,3.3,255,108451,22132,108451,22132,13.55644,2.76662,H2S,21.06
95,0,3.3,255,108334,22109,108334,22109,13.54179,2.76363,H2S,21.03
96,0,3.3,255,108211,22084,108211,22084,13.52645,2.7605,H2S,21.01
97,0,3.3,255,108084,22058,108084,22058,13.51053,2.75725,H2S,20.98
98,0,3.3,255,107898,22020,107898,22020,13.48725,2.7525,H2S,20.93
99,0,3.3,255,107829,22006,107829,22006,13.47868,2.75075,H2S,20.92
100,0,3.3,255,107692,21978,107692,21978,13.46153,2.74725,H2S,20.88
101,0,3.3,255,107555,21950,107555,21950,13.44438,2.74375,H2S,20.85
102,0,3.3,255,107442,21926,107442,21926,13.43026,2.74087,H2S,20.82
103,0,3.3,255,107324,21902,107324,21902,13.41556,2.73787,H2S,20.8
104,0,3.3,255,107197,21876,107197,21876,13.39964,2.73462,H2S,20.77
105,0,3.3,255,107065,21850,107065,21850,13.38313,2.73125,H2S,20.74
106,0,3.3,255,106947,21826,106947,21826,13.36843,2.72825,H2S,20.71
107,0,3.3,255,106776,21791,106776,21791,13.34701,2.72388,H2S,20.67
108,0,3.3,255,106687,21772,106687,21772,13.33594,2.72162,H2S,20.65
109,0,3.3,255,106580,21751,106580,21751,13.32251,2.71888,H2S,20.62
110,0,3.3,255,106447,21724,106447,21724,13.30595,2.7155,H2S,20.59
111,0,3.3,255,106290,21692,106290,21692,13.28635,2.7115,H2S,20.55
112,0,3.3,255,106212,21676,106212,21676,13.27655,2.7095,H2S,20.53
113,0,3.3,255,106089,21650,106089,21650,13.26121,2.70637,H2S,20.51
114,0,3.3,255,105967,21626,105967,21626,13.24593,2.70325,H2S,20.48
115,0,3.3,255,105840,21600,105840,21600,13.23,2.7,H2S,20.45
116,0,3.3,255,105722,21576,105722,21576,13.2153,2.697,H2S,20.42
117,0,3.3,255,105551,21541,105551,21541,13.19389,2.69263,H2S,20.38
118,0,3.3,255,105462,21522,105462,21522,13.18281,2.69037,H2S,20.36
119,0,3.3,255,105325,21495,105325,21495,13.16571,2.68688,H2S,20.33
120,0,3.3,255,105246,21478,105246,21478,13.15586,2.68487,H2S,20.31
121,0,3.3,255,105110,21451,105110,21451,13.13876,2.68138,H2S,20.27
122,0,3.3,255,105026,21434,105026,21434,13.12833,2.67925,H2S,20.25
123,0,3.3,255,104899,21408,104899,21408,13.1124,2.676,H2S,20.22
124,0,3.3,255,104722,21372,104722,21372,13.09035,2.6715,H2S,20.18
125,0,0.0,0,125141,25539,125141,25539,15.64266,3.19238,H2S,25.0
126,0,0.0,0,123284,25160,123284,25160,15.4105,3.145,H2S,24.56
127,0,0.0,0,120873,24668,120873,24668,15.10915,3.0835,H2S,23.99
128,0,0.0,0,118555,24195,118555,24195,14.81946,3.02438,H2S,23.45
129,0,0.0,0,116262,23727,116262,23727,14.53281,2.96588,H2S,22.91
130,0,0.0,0,114086,23283,114086,23283,14.26086,2.91038,H2S,22.39
131,0,0.0,0,111979,22853,111979,22853,13.99749,2.85663,H2S,21.89
132,0,0.0,0,109931,22434,109931,22434,13.74141,2.80437,H2S,21.41
133,0,0.0,0,107941,22028,107941,22028,13.49274,2.75362,H2S,20.94
134,0,0.0,0,106001,21632,106001,21632,13.25019,2.70412,H2S,20.48
135,0,0.0,0,104139,21253,104139,21253,13.01749,2.65663,H2S,20.05
136,0,0.0,0,102326,20882,102326,20882,12.79081,2.61037,H2S,19.62
137,0,0.0,0,100562,20522,100562,20522,12.57031,2.56537,H2S,19.2
138,0,0.0,0,98882,20180,98882,20180,12.36025,2.5225,H2S,18.8
139,0,0.0,0,97225,19842,97225,19842,12.15323,2.48025,H2S,18.41
140,0,0.0,0,95667,19524,95667,19524,11.95845,2.4405,H2S,18.05
141,0,0.0,0,94153,19214,94153,19214,11.76916,2.40187,H2S,17.69
142,0,0.0,0,92727,18924,92727,18924,11.59095,2.3655,H2S,17.35
143,0,0.0,0,91389,18650,91389,18650,11.42371,2.33137,H2S,17.04
144,0,0.0,0,90032,18374,90032,18374,11.25408,2.29675,H2S,16.72
145,0,0.0,0,88797,18122,88797,18122,11.09973,2.26525,H2S,16.43
146,0,0.0,0,87602,17878,87602,17878,10.95028,2.23475,H2S,16.14
147,0,0.0,0,86489,17650,86489,17650,10.81121,2.20637,H2S,15.88
148,0,0.0,0,85421,17432,85421,17432,10.67769,2.17912,H2S,15.63
149,0,0.0,0,84378,17220,84378,17220,10.54725,2.1525,H2S,15.38
150,0,0.0,0,83388,17018,83388,17018,10.42353,2.12725,H2S,15.15
151,0,0.0,0,82437,16824,82437,16824,10.3047,2.103,H2S,14.93
152,0,0.0,0,81540,16640,81540,16640,10.19259,2.08012,H2S,14.71
153,0,0.0,0,80678,16464,80678,16464,10.08479,2.05812,H2S,14.51
154,0,0.0,0,79860,16297,79860,16297,9.98252,2.03725,H2S,14.32
155,0,0.0,0,79066,16136,79066,16136,9.8833,2.017,H2S,14.13
156,0,0.0,0,78292,15978,78292,15978,9.78653,1.99725,H2S,13.95
157,0,0.0,0,77596,15836,77596,15836,9.69955,1.9795,H2S,13.78
158,0,0.0,0,76886,15691,76886,15691,9.61076,1.96138,H2S,13.62
159,0,0.0,0,76214,15554,76214,15554,9.52683,1.94425,H2S,13.46
160,0,0.0,0,75597,15428,75597,15428,9.44965,1.9285,H2S,13.31
161,0,0.0,0,74955,15297,74955,15297,9.36944,1.91213,H2S,13.16
162,0,0.0,0,74391,15182,74391,15182,9.29898,1.89775,H2S,13.03
163,0,0.0,0,73813,15064,73813,15064,9.2267,1.883,H2S,12.89
164,0,0.0,0,73294,14958,73294,14958,9.16178,1.86975,H2S,12.77
165,0,0.0,0,72765,14850,72765,14850,9.09563,1.85625,H2S,12.64
166,0,0.0,0,72279,14750,72279,14750,9.03496,1.84387,H2S,12.53
167,0,0.0,0,71794,14652,71794,14652,8.97435,1.8315,H2S,12.41
168,0,0.0,0,71344,14560,71344,14560,8.918,1.82,H2S,12.31
169,0,0.0,0,70897,14468,70897,14468,8.86224,1.80862,H2S,12.2
170,0,0.0,0,70496,14387,70496,14387,8.81206,1.79838,H2S,12.11
171,0,0.0,0,70099,14306,70099,14306,8.76243,1.78825,H2S,12.01
172,0,0.0,0,69697,14224,69697,14224,8.7122,1.778,H2S,11.92
173,0,0.0,0,69329,14148,69329,14148,8.66624,1.76862,H2S,11.83
174,0,0.0,0,68977,14076,68977,14076,8.62214,1.75962,H2S,11.75
175,0,0.0,0,68634,14006,68634,14006,8.57926,1.75087,H2S,11.67
176,0,0.0,0,68286,13936,68286,13936,8.5358,1.742,H2S,11.59
177,0,0.0,0,67987,13875,67987,13875,8.49846,1.73438,H2S,11.52
178,0,0.0,0,67683,13813,67683,13813,8.46049,1.72663,H2S,11.44
179,0,0.0,0,67379,13750,67379,13750,8.42246,1.71887,H2S,11.37
180,0,0.0,0,67115,13696,67115,13696,8.38939,1.71212,H2S,11.31
181,0,0.0,0,66850,13643,66850,13643,8.35636,1.70538,H2S,11.25
182,0,0.0,0,66600,13592,66600,13592,8.3251,1.699,H2S,11.19
183,0,0.0,0,66351,13541,66351,13541,8.29389,1.69263,H2S,11.13
184,0,0.0,0,66130,13496,66130,13496,8.2663,1.687,H2S,11.08
185,0,0.0,0,65890,13446,65890,13446,8.23626,1.68087,H2S,11.02
186,0,0.0,0,65669,13402,65669,13402,8.20872,1.67525,H2S,10.97
187,0,0.0,0,65449,13356,65449,13356,8.18114,1.66962,H2S,10.92
188,0,0.0,0,65272,13320,65272,13320,8.15909,1.66512,H2S,10.88
189,0,0.0,0,65077,13281,65077,13281,8.13464,1.66013,H2S,10.83
190,0,0.0,0,64895,13244,64895,13244,8.11195,1.6555,H2S,10.79
191,0,0.0,0,64729,13210,64729,13210,8.09113,1.65125,H2S,10.75
192,0,0.0,0,64537,13170,64537,13170,8.06721,1.64637,H2S,10.7
193,0,0.0,0,64371,13137,64371,13137,8.04644,1.64213,H2S,10.66
194,0,0.0,0,64229,13108,64229,13108,8.02865,1.6385,H2S,10.63
195,0,0.0,0,64092,13080,64092,13080,8.0115,1.635,H2S,10.6
196,0,0.0,0,63969,13054,63969,13054,7.99616,1.63187,H2S,10.57
197,0,0.0,0,63788,13018,63788,13018,7.97353,1.62725,H2S,10.53
198,0,0.0,0,63660,12992,63660,12992,7.9576,1.624,H2S,10.5
199,0,0.0,0,63543,12968,63543,12968,7.9429,1.621,H2S,10.47
200,0,0.0,0,63415,12942,63415,12942,7.92698,1.61775,H2S,10.44
201,0,0.0,0,63298,12918,63298,12918,7.91228,1.61475,H2S,10.41
202,0,0.0,0,63185,12894,63185,12894,7.89816,1.61187,H2S,10.38
203,0,0.0,0,63077,12872,63077,12872,7.88469,1.60912,H2S,10.36
204,0,0.0,0,62974,12852,62974,12852,7.87185,1.6065,H2S,10.33
205,0,0.0,0,62857,12828,62857,12828,7.85715,1.6035,H2S,10.31
206,0,0.0,0,62763,12808,62763,12808,7.84549,1.60112,H2S,10.28
207,0,0.0,0,62670,12790,62670,12790,7.83387,1.59875,H2S,10.26
208,0,0.0,0,62587,12772,62587,12772,7.82344,1.59662,H2S,10.24
209,0,0.0,0,62514,12758,62514,12758,7.81428,1.59475,H2S,10.22
210,0,0.0,0,62430,12740,62430,12740,7.80384,1.59262,H2S,10.21
211,0,0.0,0,62342,12723,62342,12723,7.79286,1.59038,H2S,10.18
212,0,0.0,0,62269,12708,62269,12708,7.78365,1.5885,H2S,10.17
213,0,0.0,0,62186,12691,62186,12691,7.77326,1.58638,H2S,10.15
214,0,0.0,0,62132,12680,62132,12680,7.7665,1.585,H2S,10.13
215,0,0.0,0,62048,12663,62048,12663,7.75611,1.58288,H2S,10.12
216,0,0.0,0,61985,12650,61985,12650,7.74813,1.58125,H2S,10.1
217,0,0.0,0,61936,12640,61936,12640,7.742,1.58,H2S,10.09
218,0,0.0,0,61906,12634,61906,12634,7.73833,1.57925,H2S,10.08
219,0,0.0,0,61808,12614,61808,12614,7.72608,1.57675,H2S,10.06
220,0,0.0,0,61764,12605,61764,12605,7.72059,1.57563,H2S,10.05
221,0,0.0,0,61700,12592,61700,12592,7.7126,1.574,H2S,10.03
222,0,0.0,0,61681,12588,61681,12588,7.71015,1.5735,H2S,10.03
223,0,0.0,0,61607,12573,61607,12573,7.70099,1.57163,H2S,10.01
224,0,0.0,0,61558,12563,61558,12563,7.69486,1.57038,H2S,10.0
225,0,0.0,0,61514,12554,61514,12554,7.68933,1.56925,H2S,9.99
226,0,0.0,0,61470,12544,61470,12544,7.68379,1.56812,H2S,9.98
227,0,0.0,0,61431,12537,61431,12537,7.67894,1.56713,H2S,9.97
228,0,0.0,0,61391,12528,61391,12528,7.67399,1.56612,H2S,9.96
229,0,0.0,0,61372,12525,61372,12525,7.67159,1.56563,H2S,9.96
230,0,0.0,0,61323,12515,61323,12515,7.66546,1.56438,H2S,9.94
231,0,0.0,0,61289,12508,61289,12508,7.66115,1.5635,H2S,9.94
232,0,0.0,0,61259,12502,61259,12502,7.65748,1.56275,H2S,9.93
233,0,0.0,0,61254,12500,61254,12500,7.65684,1.56262,H2S,9.93
234,0,0.0,0,61205,12490,61205,12490,7.65071,1.56137,H2S,9.92
235,0,0.0,0,61186,12487,61186,12487,7.64831,1.56088,H2S,9.91
236,0,0.0,0,61176,12484,61176,12484,7.64704,1.56062,H2S,9.91
237,0,0.0,0,61146,12478,61146,12478,7.64336,1.55987,H2S,9.9
238,0,0.0,0,61137,12477,61137,12477,7.64219,1.55963,H2S,9.9
239,0,0.0,0,61117,12473,61117,12473,7.63974,1.55913,H2S,9.9
240,0,0.0,0,61112,12472,61112,12472,7.6391,1.559,H2S,9.89
241,0,0.0,0,61093,12468,61093,12468,7.63665,1.5585,H2S,9.89
242,0,0.0,0,61059,12461,61059,12461,7.63239,1.55763,H2S,9.88
243,0,0.0,0,61063,12462,61063,12462,7.63298,1.55775,H2S,9.88
244,0,0.0,0,61048,12458,61048,12458,7.63111,1.55737,H2S,9.88
245,0,0.0,0,61078,12464,61078,12464,7.63479,1.55812,H2S,9.89
246,0,0.0,0,61059,12461,61059,12461,7.63239,1.55763,H2S,9.88
247,0,0.0,0,61083,12466,61083,12466,7.63542,1.55825,H2S,9.89
248,0,0.0,0,61088,12467,61088,12467,7.63606,1.55838,H2S,9.89
249,0,0.0,0,61103,12470,61103,12470,7.63788,1.55875,H2S,9.89
0,0,3.3,255,51175,10444,51175,10444,6.39695,1.3055,H2S,7.55
1,0,3.3,255,53537,10926,53537,10926,6.69218,1.36575,H2S,8.11
2,0,3.3,255,57094,11652,57094,11652,7.13685,1.4565,H2S,8.95
3,0,3.3,255,60701,12388,60701,12388,7.58765,1.5485,H2S,9.8
4,0,3.3,255,64199,13102,64199,13102,8.02498,1.63775,H2S,10.62
5,0,3.3,255,67556,13787,67556,13787,8.44456,1.72338,H2S,11.41
6,0,3.3,255,70736,14436,70736,14436,8.84205,1.8045,H2S,12.16
7,0,3.3,255,73754,15052,73754,15052,9.21935,1.8815,H2S,12.88
8,0,3.3,255,76577,15628,76577,15628,9.57215,1.9535,H2S,13.54
9,0,3.3,255,79242,16172,79242,16172,9.90535,2.0215,H2S,14.17
10,0,3.3,255,81717,16676,81717,16676,10.21464,2.08462,H2S,14.76
11,0,3.3,255,84054,17154,84054,17154,10.50683,2.14425,H2S,15.31
12,0,3.3,255,86235,17599,86235,17599,10.77941,2.19988,H2S,15.82
13,0,3.3,255,88253,18010,88253,18010,11.03171,2.25137,H2S,16.3
14,0,3.3,255,90150,18398,90150,18398,11.26877,2.29975,H2S,16.74
15,0,3.3,255,91889,18753,91889,18753,11.48624,2.34413,H2S,17.16
16,0,3.3,255,93511,19084,93511,19084,11.68895,2.3855,H2S,17.54
17,0,3.3,255,95060,19400,95060,19400,11.8825,2.425,H2S,17.9
18,0,3.3,255,96432,19680,96432,19680,12.054,2.46,H2S,18.23
19,0,3.3,255,97706,19940,97706,19940,12.21325,2.4925,H2S,18.53
20,0,3.3,255,98882,20180,98882,20180,12.36025,2.5225,H2S,18.8
21,0,3.3,255,99984,20405,99984,20405,12.49809,2.55063,H2S,19.07
22,0,3.3,255,100984,20609,100984,20609,12.62304,2.57613,H2S,19.3
23,0,3.3,255,101910,20798,101910,20798,12.73878,2.59975,H2S,19.52
24,0,3.3,255,102787,20977,102787,20977,12.84844,2.62213,H2S,19.73
25,0,3.3,255,103566,21136,103566,21136,12.9458,2.642,H2S,19.91
26,0,3.3,255,104296,21285,104296,21285,13.03709,2.66063,H2S,20.08
27,0,3.3,255,104958,21420,104958,21420,13.11975,2.6775,H2S,20.24
28,0,3.3,255,105585,21548,105585,21548,13.19815,2.6935,H2S,20.39
29,0,3.3,255,106173,21668,106173,21668,13.27165,2.7085,H2S,20.53
30,0,3.3,255,106697,21774,106697,21774,13.33716,2.72187,H2S,20.65
31,0,3.3,255,107138,21864,107138,21864,13.39229,2.73312,H2S,20.75
32,0,3.3,255,107638,21966,107638,21966,13.45476,2.74587,H2S,20.87
33,0,3.3,255,108049,22050,108049,22050,13.50621,2.75637,H2S,20.97
34,0,3.3,255,108446,22132,108446,22132,13.55585,2.7665,H2S,21.06
35,0,3.3,255,108770,22198,108770,22198,13.59628,2.77475,H2S,21.14
36,0,3.3,255,109113,22268,109113,22268,13.63915,2.7835,H2S,21.22
37,0,3.3,255,109412,22329,109412,22329,13.67654,2.79113,H2S,21.29
38,0,3.3,255,109627,22373,109627,22373,13.70349,2.79663,H2S,21.34
39,0,3.3,255,109931,22434,109931,22434,13.74141,2.80437,H2S,21.41
40,0,3.3,255,110152,22480,110152,22480,13.769,2.81,H2S,21.46
41,0,3.3,255,110328,22516,110328,22516,13.79105,2.8145,H2S,21.51
42,0,3.3,255,110475,22546,110475,22546,13.80943,2.81825,H2S,21.54
43,0,3.3,255,110656,22582,110656,22582,13.83206,2.82287,H2S,21.58
44,0,3.3,255,110730,22598,110730,22598,13.84127,2.82475,H2S,21.6
45,0,3.3,255,110862,22624,110862,22624,13.85779,2.82812,H2S,21.63
46,0,3.3,255,110989,22650,110989,22650,13.87371,2.83137,H2S,21.66
47,0,3.3,255,111141,22682,111141,22682,13.89273,2.83525,H2S,21.7
48,0,3.3,255,111215,22696,111215,22696,13.90189,2.83712,H2S,21.71
49,0,3.3,255,111333,22721,111333,22721,13.91664,2.84013,H2S,21.74
50,0,3.3,255,111406,22736,111406,22736,13.9258,2.842,H2S,21.76
51,0,3.3,255,111401,22734,111401,22734,13.92516,2.84187,H2S,21.76
52,0,3.3,255,111519,22759,111519,22759,13.93991,2.84488,H2S,21.79
53,0,3.3,255,111484,22752,111484,22752,13.9356,2.844,H2S,21.78
54,0,3.3,255,111484,22752,111484,22752,13.9356,2.844,H2S,21.78
55,0,3.3,255,111440,22742,111440,22742,13.93006,2.84287,H2S,21.77
56,0,3.3,255,111494,22754,111494,22754,13.93683,2.84425,H2S,21.78
57,0,3.3,255,111489,22753,111489,22753,13.93624,2.84413,H2S,21.78
58,0,3.3,255,111416,22738,111416,22738,13.92703,2.84225,H2S,21.76
59,0,3.3,255,111445,22744,111445,22744,13.9307,2.843,H2S,21.77
60,0,3.3,255,111328,22720,111328,22720,13.916,2.84,H2S,21.74
61,0,3.3,255,111347,22724,111347,22724,13.91845,2.8405,H2S,21.75
62,0,3.3,255,111259,22706,111259,22706,13.90742,2.83825,H2S,21.72
63,0,3.3,255,111235,22701,111235,22701,13.90439,2.83763,H2S,21.72
64,0,3.3,255,111097,22672,111097,22672,13.88719,2.83412,H2S,21.69
65,0,3.3,255,111122,22678,111122,22678,13.89028,2.83475,H2S,21.69
66,0,3.3,255,111058,22664,111058,22664,13.88229,2.83312,H2S,21.68
67,0,3.3,255,110936,22640,110936,22640,13.867,2.83,H2S,21.65
68,0,3.3,255,110936,22640,110936,22640,13.867,2.83,H2S,21.65
69,0,3.3,255,110867,22626,110867,22626,13.85843,2.82825,H2S,21.63
70,0,3.3,255,110794,22611,110794,22611,13.84926,2.82638,H2S,21.62
71,0,3.3,255,110720,22596,110720,22596,13.84005,2.8245,H2S,21.6
72,0,3.3,255,110568,22565,110568,22565,13.82109,2.82063,H2S,21.56
73,0,3.3,255,110485,22548,110485,22548,13.81065,2.8185,H2S,21.54
74,0,3.3,255,110460,22542,110460,22542,13.80756,2.81787,H2S,21.54
75,0,3.3,255,110357,22522,110357,22522,13.79472,2.81525,H2S,21.51
76,0,3.3,255,110269,22504,110269,22504,13.7837,2.813,H2S,21.49
77,0,3.3,255,110171,22484,110171,22484,13.77145,2.8105,H2S,21.47
78,0,3.3,255,109990,22446,109990,22446,13.74876,2.80587,H2S,21.43
79,0,3.3,255,109951,22439,109951,22439,13.74391,2.80488,H2S,21.42
80,0,3.3,255,109882,22425,109882,22425,13.73534,2.80313,H2S,21.4
81,0,3.3,255,109720,22392,109720,22392,13.7151,2.799,H2S,21.36
82,0,3.3,255,109588,22364,109588,22364,13.69854,2.79562,H2S,21.33
83,0,3.3,255,109456,22338,109456,22338,13.68203,2.79225,H2S,21.3
84,0,3.3,255,109333,22312,109333,22312,13.66669,2.78912,H2S,21.27
85,0,3.3,255,109221,22290,109221,22290,13.65263,2.78625,H2S,21.24
86,0,3.3,255,109093,22264,109093,22264,13.6367,2.783,H2S,21.21
87,0,3.3,255,109000,22245,109000,22245,13.62509,2.78063,H2S,21.19
88,0,3.3,255,108838,22212,108838,22212,13.60485,2.7765,H2S,21.15
89,0,3.3,255,108642,22172,108642,22172,13.58035,2.7715,H2S,21.11
90,0,3.3,255,108549,22152,108549,22152,13.56869,2.76912,H2S,21.09
91,0,3.3,255,108338,22110,108338,22110,13.54237,2.76375,H2S,21.04
92,0,3.3,255,108246,22091,108246,22091,13.53076,2.76138,H2S,21.01
93,0,3.3,255,108030,22047,108030,22047,13.50381,2.75588,H2S,20.96
94,0,3.3,255,107932,22027,107932,22027,13.49156,2.75338,H2S,20.94
95,0,3.3,255,107731,21986,107731,21986,13.46643,2.74825,H2S,20.89
96,0,3.3,255,107653,21970,107653,21970,13.45663,2.74625,H2S,20.87
97,0,3.3,255,107471,21932,107471,21932,13.43394,2.74162,H2S,20.83
98,0,3.3,255,107344,21907,107344,21907,13.41806,2.73838,H2S,20.8
99,0,3.3,255,107270,21892,107270,21892,13.40885,2.7365,H2S,20.78
100,0,3.3,255,107089,21855,107089,21855,13.38621,2.73188,H2S,20.74
101,0,3.3,255,107001,21836,107001,21836,13.37514,2.72962,H2S,20.72
102,0,3.3,255,106820,21800,106820,21800,13.3525,2.725,H2S,20.68
103,0,3.3,255,106648,21765,106648,21765,13.33109,2.72063,H2S,20.64
104,0,3.3,255,106511,21736,106511,21736,13.31389,2.71712,H2S,20.6
105,0,3.3,255,106423,21719,106423,21719,13.30291,2.71488,H2S,20.58
106,0,3.3,255,106300,21694,106300,21694,13.28758,2.71175,H2S,20.56
107,0,3.3,255,106104,21654,106104,21654,13.26308,2.70675,H2S,20.51
108,0,3.3,255,105942,21620,105942,21620,13.24284,2.70262,H2S,20.47
109,0,3.3,255,105854,21603,105854,21603,13.23186,2.70038,H2S,20.45
110,0,3.3,255,105639,21559,105639,21559,13.20491,2.69488,H2S,20.4
111,0,3.3,255,105560,21542,105560,21542,13.19506,2.69287,H2S,20.38
112,0,3.3,255,105384,21507,105384,21507,13.17306,2.68838,H2S,20.34
113,0,3.3,255,105281,21486,105281,21486,13.16018,2.68575,H2S,20.31
114,0,3.3,255,105070,21443,105070,21443,13.13386,2.68038,H2S,20.26
115,0,3.3,255,104918,21412,104918,21412,13.11485,2.6765,H2S,20.23
116,0,3.3,255,104776,21382,104776,21382,13.09706,2.67287,H2S,20.2
117,0,3.3,255,104634,21354,104634,21354,13.07933,2.66925,H2S,20.16
118,0,3.3,255,104512,21329,104512,21329,13.06404,2.66613,H2S,20.13
119,0,3.3,255,104335,21292,104335,21292,13.04194,2.66162,H2S,20.09
120,0,3.3,255,104139,21253,104139,21253,13.01749,2.65663,H2S,20.05
121,0,3.3,255,104056,21236,104056,21236,13.00705,2.6545,H2S,20.03
122,0,3.3,255,103963,21216,103963,21216,12.99539,2.65212,H2S,20.0
123,0,3.3,255,103796,21182,103796,21182,12.97456,2.64787,H2S,19.96
124,0,3.3,255,103684,21160,103684,21160,12.9605,2.645,H2S,19.94
125,0,0.0,0,123548,25214,123548,25214,15.44358,3.15175,H2S,24.62
126,0,0.0,0,121612,24818,121612,24818,15.20161,3.10237,H2S,24.17
127,0,0.0,0,119079,24302,119079,24302,14.88498,3.03775,H2S,23.57
128,0,0.0,0,116668,23810,116668,23810,14.58362,2.97625,H2S,23.0
129,0,0.0,0,114273,23321,114273,23321,14.28414,2.91513,H2S,22.44
130,0,0.0,0,111950,22847,111950,22847,13.99381,2.85588,H2S,21.89
131,0,0.0,0,109730,22394,109730,22394,13.71632,2.79925,H2S,21.36
132,0,0.0,0,107564,21952,107564,21952,13.4456,2.744,H2S,20.85
133,0,0.0,0,105462,21522,105462,21522,13.18281,2.69037,H2S,20.36
134,0,0.0,0,103409,21104,103409,21104,12.9262,2.638,H2S,19.87
135,0,0.0,0,101425,20699,101425,20699,12.67816,2.58738,H2S,19.4
136,0,0.0,0,99504,20306,99504,20306,12.43801,2.53837,H2S,18.95
137,0,0.0,0,97647,19928,97647,19928,12.2059,2.491,H2S,18.51
138,0,0.0,0,95848,19560,95848,19560,11.98109,2.44512,H2S,18.09
139,0,0.0,0,94085,19201,94085,19201,11.76064,2.40013,H2S,17.67
140,0,0.0,0,92379,18853,92379,18853,11.54749,2.35663,H2S,17.27
141,0,0.0,0,90728,18516,90728,18516,11.34105,2.3145,H2S,16.88
142,0,0.0,0,89126,18189,89126,18189,11.14079,2.27363,H2S,16.5
143,0,0.0,0,87577,17873,87577,17873,10.94724,2.23413,H2S,16.14
144,0,0.0,0,86083,17568,86083,17568,10.7604,2.196,H2S,15.79
145,0,0.0,0,84642,17274,84642,17274,10.58033,2.15925,H2S,15.45
146,0,0.0,0,83216,16983,83216,16983,10.40211,2.12288,H2S,15.11
147,0,0.0,0,81854,16704,81854,16704,10.23179,2.08812,H2S,14.79
148,0,0.0,0,80546,16438,80546,16438,10.06827,2.05475,H2S,14.48
149,0,0.0,0,79267,16176,79267,16176,9.90839,2.02212,H2S,14.18
150,0,0.0,0,78017,15922,78017,15922,9.75223,1.99025,H2S,13.88
151,0,0.0,0,76836,15680,76836,15680,9.60459,1.96012,H2S,13.6
152,0,0.0,0,75695,15448,75695,15448,9.4619,1.931,H2S,13.33
153,0,0.0,0,74558,15216,74558,15216,9.3198,1.902,H2S,13.07
154,0,0.0,0,73475,14994,73475,14994,9.18441,1.87437,H2S,12.81
155,0,0.0,0,72412,14778,72412,14778,9.05153,1.84725,H2S,12.56
156,0,0.0,0,71388,14569,71388,14569,8.92354,1.82113,H2S,12.32
157,0,0.0,0,70407,14368,70407,14368,8.80099,1.79612,H2S,12.09
158,0,0.0,0,69433,14170,69433,14170,8.67913,1.77125,H2S,11.86
159,0,0.0,0,68516,13983,68516,13983,8.56461,1.74788,H2S,11.64
160,0,0.0,0,67620,13800,67620,13800,8.4525,1.725,H2S,11.43
161,0,0.0,0,66752,13622,66752,13622,8.34406,1.70287,H2S,11.22
162,0,0.0,0,65924,13454,65924,13454,8.24058,1.68175,H2S,11.03
163,0,0.0,0,65096,13285,65096,13285,8.13709,1.66063,H2S,10.83
164,0,0.0,0,64288,13120,64288,13120,8.036,1.64,H2S,10.64
165,0,0.0,0,63543,12968,63543,12968,7.9429,1.621,H2S,10.47
166,0,0.0,0,62798,12816,62798,12816,7.8498,1.602,H2S,10.29
167,0,0.0,0,62087,12670,62087,12670,7.76096,1.58387,H2S,10.12
168,0,0.0,0,61357,12522,61357,12522,7.66973,1.56525,H2S,9.95
169,0,0.0,0,60691,12386,60691,12386,7.58643,1.54825,H2S,9.79
170,0,0.0,0,60034,12252,60034,12252,7.50435,1.5315,H2S,9.64
171,0,0.0,0,59407,12124,59407,12124,7.42595,1.5155,H2S,9.49
172,0,0.0,0,58800,12000,58800,12000,7.35,1.5,H2S,9.35
173,0,0.0,0,58182,11874,58182,11874,7.27283,1.48425,H2S,9.2
174,0,0.0,0,57604,11756,57604,11756,7.20055,1.4695,H2S,9.07
175,0,0.0,0,57026,11638,57026,11638,7.12828,1.45475,H2S,8.93
176,0,0.0,0,56482,11526,56482,11526,7.06026,1.44087,H2S,8.8
177,0,0.0,0,55943,11416,55943,11416,6.99289,1.42712,H2S,8.67
178,0,0.0,0,55419,11310,55419,11310,6.92738,1.41375,H2S,8.55
179,0,0.0,0,54914,11207,54914,11207,6.86431,1.40088,H2S,8.43
180,0,0.0,0,54424,11106,54424,11106,6.80301,1.38837,H2S,8.32
181,0,0.0,0,53949,11010,53949,11010,6.74363,1.37625,H2S,8.2
182,0,0.0,0,53498,10918,53498,10918,6.68727,1.36475,H2S,8.1
183,0,0.0,0,53037,10824,53037,10824,6.6297,1.353,H2S,7.99
184,0,0.0,0,52640,10743,52640,10743,6.58011,1.34288,H2S,7.9
185,0,0.0,0,52209,10654,52209,10654,6.52616,1.33187,H2S,7.79
186,0,0.0,0,51807,10573,51807,10573,6.47599,1.32163,H2S,7.7
187,0,0.0,0,51435,10496,51435,10496,6.42939,1.31212,H2S,7.61
188,0,0.0,0,51018,10412,51018,10412,6.37735,1.3015,H2S,7.51
189,0,0.0,0,50641,10335,50641,10335,6.33021,1.29188,H2S,7.42
190,0,0.0,0,50288,10262,50288,10262,6.28606,1.28287,H2S,7.34
191,0,0.0,0,49921,10188,49921,10188,6.24015,1.2735,H2S,7.25
192,0,0.0,0,49573,10117,49573,10117,6.19669,1.26463,H2S,7.17
193,0,0.0,0,49230,10047,49230,10047,6.15381,1.25588,H2S,7.09
194,0,0.0,0,48941,9988,48941,9988,6.11765,1.2485,H2S,7.02
195,0,0.0,0,48603,9919,48603,9919,6.07541,1.23988,H2S,6.94
196,0,0.0,0,48284,9854,48284,9854,6.03557,1.23175,H2S,6.87
197,0,0.0,0,47990,9794,47990,9794,5.99883,1.22425,H2S,6.8
198,0,0.0,0,47681,9730,47681,9730,5.96021,1.21637,H2S,6.73
199,0,0.0,0,47417,9676,47417,9676,5.92714,1.20962,H2S,6.66
200,0,0.0,0,47132,9618,47132,9618,5.89161,1.20237,H2S,6.6
201,0,0.0,0,46853,9562,46853,9562,5.85672,1.19525,H2S,6.53
202,0,0.0,0,46599,9510,46599,9510,5.82488,1.18875,H2S,6.47
203,0,0.0,0,46363,9462,46363,9462,5.79548,1.18275,H2S,6.41
204,0,0.0,0,46113,9410,46113,9410,5.76421,1.17637,H2S,6.36
205,0,0.0,0,45873,9362,45873,9362,5.73423,1.17025,H2S,6.3
206,0,0.0,0,45648,9316,45648,9316,5.70605,1.1645,H2S,6.25
207,0,0.0,0,45408,9266,45408,9266,5.67601,1.15837,H2S,6.19
208,0,0.0,0,45217,9228,45217,9228,5.65215,1.1535,H2S,6.14
209,0,0.0,0,44991,9182,44991,9182,5.62398,1.14775,H2S,6.09
210,0,0.0,0,44786,9140,44786,9140,5.59825,1.1425,H2S,6.04
211,0,0.0,0,44575,9096,44575,9096,5.57189,1.13712,H2S,5.99
212,0,0.0,0,44379,9057,44379,9057,5.54744,1.13213,H2S,5.95
213,0,0.0,0,44203,9021,44203,9021,5.52539,1.12763,H2S,5.9
214,0,0.0,0,44021,8984,44021,8984,5.5027,1.123,H2S,5.86
215,0,0.0,0,43815,8942,43815,8942,5.47698,1.11775,H2S,5.81
216,0,0.0,0,43673,8913,43673,8913,5.45924,1.11413,H2S,5.78
217,0,0.0,0,43497,8877,43497,8877,5.43719,1.10963,H2S,5.74
218,0,0.0,0,43330,8842,43330,8842,5.41631,1.10537,H2S,5.7
219,0,0.0,0,43163,8808,43163,8808,5.39549,1.10112,H2S,5.66
220,0,0.0,0,43016,8778,43016,8778,5.37711,1.09737,H2S,5.63
221,0,0.0,0,42865,8748,42865,8748,5.35815,1.0935,H2S,5.59
222,0,0.0,0,42703,8714,42703,8714,5.33791,1.08937,H2S,5.55
223,0,0.0,0,42571,8688,42571,8688,5.3214,1.086,H2S,5.52
224,0,0.0,0,42438,8660,42438,8660,5.30484,1.08262,H2S,5.49
225,0,0.0,0,42287,8630,42287,8630,5.28588,1.07875,H2S,5.45
226,0,0.0,0,42159,8604,42159,8604,5.26995,1.0755,H2S,5.42
227,0,0.0,0,42027,8576,42027,8576,5.25339,1.07212,H2S,5.39
228,0,0.0,0,41938,8558,41938,8558,5.24236,1.06987,H2S,5.37
229,0,0.0,0,41787,8528,41787,8528,5.2234,1.066,H2S,5.34
230,0,0.0,0,41694,8509,41694,8509,5.21179,1.06363,H2S,5.31
231,0,0.0,0,41561,8482,41561,8482,5.19522,1.06025,H2S,5.28
232,0,0.0,0,41454,8460,41454,8460,5.18175,1.0575,H2S,5.26
233,0,0.0,0,41356,8440,41356,8440,5.1695,1.055,H2S,5.23
234,0,0.0,0,41253,8419,41253,8419,5.15666,1.05238,H2S,5.21
235,0,0.0,0,41160,8400,41160,8400,5.145,1.05,H2S,5.19
236,0,0.0,0,41067,8381,41067,8381,5.13339,1.04763,H2S,5.17
237,0,0.0,0,40934,8354,40934,8354,5.11682,1.04425,H2S,5.13
238,0,0.0,0,40880,8342,40880,8342,5.11006,1.04287,H2S,5.12
239,0,0.0,0,40802,8326,40802,8326,5.10026,1.04087,H2S,5.1
240,0,0.0,0,40694,8304,40694,8304,5.08679,1.03812,H2S,5.08
241,0,0.0,0,40615,8288,40615,8288,5.07699,1.03612,H2S,5.06
242,0,0.0,0,40537,8272,40537,8272,5.06719,1.03412,H2S,5.04
243,0,0.0,0,40483,8262,40483,8262,5.06048,1.03275,H2S,5.03
244,0,0.0,0,40390,8243,40390,8243,5.04886,1.03038,H2S,5.01
245,0,0.0,0,40317,8228,40317,8228,5.03965,1.0285,H2S,4.99
246,0,0.0,0,40248,8214,40248,8214,5.03108,1.02675,H2S,4.97
247,0,0.0,0,40189,8202,40189,8202,5.02373,1.02525,H2S,4.96
248,0,0.0,0,40101,8183,40101,8183,5.0127,1.023,H2S,4.94
249,0,0.0,0,40033,8170,40033,8170,5.00413,1.02125,H2S,4.92
0,0,3.3,255,33584,6854,33584,6854,4.19808,0.85675,H2S,3.4
1,0,3.3,255,35402,7225,35402,7225,4.42534,0.90313,H2S,3.83
2,0,3.3,255,38185,7793,38185,7793,4.77324,0.97413,H2S,4.49
3,0,3.3,255,41022,8372,41022,8372,5.12785,1.0465,H2S,5.15
4,0,3.3,255,43786,8936,43786,8936,5.4733,1.117,H2S,5.81
5,0,3.3,255,46491,9488,46491,9488,5.8114,1.186,H2S,6.44
6,0,3.3,255,49137,10028,49137,10028,6.14215,1.2535,H2S,7.07
7,0,3.3,255,51704,10552,51704,10552,6.4631,1.319,H2S,7.67
8,0,3.3,255,54208,11063,54208,11063,6.77611,1.38288,H2S,8.27
9,0,3.3,255,56644,11560,56644,11560,7.0805,1.445,H2S,8.84
10,0,3.3,255,58971,12035,58971,12035,7.37146,1.50438,H2S,9.39
11,0,3.3,255,61235,12496,61235,12496,7.65439,1.56212,H2S,9.92
12,0,3.3,255,63396,12938,63396,12938,7.92453,1.61725,H2S,10.43
13,0,3.3,255,65493,13366,65493,13366,8.18668,1.67075,H2S,10.93
14,0,3.3,255,67482,13772,67482,13772,8.43535,1.7215,H2S,11.4
15,0,3.3,255,69393,14162,69393,14162,8.67423,1.77025,H2S,11.85
16,0,3.3,255,71240,14538,71240,14538,8.90511,1.81737,H2S,12.28
17,0,3.3,255,72980,14894,72980,14894,9.12258,1.86175,H2S,12.69
18,0,3.3,255,74587,15222,74587,15222,9.32348,1.90275,H2S,13.07
19,0,3.3,255,76219,15554,76219,15554,9.52741,1.94437,H2S,13.46
20,0,3.3,255,77679,15852,77679,15852,9.70994,1.98162,H2S,13.8
21,0,3.3,255,79149,16152,79149,16152,9.89369,2.01912,H2S,14.15
22,0,3.3,255,80462,16420,80462,16420,10.05784,2.05262,H2S,14.46
23,0,3.3,255,81785,16690,81785,16690,10.22321,2.08637,H2S,14.77
24,0,3.3,255,83006,16940,83006,16940,10.37575,2.1175,H2S,15.06
25,0,3.3,255,84211,17186,84211,17186,10.52643,2.14825,H2S,15.34
26,0,3.3,255,85323,17413,85323,17413,10.66549,2.17663,H2S,15.61
27,0,3.3,255,86313,17614,86313,17614,10.78916,2.20187,H2S,15.84
28,0,3.3,255,87312,17818,87312,17818,10.91411,2.22737,H2S,16.08
29,0,3.3,255,88292,18018,88292,18018,11.03661,2.25237,H2S,16.31
30,0,3.3,255,89140,18192,89140,18192,11.1426,2.274,H2S,16.51
31,0,3.3,255,89988,18364,89988,18364,11.24854,2.29562,H2S,16.71
32,0,3.3,255,90816,18534,90816,18534,11.35208,2.31675,H2S,16.9
33,0,3.3,255,91571,18688,91571,18688,11.4464,2.336,H2S,17.08
34,0,3.3,255,92208,18818,92208,18818,11.52603,2.35225,H2S,17.23
35,0,3.3,255,92908,18960,92908,18960,11.61359,2.37012,H2S,17.4
36,0,3.3,255,93570,19096,93570,19096,11.6963,2.387,H2S,17.55
37,0,3.3,255,94148,19214,94148,19214,11.76858,2.40175,H2S,17.69
38,0,3.3,255,94643,19315,94643,19315,11.83046,2.41438,H2S,17.8
39,0,3.3,255,95162,19420,95162,19420,11.89534,2.42762,H2S,17.93
40,0,3.3,255,95697,19530,95697,19530,11.96213,2.44125,H2S,18.05
41,0,3.3,255,96147,19622,96147,19622,12.01848,2.45275,H2S,18.16
42,0,3.3,255,96510,19696,96510,19696,12.0638,2.462,H2S,18.25
43,0,3.3,255,96961,19788,96961,19788,12.12015,2.4735,H2S,18.35
44,0,3.3,255,97260,19849,97260,19849,12.15754,2.48113,H2S,18.42
45,0,3.3,255,97651,19928,97651,19928,12.20649,2.49112,H2S,18.51
46,0,3.3,255,97907,19981,97907,19981,12.23839,2.49763,H2S,18.57
47,0,3.3,255,98259,20053,98259,20053,12.28249,2.50663,H2S,18.66
48,0,3.3,255,98499,20102,98499,20102,12.31248,2.51275,H2S,18.71
49,0,3.3,255,98764,20156,98764,20156,12.34555,2.5195,H2S,18.78
50,0,3.3,255,98906,20184,98906,20184,12.36329,2.52312,H2S,18.81
51,0,3.3,255,99127,20230,99127,20230,12.39088,2.52875,H2S,18.86
52,0,3.3,255,99323,20270,99323,20270,12.41538,2.53375,H2S,18.91
53,0,3.3,255,99509,20308,99509,20308,12.43865,2.5385,H2S,18.95
54,0,3.3,255,99705,20348,99705,20348,12.46315,2.5435,H2S,19.0
55,0,3.3,255,99857,20379,99857,20379,12.48216,2.54738,H2S,19.03
56,0,3.3,255,99974,20402,99974,20402,12.49681,2.55037,H2S,19.06
57,0,3.3,255,99994,20407,99994,20407,12.49931,2.55088,H2S,19.07
58,0,3.3,255,100175,20444,100175,20444,12.52195,2.5555,H2S,19.11
59,0,3.3,255,100268,20463,100268,20463,12.53361,2.55788,H2S,19.13
60,0,3.3,255,100346,20478,100346,20478,12.54336,2.55987,H2S,19.15
61,0,3.3,255,100396,20489,100396,20489,12.54954,2.56113,H2S,19.16
62,0,3.3,255,100352,20480,100352,20480,12.544,2.56,H2S,19.15
63,0,3.3,255,100391,20488,100391,20488,12.5489,2.561,H2S,19.16
64,0,3.3,255,100479,20506,100479,20506,12.55993,2.56325,H2S,19.18
65,0,3.3,255,100455,20501,100455,20501,12.55689,2.56263,H2S,19.18
66,0,3.3,255,100523,20515,100523,20515,12.56546,2.56438,H2S,19.19
67,0,3.3,255,100533,20516,100533,20516,12.56664,2.56462,H2S,19.19
68,0,3.3,255,100479,20506,100479,20506,12.55993,2.56325,H2S,19.18
69,0,3.3,255,100494,20509,100494,20509,12.56179,2.56363,H2S,19.19
70,0,3.3,255,100391,20488,100391,20488,12.5489,2.561,H2S,19.16
71,0,3.3,255,100376,20484,100376,20484,12.54704,2.56062,H2S,19.16
72,0,3.3,255,100357,20481,100357,20481,12.54464,2.56013,H2S,19.15
73,0,3.3,255,100357,20481,100357,20481,12.54464,2.56013,H2S,19.15
74,0,3.3,255,100288,20466,100288,20466,12.53601,2.55837,H2S,19.14
75,0,3.3,255,100160,20440,100160,20440,12.52009,2.55512,H2S,19.11
76,0,3.3,255,100190,20446,100190,20446,12.52376,2.55587,H2S,19.11
77,0,3.3,255,100053,20419,100053,20419,12.50666,2.55238,H2S,19.08
78,0,3.3,255,100014,20411,100014,20411,12.50176,2.55138,H2S,19.07
79,0,3.3,255,99979,20404,99979,20404,12.49745,2.5505,H2S,19.06
80,0,3.3,255,99837,20375,99837,20375,12.47971,2.54688,H2S,19.03
81,0,3.3,255,99764,20360,99764,20360,12.4705,2.545,H2S,19.01
82,0,3.3,255,99719,20350,99719,20350,12.46496,2.54387,H2S,19.0
83,0,3.3,255,99621,20330,99621,20330,12.45271,2.54137,H2S,18.98
84,0,3.3,255,99479,20302,99479,20302,12.43498,2.53775,H2S,18.95
85,0,3.3,255,99396,20285,99396,20285,12.42459,2.53563,H2S,18.93
86,0,3.3,255,99313,20268,99313,20268,12.41415,2.5335,H2S,18.91
87,0,3.3,255,99278,20260,99278,20260,12.40984,2.53262,H2S,18.9
88,0,3.3,255,99161,20236,99161,20236,12.39514,2.52962,H2S,18.87
89,0,3.3,255,98965,20196,98965,20196,12.37064,2.52462,H2S,18.82
90,0,3.3,255,98901,20184,98901,20184,12.3627,2.523,H2S,18.81
91,0,3.3,255,98749,20152,98749,20152,12.34369,2.51912,H2S,18.77
92,0,3.3,255,98617,20126,98617,20126,12.32718,2.51575,H2S,18.74
93,0,3.3,255,98563,20114,98563,20114,12.32041,2.51437,H2S,18.73
94,0,3.3,255,98441,20090,98441,20090,12.30513,2.51125,H2S,18.7
95,0,3.3,255,98264,20054,98264,20054,12.28308,2.50675,H2S,18.66
96,0,3.3,255,98156,20032,98156,20032,12.2696,2.504,H2S,18.63
97,0,3.3,255,98103,20021,98103,20021,12.26289,2.50263,H2S,18.62
98,0,3.3,255,97985,19996,97985,19996,12.24814,2.49962,H2S,18.59
99,0,3.3,255,97828,19964,97828,19964,12.22854,2.49562,H2S,18.56
100,0,3.3,255,97686,19936,97686,19936,12.2108,2.492,H2S,18.52
101,0,3.3,255,97617,19922,97617,19922,12.20223,2.49025,H2S,18.51
102,0,3.3,255,97500,19898,97500,19898,12.18753,2.48725,H2S,18.48
103,0,3.3,255,97309,19859,97309,19859,12.16366,2.48238,H2S,18.43
104,0,3.3,255,97269,19850,97269,19850,12.15871,2.48137,H2S,18.42
105,0,3.3,255,97132,19823,97132,19823,12.14161,2.47788,H2S,18.39
106,0,3.3,255,96941,19784,96941,19784,12.1177,2.473,H2S,18.35
107,0,3.3,255,96828,19760,96828,19760,12.10359,2.47012,H2S,18.32
108,0,3.3,255,96750,19745,96750,19745,12.09384,2.46813,H2S,18.3
109,0,3.3,255,96525,19699,96525,19699,12.06566,2.46238,H2S,18.25
110,0,3.3,255,96417,19676,96417,19676,12.05214,2.45962,H2S,18.22
111,0,3.3,255,96339,19661,96339,19661,12.04239,2.45763,H2S,18.2
112,0,3.3,255,96192,19631,96192,19631,12.02401,2.45388,H2S,18.17
113,0,3.3,255,96098,19612,96098,19612,12.01235,2.4515,H2S,18.15
114,0,3.3,255,95966,19585,95966,19585,11.99584,2.44813,H2S,18.12
115,0,3.3,255,95780,19547,95780,19547,11.97256,2.44338,H2S,18.07
116,0,3.3,255,95662,19522,95662,19522,11.95781,2.44037,H2S,18.05
117,0,3.3,255,95589,19508,95589,19508,11.94865,2.4385,H2S,18.03
118,0,3.3,255,95452,19480,95452,19480,11.9315,2.435,H2S,18.0
119,0,3.3,255,95280,19445,95280,19445,11.91009,2.43063,H2S,17.96
120,0,3.3,255,95138,19416,95138,19416,11.8923,2.427,H2S,17.92
121,0,3.3,255,95084,19405,95084,19405,11.88559,2.42563,H2S,17.91
122,0,3.3,255,94957,19379,94957,19379,11.86966,2.42238,H2S,17.88
123,0,3.3,255,94819,19350,94819,19350,11.85246,2.41887,H2S,17.85
124,0,3.3,255,94716,19330,94716,19330,11.83962,2.41625,H2S,17.82
125,0,0.0,0,112798,23020,112798,23020,14.09975,2.8775,H2S,22.09
126,0,0.0,0,110710,22594,110710,22594,13.83883,2.82425,H2S,21.6
127,0,0.0,0,108035,22048,108035,22048,13.5044,2.756,H2S,20.96
128,0,0.0,0,105399,21510,105399,21510,13.17488,2.68875,H2S,20.34
129,0,0.0,0,102870,20994,102870,20994,12.85883,2.62425,H2S,19.75
130,0,0.0,0,100440,20498,100440,20498,12.55503,2.56225,H2S,19.17
131,0,0.0,0,98088,20018,98088,20018,12.26103,2.50225,H2S,18.62
132,0,0.0,0,95824,19556,95824,19556,11.97805,2.4445,H2S,18.08
133,0,0.0,0,93619,19106,93619,19106,11.70243,2.38825,H2S,17.56
134,0,0.0,0,91507,18675,91507,18675,11.43846,2.33438,H2S,17.07
135,0,0.0,0,89439,18253,89439,18253,11.17999,2.28163,H2S,16.58
136,0,0.0,0,87469,17850,87469,17850,10.93371,2.23137,H2S,16.11
137,0,0.0,0,85544,17458,85544,17458,10.69303,2.18225,H2S,15.66
138,0,0.0,0,83706,17082,83706,17082,10.46331,2.13537,H2S,15.22
139,0,0.0,0,81908,16716,81908,16716,10.23855,2.0895,H2S,14.8
140,0,0.0,0,80193,16366,80193,16366,10.02418,2.04575,H2S,14.4
141,0,0.0,0,78522,16024,78522,16024,9.81529,2.00312,H2S,14.0
142,0,0.0,0,76920,15698,76920,15698,9.61503,1.96225,H2S,13.62
143,0,0.0,0,75401,15388,75401,15388,9.42515,1.9235,H2S,13.27
144,0,0.0,0,73901,15082,73901,15082,9.23773,1.88525,H2S,12.91
145,0,0.0,0,72471,14790,72471,14790,9.05888,1.84875,H2S,12.57
146,0,0.0,0,71069,14504,71069,14504,8.8837,1.813,H2S,12.24
147,0,0.0,0,69727,14230,69727,14230,8.71588,1.77875,H2S,11.93
148,0,0.0,0,68467,13973,68467,13973,8.55849,1.74663,H2S,11.63
149,0,0.0,0,67198,13714,67198,13714,8.39983,1.71425,H2S,11.33
150,0,0.0,0,66027,13474,66027,13474,8.25341,1.68437,H2S,11.05
151,0,0.0,0,64841,13233,64841,13233,8.10524,1.65413,H2S,10.77
152,0,0.0,0,63773,13015,63773,13015,7.97171,1.62688,H2S,10.52
153,0,0.0,0,62690,12794,62690,12794,7.83633,1.59925,H2S,10.27
154,0,0.0,0,61646,12580,61646,12580,7.70584,1.57262,H2S,10.02
155,0,0.0,0,60652,12378,60652,12378,7.58153,1.54725,H2S,9.79
156,0,0.0,0,59682,12180,59682,12180,7.46025,1.5225,H2S,9.56
157,0,0.0,0,58755,11990,58755,11990,7.34446,1.49887,H2S,9.34
158,0,0.0,0,57839,11804,57839,11804,7.22995,1.4755,H2S,9.12
159,0,0.0,0,56977,11628,56977,11628,7.12215,1.4535,H2S,8.92
160,0,0.0,0,56154,11460,56154,11460,7.01925,1.4325,H2S,8.72
161,0,0.0,0,55335,11292,55335,11292,6.91694,1.41162,H2S,8.53
162,0,0.0,0,54551,11132,54551,11132,6.81894,1.39162,H2S,8.35
163,0,0.0,0,53787,10977,53787,10977,6.72344,1.37213,H2S,8.17
164,0,0.0,0,53062,10829,53062,10829,6.63279,1.35363,H2S,8.0
165,0,0.0,0,52356,10685,52356,10685,6.54459,1.33563,H2S,7.83
166,0,0.0,0,51675,10546,51675,10546,6.45943,1.31825,H2S,7.67
167,0,0.0,0,51018,10412,51018,10412,6.37735,1.3015,H2S,7.51
168,0,0.0,0,50381,10282,50381,10282,6.29773,1.28525,H2S,7.36
169,0,0.0,0,49764,10156,49764,10156,6.22055,1.2695,H2S,7.22
170,0,0.0,0,49171,10035,49171,10035,6.14646,1.25438,H2S,7.08
171,0,0.0,0,48573,9913,48573,9913,6.07174,1.23913,H2S,6.94
172,0,0.0,0,48020,9800,48020,9800,6.0025,1.225,H2S,6.81
173,0,0.0,0,47490,9692,47490,9692,5.93635,1.2115,H2S,6.68
174,0,0.0,0,46961,9584,46961,9584,5.8702,1.198,H2S,6.56
175,0,0.0,0,46442,9478,46442,9478,5.80527,1.18475,H2S,6.43
176,0,0.0,0,45991,9386,45991,9386,5.74892,1.17325,H2S,6.33
177,0,0.0,0,45477,9281,45477,9281,5.68464,1.16013,H2S,6.21
178,0,0.0,0,45040,9192,45040,9192,5.6301,1.149,H2S,6.1
179,0,0.0,0,44590,9100,44590,9100,5.57375,1.1375,H2S,6.0
180,0,0.0,0,44149,9010,44149,9010,5.51863,1.12625,H2S,5.89
181,0,0.0,0,43722,8923,43722,8923,5.46536,1.11538,H2S,5.79
182,0,0.0,0,43325,8842,43325,8842,5.41573,1.10525,H2S,5.7
183,0,0.0,0,42919,8759,42919,8759,5.36491,1.09488,H2S,5.6
184,0,0.0,0,42546,8682,42546,8682,5.31831,1.08537,H2S,5.51
185,0,0.0,0,42149,8602,42149,8602,5.26873,1.07525,H2S,5.42
186,0,0.0,0,41802,8531,41802,8531,5.22526,1.06638,H2S,5.34
187,0,0.0,0,41434,8456,41434,8456,5.1793,1.057,H2S,5.25
188,0,0.0,0,41120,8392,41120,8392,5.1401,1.049,H2S,5.18
189,0,0.0,0,40768,8320,40768,8320,5.096,1.04,H2S,5.09
190,0,0.0,0,40474,8260,40474,8260,5.05925,1.0325,H2S,5.03
191,0,0.0,0,40170,8198,40170,8198,5.02128,1.02475,H2S,4.95
192,0,0.0,0,39856,8134,39856,8134,4.98208,1.01675,H2S,4.88
193,0,0.0,0,39582,8077,39582,8077,4.94778,1.00975,H2S,4.81
194,0,0.0,0,39283,8016,39283,8016,4.91039,1.00212,H2S,4.74
195,0,0.0,0,39013,7962,39013,7962,4.87673,0.99525,H2S,4.68
196,0,0.0,0,38753,7908,38753,7908,4.84424,0.98862,H2S,4.62
197,0,0.0,0,38489,7855,38489,7855,4.81121,0.98188,H2S,4.56
198,0,0.0,0,38234,7802,38234,7802,4.77931,0.97537,H2S,4.5
199,0,0.0,0,38019,7759,38019,7759,4.75241,0.96988,H2S,4.45
200,0,0.0,0,37769,7708,37769,7708,4.72115,0.9635,H2S,4.39
201,0,0.0,0,37543,7662,37543,7662,4.69298,0.95775,H2S,4.33
202,0,0.0,0,37308,7614,37308,7614,4.66358,0.95175,H2S,4.28
203,0,0.0,0,37097,7570,37097,7570,4.63721,0.94637,H2S,4.23
204,0,0.0,0,36887,7528,36887,7528,4.6109,0.941,H2S,4.18
205,0,0.0,0,36676,7485,36676,7485,4.58459,0.93563,H2S,4.13
206,0,0.0,0,36495,7448,36495,7448,4.5619,0.931,H2S,4.09
207,0,0.0,0,36303,7408,36303,7408,4.53799,0.92612,H2S,4.04
208,0,0.0,0,36118,7371,36118,7371,4.51476,0.92138,H2S,4.0
209,0,0.0,0,35941,7334,35941,7334,4.49266,0.91687,H2S,3.96
210,0,0.0,0,35765,7299,35765,7299,4.47066,0.91238,H2S,3.91
211,0,0.0,0,35603,7266,35603,7266,4.45043,0.90825,H2S,3.88
212,0,0.0,0,35427,7230,35427,7230,4.42838,0.90375,H2S,3.83
213,0,0.0,0,35280,7200,35280,7200,4.41,0.9,H2S,3.8
214,0,0.0,0,35147,7173,35147,7173,4.39349,0.89663,H2S,3.77
215,0,0.0,0,34976,7138,34976,7138,4.37202,0.89225,H2S,3.73
216,0,0.0,0,34829,7108,34829,7108,4.35365,0.8885,H2S,3.69
217,0,0.0,0,34672,7076,34672,7076,4.33405,0.8845,H2S,3.66
218,0,0.0,0,34530,7046,34530,7046,4.31626,0.88087,H2S,3.62
219,0,0.0,0,34427,7026,34427,7026,4.30342,0.87825,H2S,3.6
220,0,0.0,0,34290,6998,34290,6998,4.28628,0.87475,H2S,3.57
221,0,0.0,0,34148,6969,34148,6969,4.26854,0.87113,H2S,3.53
222,0,0.0,0,34040,6947,34040,6947,4.25506,0.86838,H2S,3.51
223,0,0.0,0,33937,6926,33937,6926,4.24218,0.86575,H2S,3.48
224,0,0.0,0,33810,6900,33810,6900,4.22625,0.8625,H2S,3.45
225,0,0.0,0,33697,6876,33697,6876,4.21214,0.85962,H2S,3.43
226,0,0.0,0,33604,6858,33604,6858,4.20052,0.85725,H2S,3.4
227,0,0.0,0,33481,6833,33481,6833,4.18524,0.85413,H2S,3.38
228,0,0.0,0,33383,6812,33383,6812,4.17294,0.85162,H2S,3.35
229,0,0.0,0,33295,6794,33295,6794,4.16191,0.84937,H2S,3.33
230,0,0.0,0,33182,6772,33182,6772,4.14785,0.8465,H2S,3.31
231,0,0.0,0,33104,6756,33104,6756,4.13805,0.8445,H2S,3.29
232,0,0.0,0,33011,6737,33011,6737,4.12644,0.84213,H2S,3.26
233,0,0.0,0,32933,6721,32933,6721,4.11664,0.84013,H2S,3.25
234,0,0.0,0,32839,6702,32839,6702,4.10498,0.83775,H2S,3.22
235,0,0.0,0,32761,6686,32761,6686,4.09518,0.83575,H2S,3.21
236,0,0.0,0,32682,6670,32682,6670,4.08537,0.83375,H2S,3.19
237,0,0.0,0,32599,6653,32599,6653,4.07499,0.83163,H2S,3.17
238,0,0.0,0,32531,6639,32531,6639,4.06641,0.82988,H2S,3.15
239,0,0.0,0,32447,6622,32447,6622,4.05598,0.82775,H2S,3.13
240,0,0.0,0,32398,6612,32398,6612,4.04985,0.8265,H2S,3.12
241,0,0.0,0,32315,6594,32315,6594,4.03941,0.82437,H2S,3.1
242,0,0.0,0,32276,6586,32276,6586,4.03451,0.82337,H2S,3.09
243,0,0.0,0,32212,6574,32212,6574,4.02658,0.82175,H2S,3.08
244,0,0.0,0,32139,6559,32139,6559,4.01741,0.81988,H2S,3.06
245,0,0.0,0,32085,6548,32085,6548,4.01065,0.8185,H2S,3.05
246,0,0.0,0,32031,6536,32031,6536,4.00389,0.81712,H2S,3.03
247,0,0.0,0,31967,6524,31967,6524,3.99595,0.8155,H2S,3.02
248,0,0.0,0,31952,6520,31952,6520,3.99409,0.81512,H2S,3.01
249,0,0.0,0,31874,6504,31874,6504,3.98429,0.81312,H2S,3.0
0,0,3.3,255,26778,5464,26778,5464,3.34729,0.68312,H2S,1.79
1,0,3.3,255,28376,5791,28376,5791,3.54701,0.72388,H2S,2.17
2,0,3.3,255,30821,6290,30821,6290,3.85263,0.78625,H2S,2.75
3,0,3.3,255,33339,6804,33339,6804,4.16745,0.8505,H2S,3.34
4,0,3.3,255,35833,7312,35833,7312,4.47919,0.91412,H2S,3.93
5,0,3.3,255,38318,7820,38318,7820,4.78975,0.9775,H2S,4.52
6,0,3.3,255,40728,8312,40728,8312,5.0911,1.039,H2S,5.09
7,0,3.3,255,43139,8804,43139,8804,5.39245,1.1005,H2S,5.65
8,0,3.3,255,45486,9282,45486,9282,5.68581,1.16037,H2S,6.21
9,0,3.3,255,47775,9750,47775,9750,5.97188,1.21875,H2S,6.75
10,0,3.3,255,49985,10201,49985,10201,6.24814,1.27513,H2S,7.27
11,0,3.3,255,52160,10644,52160,10644,6.52004,1.33062,H2S,7.78
12,0,3.3,255,54257,11073,54257,11073,6.78224,1.38413,H2S,8.28
13,0,3.3,255,56310,11492,56310,11492,7.03885,1.4365,H2S,8.76
14,0,3.3,255,58290,11896,58290,11896,7.2863,1.487,H2S,9.23
15,0,3.3,255,60191,12284,60191,12284,7.52395,1.5355,H2S,9.68
16,0,3.3,255,61994,12652,61994,12652,7.74935,1.5815,H2S,10.1
17,0,3.3,255,63714,13003,63714,13003,7.96436,1.62538,H2S,10.51
18,0,3.3,255,65370,13340,65370,13340,8.17134,1.66762,H2S,10.9
19,0,3.3,255,66958,13664,66958,13664,8.36979,1.70812,H2S,11.27
20,0,3.3,255,68453,13970,68453,13970,8.55663,1.74625,H2S,11.63
21,0,3.3,255,69893,14264,69893,14264,8.7367,1.783,H2S,11.97
22,0,3.3,255,71300,14551,71300,14551,8.91251,1.81888,H2S,12.3
23,0,3.3,255,72613,14819,72613,14819,9.07666,1.85238,H2S,12.61
24,0,3.3,255,73877,15076,73877,15076,9.23464,1.88462,H2S,12.91
25,0,3.3,255,75077,15322,75077,15322,9.38472,1.91525,H2S,13.19
26,0,3.3,255,76200,15551,76200,15551,9.52501,1.94388,H2S,13.45
27,0,3.3,255,77322,15780,77322,15780,9.66525,1.9725,H2S,13.72
28,0,3.3,255,78331,15986,78331,15986,9.79143,1.99825,H2S,13.96
29,0,3.3,255,79272,16178,79272,16178,9.90903,2.02225,H2S,14.18
30,0,3.3,255,80207,16368,80207,16368,10.02599,2.04612,H2S,14.4
31,0,3.3,255,81085,16548,81085,16548,10.13565,2.0685,H2S,14.61
32,0,3.3,255,81830,16700,81830,16700,10.22875,2.0875,H2S,14.78
33,0,3.3,255,82682,16874,82682,16874,10.33532,2.10925,H2S,14.98
34,0,3.3,255,83403,17021,83403,17021,10.42539,2.12763,H2S,15.15
35,0,3.3,255,84049,17152,84049,17152,10.50619,2.14412,H2S,15.31
36,0,3.3,255,84750,17296,84750,17296,10.5938,2.162,H2S,15.47
37,0,3.3,255,85318,17412,85318,17412,10.66485,2.1765,H2S,15.61
38,0,3.3,255,85906,17532,85906,17532,10.73835,2.1915,H2S,15.74
39,0,3.3,255,86484,17650,86484,17650,10.81062,2.20625,H2S,15.88
40,0,3.3,255,86994,17754,86994,17754,10.87433,2.21925,H2S,16.0
41,0,3.3,255,87421,17841,87421,17841,10.92764,2.23013,H2S,16.1
42,0,3.3,255,87930,17945,87930,17945,10.99134,2.24313,H2S,16.22
43,0,3.3,255,88283,18016,88283,18016,11.03539,2.25212,H2S,16.3
44,0,3.3,255,88694,18100,88694,18100,11.08684,2.26262,H2S,16.4
45,0,3.3,255,89096,18182,89096,18182,11.13706,2.27287,H2S,16.5
46,0,3.3,255,89434,18252,89434,18252,11.17935,2.2815,H2S,16.58
47,0,3.3,255,89718,18310,89718,18310,11.21487,2.28875,H2S,16.64
48,0,3.3,255,90062,18380,90062,18380,11.25775,2.2975,H2S,16.72
49,0,3.3,255,90321,18432,90321,18432,11.29019,2.30412,H2S,16.79
50,0,3.3,255,90537,18477,90537,18477,11.31719,2.30963,H2S,16.84
51,0,3.3,255,90811,18533,90811,18533,11.35149,2.31663,H2S,16.9
52,0,3.3,255,90953,18562,90953,18562,11.36923,2.32025,H2S,16.93
53,0,3.3,255,91218,18616,91218,18616,11.4023,2.327,H2S,17.0
54,0,3.3,255,91385,18650,91385,18650,11.42313,2.33125,H2S,17.04
55,0,3.3,255,91571,18688,91571,18688,11.4464,2.336,H2S,17.08
56,0,3.3,255,91664,18707,91664,18707,11.45806,2.33838,H2S,17.1
57,0,3.3,255,91801,18734,91801,18734,11.47516,2.34187,H2S,17.13
58,0,3.3,255,91963,18768,91963,18768,11.4954,2.346,H2S,17.17
59,0,3.3,255,92022,18780,92022,18780,11.50275,2.3475,H2S,17.19
60,0,3.3,255,92183,18812,92183,18812,11.52294,2.35162,H2S,17.22
61,0,3.3,255,92276,18832,92276,18832,11.5346,2.354,H2S,17.25
62,0,3.3,255,92291,18835,92291,18835,11.53646,2.35438,H2S,17.25
63,0,3.3,255,92409,18859,92409,18859,11.55116,2.35738,H2S,17.28
64,0,3.3,255,92399,18856,92399,18856,11.54989,2.35712,H2S,17.28
65,0,3.3,255,92507,18879,92507,18879,11.56341,2.35988,H2S,17.3
66,0,3.3,255,92472,18872,92472,18872,11.5591,2.359,H2S,17.29
67,0,3.3,255,92517,18881,92517,18881,11.56464,2.36013,H2S,17.3
68,0,3.3,255,92580,18894,92580,18894,11.57258,2.36175,H2S,17.32
69,0,3.3,255,92585,18894,92585,18894,11.57316,2.36187,H2S,17.32
70,0,3.3,255,92526,18882,92526,18882,11.56581,2.36037,H2S,17.31
71,0,3.3,255,92575,18893,92575,18893,11.57199,2.36163,H2S,17.32
72,0,3.3,255,92502,18878,92502,18878,11.56278,2.35975,H2S,17.3
73,0,3.3,255,92512,18880,92512,18880,11.564,2.36,H2S,17.3
74,0,3.3,255,92521,18882,92521,18882,11.56523,2.36025,H2S,17.3
75,0,3.3,255,92443,18866,92443,18866,11.55543,2.35825,H2S,17.29
76,0,3.3,255,92419,18861,92419,18861,11.55239,2.35763,H2S,17.28
77,0,3.3,255,92384,18854,92384,18854,11.54808,2.35675,H2S,17.27
78,0,3.3,255,92340,18844,92340,18844,11.54254,2.35562,H2S,17.26
79,0,3.3,255,92325,18842,92325,18842,11.54073,2.35525,H2S,17.26
80,0,3.3,255,92218,18820,92218,18820,11.52725,2.3525,H2S,17.23
81,0,3.3,255,92242,18824,92242,18824,11.53029,2.35312,H2S,17.24
82,0,3.3,255,92095,18795,92095,18795,11.51196,2.34938,H2S,17.2
83,0,3.3,255,92056,18786,92056,18786,11.50701,2.34837,H2S,17.19
84,0,3.3,255,92041,18784,92041,18784,11.5052,2.348,H2S,17.19
85,0,3.3,255,91943,18764,91943,18764,11.49295,2.3455,H2S,17.17
86,0,3.3,255,91919,18759,91919,18759,11.48991,2.34488,H2S,17.16
87,0,3.3,255,91801,18734,91801,18734,11.47516,2.34187,H2S,17.13
88,0,3.3,255,91733,18721,91733,18721,11.46664,2.34013,H2S,17.12
89,0,3.3,255,91659,18706,91659,18706,11.45743,2.33825,H2S,17.1
90,0,3.3,255,91610,18696,91610,18696,11.4513,2.337,H2S,17.09
91,0,3.3,255,91473,18668,91473,18668,11.43415,2.3335,H2S,17.06
92,0,3.3,255,91443,18662,91443,18662,11.43047,2.33275,H2S,17.05
93,0,3.3,255,91365,18646,91365,18646,11.42068,2.33075,H2S,17.03
94,0,3.3,255,91287,18630,91287,18630,11.41088,2.32875,H2S,17.01
95,0,3.3,255,91164,18605,91164,18605,11.39559,2.32563,H2S,16.98
96,0,3.3,255,91144,18600,91144,18600,11.39309,2.32512,H2S,16.98
97,0,3.3,255,91042,18580,91042,18580,11.38025,2.3225,H2S,16.96
98,0,3.3,255,90948,18560,90948,18560,11.36859,2.32012,H2S,16.93
99,0,3.3,255,90870,18545,90870,18545,11.35884,2.31813,H2S,16.91
100,0,3.3,255,90699,18510,90699,18510,11.33738,2.31375,H2S,16.87
101,0,3.3,255,90684,18507,90684,18507,11.33556,2.31338,H2S,16.87
102,0,3.3,255,90600,18490,90600,18490,11.32512,2.31125,H2S,16.85
103,0,3.3,255,90468,18463,90468,18463,11.30861,2.30788,H2S,16.82
104,0,3.3,255,90444,18458,90444,18458,11.30552,2.30725,H2S,16.81
105,0,3.3,255,90351,18439,90351,18439,11.29391,2.30488,H2S,16.79
106,0,3.3,255,90267,18422,90267,18422,11.28348,2.30275,H2S,16.77
107,0,3.3,255,90140,18396,90140,18396,11.26755,2.2995,H2S,16.74
108,0,3.3,255,90101,18388,90101,18388,11.26265,2.2985,H2S,16.73
109,0,3.3,255,90013,18370,90013,18370,11.25163,2.29625,H2S,16.71
110,0,3.3,255,89875,18342,89875,18342,11.23447,2.29275,H2S,16.68
111,0,3.3,255,89802,18327,89802,18327,11.22531,2.29088,H2S,16.66
112,0,3.3,255,89674,18300,89674,18300,11.20934,2.28762,H2S,16.63
113,0,3.3,255,89645,18295,89645,18295,11.20571,2.28688,H2S,16.63
114,0,3.3,255,89508,18266,89508,18266,11.18851,2.28337,H2S,16.59
115,0,3.3,255,89405,18246,89405,18246,11.17568,2.28075,H2S,16.57
116,0,3.3,255,89321,18228,89321,18228,11.16524,2.27862,H2S,16.55
117,0,3.3,255,89268,18218,89268,18218,11.15853,2.27725,H2S,16.54
118,0,3.3,255,89145,18193,89145,18193,11.14324,2.27413,H2S,16.51
119,0,3.3,255,89067,18176,89067,18176,11.13339,2.27212,H2S,16.49
120,0,3.3,255,88935,18150,88935,18150,11.11688,2.26875,H2S,16.46
121,0,3.3,255,88890,18140,88890,18140,11.11134,2.26762,H2S,16.45
122,0,3.3,255,88827,18128,88827,18128,11.1034,2.266,H2S,16.43
123,0,3.3,255,88699,18102,88699,18102,11.08748,2.26275,H2S,16.4
124,0,3.3,255,88675,18097,88675,18097,11.08444,2.26213,H2S,16.4
125,0,0.0,0,105639,21559,105639,21559,13.20491,2.69488,H2S,20.4
126,0,0.0,0,103517,21126,103517,21126,12.93968,2.64075,H2S,19.9
127,0,0.0,0,100768,20565,100768,20565,12.59609,2.57063,H2S,19.25
128,0,0.0,0,98088,20018,98088,20018,12.26103,2.50225,H2S,18.62
129,0,0.0,0,95505,19490,95505,19490,11.93821,2.43637,H2S,18.01
130,0,0.0,0,92992,18978,92992,18978,11.62403,2.37225,H2S,17.42
131,0,0.0,0,90610,18492,90610,18492,11.32635,2.3115,H2S,16.85
132,0,0.0,0,88317,18024,88317,18024,11.0397,2.253,H2S,16.31
133,0,0.0,0,86087,17568,86087,17568,10.76099,2.19612,H2S,15.79
134,0,0.0,0,83961,17135,83961,17135,10.49521,2.14188,H2S,15.28
135,0,0.0,0,81888,16712,81888,16712,10.2361,2.089,H2S,14.8
136,0,0.0,0,79909,16308,79909,16308,9.98865,2.0385,H2S,14.33
137,0,0.0,0,77988,15916,77988,15916,9.74855,1.9895,H2S,13.88
138,0,0.0,0,76140,15538,76140,15538,9.51761,1.94237,H2S,13.44
139,0,0.0,0,74377,15179,74377,15179,9.29716,1.89738,H2S,13.02
140,0,0.0,0,72691,14835,72691,14835,9.08646,1.85438,H2S,12.63
141,0,0.0,0,71050,14500,71050,14500,8.88125,1.8125,H2S,12.24
142,0,0.0,0,69491,14182,69491,14182,8.68648,1.77275,H2S,11.87
143,0,0.0,0,67957,13868,67957,13868,8.49474,1.73362,H2S,11.51
144,0,0.0,0,66502,13572,66502,13572,8.31285,1.6965,H2S,11.17
145,0,0.0,0,65086,13282,65086,13282,8.13581,1.66037,H2S,10.83
146,0,0.0,0,63753,13010,63753,13010,7.96921,1.62637,H2S,10.52
147,0,0.0,0,62430,12740,62430,12740,7.80384,1.59262,H2S,10.21
148,0,0.0,0,61201,12490,61201,12490,7.65013,1.56125,H2S,9.92
149,0,0.0,0,59980,12240,59980,12240,7.49759,1.53012,H2S,9.63
150,0,0.0,0,58849,12010,58849,12010,7.35613,1.50125,H2S,9.36
151,0,0.0,0,57736,11782,57736,11782,7.21706,1.47287,H2S,9.1
152,0,0.0,0,56663,11564,56663,11564,7.08295,1.4455,H2S,8.84
153,0,0.0,0,55634,11354,55634,11354,6.95432,1.41925,H2S,8.6
154,0,0.0,0,54654,11154,54654,11154,6.83183,1.39425,H2S,8.37
155,0,0.0,0,53698,10958,53698,10958,6.71236,1.36987,H2S,8.15
156,0,0.0,0,52782,10772,52782,10772,6.59785,1.3465,H2S,7.93
157,0,0.0,0,51881,10588,51881,10588,6.48515,1.3235,H2S,7.72
158,0,0.0,0,51028,10414,51028,10414,6.37858,1.30175,H2S,7.52
159,0,0.0,0,50220,10249,50220,10249,6.27754,1.28113,H2S,7.32
160,0,0.0,0,49406,10083,49406,10083,6.17586,1.26038,H2S,7.13
161,0,0.0,0,48632,9925,48632,9925,6.07909,1.24063,H2S,6.95
162,0,0.0,0,47922,9780,47922,9780,5.99025,1.2225,H2S,6.78
163,0,0.0,0,47206,9634,47206,9634,5.90083,1.20425,H2S,6.61
164,0,0.0,0,46535,9496,46535,9496,5.81689,1.18712,H2S,6.46
165,0,0.0,0,45869,9361,45869,9361,5.73364,1.17013,H2S,6.3
166,0,0.0,0,45236,9232,45236,9232,5.6546,1.154,H2S,6.15
167,0,0.0,0,44629,9108,44629,9108,5.57865,1.1385,H2S,6.01
168,0,0.0,0,44051,8990,44051,8990,5.50638,1.12375,H2S,5.87
169,0,0.0,0,43468,8871,43468,8871,5.43351,1.10888,H2S,5.73
170,0,0.0,0,42914,8758,42914,8758,5.36428,1.09475,H2S,5.6
171,0,0.0,0,42389,8650,42389,8650,5.29871,1.08137,H2S,5.48
172,0,0.0,0,41870,8544,41870,8544,5.23379,1.06812,H2S,5.35
173,0,0.0,0,41370,8442,41370,8442,5.17131,1.05537,H2S,5.24
174,0,0.0,0,40875,8342,40875,8342,5.10948,1.04275,H2S,5.12
175,0,0.0,0,40415,8248,40415,8248,5.0519,1.031,H2S,5.01
176,0,0.0,0,39964,8156,39964,8156,4.99555,1.0195,H2S,4.91
177,0,0.0,0,39513,8064,39513,8064,4.9392,1.008,H2S,4.8
178,0,0.0,0,39102,7980,39102,7980,4.88775,0.9975,H2S,4.7
179,0,0.0,0,38690,7896,38690,7896,4.8363,0.987,H2S,4.6
180,0,0.0,0,38293,7815,38293,7815,4.78671,0.97688,H2S,4.51
181,0,0.0,0,37906,7736,37906,7736,4.7383,0.967,H2S,4.42
182,0,0.0,0,37553,7664,37553,7664,4.6942,0.958,H2S,4.34
183,0,0.0,0,37166,7584,37166,7584,4.64579,0.94812,H2S,4.24
184,0,0.0,0,36823,7515,36823,7515,4.60296,0.93938,H2S,4.16
185,0,0.0,0,36485,7446,36485,7446,4.56067,0.93075,H2S,4.08
186,0,0.0,0,36162,7380,36162,7380,4.52025,0.9225,H2S,4.01
187,0,0.0,0,35848,7316,35848,7316,4.48105,0.9145,H2S,3.93
188,0,0.0,0,35549,7254,35549,7254,4.44366,0.90687,H2S,3.86
189,0,0.0,0,35250,7194,35250,7194,4.40633,0.89925,H2S,3.79
190,0,0.0,0,34946,7132,34946,7132,4.36835,0.8915,H2S,3.72
191,0,0.0,0,34677,7076,34677,7076,4.33464,0.88462,H2S,3.66
192,0,0.0,0,34422,7025,34422,7025,4.30284,0.87813,H2S,3.6
193,0,0.0,0,34172,6974,34172,6974,4.27158,0.87175,H2S,3.54
194,0,0.0,0,33903,6919,33903,6919,4.23791,0.86488,H2S,3.48
195,0,0.0,0,33643,6866,33643,6866,4.20542,0.85825,H2S,3.41
196,0,0.0,0,33408,6818,33408,6818,4.17603,0.85225,H2S,3.36
197,0,0.0,0,33202,6776,33202,6776,4.1503,0.847,H2S,3.31
198,0,0.0,0,32962,6727,32962,6727,4.12031,0.84088,H2S,3.25
199,0,0.0,0,32741,6682,32741,6682,4.09273,0.83525,H2S,3.2
200,0,0.0,0,32545,6642,32545,6642,4.06823,0.83025,H2S,3.15
201,0,0.0,0,32335,6599,32335,6599,4.04191,0.82488,H2S,3.11
202,0,0.0,0,32134,6558,32134,6558,4.01677,0.81975,H2S,3.06
203,0,0.0,0,31938,6518,31938,6518,3.99228,0.81475,H2S,3.01
204,0,0.0,0,31752,6480,31752,6480,3.969,0.81,H2S,2.97
205,0,0.0,0,31570,6443,31570,6443,3.94636,0.80538,H2S,2.92
206,0,0.0,0,31403,6408,31403,6408,3.92549,0.80112,H2S,2.89
207,0,0.0,0,31232,6374,31232,6374,3.90408,0.79675,H2S,2.84
208,0,0.0,0,31075,6342,31075,6342,3.88448,0.79275,H2S,2.81
209,0,0.0,0,30909,6308,30909,6308,3.86365,0.7885,H2S,2.77
210,0,0.0,0,30762,6278,30762,6278,3.84527,0.78475,H2S,2.73
211,0,0.0,0,30615,6248,30615,6248,3.8269,0.781,H2S,2.7
212,0,0.0,0,30468,6218,30468,6218,3.80853,0.77725,H2S,2.66
213,0,0.0,0,30306,6185,30306,6185,3.78834,0.77313,H2S,2.63
214,0,0.0,0,30174,6158,30174,6158,3.77178,0.76975,H2S,2.6
215,0,0.0,0,30046,6132,30046,6132,3.75585,0.7665,H2S,2.57
216,0,0.0,0,29924,6107,29924,6107,3.74056,0.76338,H2S,2.54
217,0,0.0,0,29806,6083,29806,6083,3.72586,0.76038,H2S,2.51
218,0,0.0,0,29684,6058,29684,6058,3.71053,0.75725,H2S,2.48
219,0,0.0,0,29561,6033,29561,6033,3.69524,0.75413,H2S,2.45
220,0,0.0,0,29439,6008,29439,6008,3.6799,0.751,H2S,2.42
221,0,0.0,0,29341,5988,29341,5988,3.66765,0.7485,H2S,2.4
222,0,0.0,0,29238,5967,29238,5967,3.65481,0.74588,H2S,2.37
223,0,0.0,0,29135,5946,29135,5946,3.64193,0.74325,H2S,2.35
224,0,0.0,0,29047,5928,29047,5928,3.6309,0.741,H2S,2.33
225,0,0.0,0,28929,5904,28929,5904,3.6162,0.738,H2S,2.3
226,0,0.0,0,28851,5888,28851,5888,3.6064,0.736,H2S,2.28
227,0,0.0,0,28757,5868,28757,5868,3.59474,0.73362,H2S,2.26
228,0,0.0,0,28674,5852,28674,5852,3.58435,0.7315,H2S,2.24
229,0,0.0,0,28586,5834,28586,5834,3.57333,0.72925,H2S,2.22
230,0,0.0,0,28493,5815,28493,5815,3.56171,0.72688,H2S,2.2
231,0,0.0,0,28425,5801,28425,5801,3.55314,0.72513,H2S,2.18
232,0,0.0,0,28341,5784,28341,5784,3.5427,0.723,H2S,2.16
233,0,0.0,0,28263,5768,28263,5768,3.5329,0.721,H2S,2.14
234,0,0.0,0,28199,5754,28199,5754,3.52491,0.71937,H2S,2.13
235,0,0.0,0,28135,5742,28135,5742,3.51698,0.71775,H2S,2.11
236,0,0.0,0,28057,5726,28057,5726,3.50718,0.71575,H2S,2.1
237,0,0.0,0,28023,5719,28023,5719,3.50291,0.71488,H2S,2.09
238,0,0.0,0,27939,5702,27939,5702,3.49248,0.71275,H2S,2.07
239,0,0.0,0,27871,5688,27871,5688,3.4839,0.711,H2S,2.05
240,0,0.0,0,27832,5680,27832,5680,3.479,0.71,H2S,2.04
241,0,0.0,0,27739,5661,27739,5661,3.46739,0.70763,H2S,2.02
242,0,0.0,0,27704,5654,27704,5654,3.46308,0.70675,H2S,2.01
243,0,0.0,0,27665,5646,27665,5646,3.45818,0.70575,H2S,2.0
244,0,0.0,0,27596,5632,27596,5632,3.4496,0.704,H2S,1.99
245,0,0.0,0,27538,5620,27538,5620,3.44225,0.7025,H2S,1.97
246,0,0.0,0,27508,5614,27508,5614,3.43858,0.70175,H2S,1.97
247,0,0.0,0,27444,5600,27444,5600,3.43059,0.70012,H2S,1.95
248,0,0.0,0,27405,5592,27405,5592,3.42569,0.69912,H2S,1.94
249,0,0.0,0,27366,5584,27366,5584,3.42079,0.69812,H2S,1.93
0,0,3.3,255,23024,4698,23024,4698,2.87811,0.58737,H2S,0.91
1,0,3.3,255,24465,4993,24465,4993,3.05824,0.62413,H2S,1.25
2,0,3.3,255,26685,5446,26685,5446,3.33568,0.68075,H2S,1.77
3,0,3.3,255,28973,5913,28973,5913,3.62174,0.73913,H2S,2.31
4,0,3.3,255,31281,6384,31281,6384,3.9102,0.798,H2S,2.86
5,0,3.3,255,33579,6852,33579,6852,4.19744,0.85662,H2S,3.4
6,0,3.3,255,35848,7316,35848,7316,4.48105,0.9145,H2S,3.93
7,0,3.3,255,38112,7778,38112,7778,4.76403,0.97225,H2S,4.47
8,0,3.3,255,40312,8227,40312,8227,5.03906,1.02838,H2S,4.99
9,0,3.3,255,42507,8675,42507,8675,5.31346,1.08438,H2S,5.51
10,0,3.3,255,44648,9112,44648,9112,5.5811,1.139,H2S,6.01
11,0,3.3,255,46736,9538,46736,9538,5.84203,1.19225,H2S,6.5
12,0,3.3,255,48769,9952,48769,9952,6.09619,1.24412,H2S,6.98
13,0,3.3,255,50758,10358,50758,10358,6.34486,1.29487,H2S,7.45
14,0,3.3,255,52694,10754,52694,10754,6.58683,1.34425,H2S,7.91
15,0,3.3,255,54537,11130,54537,11130,6.81713,1.39125,H2S,8.34
16,0,3.3,255,56301,11490,56301,11490,7.03763,1.43625,H2S,8.76
17,0,3.3,255,57971,11830,57971,11830,7.24646,1.47887,H2S,9.15
18,0,3.3,255,59647,12173,59647,12173,7.45599,1.52163,H2S,9.55
19,0,3.3,255,61235,12496,61235,12496,7.65439,1.56212,H2S,9.92
20,0,3.3,255,62705,12797,62705,12797,7.83819,1.59963,H2S,10.27
21,0,3.3,255,64175,13096,64175,13096,8.02189,1.63712,H2S,10.62
22,0,3.3,255,65556,13378,65556,13378,8.19461,1.67237,H2S,10.94
23,0,3.3,255,66929,13659,66929,13659,8.36616,1.70738,H2S,11.27
24,0,3.3,255,68183,13914,68183,13914,8.52291,1.73937,H2S,11.56
25,0,3.3,255,69384,14160,69384,14160,8.673,1.77,H2S,11.85
26,0,3.3,255,70505,14388,70505,14388,8.81324,1.79862,H2S,12.11
27,0,3.3,255,71564,14605,71564,14605,8.94559,1.82563,H2S,12.36
28,0,3.3,255,72618,14820,72618,14820,9.07725,1.8525,H2S,12.61
29,0,3.3,255,73583,15016,73583,15016,9.19789,1.87712,H2S,12.84
30,0,3.3,255,74519,15208,74519,15208,9.3149,1.901,H2S,13.06
31,0,3.3,255,75362,15380,75362,15380,9.42025,1.9225,H2S,13.26
32,0,3.3,255,76263,15564,76263,15564,9.53295,1.9455,H2S,13.47
33,0,3.3,255,77018,15718,77018,15718,9.62728,1.96475,H2S,13.65
34,0,3.3,255,77757,15868,77757,15868,9.71974,1.98362,H2S,13.82
35,0,3.3,255,78503,16021,78503,16021,9.81289,2.00263,H2S,14.0
36,0,3.3,255,79164,16155,79164,16155,9.89555,2.0195,H2S,14.15
37,0,3.3,255,79766,16278,79766,16278,9.97086,2.03487,H2S,14.3
38,0,3.3,255,80384,16405,80384,16405,10.04809,2.05063,H2S,14.44
39,0,3.3,255,80918,16514,80918,16514,10.11482,2.06425,H2S,14.57
40,0,3.3,255,81467,16626,81467,16626,10.18343,2.07825,H2S,14.7
41,0,3.3,255,81982,16731,81982,16731,10.24776,2.09138,H2S,14.82
42,0,3.3,255,82447,16826,82447,16826,10.30593,2.10325,H2S,14.93
43,0,3.3,255,82893,16917,82893,16917,10.36169,2.11463,H2S,15.03
44,0,3.3,255,83275,16995,83275,16995,10.40946,2.12438,H2S,15.12
45,0,3.3,255,83648,17071,83648,17071,10.45601,2.13388,H2S,15.21
46,0,3.3,255,84078,17158,84078,17158,10.50986,2.14487,H2S,15.31
47,0,3.3,255,84363,17216,84363,17216,10.54539,2.15212,H2S,15.38
48,0,3.3,255,84726,17291,84726,17291,10.59076,2.16138,H2S,15.47
49,0,3.3,255,85024,17352,85024,17352,10.6281,2.169,H2S,15.54
50,0,3.3,255,85284,17405,85284,17405,10.66059,2.17563,H2S,15.6
51,0,3.3,255,85544,17458,85544,17458,10.69303,2.18225,H2S,15.66
52,0,3.3,255,85784,17507,85784,17507,10.72306,2.18838,H2S,15.71
53,0,3.3,255,85955,17542,85955,17542,10.74448,2.19275,H2S,15.76
54,0,3.3,255,86200,17592,86200,17592,10.7751,2.199,H2S,15.81
55,0,3.3,255,86362,17624,86362,17624,10.79529,2.20312,H2S,15.85
56,0,3.3,255,86475,17648,86475,17648,10.8094,2.206,H2S,15.88
57,0,3.3,255,86656,17684,86656,17684,10.83204,2.21062,H2S,15.92
58,0,3.3,255,86847,17724,86847,17724,10.85595,2.2155,H2S,15.97
59,0,3.3,255,86980,17751,86980,17751,10.87251,2.21888,H2S,16.0
60,0,3.3,255,87038,17763,87038,17763,10.87986,2.22038,H2S,16.01
61,0,3.3,255,87205,17797,87205,17797,10.90069,2.22463,H2S,16.05
62,0,3.3,255,87254,17806,87254,17806,10.90676,2.22587,H2S,16.06
63,0,3.3,255,87371,17830,87371,17830,10.92146,2.22887,H2S,16.09
64,0,3.3,255,87371,17830,87371,17830,10.92146,2.22887,H2S,16.09
65,0,3.3,255,87465,17850,87465,17850,10.93313,2.23125,H2S,16.11
66,0,3.3,255,87538,17864,87538,17864,10.94229,2.23312,H2S,16.13
67,0,3.3,255,87626,17882,87626,17882,10.95331,2.23537,H2S,16.15
68,0,3.3,255,87680,17894,87680,17894,10.96007,2.23675,H2S,16.16
69,0,3.3,255,87714,17900,87714,17900,10.96434,2.23762,H2S,16.17
70,0,3.3,255,87670,17892,87670,17892,10.95885,2.2365,H2S,16.16
71,0,3.3,255,87753,17908,87753,17908,10.96924,2.23862,H2S,16.18
72,0,3.3,255,87778,17914,87778,17914,10.97233,2.23925,H2S,16.19
73,0,3.3,255,87768,17912,87768,17912,10.9711,2.239,H2S,16.18
74,0,3.3,255,87768,17912,87768,17912,10.9711,2.239,H2S,16.18
75,0,3.3,255,87788,17916,87788,17916,10.97355,2.2395,H2S,16.19
76,0,3.3,255,87753,17908,87753,17908,10.96924,2.23862,H2S,16.18
77,0,3.3,255,87739,17906,87739,17906,10.96743,2.23825,H2S,16.18
78,0,3.3,255,87724,17902,87724,17902,10.96556,2.23787,H2S,16.17
79,0,3.3,255,87665,17890,87665,17890,10.95821,2.23637,H2S,16.16
80,0,3.3,255,87655,17888,87655,17888,10.95699,2.23612,H2S,16.16
81,0,3.3,255,87661,17890,87661,17890,10.95763,2.23625,H2S,16.16
82,0,3.3,255,87631,17884,87631,17884,10.95395,2.2355,H2S,16.15
83,0,3.3,255,87612,17880,87612,17880,10.9515,2.235,H2S,16.15
84,0,3.3,255,87523,17862,87523,17862,10.94047,2.23275,H2S,16.13
85,0,3.3,255,87538,17864,87538,17864,10.94229,2.23312,H2S,16.13
86,0,3.3,255,87504,17858,87504,17858,10.93803,2.23225,H2S,16.12
87,0,3.3,255,87410,17838,87410,17838,10.92636,2.22987,H2S,16.1
88,0,3.3,255,87416,17840,87416,17840,10.927,2.23,H2S,16.1
89,0,3.3,255,87362,17829,87362,17829,10.92029,2.22863,H2S,16.09
90,0,3.3,255,87264,17809,87264,17809,10.90804,2.22613,H2S,16.06
91,0,3.3,255,87214,17798,87214,17798,10.90186,2.22487,H2S,16.05
92,0,3.3,255,87229,17802,87229,17802,10.90372,2.22525,H2S,16.06
93,0,3.3,255,87107,17777,87107,17777,10.88844,2.22213,H2S,16.03
94,0,3.3,255,87116,17778,87116,17778,10.88961,2.22237,H2S,16.03
95,0,3.3,255,87073,17770,87073,17770,10.88413,2.22125,H2S,16.02
96,0,3.3,255,87009,17757,87009,17757,10.87619,2.21963,H2S,16.0
97,0,3.3,255,86906,17736,86906,17736,10.8633,2.217,H2S,15.98
98,0,3.3,255,86911,17736,86911,17736,10.86389,2.21712,H2S,15.98
99,0,3.3,255,86808,17716,86808,17716,10.85105,2.2145,H2S,15.96
100,0,3.3,255,86803,17714,86803,17714,10.85041,2.21437,H2S,15.96
101,0,3.3,255,86749,17704,86749,17704,10.8437,2.213,H2S,15.94
102,0,3.3,255,86700,17694,86700,17694,10.83758,2.21175,H2S,15.93
103,0,3.3,255,86578,17669,86578,17669,10.82229,2.20863,H2S,15.9
104,0,3.3,255,86583,17670,86583,17670,10.82288,2.20875,H2S,15.9
105,0,3.3,255,86465,17646,86465,17646,10.80818,2.20575,H2S,15.88
106,0,3.3,255,86470,17646,86470,17646,10.80876,2.20587,H2S,15.88
107,0,3.3,255,86377,17628,86377,17628,10.79715,2.2035,H2S,15.85
108,0,3.3,255,86289,17610,86289,17610,10.78613,2.20125,H2S,15.83
109,0,3.3,255,86249,17602,86249,17602,10.78123,2.20025,H2S,15.82
110,0,3.3,255,86146,17580,86146,17580,10.76834,2.19762,H2S,15.8
111,0,3.3,255,86107,17573,86107,17573,10.76349,2.19663,H2S,15.79
112,0,3.3,255,86039,17559,86039,17559,10.75491,2.19488,H2S,15.78
113,0,3.3,255,85980,17547,85980,17547,10.74756,2.19338,H2S,15.76
114,0,3.3,255,85960,17542,85960,17542,10.74506,2.19287,H2S,15.76
115,0,3.3,255,85891,17528,85891,17528,10.73649,2.19112,H2S,15.74
116,0,3.3,255,85794,17509,85794,17509,10.72429,2.18863,H2S,15.72
117,0,3.3,255,85794,17509,85794,17509,10.72429,2.18863,H2S,15.72
118,0,3.3,255,85715,17492,85715,17492,10.71444,2.18662,H2S,15.7
119,0,3.3,255,85617,17472,85617,17472,10.70219,2.18412,H2S,15.68
120,0,3.3,255,85578,17464,85578,17464,10.69729,2.18312,H2S,15.67
121,0,3.3,255,85548,17458,85548,17458,10.69361,2.18237,H2S,15.66
122,0,3.3,255,85485,17446,85485,17446,10.68568,2.18075,H2S,15.64
123,0,3.3,255,85377,17424,85377,17424,10.6722,2.178,H2S,15.62
124,0,3.3,255,85382,17425,85382,17425,10.67284,2.17813,H2S,15.62
125,0,0.0,0,101733,20762,101733,20762,12.71673,2.59525,H2S,19.48
126,0,0.0,0,99573,20321,99573,20321,12.44664,2.54013,H2S,18.97
127,0,0.0,0,96780,19751,96780,19751,12.09751,2.46888,H2S,18.31
128,0,0.0,0,94075,19199,94075,19199,11.75941,2.39988,H2S,17.67
129,0,0.0,0,91458,18664,91458,18664,11.43229,2.33312,H2S,17.05
130,0,0.0,0,88974,18158,88974,18158,11.12178,2.26975,H2S,16.47
131,0,0.0,0,86573,17668,86573,17668,10.82165,2.2085,H2S,15.9
132,0,0.0,0,84255,17195,84255,17195,10.53196,2.14938,H2S,15.35
133,0,0.0,0,82035,16742,82035,16742,10.25448,2.09275,H2S,14.83
134,0,0.0,0,79899,16306,79899,16306,9.98743,2.03825,H2S,14.33
135,0,0.0,0,77841,15886,77841,15886,9.73018,1.98575,H2S,13.84
136,0,0.0,0,75881,15486,75881,15486,9.48518,1.93575,H2S,13.38
137,0,0.0,0,73970,15096,73970,15096,9.2463,1.887,H2S,12.93
138,0,0.0,0,72147,14724,72147,14724,9.01845,1.8405,H2S,12.5
139,0,0.0,0,70407,14368,70407,14368,8.80099,1.79612,H2S,12.09
140,0,0.0,0,68737,14028,68737,14028,8.59215,1.7535,H2S,11.69
141,0,0.0,0,67095,13692,67095,13692,8.38694,1.71162,H2S,11.31
142,0,0.0,0,65542,13376,65542,13376,8.1928,1.672,H2S,10.94
143,0,0.0,0,64067,13074,64067,13074,8.00841,1.63437,H2S,10.59
144,0,0.0,0,62612,12778,62612,12778,7.82653,1.59725,H2S,10.25
145,0,0.0,0,61235,12496,61235,12496,7.65439,1.56212,H2S,9.92
146,0,0.0,0,59902,12224,59902,12224,7.48779,1.52812,H2S,9.61
147,0,0.0,0,58633,11966,58633,11966,7.32918,1.49575,H2S,9.31
148,0,0.0,0,57393,11712,57393,11712,7.17419,1.46412,H2S,9.02
149,0,0.0,0,56246,11478,56246,11478,7.03086,1.43487,H2S,8.75
150,0,0.0,0,55100,11244,55100,11244,6.88754,1.40562,H2S,8.48
151,0,0.0,0,54003,11021,54003,11021,6.75039,1.37763,H2S,8.22
152,0,0.0,0,52969,10810,52969,10810,6.62113,1.35125,H2S,7.97
153,0,0.0,0,51964,10605,51964,10605,6.49559,1.32563,H2S,7.74
154,0,0.0,0,51013,10410,51013,10410,6.37671,1.30137,H2S,7.51
155,0,0.0,0,50072,10218,50072,10218,6.25911,1.27737,H2S,7.29
156,0,0.0,0,49181,10037,49181,10037,6.14769,1.25463,H2S,7.08
157,0,0.0,0,48323,9862,48323,9862,6.04048,1.23275,H2S,6.88
158,0,0.0,0,47500,9694,47500,9694,5.93758,1.21175,H2S,6.68
159,0,0.0,0,46716,9534,46716,9534,5.83958,1.19175,H2S,6.5
160,0,0.0,0,45942,9376,45942,9376,5.7428,1.172,H2S,6.32
161,0,0.0,0,45212,9227,45212,9227,5.65156,1.15338,H2S,6.14
162,0,0.0,0,44496,9080,44496,9080,5.56209,1.13512,H2S,5.97
163,0,0.0,0,43815,8942,43815,8942,5.47698,1.11775,H2S,5.81
164,0,0.0,0,43169,8810,43169,8810,5.39613,1.10125,H2S,5.66
165,0,0.0,0,42512,8676,42512,8676,5.31405,1.0845,H2S,5.51
166,0,0.0,0,41924,8556,41924,8556,5.24055,1.0695,H2S,5.37
167,0,0.0,0,41326,8434,41326,8434,5.16582,1.05425,H2S,5.23
168,0,0.0,0,40763,8319,40763,8319,5.09541,1.03988,H2S,5.09
169,0,0.0,0,40219,8208,40219,8208,5.0274,1.026,H2S,4.97
170,0,0.0,0,39695,8101,39695,8101,4.96189,1.01263,H2S,4.84
171,0,0.0,0,39165,7993,39165,7993,4.89574,0.99913,H2S,4.72
172,0,0.0,0,38690,7896,38690,7896,4.8363,0.987,H2S,4.6
173,0,0.0,0,38210,7798,38210,7798,4.77628,0.97475,H2S,4.49
174,0,0.0,0,37759,7706,37759,7706,4.71993,0.96325,H2S,4.38
175,0,0.0,0,37303,7613,37303,7613,4.66299,0.95163,H2S,4.28
176,0,0.0,0,36867,7524,36867,7524,4.60845,0.9405,H2S,4.17
177,0,0.0,0,36446,7438,36446,7438,4.55578,0.92975,H2S,4.07
178,0,0.0,0,36064,7360,36064,7360,4.508,0.92,H2S,3.98
179,0,0.0,0,35657,7277,35657,7277,4.45719,0.90963,H2S,3.89
180,0,0.0,0,35289,7202,35289,7202,4.41122,0.90025,H2S,3.8
181,0,0.0,0,34932,7129,34932,7129,4.36654,0.89113,H2S,3.72
182,0,0.0,0,34584,7058,34584,7058,4.32303,0.88225,H2S,3.64
183,0,0.0,0,34256,6991,34256,6991,4.28201,0.87388,H2S,3.56
184,0,0.0,0,33913,6921,33913,6921,4.23914,0.86513,H2S,3.48
185,0,0.0,0,33604,6858,33604,6858,4.20052,0.85725,H2S,3.4
186,0,0.0,0,33280,6792,33280,6792,4.1601,0.849,H2S,3.33
187,0,0.0,0,32972,6729,32972,6729,4.12154,0.84113,H2S,3.26
188,0,0.0,0,32712,6676,32712,6676,4.08905,0.8345,H2S,3.19
189,0,0.0,0,32393,6610,32393,6610,4.04921,0.82637,H2S,3.12
190,0,0.0,0,32139,6559,32139,6559,4.01741,0.81988,H2S,3.06
191,0,0.0,0,31889,6508,31889,6508,3.98615,0.8135,H2S,3.0
192,0,0.0,0,31629,6455,31629,6455,3.95371,0.80688,H2S,2.94
193,0,0.0,0,31384,6405,31384,6405,3.92309,0.80063,H2S,2.88
194,0,0.0,0,31139,6355,31139,6355,3.89246,0.79438,H2S,2.82
195,0,0.0,0,30909,6308,30909,6308,3.86365,0.7885,H2S,2.77
196,0,0.0,0,30698,6265,30698,6265,3.83734,0.78313,H2S,2.72
197,0,0.0,0,30473,6219,30473,6219,3.80916,0.77738,H2S,2.67
198,0,0.0,0,30262,6176,30262,6176,3.7828,0.772,H2S,2.62
199,0,0.0,0,30046,6132,30046,6132,3.75585,0.7665,H2S,2.57
200,0,0.0,0,29860,6094,29860,6094,3.73258,0.76175,H2S,2.52
201,0,0.0,0,29664,6054,29664,6054,3.70808,0.75675,H2S,2.48
202,0,0.0,0,29483,6017,29483,6017,3.68544,0.75213,H2S,2.43
203,0,0.0,0,29292,5978,29292,5978,3.66153,0.74725,H2S,2.39
204,0,0.0,0,29135,5946,29135,5946,3.64193,0.74325,H2S,2.35
205,0,0.0,0,28949,5908,28949,5908,3.61865,0.7385,H2S,2.31
206,0,0.0,0,28797,5876,28797,5876,3.59964,0.73462,H2S,2.27
207,0,0.0,0,28625,5842,28625,5842,3.57823,0.73025,H2S,2.23
208,0,0.0,0,28464,5809,28464,5809,3.55804,0.72613,H2S,2.19
209,0,0.0,0,28336,5783,28336,5783,3.54211,0.72288,H2S,2.16
210,0,0.0,0,28180,5751,28180,5751,3.52251,0.71888,H2S,2.12
211,0,0.0,0,28052,5725,28052,5725,3.50659,0.71563,H2S,2.09
212,0,0.0,0,27935,5701,27935,5701,3.49189,0.71263,H2S,2.07
213,0,0.0,0,27768,5666,27768,5666,3.47101,0.70837,H2S,2.03
214,0,0.0,0,27655,5644,27655,5644,3.45695,0.7055,H2S,2.0
215,0,0.0,0,27523,5616,27523,5616,3.44039,0.70212,H2S,1.97
216,0,0.0,0,27405,5592,27405,5592,3.42569,0.69912,H2S,1.94
217,0,0.0,0,27322,5576,27322,5576,3.4153,0.697,H2S,1.92
218,0,0.0,0,27165,5544,27165,5544,3.3957,0.693,H2S,1.89
219,0,0.0,0,27072,5525,27072,5525,3.38409,0.69063,H2S,1.86
220,0,0.0,0,26969,5504,26969,5504,3.3712,0.688,H2S,1.84
221,0,0.0,0,26866,5483,26866,5483,3.35836,0.68538,H2S,1.82
222,0,0.0,0,26778,5464,26778,5464,3.34729,0.68312,H2S,1.79
223,0,0.0,0,26695,5448,26695,5448,3.3369,0.681,H2S,1.77
224,0,0.0,0,26612,5431,26612,5431,3.32651,0.67888,H2S,1.75
225,0,0.0,0,26514,5411,26514,5411,3.31426,0.67638,H2S,1.73
226,0,0.0,0,26420,5392,26420,5392,3.3026,0.674,H2S,1.71
227,0,0.0,0,26332,5374,26332,5374,3.29157,0.67175,H2S,1.69
228,0,0.0,0,26268,5360,26268,5360,3.28359,0.67012,H2S,1.67
229,0,0.0,0,26166,5340,26166,5340,3.27075,0.6675,H2S,1.65
230,0,0.0,0,26107,5328,26107,5328,3.2634,0.666,H2S,1.64
231,0,0.0,0,26028,5312,26028,5312,3.2536,0.664,H2S,1.62
232,0,0.0,0,25989,5304,25989,5304,3.2487,0.663,H2S,1.61
233,0,0.0,0,25906,5286,25906,5286,3.23826,0.66087,H2S,1.59
234,0,0.0,0,25832,5272,25832,5272,3.2291,0.659,H2S,1.57
235,0,0.0,0,25754,5256,25754,5256,3.2193,0.657,H2S,1.55
236,0,0.0,0,25715,5248,25715,5248,3.2144,0.656,H2S,1.54
237,0,0.0,0,25641,5233,25641,5233,3.20524,0.65413,H2S,1.53
238,0,0.0,0,25578,5220,25578,5220,3.19725,0.6525,H2S,1.51
239,0,0.0,0,25528,5210,25528,5210,3.19112,0.65125,H2S,1.5
240,0,0.0,0,25474,5198,25474,5198,3.18436,0.64987,H2S,1.49
241,0,0.0,0,25416,5187,25416,5187,3.17706,0.64838,H2S,1.47
242,0,0.0,0,25372,5178,25372,5178,3.17153,0.64725,H2S,1.46
243,0,0.0,0,25318,5166,25318,5166,3.16476,0.64587,H2S,1.45
244,0,0.0,0,25278,5158,25278,5158,3.15986,0.64487,H2S,1.44
245,0,0.0,0,25220,5147,25220,5147,3.15256,0.64338,H2S,1.43
246,0,0.0,0,25195,5142,25195,5142,3.14948,0.64275,H2S,1.42
247,0,0.0,0,25132,5129,25132,5129,3.14154,0.64113,H2S,1.41
248,0,0.0,0,25097,5122,25097,5122,3.13723,0.64025,H2S,1.4
249,0,0.0,0,25063,5115,25063,5115,3.13296,0.63938,H2S,1.39
0,0,3.3,255,21114,4309,21114,4309,2.63929,0.53863,H2S,0.46
1,0,3.3,255,22481,4588,22481,4588,2.81015,0.5735,H2S,0.78
2,0,3.3,255,24573,5014,24573,5014,3.07166,0.62687,H2S,1.27
3,0,3.3,255,26739,5456,26739,5456,3.34239,0.68212,H2S,1.78
4,0,3.3,255,28944,5907,28944,5907,3.61806,0.73838,H2S,2.31
5,0,3.3,255,31129,6352,31129,6352,3.89119,0.79412,H2S,2.82
6,0,3.3,255,33320,6800,33320,6800,4.165,0.85,H2S,3.34
7,0,3.3,255,35495,7244,35495,7244,4.43695,0.9055,H2S,3.85
8,0,3.3,255,37632,7680,37632,7680,4.704,0.96,H2S,4.35
9,0,3.3,255,39744,8111,39744,8111,4.96801,1.01388,H2S,4.85
10,0,3.3,255,41821,8535,41821,8535,5.22771,1.06688,H2S,5.34
11,0,3.3,255,43869,8952,43869,8952,5.48369,1.11912,H2S,5.83
12,0,3.3,255,45864,9360,45864,9360,5.733,1.17,H2S,6.3
13,0,3.3,255,47794,9754,47794,9754,5.97433,1.21925,H2S,6.75
14,0,3.3,255,49671,10137,49671,10137,6.20894,1.26713,H2S,7.2
15,0,3.3,255,51533,10516,51533,10516,6.44164,1.31462,H2S,7.63
16,0,3.3,255,53262,10870,53262,10870,6.65787,1.35875,H2S,8.04
17,0,3.3,255,54978,11220,54978,11220,6.87225,1.4025,H2S,8.45
18,0,3.3,255,56595,11550,56595,11550,7.07438,1.44375,H2S,8.83
19,0,3.3,255,58138,11865,58138,11865,7.26734,1.48313,H2S,9.19
20,0,3.3,255,59633,12170,59633,12170,7.45413,1.52125,H2S,9.55
21,0,3.3,255,61122,12474,61122,12474,7.64033,1.55925,H2S,9.9
22,0,3.3,255,62509,12756,62509,12756,7.81364,1.59462,H2S,10.22
23,0,3.3,255,63822,13025,63822,13025,7.97784,1.62813,H2S,10.53
24,0,3.3,255,65052,13276,65052,13276,8.13155,1.6595,H2S,10.82
25,0,3.3,255,66302,13531,66302,13531,8.28776,1.69138,H2S,11.12
26,0,3.3,255,67404,13756,67404,13756,8.42555,1.7195,H2S,11.38
27,0,3.3,255,68546,13989,68546,13989,8.56829,1.74863,H2S,11.65
28,0,3.3,255,69540,14192,69540,14192,8.6926,1.774,H2S,11.88
29,0,3.3,255,70579,14404,70579,14404,8.82245,1.8005,H2S,12.13
30,0,3.3,255,71510,14594,71510,14594,8.93882,1.82425,H2S,12.35
31,0,3.3,255,72368,14769,72368,14769,9.04604,1.84613,H2S,12.55
32,0,3.3,255,73240,14946,73240,14946,9.15501,1.86837,H2S,12.76
33,0,3.3,255,74004,15102,74004,15102,9.25056,1.88787,H2S,12.94
34,0,3.3,255,74769,15259,74769,15259,9.34616,1.90738,H2S,13.12
35,0,3.3,255,75509,15410,75509,15410,9.43863,1.92625,H2S,13.29
36,0,3.3,255,76189,15548,76189,15548,9.52374,1.94362,H2S,13.45
37,0,3.3,255,76866,15686,76866,15686,9.60826,1.96087,H2S,13.61
38,0,3.3,255,77459,15808,77459,15808,9.6824,1.976,H2S,13.75
39,0,3.3,255,78037,15926,78037,15926,9.75468,1.99075,H2S,13.89
40,0,3.3,255,78566,16033,78566,16033,9.82082,2.00425,H2S,14.01
41,0,3.3,255,79012,16124,79012,16124,9.87654,2.01562,H2S,14.12
42,0,3.3,255,79507,16226,79507,16226,9.93843,2.02825,H2S,14.23
43,0,3.3,255,80007,16328,80007,16328,10.0009,2.041,H2S,14.35
44,0,3.3,255,80374,16402,80374,16402,10.04681,2.05037,H2S,14.44
45,0,3.3,255,80810,16492,80810,16492,10.10135,2.0615,H2S,14.54
46,0,3.3,255,81124,16556,81124,16556,10.14055,2.0695,H2S,14.62
47,0,3.3,255,81540,16640,81540,16640,10.19259,2.08012,H2S,14.71
48,0,3.3,255,81800,16694,81800,16694,10.22508,2.08675,H2S,14.78
49,0,3.3,255,82109,16757,82109,16757,10.26369,2.09463,H2S,14.85
50,0,3.3,255,82388,16814,82388,16814,10.29858,2.10175,H2S,14.91
51,0,3.3,255,82702,16878,82702,16878,10.33778,2.10975,H2S,14.99
52,0,3.3,255,82932,16925,82932,16925,10.36659,2.11563,H2S,15.04
53,0,3.3,255,83128,16964,83128,16964,10.39104,2.12062,H2S,15.09
54,0,3.3,255,83329,17006,83329,17006,10.41618,2.12575,H2S,15.14
55,0,3.3,255,83535,17048,83535,17048,10.4419,2.131,H2S,15.18
56,0,3.3,255,83726,17086,83726,17086,10.46576,2.13587,H2S,15.23
57,0,3.3,255,83942,17131,83942,17131,10.49276,2.14138,H2S,15.28
58,0,3.3,255,84044,17152,84044,17152,10.5056,2.144,H2S,15.3
59,0,3.3,255,84201,17184,84201,17184,10.5252,2.148,H2S,15.34
60,0,3.3,255,84333,17210,84333,17210,10.54171,2.15137,H2S,15.37
61,0,3.3,255,84466,17238,84466,17238,10.55828,2.15475,H2S,15.4
62,0,3.3,255,84505,17246,84505,17246,10.56317,2.15575,H2S,15.41
63,0,3.3,255,84647,17274,84647,17274,10.58091,2.15937,H2S,15.45
64,0,3.3,255,84696,17285,84696,17285,10.58709,2.16063,H2S,15.46
65,0,3.3,255,84823,17310,84823,17310,10.60296,2.16387,H2S,15.49
66,0,3.3,255,84902,17327,84902,17327,10.61281,2.16588,H2S,15.51
67,0,3.3,255,84907,17328,84907,17328,10.6134,2.166,H2S,15.51
68,0,3.3,255,85015,17350,85015,17350,10.62688,2.16875,H2S,15.53
69,0,3.3,255,85064,17360,85064,17360,10.633,2.17,H2S,15.54
70,0,3.3,255,85088,17364,85088,17364,10.63604,2.17062,H2S,15.55
71,0,3.3,255,85069,17361,85069,17361,10.63364,2.17013,H2S,15.55
72,0,3.3,255,85162,17380,85162,17380,10.64525,2.1725,H2S,15.57
73,0,3.3,255,85132,17374,85132,17374,10.64157,2.17175,H2S,15.56
74,0,3.3,255,85201,17388,85201,17388,10.65015,2.1735,H2S,15.58
75,0,3.3,255,85152,17378,85152,17378,10.64403,2.17225,H2S,15.57
76,0,3.3,255,85211,17390,85211,17390,10.65138,2.17375,H2S,15.58
77,0,3.3,255,85147,17376,85147,17376,10.64339,2.17212,H2S,15.56
78,0,3.3,255,85162,17380,85162,17380,10.64525,2.1725,H2S,15.57
79,0,3.3,255,85147,17376,85147,17376,10.64339,2.17212,H2S,15.56
80,0,3.3,255,85191,17386,85191,17386,10.64893,2.17325,H2S,15.57
81,0,3.3,255,85176,17382,85176,17382,10.64706,2.17287,H2S,15.57
82,0,3.3,255,85132,17374,85132,17374,10.64157,2.17175,H2S,15.56
83,0,3.3,255,85122,17372,85122,17372,10.64035,2.1715,H2S,15.56
84,0,3.3,255,85107,17368,85107,17368,10.63849,2.17112,H2S,15.56
85,0,3.3,255,85064,17360,85064,17360,10.633,2.17,H2S,15.54
86,0,3.3,255,85098,17367,85098,17367,10.63731,2.17088,H2S,15.55
87,0,3.3,255,85049,17356,85049,17356,10.63114,2.16962,H2S,15.54
88,0,3.3,255,84980,17342,84980,17342,10.62256,2.16787,H2S,15.53
89,0,3.3,255,85024,17352,85024,17352,10.6281,2.169,H2S,15.54
90,0,3.3,255,84975,17342,84975,17342,10.62198,2.16775,H2S,15.52
91,0,3.3,255,84873,17321,84873,17321,10.60914,2.16513,H2S,15.5
92,0,3.3,255,84892,17324,84892,17324,10.61154,2.16562,H2S,15.5
93,0,3.3,255,84799,17306,84799,17306,10.59993,2.16325,H2S,15.48
94,0,3.3,255,84755,17297,84755,17297,10.59444,2.16213,H2S,15.47
95,0,3.3,255,84774,17300,84774,17300,10.59684,2.16262,H2S,15.48
96,0,3.3,255,84711,17288,84711,17288,10.5889,2.161,H2S,15.46
97,0,3.3,255,84632,17272,84632,17272,10.5791,2.159,H2S,15.44
98,0,3.3,255,84647,17274,84647,17274,10.58091,2.15937,H2S,15.45
99,0,3.3,255,84574,17260,84574,17260,10.57175,2.1575,H2S,15.43
100,0,3.3,255,84534,17252,84534,17252,10.56685,2.1565,H2S,15.42
101,0,3.3,255,84480,17240,84480,17240,10.56009,2.15512,H2S,15.41
102,0,3.3,255,84476,17240,84476,17240,10.5595,2.155,H2S,15.41
103,0,3.3,255,84427,17230,84427,17230,10.55338,2.15375,H2S,15.39
104,0,3.3,255,84363,17216,84363,17216,10.54539,2.15212,H2S,15.38
105,0,3.3,255,84245,17193,84245,17193,10.53074,2.14913,H2S,15.35
106,0,3.3,255,84260,17196,84260,17196,10.53255,2.1495,H2S,15.36
107,0,3.3,255,84176,17178,84176,17178,10.52211,2.14737,H2S,15.34
108,0,3.3,255,84157,17175,84157,17175,10.51971,2.14688,H2S,15.33
109,0,3.3,255,84044,17152,84044,17152,10.5056,2.144,H2S,15.3
110,0,3.3,255,84089,17161,84089,17161,10.51114,2.14513,H2S,15.31
111,0,3.3,255,84030,17149,84030,17149,10.50379,2.14363,H2S,15.3
112,0,3.3,255,84010,17144,84010,17144,10.50129,2.14312,H2S,15.3
113,0,3.3,255,83917,17126,83917,17126,10.48968,2.14075,H2S,15.27
114,0,3.3,255,83902,17123,83902,17123,10.48786,2.14038,H2S,15.27
115,0,3.3,255,83824,17106,83824,17106,10.47801,2.13837,H2S,15.25
116,0,3.3,255,83844,17111,83844,17111,10.48051,2.13888,H2S,15.26
117,0,3.3,255,83775,17097,83775,17097,10.47194,2.13713,H2S,15.24
118,0,3.3,255,83672,17076,83672,17076,10.45905,2.1345,H2S,15.22
119,0,3.3,255,83692,17080,83692,17080,10.4615,2.135,H2S,15.22
120,0,3.3,255,83648,17071,83648,17071,10.45601,2.13388,H2S,15.21
121,0,3.3,255,83515,17044,83515,17044,10.43945,2.1305,H2S,15.18
122,0,3.3,255,83525,17046,83525,17046,10.44068,2.13075,H2S,15.18
123,0,3.3,255,83471,17035,83471,17035,10.43396,2.12938,H2S,15.17
124,0,3.3,255,83432,17027,83432,17027,10.42906,2.12838,H2S,15.16
125,0,0.0,0,99416,20289,99416,20289,12.42704,2.53613,H2S,18.93
126,0,0.0,0,97299,19856,97299,19856,12.16239,2.48212,H2S,18.43
127,0,0.0,0,94476,19280,94476,19280,11.80959,2.41012,H2S,17.77
128,0,0.0,0,91771,18728,91771,18728,11.47149,2.34112,H2S,17.13
129,0,0.0,0,89165,18196,89165,18196,11.14564,2.27462,H2S,16.51
130,0,0.0,0,86646,17682,86646,17682,10.83081,2.21037,H2S,15.92
131,0,0.0,0,84231,17190,84231,17190,10.52888,2.14875,H2S,15.35
132,0,0.0,0,81923,16719,81923,16719,10.24041,2.08988,H2S,14.8
133,0,0.0,0,79688,16263,79688,16263,9.96111,2.03288,H2S,14.28
134,0,0.0,0,77542,15824,77542,15824,9.69279,1.97812,H2S,13.77
135,0,0.0,0,75484,15404,75484,15404,9.43554,1.92562,H2S,13.28
136,0,0.0,0,73534,15006,73534,15006,9.19176,1.87587,H2S,12.82
137,0,0.0,0,71628,14618,71628,14618,8.95353,1.82725,H2S,12.38
138,0,0.0,0,69805,14246,69805,14246,8.72568,1.78075,H2S,11.95
139,0,0.0,0,68026,13882,68026,13882,8.50331,1.73537,H2S,11.53
140,0,0.0,0,66355,13542,66355,13542,8.29448,1.69275,H2S,11.13
141,0,0.0,0,64753,13214,64753,13214,8.09416,1.65187,H2S,10.75
142,0,0.0,0,63200,12898,63200,12898,7.90003,1.61225,H2S,10.39
143,0,0.0,0,61715,12595,61715,12595,7.71446,1.57438,H2S,10.04
144,0,0.0,0,60309,12308,60309,12308,7.53865,1.5385,H2S,9.7
145,0,0.0,0,58927,12026,58927,12026,7.36593,1.50325,H2S,9.38
146,0,0.0,0,57628,11760,57628,11760,7.20359,1.47012,H2S,9.07
147,0,0.0,0,56369,11504,56369,11504,7.0462,1.438,H2S,8.78
148,0,0.0,0,55169,11259,55169,11259,6.89616,1.40738,H2S,8.49
149,0,0.0,0,54003,11021,54003,11021,6.75039,1.37763,H2S,8.22
150,0,0.0,0,52910,10798,52910,10798,6.61378,1.34975,H2S,7.96
151,0,0.0,0,51837,10579,51837,10579,6.47966,1.32238,H2S,7.71
152,0,0.0,0,50807,10368,50807,10368,6.35099,1.29612,H2S,7.46
153,0,0.0,0,49823,10168,49823,10168,6.2279,1.271,H2S,7.23
154,0,0.0,0,48877,9974,48877,9974,6.10966,1.24687,H2S,7.01
155,0,0.0,0,47970,9790,47970,9790,5.99637,1.22375,H2S,6.79
156,0,0.0,0,47108,9614,47108,9614,5.88858,1.20175,H2S,6.59
157,0,0.0,0,46256,9440,46256,9440,5.782,1.18,H2S,6.39
158,0,0.0,0,45452,9276,45452,9276,5.68155,1.1595,H2S,6.2
159,0,0.0,0,44658,9114,44658,9114,5.58233,1.13925,H2S,6.01
160,0,0.0,0,43928,8964,43928,8964,5.49104,1.12062,H2S,5.84
161,0,0.0,0,43198,8816,43198,8816,5.3998,1.102,H2S,5.67
162,0,0.0,0,42517,8676,42517,8676,5.31464,1.08462,H2S,5.51
163,0,0.0,0,41831,8537,41831,8537,5.22894,1.06713,H2S,5.35
164,0,0.0,0,41199,8408,41199,8408,5.1499,1.051,H2S,5.2
165,0,0.0,0,40566,8278,40566,8278,5.07086,1.03487,H2S,5.05
166,0,0.0,0,39984,8160,39984,8160,4.998,1.02,H2S,4.91
167,0,0.0,0,39390,8038,39390,8038,4.92386,1.00487,H2S,4.77
168,0,0.0,0,38847,7928,38847,7928,4.8559,0.991,H2S,4.64
169,0,0.0,0,38283,7812,38283,7812,4.78544,0.97662,H2S,4.51
170,0,0.0,0,37784,7711,37784,7711,4.72301,0.96388,H2S,4.39
171,0,0.0,0,37283,7608,37283,7608,4.66049,0.95112,H2S,4.27
172,0,0.0,0,36808,7512,36808,7512,4.6011,0.939,H2S,4.16
173,0,0.0,0,36348,7418,36348,7418,4.54353,0.92725,H2S,4.05
174,0,0.0,0,35902,7326,35902,7326,4.48776,0.91587,H2S,3.95
175,0,0.0,0,35441,7233,35441,7233,4.43024,0.90413,H2S,3.84
176,0,0.0,0,35039,7150,35039,7150,4.37996,0.89387,H2S,3.74
177,0,0.0,0,34618,7065,34618,7065,4.32734,0.88313,H2S,3.64
178,0,0.0,0,34251,6990,34251,6990,4.28138,0.87375,H2S,3.56
179,0,0.0,0,33868,6912,33868,6912,4.2336,0.864,H2S,3.47
180,0,0.0,0,33486,6834,33486,6834,4.18583,0.85425,H2S,3.38
181,0,0.0,0,33158,6767,33158,6767,4.14481,0.84588,H2S,3.3
182,0,0.0,0,32824,6698,32824,6698,4.10311,0.83737,H2S,3.22
183,0,0.0,0,32482,6629,32482,6629,4.06029,0.82863,H2S,3.14
184,0,0.0,0,32168,6565,32168,6565,4.02109,0.82063,H2S,3.07
185,0,0.0,0,31859,6502,31859,6502,3.98247,0.81275,H2S,2.99
186,0,0.0,0,31556,6440,31556,6440,3.9445,0.805,H2S,2.92
187,0,0.0,0,31267,6381,31267,6381,3.90839,0.79763,H2S,2.85
188,0,0.0,0,31007,6328,31007,6328,3.8759,0.791,H2S,2.79
189,0,0.0,0,30732,6272,30732,6272,3.8416,0.784,H2S,2.73
190,0,0.0,0,30468,6218,30468,6218,3.80853,0.77725,H2S,2.66
191,0,0.0,0,30213,6166,30213,6166,3.77668,0.77075,H2S,2.6
192,0,0.0,0,29978,6118,29978,6118,3.74728,0.76475,H2S,2.55
193,0,0.0,0,29737,6068,29737,6068,3.71724,0.75862,H2S,2.49
194,0,0.0,0,29493,6019,29493,6019,3.68666,0.75238,H2S,2.43
195,0,0.0,0,29282,5976,29282,5976,3.6603,0.747,H2S,2.38
196,0,0.0,0,29057,5930,29057,5930,3.63213,0.74125,H2S,2.33
197,0,0.0,0,28856,5889,28856,5889,3.60704,0.73613,H2S,2.28
198,0,0.0,0,28645,5846,28645,5846,3.58068,0.73075,H2S,2.23
199,0,0.0,0,28454,5807,28454,5807,3.55681,0.72588,H2S,2.19
200,0,0.0,0,28263,5768,28263,5768,3.5329,0.721,H2S,2.14
201,0,0.0,0,28072,5729,28072,5729,3.50904,0.71613,H2S,2.1
202,0,0.0,0,27885,5690,27885,5690,3.48571,0.71137,H2S,2.06
203,0,0.0,0,27719,5657,27719,5657,3.46494,0.70713,H2S,2.02
204,0,0.0,0,27547,5622,27547,5622,3.44348,0.70275,H2S,1.98
205,0,0.0,0,27381,5588,27381,5588,3.42265,0.6985,H2S,1.94
206,0,0.0,0,27229,5557,27229,5557,3.40369,0.69463,H2S,1.9
207,0,0.0,0,27072,5525,27072,5525,3.38409,0.69063,H2S,1.86
208,0,0.0,0,26940,5498,26940,5498,3.36753,0.68725,H2S,1.83
209,0,0.0,0,26768,5463,26768,5463,3.34611,0.68288,H2S,1.79
210,0,0.0,0,26631,5435,26631,5435,3.32896,0.67938,H2S,1.76
211,0,0.0,0,26489,5406,26489,5406,3.31117,0.67575,H2S,1.73
212,0,0.0,0,26391,5386,26391,5386,3.29893,0.67325,H2S,1.7
213,0,0.0,0,26234,5354,26234,5354,3.27933,0.66925,H2S,1.67
214,0,0.0,0,26131,5333,26131,5333,3.26649,0.66663,H2S,1.64
215,0,0.0,0,26018,5310,26018,5310,3.25237,0.66375,H2S,1.61
216,0,0.0,0,25886,5283,25886,5283,3.23586,0.66038,H2S,1.58
217,0,0.0,0,25774,5260,25774,5260,3.22175,0.6575,H2S,1.56
218,0,0.0,0,25676,5240,25676,5240,3.2095,0.655,H2S,1.53
219,0,0.0,0,25543,5213,25543,5213,3.19299,0.65163,H2S,1.5
220,0,0.0,0,25485,5201,25485,5201,3.18564,0.65013,H2S,1.49
221,0,0.0,0,25362,5176,25362,5176,3.1703,0.647,H2S,1.46
222,0,0.0,0,25264,5156,25264,5156,3.15805,0.6445,H2S,1.44
223,0,0.0,0,25181,5139,25181,5139,3.14766,0.64238,H2S,1.42
224,0,0.0,0,25078,5118,25078,5118,3.13478,0.63975,H2S,1.39
225,0,0.0,0,25004,5102,25004,5102,3.12556,0.63787,H2S,1.38
226,0,0.0,0,24911,5084,24911,5084,3.11395,0.6355,H2S,1.35
227,0,0.0,0,24828,5067,24828,5067,3.10356,0.63338,H2S,1.33
228,0,0.0,0,24745,5050,24745,5050,3.09313,0.63125,H2S,1.31
229,0,0.0,0,24686,5038,24686,5038,3.08578,0.62975,H2S,1.3
230,0,0.0,0,24612,5022,24612,5022,3.07656,0.62787,H2S,1.28
231,0,0.0,0,24524,5004,24524,5004,3.06554,0.62562,H2S,1.26
232,0,0.0,0,24460,4992,24460,4992,3.0576,0.624,H2S,1.25
233,0,0.0,0,24402,4980,24402,4980,3.05025,0.6225,H2S,1.23
234,0,0.0,0,24333,4966,24333,4966,3.04168,0.62075,H2S,1.22
235,0,0.0,0,24269,4953,24269,4953,3.03374,0.61913,H2S,1.2
236,0,0.0,0,24201,4939,24201,4939,3.02516,0.61738,H2S,1.19
237,0,0.0,0,24162,4931,24162,4931,3.02026,0.61638,H2S,1.18
238,0,0.0,0,24108,4920,24108,4920,3.0135,0.615,H2S,1.16
239,0,0.0,0,24039,4906,24039,4906,3.00493,0.61325,H2S,1.15
240,0,0.0,0,23995,4897,23995,4897,2.99944,0.61213,H2S,1.14
241,0,0.0,0,23926,4883,23926,4883,2.99086,0.61038,H2S,1.12
242,0,0.0,0,23907,4879,23907,4879,2.98841,0.60988,H2S,1.12
243,0,0.0,0,23843,4866,23843,4866,2.98042,0.60825,H2S,1.1
244,0,0.0,0,23804,4858,23804,4858,2.97553,0.60725,H2S,1.09
245,0,0.0,0,23755,4848,23755,4848,2.9694,0.606,H2S,1.08
246,0,0.0,0,23706,4838,23706,4838,2.96328,0.60475,H2S,1.07
247,0,0.0,0,23686,4834,23686,4834,2.96082,0.60425,H2S,1.06
248,0,0.0,0,23622,4820,23622,4820,2.95284,0.60262,H2S,1.05
249,0,0.0,0,23598,4816,23598,4816,2.9498,0.602,H2S,1.04
0,0,3.3,255,19898,4060,19898,4060,2.48734,0.50762,H2S,0.17
1,0,3.3,255,21202,4326,21202,4326,2.65026,0.54087,H2S,0.48
2,0,3.3,255,23220,4738,23220,4738,2.90261,0.59237,H2S,0.95
3,0,3.3,255,25333,5170,25333,5170,3.16663,0.64625,H2S,1.45
4,0,3.3,255,27435,5599,27435,5599,3.42941,0.69988,H2S,1.95
5,0,3.3,255,29571,6035,29571,6035,3.69646,0.75438,H2S,2.45
6,0,3.3,255,31683,6466,31683,6466,3.96043,0.80825,H2S,2.95
7,0,3.3,255,33800,6898,33800,6898,4.22503,0.86225,H2S,3.45
8,0,3.3,255,35892,7325,35892,7325,4.48659,0.91563,H2S,3.94
9,0,3.3,255,37970,7749,37970,7749,4.74629,0.96863,H2S,4.43
10,0,3.3,255,39988,8160,39988,8160,4.99859,1.02012,H2S,4.91
11,0,3.3,255,41997,8570,41997,8570,5.24971,1.07137,H2S,5.38
12,0,3.3,255,43962,8972,43962,8972,5.49535,1.1215,H2S,5.85
13,0,3.3,255,45858,9358,45858,9358,5.73236,1.16987,H2S,6.3
14,0,3.3,255,47716,9738,47716,9738,5.96453,1.21725,H2S,6.73
15,0,3.3,255,49558,10114,49558,10114,6.19483,1.26425,H2S,7.17
16,0,3.3,255,51293,10468,51293,10468,6.41165,1.3085,H2S,7.58
17,0,3.3,255,52978,10812,52978,10812,6.62235,1.3515,H2S,7.98
18,0,3.3,255,54600,11143,54600,11143,6.82511,1.39288,H2S,8.36
19,0,3.3,255,56148,11458,56148,11458,7.01861,1.43237,H2S,8.72
20,0,3.3,255,57648,11765,57648,11765,7.20609,1.47063,H2S,9.08
21,0,3.3,255,59103,12062,59103,12062,7.38797,1.50775,H2S,9.42
22,0,3.3,255,60475,12342,60475,12342,7.55948,1.54275,H2S,9.74
23,0,3.3,255,61794,12611,61794,12611,7.72426,1.57638,H2S,10.06
24,0,3.3,255,63023,12862,63023,12862,7.87798,1.60775,H2S,10.35
25,0,3.3,255,64253,13112,64253,13112,8.03169,1.63912,H2S,10.64
26,0,3.3,255,65429,13352,65429,13352,8.17869,1.66912,H2S,10.91
27,0,3.3,255,66512,13574,66512,13574,8.31408,1.69675,H2S,11.17
28,0,3.3,255,67585,13792,67585,13792,8.44819,1.72412,H2S,11.42
29,0,3.3,255,68614,14003,68614,14003,8.57686,1.75038,H2S,11.66
30,0,3.3,255,69545,14192,69545,14192,8.69319,1.77412,H2S,11.88
31,0,3.3,255,70447,14377,70447,14377,8.80594,1.79713,H2S,12.1
32,0,3.3,255,71265,14544,71265,14544,8.9082,1.818,H2S,12.29
33,0,3.3,255,72079,14710,72079,14710,9.00988,1.83875,H2S,12.48
34,0,3.3,255,72868,14871,72868,14871,9.10851,1.85888,H2S,12.67
35,0,3.3,255,73593,15019,73593,15019,9.19916,1.87738,H2S,12.84
36,0,3.3,255,74293,15162,74293,15162,9.28673,1.89525,H2S,13.0
37,0,3.3,255,74989,15304,74989,15304,9.3737,1.913,H2S,13.17
38,0,3.3,255,75592,15426,75592,15426,9.44901,1.92837,H2S,13.31
39,0,3.3,255,76155,15542,76155,15542,9.51947,1.94275,H2S,13.44
40,0,3.3,255,76724,15658,76724,15658,9.59052,1.95725,H2S,13.58
41,0,3.3,255,77189,15753,77189,15753,9.64874,1.96913,H2S,13.69
42,0,3.3,255,77689,15855,77689,15855,9.71121,1.98188,H2S,13.81
43,0,3.3,255,78194,15958,78194,15958,9.77428,1.99475,H2S,13.92
44,0,3.3,255,78571,16035,78571,16035,9.82146,2.00438,H2S,14.01
45,0,3.3,255,79022,16126,79022,16126,9.87776,2.01587,H2S,14.12
46,0,3.3,255,79340,16192,79340,16192,9.9176,2.024,H2S,14.19
47,0,3.3,255,79766,16278,79766,16278,9.97086,2.03487,H2S,14.3
48,0,3.3,255,80046,16335,80046,16335,10.0058,2.042,H2S,14.36
49,0,3.3,255,80394,16407,80394,16407,10.04931,2.05088,H2S,14.44
50,0,3.3,255,80688,16466,80688,16466,10.08601,2.05837,H2S,14.51
51,0,3.3,255,80918,16514,80918,16514,10.11482,2.06425,H2S,14.57
52,0,3.3,255,81217,16574,81217,16574,10.15216,2.07187,H2S,14.64
53,0,3.3,255,81413,16614,81413,16614,10.17666,2.07687,H2S,14.68
54,0,3.3,255,81687,16670,81687,16670,10.21096,2.08387,H2S,14.75
55,0,3.3,255,81888,16712,81888,16712,10.2361,2.089,H2S,14.8
56,0,3.3,255,82021,16739,82021,16739,10.25266,2.09238,H2S,14.83
57,0,3.3,255,82216,16778,82216,16778,10.27711,2.09737,H2S,14.87
58,0,3.3,255,82427,16822,82427,16822,10.30348,2.10275,H2S,14.92
59,0,3.3,255,82589,16855,82589,16855,10.32371,2.10688,H2S,14.96
60,0,3.3,255,82702,16878,82702,16878,10.33778,2.10975,H2S,14.99
61,0,3.3,255,82834,16905,82834,16905,10.35434,2.11313,H2S,15.02
62,0,3.3,255,82893,16917,82893,16917,10.36169,2.11463,H2S,15.03
63,0,3.3,255,83050,16949,83050,16949,10.38129,2.11863,H2S,15.07
64,0,3.3,255,83138,16966,83138,16966,10.39226,2.12087,H2S,15.09
65,0,3.3,255,83162,16972,83162,16972,10.39535,2.1215,H2S,15.1
66,0,3.3,255,83290,16998,83290,16998,10.41128,2.12475,H2S,15.13
67,0,3.3,255,83300,17000,83300,17000,10.4125,2.125,H2S,15.13
68,0,3.3,255,83432,17027,83432,17027,10.42906,2.12838,H2S,15.16
69,0,3.3,255,83422,17024,83422,17024,10.42779,2.12812,H2S,15.16
70,0,3.3,255,83525,17046,83525,17046,10.44068,2.13075,H2S,15.18
71,0,3.3,255,83559,17053,83559,17053,10.44499,2.13163,H2S,15.19
72,0,3.3,255,83584,17058,83584,17058,10.44803,2.13225,H2S,15.2
73,0,3.3,255,83633,17068,83633,17068,10.45415,2.1335,H2S,15.21
74,0,3.3,255,83672,17076,83672,17076,10.45905,2.1345,H2S,15.22
75,0,3.3,255,83696,17080,83696,17080,10.46209,2.13512,H2S,15.22
76,0,3.3,255,83657,17073,83657,17073,10.45724,2.13413,H2S,15.21
77,0,3.3,255,83731,17088,83731,17088,10.4664,2.136,H2S,15.23
78,0,3.3,255,83692,17080,83692,17080,10.4615,2.135,H2S,15.22
79,0,3.3,255,83765,17094,83765,17094,10.47066,2.13687,H2S,15.24
80,0,3.3,255,83760,17094,83760,17094,10.47008,2.13675,H2S,15.24
81,0,3.3,255,83696,17080,83696,17080,10.46209,2.13512,H2S,15.22
82,0,3.3,255,83696,17080,83696,17080,10.46209,2.13512,H2S,15.22
83,0,3.3,255,83657,17073,83657,17073,10.45724,2.13413,H2S,15.21
84,0,3.3,255,83633,17068,83633,17068,10.45415,2.1335,H2S,15.21
85,0,3.3,255,83672,17076,83672,17076,10.45905,2.1345,H2S,15.22
86,0,3.3,255,83637,17068,83637,17068,10.45474,2.13362,H2S,15.21
87,0,3.3,255,83564,17054,83564,17054,10.44557,2.13175,H2S,15.19
88,0,3.3,255,83589,17059,83589,17059,10.44866,2.13238,H2S,15.2
89,0,3.3,255,83579,17056,83579,17056,10.44739,2.13212,H2S,15.19
90,0,3.3,255,83515,17044,83515,17044,10.43945,2.1305,H2S,15.18
91,0,3.3,255,83461,17033,83461,17033,10.43274,2.12913,H2S,15.17
92,0,3.3,255,83451,17030,83451,17030,10.43146,2.12887,H2S,15.16
93,0,3.3,255,83471,17035,83471,17035,10.43396,2.12938,H2S,15.17
94,0,3.3,255,83392,17018,83392,17018,10.42411,2.12737,H2S,15.15
95,0,3.3,255,83373,17015,83373,17015,10.42171,2.12688,H2S,15.15
96,0,3.3,255,83368,17014,83368,17014,10.42108,2.12675,H2S,15.14
97,0,3.3,255,83285,16996,83285,16996,10.41064,2.12462,H2S,15.13
98,0,3.3,255,83290,16998,83290,16998,10.41128,2.12475,H2S,15.13
99,0,3.3,255,83270,16994,83270,16994,10.40883,2.12425,H2S,15.12
100,0,3.3,255,83275,16995,83275,16995,10.40946,2.12438,H2S,15.12
101,0,3.3,255,83221,16984,83221,16984,10.4027,2.123,H2S,15.11
102,0,3.3,255,83187,16977,83187,16977,10.39844,2.12213,H2S,15.1
103,0,3.3,255,83089,16957,83089,16957,10.38619,2.11963,H2S,15.08
104,0,3.3,255,83045,16948,83045,16948,10.38065,2.1185,H2S,15.07
105,0,3.3,255,83040,16946,83040,16946,10.38001,2.11837,H2S,15.07
106,0,3.3,255,83040,16946,83040,16946,10.38001,2.11837,H2S,15.07
107,0,3.3,255,83006,16940,83006,16940,10.37575,2.1175,H2S,15.06
108,0,3.3,255,82957,16930,82957,16930,10.36963,2.11625,H2S,15.05
109,0,3.3,255,82873,16913,82873,16913,10.35924,2.11413,H2S,15.03
110,0,3.3,255,82893,16917,82893,16917,10.36169,2.11463,H2S,15.03
111,0,3.3,255,82859,16910,82859,16910,10.35738,2.11375,H2S,15.02
112,0,3.3,255,82765,16890,82765,16890,10.34571,2.11137,H2S,15.0
113,0,3.3,255,82731,16884,82731,16884,10.34145,2.1105,H2S,14.99
114,0,3.3,255,82726,16882,82726,16882,10.34081,2.11037,H2S,14.99
115,0,3.3,255,82643,16866,82643,16866,10.33042,2.10825,H2S,14.97
116,0,3.3,255,82633,16864,82633,16864,10.3292,2.108,H2S,14.97
117,0,3.3,255,82614,16860,82614,16860,10.32675,2.1075,H2S,14.97
118,0,3.3,255,82530,16842,82530,16842,10.31631,2.10537,H2S,14.95
119,0,3.3,255,82535,16844,82535,16844,10.31695,2.1055,H2S,14.95
120,0,3.3,255,82423,16821,82423,16821,10.30289,2.10263,H2S,14.92
121,0,3.3,255,82437,16824,82437,16824,10.3047,2.103,H2S,14.93
122,0,3.3,255,82364,16809,82364,16809,10.29554,2.10113,H2S,14.91
123,0,3.3,255,82364,16809,82364,16809,10.29554,2.10113,H2S,14.91
124,0,3.3,255,82295,16795,82295,16795,10.28696,2.09938,H2S,14.89
125,0,0.0,0,98147,20030,98147,20030,12.26838,2.50375,H2S,18.63
126,0,0.0,0,95976,19586,95976,19586,11.99701,2.44837,H2S,18.12
127,0,0.0,0,93153,19010,93153,19010,11.64421,2.37637,H2S,17.45
128,0,0.0,0,90444,18458,90444,18458,11.30552,2.30725,H2S,16.81
129,0,0.0,0,87822,17922,87822,17922,10.97781,2.24037,H2S,16.2
130,0,0.0,0,85314,17411,85314,17411,10.66426,2.17638,H2S,15.6
131,0,0.0,0,82908,16920,82908,16920,10.3635,2.115,H2S,15.04
132,0,0.0,0,80560,16440,80560,16440,10.07009,2.05512,H2S,14.48
133,0,0.0,0,78326,15984,78326,15984,9.79079,1.99812,H2S,13.96
134,0,0.0,0,76170,15544,76170,15544,9.52129,1.94312,H2S,13.45
135,0,0.0,0,74127,15128,74127,15128,9.2659,1.891,H2S,12.96
136,0,0.0,0,72152,14724,72152,14724,9.01904,1.84062,H2S,12.5
137,0,0.0,0,70266,14340,70266,14340,8.78325,1.7925,H2S,12.05
138,0,0.0,0,68438,13967,68438,13967,8.55481,1.74588,H2S,11.62
139,0,0.0,0,66698,13612,66698,13612,8.33735,1.7015,H2S,11.21
140,0,0.0,0,65057,13276,65057,13276,8.13214,1.65962,H2S,10.82
141,0,0.0,0,63454,12950,63454,12950,7.93187,1.61875,H2S,10.45
142,0,0.0,0,61901,12632,61901,12632,7.73769,1.57912,H2S,10.08
143,0,0.0,0,60421,12330,60421,12330,7.55271,1.54137,H2S,9.73
144,0,0.0,0,58996,12040,58996,12040,7.3745,1.505,H2S,9.39
145,0,0.0,0,57633,11762,57633,11762,7.20423,1.47025,H2S,9.07
146,0,0.0,0,56345,11499,56345,11499,7.04316,1.43738,H2S,8.77
147,0,0.0,0,55100,11244,55100,11244,6.88754,1.40562,H2S,8.48
148,0,0.0,0,53929,11006,53929,11006,6.74118,1.37575,H2S,8.2
149,0,0.0,0,52753,10766,52753,10766,6.59418,1.34575,H2S,7.92
150,0,0.0,0,51670,10544,51670,10544,6.45879,1.31812,H2S,7.67
151,0,0.0,0,50582,10323,50582,10323,6.32286,1.29038,H2S,7.41
152,0,0.0,0,49578,10118,49578,10118,6.19728,1.26475,H2S,7.17
153,0,0.0,0,48622,9923,48622,9923,6.07786,1.24038,H2S,6.95
154,0,0.0,0,47662,9727,47662,9727,5.95781,1.21588,H2S,6.72
155,0,0.0,0,46751,9541,46751,9541,5.84389,1.19263,H2S,6.51
156,0,0.0,0,45893,9366,45893,9366,5.73667,1.17075,H2S,6.3
157,0,0.0,0,45065,9196,45065,9196,5.63314,1.14962,H2S,6.11
158,0,0.0,0,44261,9032,44261,9032,5.53269,1.12912,H2S,5.92
159,0,0.0,0,43487,8875,43487,8875,5.43596,1.10938,H2S,5.74
160,0,0.0,0,42737,8722,42737,8722,5.34223,1.09025,H2S,5.56
161,0,0.0,0,42022,8576,42022,8576,5.2528,1.072,H2S,5.39
162,0,0.0,0,41346,8438,41346,8438,5.16828,1.05475,H2S,5.23
163,0,0.0,0,40679,8302,40679,8302,5.08498,1.03775,H2S,5.07
164,0,0.0,0,40052,8173,40052,8173,5.00657,1.02175,H2S,4.93
165,0,0.0,0,39435,8048,39435,8048,4.9294,1.006,H2S,4.78
166,0,0.0,0,38847,7928,38847,7928,4.8559,0.991,H2S,4.64
167,0,0.0,0,38298,7816,38298,7816,4.7873,0.977,H2S,4.51
168,0,0.0,0,37739,7702,37739,7702,4.71748,0.96275,H2S,4.38
169,0,0.0,0,37210,7594,37210,7594,4.65133,0.94925,H2S,4.26
170,0,0.0,0,36706,7491,36706,7491,4.58826,0.93638,H2S,4.14
171,0,0.0,0,36206,7389,36206,7389,4.52579,0.92363,H2S,4.02
172,0,0.0,0,35750,7296,35750,7296,4.4688,0.912,H2S,3.91
173,0,0.0,0,35270,7198,35270,7198,4.40878,0.89975,H2S,3.8
174,0,0.0,0,34858,7114,34858,7114,4.35733,0.88925,H2S,3.7
175,0,0.0,0,34407,7022,34407,7022,4.30098,0.87775,H2S,3.59
176,0,0.0,0,34010,6940,34010,6940,4.25134,0.86762,H2S,3.5
177,0,0.0,0,33594,6856,33594,6856,4.1993,0.857,H2S,3.4
178,0,0.0,0,33212,6778,33212,6778,4.15153,0.84725,H2S,3.31
179,0,0.0,0,32849,6704,32849,6704,4.1062,0.838,H2S,3.23
180,0,0.0,0,32487,6630,32487,6630,4.06088,0.82875,H2S,3.14
181,0,0.0,0,32129,6557,32129,6557,4.01619,0.81963,H2S,3.06
182,0,0.0,0,31806,6491,31806,6491,3.97576,0.81138,H2S,2.98
183,0,0.0,0,31502,6429,31502,6429,3.93779,0.80363,H2S,2.91
184,0,0.0,0,31188,6365,31188,6365,3.89859,0.79563,H2S,2.83
185,0,0.0,0,30870,6300,30870,6300,3.85875,0.7875,H2S,2.76
186,0,0.0,0,30576,6240,30576,6240,3.822,0.78,H2S,2.69
187,0,0.0,0,30311,6186,30311,6186,3.78893,0.77325,H2S,2.63
188,0,0.0,0,30032,6129,30032,6129,3.75404,0.76613,H2S,2.56
189,0,0.0,0,29757,6073,29757,6073,3.71974,0.75913,H2S,2.5
190,0,0.0,0,29488,6018,29488,6018,3.68603,0.75225,H2S,2.43
191,0,0.0,0,29258,5971,29258,5971,3.65726,0.74638,H2S,2.38
192,0,0.0,0,29022,5923,29022,5923,3.62786,0.74038,H2S,2.32
193,0,0.0,0,28772,5872,28772,5872,3.5966,0.734,H2S,2.26
194,0,0.0,0,28552,5826,28552,5826,3.56901,0.72837,H2S,2.21
195,0,0.0,0,28351,5786,28351,5786,3.54393,0.72325,H2S,2.17
196,0,0.0,0,28140,5743,28140,5743,3.51761,0.71788,H2S,2.12
197,0,0.0,0,27895,5693,27895,5693,3.48699,0.71163,H2S,2.06
198,0,0.0,0,27728,5658,27728,5658,3.46611,0.70737,H2S,2.02
199,0,0.0,0,27508,5614,27508,5614,3.43858,0.70175,H2S,1.97
200,0,0.0,0,27322,5576,27322,5576,3.4153,0.697,H2S,1.92
201,0,0.0,0,27146,5540,27146,5540,3.39325,0.6925,H2S,1.88
202,0,0.0,0,26974,5504,26974,5504,3.37179,0.68812,H2S,1.84
203,0,0.0,0,26798,5469,26798,5469,3.34979,0.68363,H2S,1.8
204,0,0.0,0,26656,5440,26656,5440,3.332,0.68,H2S,1.77
205,0,0.0,0,26479,5404,26479,5404,3.30995,0.6755,H2S,1.72
206,0,0.0,0,26332,5374,26332,5374,3.29157,0.67175,H2S,1.69
207,0,0.0,0,26180,5342,26180,5342,3.27256,0.66787,H2S,1.65
208,0,0.0,0,26028,5312,26028,5312,3.2536,0.664,H2S,1.62
209,0,0.0,0,25881,5282,25881,5282,3.23523,0.66025,H2S,1.58
210,0,0.0,0,25744,5254,25744,5254,3.21807,0.65675,H2S,1.55
211,0,0.0,0,25631,5230,25631,5230,3.20396,0.65387,H2S,1.52
212,0,0.0,0,25489,5202,25489,5202,3.18623,0.65025,H2S,1.49
213,0,0.0,0,25362,5176,25362,5176,3.1703,0.647,H2S,1.46
214,0,0.0,0,25249,5153,25249,5153,3.15624,0.64413,H2S,1.43
215,0,0.0,0,25127,5128,25127,5128,3.1409,0.641,H2S,1.4
216,0,0.0,0,25009,5104,25009,5104,3.1262,0.638,H2S,1.38
217,0,0.0,0,24886,5078,24886,5078,3.11086,0.63487,H2S,1.35
218,0,0.0,0,24779,5057,24779,5057,3.09744,0.63213,H2S,1.32
219,0,0.0,0,24696,5040,24696,5040,3.087,0.63,H2S,1.3
220,0,0.0,0,24607,5022,24607,5022,3.07598,0.62775,H2S,1.28
221,0,0.0,0,24500,5000,24500,5000,3.0625,0.625,H2S,1.26
222,0,0.0,0,24397,4979,24397,4979,3.04966,0.62238,H2S,1.23
223,0,0.0,0,24309,4961,24309,4961,3.03864,0.62013,H2S,1.21
224,0,0.0,0,24210,4940,24210,4940,3.02634,0.61762,H2S,1.19
225,0,0.0,0,24147,4928,24147,4928,3.0184,0.616,H2S,1.17
226,0,0.0,0,24053,4908,24053,4908,3.00674,0.61362,H2S,1.15
227,0,0.0,0,23970,4892,23970,4892,2.99635,0.6115,H2S,1.13
228,0,0.0,0,23897,4876,23897,4876,2.98714,0.60962,H2S,1.11
229,0,0.0,0,23818,4860,23818,4860,2.97734,0.60762,H2S,1.1
230,0,0.0,0,23755,4848,23755,4848,2.9694,0.606,H2S,1.08
231,0,0.0,0,23696,4836,23696,4836,2.96205,0.6045,H2S,1.07
232,0,0.0,0,23622,4820,23622,4820,2.95284,0.60262,H2S,1.05
233,0,0.0,0,23568,4810,23568,4810,2.94612,0.60125,H2S,1.04
234,0,0.0,0,23485,4793,23485,4793,2.93574,0.59913,H2S,1.02
235,0,0.0,0,23436,4783,23436,4783,2.92961,0.59788,H2S,1.01
236,0,0.0,0,23382,4772,23382,4772,2.92285,0.5965,H2S,0.99
237,0,0.0,0,23309,4756,23309,4756,2.91364,0.59462,H2S,0.98
238,0,0.0,0,23275,4750,23275,4750,2.90938,0.59375,H2S,0.97
239,0,0.0,0,23211,4737,23211,4737,2.90144,0.59213,H2S,0.95
240,0,0.0,0,23157,4726,23157,4726,2.89468,0.59075,H2S,0.94
241,0,0.0,0,23098,4714,23098,4714,2.88733,0.58925,H2S,0.93
242,0,0.0,0,23059,4706,23059,4706,2.88243,0.58825,H2S,0.92
243,0,0.0,0,23005,4695,23005,4695,2.87571,0.58688,H2S,0.9
244,0,0.0,0,22956,4685,22956,4685,2.86959,0.58563,H2S,0.89
245,0,0.0,0,22907,4674,22907,4674,2.86341,0.58437,H2S,0.88
246,0,0.0,0,22888,4671,22888,4671,2.86101,0.58388,H2S,0.88
247,0,0.0,0,22863,4666,22863,4666,2.85793,0.58325,H2S,0.87
248,0,0.0,0,22804,4654,22804,4654,2.85058,0.58175,H2S,0.86
249,0,0.0,0,22765,4646,22765,4646,2.84567,0.58075,H2S,0.85
0,0,3.3,255,19173,3912,19173,3912,2.39669,0.48912,H2S,0.0
1,0,3.3,255,20472,4178,20472,4178,2.55903,0.52225,H2S,0.31
2,0,3.3,255,22451,4582,22451,4582,2.80648,0.57275,H2S,0.77
3,0,3.3,255,24500,5000,24500,5000,3.0625,0.625,H2S,1.26
4,0,3.3,255,26567,5422,26567,5422,3.32098,0.67775,H2S,1.74
5,0,3.3,255,28655,5848,28655,5848,3.5819,0.731,H2S,2.24
6,0,3.3,255,30737,6272,30737,6272,3.84219,0.78412,H2S,2.73
7,0,3.3,255,32824,6698,32824,6698,4.10311,0.83737,H2S,3.22
8,0,3.3,255,34888,7120,34888,7120,4.361,0.89,H2S,3.71
9,0,3.3,255,36921,7535,36921,7535,4.61521,0.94188,H2S,4.19
10,0,3.3,255,38930,7945,38930,7945,4.86634,0.99313,H2S,4.66
11,0,3.3,255,40905,8348,40905,8348,5.11315,1.0435,H2S,5.13
12,0,3.3,255,42860,8746,42860,8746,5.35751,1.09337,H2S,5.59
13,0,3.3,255,44746,9132,44746,9132,5.59335,1.1415,H2S,6.03
14,0,3.3,255,46603,9510,46603,9510,5.82546,1.18887,H2S,6.47
15,0,3.3,255,48431,9884,48431,9884,6.05395,1.2355,H2S,6.9
16,0,3.3,255,50156,10236,50156,10236,6.26955,1.2795,H2S,7.31
17,0,3.3,255,51822,10576,51822,10576,6.4778,1.322,H2S,7.7
18,0,3.3,255,53444,10907,53444,10907,6.68056,1.36338,H2S,8.09
19,0,3.3,255,54983,11221,54983,11221,6.87289,1.40263,H2S,8.45
20,0,3.3,255,56491,11528,56491,11528,7.06149,1.44112,H2S,8.8
21,0,3.3,255,57937,11824,57937,11824,7.2422,1.478,H2S,9.15
22,0,3.3,255,59314,12105,59314,12105,7.41434,1.51313,H2S,9.47
23,0,3.3,255,60632,12374,60632,12374,7.57908,1.54675,H2S,9.78
24,0,3.3,255,61872,12627,61872,12627,7.73406,1.57838,H2S,10.07
25,0,3.3,255,63082,12874,63082,12874,7.88533,1.60925,H2S,10.36
26,0,3.3,255,64288,13120,64288,13120,8.036,1.64,H2S,10.64
27,0,3.3,255,65356,13338,65356,13338,8.16953,1.66725,H2S,10.9
28,0,3.3,255,66444,13560,66444,13560,8.3055,1.695,H2S,11.15
29,0,3.3,255,67448,13765,67448,13765,8.43109,1.72063,H2S,11.39
30,0,3.3,255,68413,13962,68413,13962,8.55173,1.74525,H2S,11.62
31,0,3.3,255,69300,14143,69300,14143,8.66261,1.76788,H2S,11.83
32,0,3.3,255,70163,14319,70163,14319,8.77041,1.78988,H2S,12.03
33,0,3.3,255,70961,14482,70961,14482,8.87022,1.81025,H2S,12.22
34,0,3.3,255,71755,14644,71755,14644,8.96945,1.8305,H2S,12.41
35,0,3.3,255,72485,14792,72485,14792,9.06069,1.84912,H2S,12.58
36,0,3.3,255,73157,14930,73157,14930,9.14463,1.86625,H2S,12.74
37,0,3.3,255,73838,15069,73838,15069,9.22979,1.88363,H2S,12.9
38,0,3.3,255,74416,15186,74416,15186,9.30201,1.89837,H2S,13.03
39,0,3.3,255,74979,15302,74979,15302,9.37247,1.91275,H2S,13.17
40,0,3.3,255,75548,15418,75548,15418,9.44353,1.92725,H2S,13.3
41,0,3.3,255,76072,15525,76072,15525,9.50909,1.94063,H2S,13.42
42,0,3.3,255,76577,15628,76577,15628,9.57215,1.9535,H2S,13.54
43,0,3.3,255,77077,15730,77077,15730,9.63463,1.96625,H2S,13.66
44,0,3.3,255,77518,15820,77518,15820,9.68975,1.9775,H2S,13.76
45,0,3.3,255,77885,15894,77885,15894,9.73566,1.98687,H2S,13.85
46,0,3.3,255,78316,15983,78316,15983,9.78961,1.99788,H2S,13.95
47,0,3.3,255,78605,16042,78605,16042,9.82573,2.00525,H2S,14.02
48,0,3.3,255,78978,16117,78978,16117,9.87228,2.01475,H2S,14.11
49,0,3.3,255,79326,16189,79326,16189,9.91579,2.02363,H2S,14.19
50,0,3.3,255,79551,16234,79551,16234,9.94391,2.02937,H2S,14.24
51,0,3.3,255,79894,16304,79894,16304,9.98679,2.03812,H2S,14.33
52,0,3.3,255,80144,16356,80144,16356,10.01805,2.0445,H2S,14.38
53,0,3.3,255,80330,16394,80330,16394,10.04133,2.04925,H2S,14.43
54,0,3.3,255,80570,16443,80570,16443,10.07136,2.05538,H2S,14.48
55,0,3.3,255,80805,16490,80805,16490,10.10071,2.06137,H2S,14.54
56,0,3.3,255,80957,16522,80957,16522,10.11972,2.06525,H2S,14.58
57,0,3.3,255,81168,16565,81168,16565,10.14609,2.07063,H2S,14.63
58,0,3.3,255,81266,16585,81266,16585,10.15834,2.07313,H2S,14.65
59,0,3.3,255,81482,16629,81482,16629,10.18529,2.07863,H2S,14.7
60,0,3.3,255,81575,16648,81575,16648,10.1969,2.081,H2S,14.72
61,0,3.3,255,81756,16684,81756,16684,10.21954,2.08562,H2S,14.76
62,0,3.3,255,81805,16695,81805,16695,10.22571,2.08688,H2S,14.78
63,0,3.3,255,81937,16722,81937,16722,10.24223,2.09025,H2S,14.81
64,0,3.3,255,82080,16751,82080,16751,10.26001,2.09388,H2S,14.84
65,0,3.3,255,82158,16766,82158,16766,10.26976,2.09587,H2S,14.86
66,0,3.3,255,82216,16778,82216,16778,10.27711,2.09737,H2S,14.87
67,0,3.3,255,82251,16786,82251,16786,10.28143,2.09825,H2S,14.88
68,0,3.3,255,82339,16804,82339,16804,10.29245,2.1005,H2S,14.9
69,0,3.3,255,82364,16809,82364,16809,10.29554,2.10113,H2S,14.91
70,0,3.3,255,82412,16818,82412,16818,10.30161,2.10237,H2S,14.92
71,0,3.3,255,82496,16836,82496,16836,10.31205,2.1045,H2S,14.94
72,0,3.3,255,82457,16828,82457,16828,10.30715,2.1035,H2S,14.93
73,0,3.3,255,82501,16836,82501,16836,10.31264,2.10462,H2S,14.94
74,0,3.3,255,82535,16844,82535,16844,10.31695,2.1055,H2S,14.95
75,0,3.3,255,82579,16853,82579,16853,10.32249,2.10663,H2S,14.96
76,0,3.3,255,82653,16868,82653,16868,10.33165,2.1085,H2S,14.98
77,0,3.3,255,82667,16870,82667,16870,10.33346,2.10887,H2S,14.98
78,0,3.3,255,82657,16868,82657,16868,10.33224,2.10862,H2S,14.98
79,0,3.3,255,82619,16861,82619,16861,10.32739,2.10763,H2S,14.97
80,0,3.3,255,82628,16862,82628,16862,10.32856,2.10787,H2S,14.97
81,0,3.3,255,82672,16872,82672,16872,10.3341,2.109,H2S,14.98
82,0,3.3,255,82677,16873,82677,16873,10.33474,2.10913,H2S,14.98
83,0,3.3,255,82682,16874,82682,16874,10.33532,2.10925,H2S,14.98
84,0,3.3,255,82619,16861,82619,16861,10.32739,2.10763,H2S,14.97
85,0,3.3,255,82657,16868,82657,16868,10.33224,2.10862,H2S,14.98
86,0,3.3,255,82609,16859,82609,16859,10.32616,2.10738,H2S,14.97
87,0,3.3,255,82623,16862,82623,16862,10.32798,2.10775,H2S,14.97
88,0,3.3,255,82545,16846,82545,16846,10.31818,2.10575,H2S,14.95
89,0,3.3,255,82565,16850,82565,16850,10.32063,2.10625,H2S,14.96
90,0,3.3,255,82569,16850,82569,16850,10.32121,2.10637,H2S,14.96
91,0,3.3,255,82501,16836,82501,16836,10.31264,2.10462,H2S,14.94
92,0,3.3,255,82525,16842,82525,16842,10.31573,2.10525,H2S,14.95
93,0,3.3,255,82442,16824,82442,16824,10.30529,2.10312,H2S,14.93
94,0,3.3,255,82412,16818,82412,16818,10.30161,2.10237,H2S,14.92
95,0,3.3,255,82393,16815,82393,16815,10.29921,2.10188,H2S,14.91
96,0,3.3,255,82403,16817,82403,16817,10.30044,2.10213,H2S,14.92
97,0,3.3,255,82383,16812,82383,16812,10.29794,2.10162,H2S,14.91
98,0,3.3,255,82300,16796,82300,16796,10.28755,2.0995,H2S,14.89
99,0,3.3,255,82334,16803,82334,16803,10.29186,2.10038,H2S,14.9
100,0,3.3,255,82290,16794,82290,16794,10.28633,2.09925,H2S,14.89
101,0,3.3,255,82212,16778,82212,16778,10.27652,2.09725,H2S,14.87
102,0,3.3,255,82178,16771,82178,16771,10.27226,2.09638,H2S,14.86
103,0,3.3,255,82153,16766,82153,16766,10.26917,2.09575,H2S,14.86
104,0,3.3,255,82173,16770,82173,16770,10.27163,2.09625,H2S,14.86
105,0,3.3,255,82143,16764,82143,16764,10.26795,2.0955,H2S,14.86
106,0,3.3,255,82104,16756,82104,16756,10.26305,2.0945,H2S,14.85
107,0,3.3,255,82011,16736,82011,16736,10.25139,2.09212,H2S,14.82
108,0,3.3,255,82011,16736,82011,16736,10.25139,2.09212,H2S,14.82
109,0,3.3,255,81986,16732,81986,16732,10.24835,2.0915,H2S,14.82
110,0,3.3,255,81923,16719,81923,16719,10.24041,2.08988,H2S,14.8
111,0,3.3,255,81898,16714,81898,16714,10.23733,2.08925,H2S,14.8
112,0,3.3,255,81835,16701,81835,16701,10.22939,2.08763,H2S,14.78
113,0,3.3,255,81790,16692,81790,16692,10.22385,2.0865,H2S,14.77
114,0,3.3,255,81771,16688,81771,16688,10.2214,2.086,H2S,14.77
115,0,3.3,255,81737,16681,81737,16681,10.21714,2.08513,H2S,14.76
116,0,3.3,255,81653,16664,81653,16664,10.2067,2.083,H2S,14.74
117,0,3.3,255,81673,16668,81673,16668,10.20915,2.0835,H2S,14.74
118,0,3.3,255,81589,16650,81589,16650,10.19871,2.08137,H2S,14.73
119,0,3.3,255,81609,16655,81609,16655,10.20121,2.08188,H2S,14.73
120,0,3.3,255,81565,16646,81565,16646,10.19568,2.08075,H2S,14.72
121,0,3.3,255,81492,16631,81492,16631,10.18651,2.07888,H2S,14.7
122,0,3.3,255,81496,16632,81496,16632,10.1871,2.079,H2S,14.7
123,0,3.3,255,81462,16624,81462,16624,10.18279,2.07812,H2S,14.7
124,0,3.3,255,81374,16606,81374,16606,10.17176,2.07587,H2S,14.67
125,0,0.0,0,97083,19812,97083,19812,12.13544,2.47662,H2S,18.38
126,0,0.0,0,94917,19370,94917,19370,11.86471,2.42137,H2S,17.87
127,0,0.0,0,92134,18803,92134,18803,11.51686,2.35038,H2S,17.21
128,0,0.0,0,89376,18240,89376,18240,11.172,2.28,H2S,16.56
129,0,0.0,0,86769,17708,86769,17708,10.84615,2.2135,H2S,15.95
130,0,0.0,0,84245,17193,84245,17193,10.53074,2.14913,H2S,15.35
131,0,0.0,0,81854,16704,81854,16704,10.23179,2.08812,H2S,14.79
132,0,0.0,0,79512,16227,79512,16227,9.93906,2.02838,H2S,14.24
133,0,0.0,0,77278,15771,77278,15771,9.65976,1.97138,H2S,13.71
134,0,0.0,0,75146,15336,75146,15336,9.3933,1.917,H2S,13.21
135,0,0.0,0,73093,14916,73093,14916,9.13664,1.86462,H2S,12.72
136,0,0.0,0,71113,14512,71113,14512,8.88919,1.81412,H2S,12.25
137,0,0.0,0,69237,14130,69237,14130,8.65463,1.76625,H2S,11.81
138,0,0.0,0,67419,13759,67419,13759,8.42741,1.71988,H2S,11.38
139,0,0.0,0,65689,13406,65689,13406,8.21118,1.67575,H2S,10.97
140,0,0.0,0,64023,13066,64023,13066,8.00293,1.63325,H2S,10.58
141,0,0.0,0,62426,12740,62426,12740,7.80325,1.5925,H2S,10.2
142,0,0.0,0,60892,12426,60892,12426,7.61151,1.55337,H2S,9.84
143,0,0.0,0,59427,12128,59427,12128,7.4284,1.516,H2S,9.5
144,0,0.0,0,58020,11840,58020,11840,7.25259,1.48012,H2S,9.16
145,0,0.0,0,56683,11568,56683,11568,7.0854,1.446,H2S,8.85
146,0,0.0,0,55370,11300,55370,11300,6.92125,1.4125,H2S,8.54
147,0,0.0,0,54120,11044,54120,11044,6.76504,1.38062,H2S,8.24
148,0,0.0,0,52934,10803,52934,10803,6.61686,1.35038,H2S,7.97
149,0,0.0,0,51797,10570,51797,10570,6.47471,1.32137,H2S,7.7
150,0,0.0,0,50720,10351,50720,10351,6.34001,1.29388,H2S,7.44
151,0,0.0,0,49646,10132,49646,10132,6.20585,1.2665,H2S,7.19
152,0,0.0,0,48652,9929,48652,9929,6.08154,1.24113,H2S,6.95
153,0,0.0,0,47701,9734,47701,9734,5.96266,1.21687,H2S,6.73
154,0,0.0,0,46755,9542,46755,9542,5.84448,1.19275,H2S,6.51
155,0,0.0,0,45854,9358,45854,9358,5.73178,1.16975,H2S,6.29
156,0,0.0,0,45001,9184,45001,9184,5.6252,1.148,H2S,6.09
157,0,0.0,0,44144,9009,44144,9009,5.51804,1.12613,H2S,5.89
158,0,0.0,0,43360,8849,43360,8849,5.42004,1.10613,H2S,5.71
159,0,0.0,0,42610,8696,42610,8696,5.3263,1.087,H2S,5.53
160,0,0.0,0,41880,8547,41880,8547,5.23506,1.06838,H2S,5.36
161,0,0.0,0,41164,8400,41164,8400,5.14559,1.05012,H2S,5.19
162,0,0.0,0,40474,8260,40474,8260,5.05925,1.0325,H2S,5.03
163,0,0.0,0,39837,8130,39837,8130,4.97963,1.01625,H2S,4.87
164,0,0.0,0,39204,8000,39204,8000,4.90059,1.00012,H2S,4.73
165,0,0.0,0,38621,7882,38621,7882,4.82773,0.98525,H2S,4.59
166,0,0.0,0,38029,7761,38029,7761,4.75364,0.97013,H2S,4.45
167,0,0.0,0,37455,7644,37455,7644,4.68195,0.9555,H2S,4.31
168,0,0.0,0,36931,7536,36931,7536,4.61639,0.94212,H2S,4.19
169,0,0.0,0,36407,7430,36407,7430,4.55088,0.92875,H2S,4.07
170,0,0.0,0,35897,7326,35897,7326,4.48717,0.91575,H2S,3.95
171,0,0.0,0,35402,7225,35402,7225,4.42534,0.90313,H2S,3.83
172,0,0.0,0,34951,7133,34951,7133,4.36899,0.89163,H2S,3.72
173,0,0.0,0,34486,7038,34486,7038,4.31078,0.87975,H2S,3.61
174,0,0.0,0,34040,6947,34040,6947,4.25506,0.86838,H2S,3.51
175,0,0.0,0,33628,6863,33628,6863,4.20361,0.85788,H2S,3.41
176,0,0.0,0,33231,6782,33231,6782,4.15397,0.84775,H2S,3.32
177,0,0.0,0,32815,6697,32815,6697,4.10194,0.83713,H2S,3.22
178,0,0.0,0,32457,6624,32457,6624,4.0572,0.828,H2S,3.13
179,0,0.0,0,32094,6550,32094,6550,4.01187,0.81875,H2S,3.05
180,0,0.0,0,31722,6474,31722,6474,3.96533,0.80925,H2S,2.96
181,0,0.0,0,31384,6405,31384,6405,3.92309,0.80063,H2S,2.88
182,0,0.0,0,31056,6338,31056,6338,3.88203,0.79225,H2S,2.8
183,0,0.0,0,30737,6272,30737,6272,3.84219,0.78412,H2S,2.73
184,0,0.0,0,30429,6210,30429,6210,3.80363,0.77625,H2S,2.66
185,0,0.0,0,30115,6146,30115,6146,3.76443,0.76825,H2S,2.58
186,0,0.0,0,29816,6084,29816,6084,3.72704,0.76062,H2S,2.51
187,0,0.0,0,29547,6030,29547,6030,3.69338,0.75375,H2S,2.45
188,0,0.0,0,29287,5977,29287,5977,3.66094,0.74713,H2S,2.39
189,0,0.0,0,29042,5927,29042,5927,3.63031,0.74088,H2S,2.33
190,0,0.0,0,28757,5868,28757,5868,3.59474,0.73362,H2S,2.26
191,0,0.0,0,28518,5820,28518,5820,3.56475,0.7275,H2S,2.2
192,0,0.0,0,28272,5770,28272,5770,3.53412,0.72125,H2S,2.15
193,0,0.0,0,28037,5722,28037,5722,3.50473,0.71525,H2S,2.09
194,0,0.0,0,27837,5681,27837,5681,3.47964,0.71013,H2S,2.04
195,0,0.0,0,27621,5637,27621,5637,3.45269,0.70463,H2S,1.99
196,0,0.0,0,27415,5594,27415,5594,3.42691,0.69937,H2S,1.94
197,0,0.0,0,27190,5549,27190,5549,3.39879,0.69363,H2S,1.89
198,0,0.0,0,26994,5509,26994,5509,3.37429,0.68863,H2S,1.85
199,0,0.0,0,26808,5471,26808,5471,3.35101,0.68388,H2S,1.8
200,0,0.0,0,26621,5432,26621,5432,3.32769,0.67912,H2S,1.76
201,0,0.0,0,26445,5397,26445,5397,3.30569,0.67463,H2S,1.72
202,0,0.0,0,26264,5360,26264,5360,3.283,0.67,H2S,1.67
203,0,0.0,0,26097,5326,26097,5326,3.26218,0.66575,H2S,1.63
204,0,0.0,0,25955,5296,25955,5296,3.24439,0.66212,H2S,1.6
205,0,0.0,0,25783,5262,25783,5262,3.22297,0.65775,H2S,1.56
206,0,0.0,0,25627,5230,25627,5230,3.20338,0.65375,H2S,1.52
207,0,0.0,0,25489,5202,25489,5202,3.18623,0.65025,H2S,1.49
208,0,0.0,0,25367,5177,25367,5177,3.17094,0.64713,H2S,1.46
209,0,0.0,0,25210,5145,25210,5145,3.15134,0.64313,H2S,1.42
210,0,0.0,0,25078,5118,25078,5118,3.13478,0.63975,H2S,1.39
211,0,0.0,0,24931,5088,24931,5088,3.1164,0.636,H2S,1.36
212,0,0.0,0,24823,5066,24823,5066,3.10292,0.63325,H2S,1.33
213,0,0.0,0,24686,5038,24686,5038,3.08578,0.62975,H2S,1.3
214,0,0.0,0,24578,5016,24578,5016,3.0723,0.627,H2S,1.28
215,0,0.0,0,24465,4993,24465,4993,3.05824,0.62413,H2S,1.25
216,0,0.0,0,24353,4970,24353,4970,3.04413,0.62125,H2S,1.22
217,0,0.0,0,24249,4948,24249,4948,3.03124,0.61862,H2S,1.2
218,0,0.0,0,24142,4927,24142,4927,3.01781,0.61588,H2S,1.17
219,0,0.0,0,24044,4907,24044,4907,3.00556,0.61338,H2S,1.15
220,0,0.0,0,23936,4884,23936,4884,2.99204,0.61062,H2S,1.12
221,0,0.0,0,23838,4865,23838,4865,2.97984,0.60813,H2S,1.1
222,0,0.0,0,23750,4847,23750,4847,2.96881,0.60588,H2S,1.08
223,0,0.0,0,23667,4830,23667,4830,2.95838,0.60375,H2S,1.06
224,0,0.0,0,23578,4812,23578,4812,2.94735,0.6015,H2S,1.04
225,0,0.0,0,23505,4796,23505,4796,2.93814,0.59962,H2S,1.02
226,0,0.0,0,23402,4776,23402,4776,2.9253,0.597,H2S,1.0
227,0,0.0,0,23319,4759,23319,4759,2.91491,0.59488,H2S,0.98
228,0,0.0,0,23245,4744,23245,4744,2.9057,0.593,H2S,0.96
229,0,0.0,0,23167,4728,23167,4728,2.8959,0.591,H2S,0.94
230,0,0.0,0,23098,4714,23098,4714,2.88733,0.58925,H2S,0.93
231,0,0.0,0,23020,4698,23020,4698,2.87753,0.58725,H2S,0.91
232,0,0.0,0,22976,4689,22976,4689,2.87204,0.58613,H2S,0.9
233,0,0.0,0,22917,4677,22917,4677,2.86469,0.58463,H2S,0.88
234,0,0.0,0,22843,4662,22843,4662,2.85548,0.58275,H2S,0.87
235,0,0.0,0,22789,4650,22789,4650,2.84871,0.58137,H2S,0.85
236,0,0.0,0,22741,4641,22741,4641,2.84264,0.58013,H2S,0.84
237,0,0.0,0,22672,4626,22672,4626,2.83401,0.57837,H2S,0.83
238,0,0.0,0,22623,4616,22623,4616,2.82789,0.57712,H2S,0.81
239,0,0.0,0,22549,4602,22549,4602,2.81873,0.57525,H2S,0.8
240,0,0.0,0,22510,4594,22510,4594,2.81383,0.57425,H2S,0.79
241,0,0.0,0,22456,4583,22456,4583,2.80711,0.57288,H2S,0.77
242,0,0.0,0,22407,4573,22407,4573,2.80099,0.57163,H2S,0.76
243,0,0.0,0,22363,4564,22363,4564,2.79545,0.5705,H2S,0.75
244,0,0.0,0,22353,4562,22353,4562,2.79423,0.57025,H2S,0.75
245,0,0.0,0,22285,4548,22285,4548,2.78565,0.5685,H2S,0.73
246,0,0.0,0,22260,4543,22260,4543,2.78261,0.56788,H2S,0.73
247,0,0.0,0,22201,4530,22201,4530,2.77521,0.56637,H2S,0.71
248,0,0.0,0,22177,4526,22177,4526,2.77218,0.56575,H2S,0.71
249,0,0.0,0,22128,4516,22128,4516,2.76605,0.5645,H2S,0.7
66,0,3.3,255,23132,4671,23132,4671,2.8915,0.58388,H2S,1.51
67,0,3.3,255,22993,4685,22993,4685,2.87413,0.58563,H2S,1.54
68,0,3.3,255,23159,4687,23159,4687,2.89488,0.58588,H2S,1.55
69,0,3.3,255,23172,4741,23172,4741,2.8965,0.59263,H2S,1.67
70,0,3.3,255,23044,4669,23044,4669,2.8805,0.58363,H2S,1.51
71,0,3.3,255,23202,4739,23202,4739,2.90025,0.59238,H2S,1.66
72,0,3.3,255,23227,4681,23227,4681,2.90338,0.58513,H2S,1.53
176,0,0.0,0,18882,4642,18882,4642,2.36025,0.58025,H2S,1.44
177,0,0.0,0,18850,4635,18850,4635,2.35625,0.57938,H2S,1.43
178,0,0.0,0,18812,4648,18812,4648,2.3515,0.581,H2S,1.46
179,0,0.0,0,18645,4691,18645,4691,2.33063,0.58637,H2S,1.55
180,0,0.0,0,18734,4719,18734,4719,2.34175,0.58988,H2S,1.62
181,0,0.0,0,18680,4714,18680,4714,2.335,0.58925,H2S,1.61
182,0,0.0,0,18678,4683,18678,4683,2.33475,0.58538,H2S,1.54
183,0,0.0,0,18634,4716,18634,4716,2.32925,0.5895,H2S,1.61
184,0,0.0,0,18617,4682,18617,4682,2.32713,0.58525,H2S,1.53
185,0,0.0,0,18585,4652,18585,4652,2.32313,0.5815,H2S,1.47
186,0,0.0,0,18556,4640,18556,4640,2.3195,0.58,H2S,1.44
195,0,0.0,0,18335,4683,18335,4683,2.29188,0.58538,H2S,1.54
196,0,0.0,0,18310,4716,18310,4716,2.28875,0.5895,H2S,1.61
197,0,0.0,0,18282,4716,18282,4716,2.28525,0.5895,H2S,1.61
198,0,0.0,0,18274,4720,18274,4720,2.28425,0.59,H2S,1.62
212,0,0.0,0,17896,4657,17896,4657,2.237,0.58213,H2S,1.48
213,0,0.0,0,17781,4657,17781,4657,2.22263,0.58213,H2S,1.48
214,0,0.0,0,17757,4716,17757,4716,2.21962,0.5895,H2S,1.61
215,0,0.0,0,17892,4654,17892,4654,2.2365,0.58175,H2S,1.47
216,0,0.0,0,17762,4690,17762,4690,2.22025,0.58625,H2S,1.55
217,0,0.0,0,17877,4666,17877,4666,2.23463,0.58325,H2S,1.5
218,0,0.0,0,17849,4696,17849,4696,2.23113,0.587,H2S,1.57
219,0,0.0,0,17723,4668,17723,4668,2.21538,0.5835,H2S,1.5
220,0,0.0,0,17845,4637,17845,4637,2.23063,0.57963,H2S,1.43
221,0,0.0,0,17727,4668,17727,4668,2.21588,0.5835,H2S,1.5
222,0,0.0,0,17822,4713,17822,4713,2.22775,0.58913,H2S,1.6
223,0,0.0,0,17825,4633,17825,4633,2.22813,0.57913,H2S,1.42
224,0,0.0,0,17706,4712,17706,4712,2.21325,0.589,H2S,1.6
225,0,0.0,0,17804,4704,17804,4704,2.2255,0.588,H2S,1.58
226,0,0.0,0,17724,4622,17724,4622,2.2155,0.57775,H2S,1.4
227,0,0.0,0,17801,4634,17801,4634,2.22513,0.57925,H2S,1.43
228,0,0.0,0,17682,4624,17682,4624,2.21025,0.578,H2S,1.4
229,0,0.0,0,17792,4641,17792,4641,2.224,0.58013,H2S,1.44
230,0,0.0,0,17733,4719,17733,4719,2.21663,0.58988,H2S,1.62
231,0,0.0,0,17777,4638,17777,4638,2.22213,0.57975,H2S,1.44
232,0,0.0,0,17654,4636,17654,4636,2.20675,0.5795,H2S,1.43
176,0,0.0,0,26832,5476,26832,5476,3.3541,0.6845,H2S,3.32
177,0,0.0,0,26734,5456,26734,5456,3.3418,0.682,H2S,3.28
178,0,0.0,0,26781,5465,26781,5465,3.3477,0.6832,H2S,3.3
179,0,0.0,0,26773,5464,26773,5464,3.3467,0.683,H2S,3.29
180,0,0.0,0,26848,5479,26848,5479,3.356,0.6849,H2S,3.33
181,0,0.0,0,27068,5524,27068,5524,3.3835,0.6905,H2S,3.43
182,0,0.0,0,27048,5520,27048,5520,3.381,0.69,H2S,3.42
183,0,0.0,0,26616,5432,26616,5432,3.3271,0.679,H2S,3.22
184,0,0.0,0,26938,5497,26938,5497,3.3673,0.6872,H2S,3.37
185,0,0.0,0,26985,5507,26985,5507,3.3732,0.6884,H2S,3.39
186,0,0.0,0,27040,5518,27040,5518,3.38,0.6898,H2S,3.42
187,0,0.0,0,26608,5430,26608,5430,3.3261,0.6788,H2S,3.22
188,0,0.0,0,26636,5436,26636,5436,3.3296,0.6795,H2S,3.23
189,0,0.0,0,26942,5498,26942,5498,3.3678,0.6873,H2S,3.37
190,0,0.0,0,27028,5516,27028,5516,3.3786,0.6895,H2S,3.41
191,0,0.0,0,26754,5460,26754,5460,3.3443,0.6825,H2S,3.29
192,0,0.0,0,26640,5436,26640,5436,3.33,0.6796,H2S,3.23
193,0,0.0,0,26707,5450,26707,5450,3.3384,0.6813,H2S,3.26
194,0,0.0,0,26804,5470,26804,5470,3.3506,0.6838,H2S,3.31
195,0,0.0,0,26703,5449,26703,5449,3.3379,0.6812,H2S,3.26
196,0,0.0,0,26734,5456,26734,5456,3.3418,0.682,H2S,3.28
197,0,0.0,0,26879,5485,26879,5485,3.3599,0.6857,H2S,3.34
198,0,0.0,0,27099,5530,27099,5530,3.3874,0.6913,H2S,3.44
199,0,0.0,0,26887,5487,26887,5487,3.3609,0.6859,H2S,3.35
200,0,0.0,0,26856,5480,26856,5480,3.357,0.6851,H2S,3.33
201,0,0.0,0,27192,5549,27192,5549,3.3991,0.6937,H2S,3.49
202,0,0.0,0,27192,5549,27192,5549,3.3991,0.6937,H2S,3.49
203,0,0.0,0,27200,5551,27200,5551,3.4001,0.6939,H2S,3.49
204,0,0.0,0,27228,5556,27228,5556,3.4035,0.6946,H2S,3.5
205,0,0.0,0,27252,5561,27252,5561,3.4065,0.6952,H2S,3.51
206,0,0.0,0,27052,5520,27052,5520,3.3815,0.6901,H2S,3.42
207,0,0.0,0,27071,5524,27071,5524,3.3839,0.6906,H2S,3.43
208,0,0.0,0,27232,5557,27232,5557,3.404,0.6947,H2S,3.5
209,0,0.0,0,27044,5519,27044,5519,3.3805,0.6899,H2S,3.42
210,0,0.0,0,27388,5589,27388,5589,3.4236,0.6987,H2S,3.58
211,0,0.0,0,27126,5536,27126,5536,3.3908,0.692,H2S,3.46
212,0,0.0,0,27240,5559,27240,5559,3.405,0.6949,H2S,3.51
213,0,0.0,0,27204,5552,27204,5552,3.4006,0.694,H2S,3.49
214,0,0.0,0,27118,5534,27118,5534,3.3898,0.6918,H2S,3.45
215,0,0.0,0,27216,5554,27216,5554,3.4021,0.6943,H2S,3.5
216,0,0.0,0,27592,5631,27592,5631,3.4491,0.7039,H2S,3.67
217,0,0.0,0,27345,5580,27345,5580,3.4182,0.6976,H2S,3.56
218,0,0.0,0,27357,5583,27357,5583,3.4197,0.6979,H2S,3.56
219,0,0.0,0,27644,5641,27644,5641,3.4555,0.7052,H2S,3.69
220,0,0.0,0,27384,5588,27384,5588,3.4231,0.6986,H2S,3.57
221,0,0.0,0,27506,5613,27506,5613,3.4383,0.7017,H2S,3.63
222,0,0.0,0,27580,5628,27580,5628,3.4476,0.7036,H2S,3.66
223,0,0.0,0,27796,5672,27796,5672,3.4746,0.7091,H2S,3.76
224,0,0.0,0,27753,5664,27753,5664,3.4692,0.708,H2S,3.74
225,0,0.0,0,27776,5668,27776,5668,3.4721,0.7086,H2S,3.75
226,0,0.0,0,28048,5724,28048,5724,3.506,0.7155,H2S,3.88
227,0,0.0,0,28048,5724,28048,5724,3.506,0.7155,H2S,3.88
228,0,0.0,0,27753,5664,27753,5664,3.4692,0.708,H2S,3.74
229,0,0.0,0,27906,5695,27906,5695,3.4883,0.7119,H2S,3.81
230,0,0.0,0,27976,5709,27976,5709,3.4971,0.7137,H2S,3.85
231,0,0.0,0,28294,5774,28294,5774,3.5368,0.7218,H2S,3.99
232,0,0.0,0,27910,5696,27910,5696,3.4888,0.712,H2S,3.82
233,0,0.0,0,28247,5764,28247,5764,3.5309,0.7206,H2S,3.97
234,0,0.0,0,28090,5732,28090,5732,3.5113,0.7166,H2S,3.9
235,0,0.0,0,28106,5736,28106,5736,3.5133,0.717,H2S,3.91
236,0,0.0,0,28224,5760,28224,5760,3.528,0.72,H2S,3.96
237,0,0.0,0,28447,5805,28447,5805,3.5559,0.7257,H2S,4.06
238,0,0.0,0,28447,5805,28447,5805,3.5559,0.7257,H2S,4.06
239,0,0.0,0,28632,5843,28632,5843,3.579,0.7304,H2S,4.15
240,0,0.0,0,28792,5876,28792,5876,3.5991,0.7345,H2S,4.22
241,0,0.0,0,28533,5823,28533,5823,3.5667,0.7279,H2S,4.1
242,0,0.0,0,28518,5820,28518,5820,3.5648,0.7275,H2S,4.1
243,0,0.0,0,28557,5828,28557,5828,3.5697,0.7285,H2S,4.11
244,0,0.0,0,28808,5879,28808,5879,3.601,0.7349,H2S,4.23
245,0,0.0,0,28832,5884,28832,5884,3.604,0.7355,H2S,4.24
246,0,0.0,0,28839,5885,28839,5885,3.6049,0.7357,H2S,4.24
247,0,0.0,0,28937,5905,28937,5905,3.6172,0.7382,H2S,4.29
248,0,0.0,0,29224,5964,29224,5964,3.653,0.7455,H2S,4.42
249,0,0.0,0,28929,5904,28929,5904,3.6162,0.738,H2S,4.28
0,0,3.3,255,29121,5943,29121,5943,3.6402,0.7429,H2S,4.37
1,0,3.3,255,29098,5938,29098,5938,3.6373,0.7423,H2S,4.36
2,0,3.3,255,29266,5972,29266,5972,3.6583,0.7466,H2S,4.44
3,0,3.3,255,29294,5978,29294,5978,3.6618,0.7473,H2S,4.45
4,0,3.3,255,29313,5982,29313,5982,3.6642,0.7478,H2S,4.46
5,0,3.3,255,29501,6020,29501,6020,3.6877,0.7526,H2S,4.55
6,0,3.3,255,29808,6083,29808,6083,3.726,0.7604,H2S,4.69
7,0,3.3,255,29812,6084,29812,6084,3.7265,0.7605,H2S,4.69
8,0,3.3,255,29893,6100,29893,6100,3.7367,0.7626,H2S,4.73
9,0,3.3,255,29756,6072,29756,6072,3.7196,0.7591,H2S,4.66
10,0,3.3,255,29748,6071,29748,6071,3.7186,0.7589,H2S,4.66
11,0,3.3,255,29729,6067,29729,6067,3.7162,0.7584,H2S,4.65
12,0,3.3,255,29725,6066,29725,6066,3.7157,0.7583,H2S,4.65
13,0,3.3,255,29835,6088,29835,6088,3.7294,0.7611,H2S,4.7
14,0,3.3,255,29980,6118,29980,6118,3.7475,0.7648,H2S,4.77
15,0,3.3,255,30309,6185,30309,6185,3.7887,0.7732,H2S,4.92
16,0,3.3,255,29988,6120,29988,6120,3.7485,0.765,H2S,4.77
17,0,3.3,255,30093,6141,30093,6141,3.7617,0.7677,H2S,4.82
18,0,3.3,255,30336,6191,30336,6191,3.7921,0.7739,H2S,4.93
19,0,3.3,255,30497,6224,30497,6224,3.8122,0.778,H2S,5.0
20,0,3.3,255,30184,6160,30184,6160,3.773,0.77,H2S,4.86
21,0,3.3,255,30293,6182,30293,6182,3.7867,0.7728,H2S,4.91
22,0,3.3,255,30282,6180,30282,6180,3.7853,0.7725,H2S,4.9
23,0,3.3,255,30528,6230,30528,6230,3.8161,0.7788,H2S,5.02
24,0,3.3,255,30611,6247,30611,6247,3.8264,0.7809,H2S,5.06
25,0,3.3,255,30764,6278,30764,6278,3.8455,0.7848,H2S,5.13
26,0,3.3,255,30748,6275,30748,6275,3.8436,0.7844,H2S,5.12
27,0,3.3,255,30901,6306,30901,6306,3.8627,0.7883,H2S,5.19
28,0,3.3,255,30548,6234,30548,6234,3.8186,0.7793,H2S,5.03
29,0,3.3,255,30838,6293,30838,6293,3.8548,0.7867,H2S,5.16
30,0,3.3,255,30795,6284,30795,6284,3.8494,0.7856,H2S,5.14
31,0,3.3,255,30670,6259,30670,6259,3.8338,0.7824,H2S,5.08
32,0,3.3,255,30858,6297,30858,6297,3.8573,0.7872,H2S,5.17
33,0,3.3,255,30784,6282,30784,6282,3.848,0.7853,H2S,5.14
34,0,3.3,255,30830,6292,30830,6292,3.8538,0.7865,H2S,5.16
35,0,3.3,255,30932,6312,30932,6312,3.8666,0.7891,H2S,5.2
36,0,3.3,255,31011,6328,31011,6328,3.8764,0.7911,H2S,5.24
37,0,3.3,255,31136,6354,31136,6354,3.8921,0.7943,H2S,5.3
38,0,3.3,255,31383,6404,31383,6404,3.9229,0.8006,H2S,5.41
39,0,3.3,255,31030,6332,31030,6332,3.8788,0.7916,H2S,5.25
40,0,3.3,255,31140,6355,31140,6355,3.8926,0.7944,H2S,5.3
41,0,3.3,255,31458,6420,31458,6420,3.9323,0.8025,H2S,5.45
42,0,3.3,255,31242,6376,31242,6376,3.9053,0.797,H2S,5.35
43,0,3.3,255,31387,6405,31387,6405,3.9234,0.8007,H2S,5.41
44,0,3.3,255,31422,6412,31422,6412,3.9278,0.8016,H2S,5.43
45,0,3.3,255,31172,6361,31172,6361,3.8965,0.7952,H2S,5.31
46,0,3.3,255,31469,6422,31469,6422,3.9337,0.8028,H2S,5.45
47,0,3.3,255,31320,6392,31320,6392,3.9151,0.799,H2S,5.38
48,0,3.3,255,31485,6425,31485,6425,3.9357,0.8032,H2S,5.46
49,0,3.3,255,31615,6452,31615,6452,3.9519,0.8065,H2S,5.52
50,0,3.3,255,31669,6463,31669,6463,3.9587,0.8079,H2S,5.54
51,0,3.3,255,31285,6384,31285,6384,3.9107,0.7981,H2S,5.37
52,0,3.3,255,31469,6422,31469,6422,3.9337,0.8028,H2S,5.45
53,0,3.3,255,31748,6479,31748,6479,3.9685,0.8099,H2S,5.58
54,0,3.3,255,31587,6446,31587,6446,3.9484,0.8058,H2S,5.5
55,0,3.3,255,31532,6435,31532,6435,3.9416,0.8044,H2S,5.48
56,0,3.3,255,31772,6484,31772,6484,3.9715,0.8105,H2S,5.59
57,0,3.3,255,31446,6417,31446,6417,3.9308,0.8022,H2S,5.44
58,0,3.3,255,31650,6459,31650,6459,3.9563,0.8074,H2S,5.53
59,0,3.3,255,31434,6415,31434,6415,3.9293,0.8019,H2S,5.43
60,0,3.3,255,31376,6403,31376,6403,3.922,0.8004,H2S,5.41
61,0,3.3,255,31665,6462,31665,6462,3.9582,0.8078,H2S,5.54
62,0,3.3,255,31768,6483,31768,6483,3.971,0.8104,H2S,5.59
187,0,0.0,0,26608,5430,26608,5430,3.3261,0.6788,H2S,3.22
188,0,0.0,0,26636,5436,26636,5436,3.3296,0.6795,H2S,3.23
189,0,0.0,0,26942,5498,26942,5498,3.3678,0.6873,H2S,3.37
190,0,0.0,0,27028,5516,27028,5516,3.3786,0.6895,H2S,3.41
191,0,0.0,0,26754,5460,26754,5460,3.3443,0.6825,H2S,3.29
192,0,0.0,0,26640,5436,26640,5436,3.33,0.6796,H2S,3.23
193,0,0.0,0,26707,5450,26707,5450,3.3384,0.6813,H2S,3.26
194,0,0.0,0,26804,5470,26804,5470,3.3506,0.6838,H2S,3.31
195,0,0.0,0,26703,5449,26703,5449,3.3379,0.6812,H2S,3.26
196,0,0.0,0,26734,5456,26734,5456,3.3418,0.682,H2S,3.28
197,0,0.0,0,26879,5485,26879,5485,3.3599,0.6857,H2S,3.34
198,0,0.0,0,27099,5530,27099,5530,3.3874,0.6913,H2S,3.44
199,0,0.0,0,26887,5487,26887,5487,3.3609,0.6859,H2S,3.35
200,0,0.0,0,26856,5480,26856,5480,3.357,0.6851,H2S,3.33
201,0,0.0,0,27192,5549,27192,5549,3.3991,0.6937,H2S,3.49
202,0,0.0,0,27192,5549,27192,5549,3.3991,0.6937,H2S,3.49
203,0,0.0,0,27200,5551,27200,5551,3.4001,0.6939,H2S,3.49
204,0,0.0,0,27228,5556,27228,5556,3.4035,0.6946,H2S,3.5
205,0,0.0,0,27252,5561,27252,5561,3.4065,0.6952,H2S,3.51
206,0,0.0,0,27052,5520,27052,5520,3.3815,0.6901,H2S,3.42
207,0,0.0,0,27071,5524,27071,5524,3.3839,0.6906,H2S,3.43
208,0,0.0,0,27232,5557,27232,5557,3.404,0.6947,H2S,3.5
209,0,0.0,0,27044,5519,27044,5519,3.3805,0.6899,H2S,3.42
210,0,0.0,0,27388,5589,27388,5589,3.4236,0.6987,H2S,3.58
211,0,0.0,0,27126,5536,27126,5536,3.3908,0.692,H2S,3.46
212,0,0.0,0,27240,5559,27240,5559,3.405,0.6949,H2S,3.51
213,0,0.0,0,27204,5552,27204,5552,3.4006,0.694,H2S,3.49
214,0,0.0,0,27118,5534,27118,5534,3.3898,0.6918,H2S,3.45
215,0,0.0,0,27216,5554,27216,5554,3.4021,0.6943,H2S,3.5
216,0,0.0,0,27592,5631,27592,5631,3.4491,0.7039,H2S,3.67
217,0,0.0,0,27345,5580,27345,5580,3.4182,0.6976,H2S,3.56
218,0,0.0,0,27357,5583,27357,5583,3.4197,0.6979,H2S,3.56
219,0,0.0,0,27644,5641,27644,5641,3.4555,0.7052,H2S,3.69
220,0,0.0,0,27384,5588,27384,5588,3.4231,0.6986,H2S,3.57
221,0,0.0,0,27506,5613,27506,5613,3.4383,0.7017,H2S,3.63
222,0,0.0,0,27580,5628,27580,5628,3.4476,0.7036,H2S,3.66
223,0,0.0,0,27796,5672,27796,5672,3.4746,0.7091,H2S,3.76
224,0,0.0,0,27753,5664,27753,5664,3.4692,0.708,H2S,3.74
225,0,0.0,0,27776,5668,27776,5668,3.4721,0.7086,H2S,3.75
226,0,0.0,0,28048,5724,28048,5724,3.506,0.7155,H2S,3.88
227,0,0.0,0,28048,5724,28048,5724,3.506,0.7155,H2S,3.88
228,0,0.0,0,27753,5664,27753,5664,3.4692,0.708,H2S,3.74
229,0,0.0,0,27906,5695,27906,5695,3.4883,0.7119,H2S,3.81
230,0,0.0,0,27976,5709,27976,5709,3.4971,0.7137,H2S,3.85
231,0,0.0,0,28294,5774,28294,5774,3.5368,0.7218,H2S,3.99
232,0,0.0,0,27910,5696,27910,5696,3.4888,0.712,H2S,3.82
233,0,0.0,0,28247,5764,28247,5764,3.5309,0.7206,H2S,3.97
234,0,0.0,0,28090,5732,28090,5732,3.5113,0.7166,H2S,3.9
235,0,0.0,0,28106,5736,28106,5736,3.5133,0.717,H2S,3.91
236,0,0.0,0,28224,5760,28224,5760,3.528,0.72,H2S,3.96
237,0,0.0,0,28447,5805,28447,5805,3.5559,0.7257,H2S,4.06
238,0,0.0,0,28447,5805,28447,5805,3.5559,0.7257,H2S,4.06
239,0,0.0,0,28632,5843,28632,5843,3.579,0.7304,H2S,4.15
240,0,0.0,0,28792,5876,28792,5876,3.5991,0.7345,H2S,4.22
241,0,0.0,0,28533,5823,28533,5823,3.5667,0.7279,H2S,4.1
242,0,0.0,0,28518,5820,28518,5820,3.5648,0.7275,H2S,4.1
243,0,0.0,0,28557,5828,28557,5828,3.5697,0.7285,H2S,4.11
244,0,0.0,0,28808,5879,28808,5879,3.601,0.7349,H2S,4.23
245,0,0.0,0,28832,5884,28832,5884,3.604,0.7355,H2S,4.24
246,0,0.0,0,28839,5885,28839,5885,3.6049,0.7357,H2S,4.24
247,0,0.0,0,28937,5905,28937,5905,3.6172,0.7382,H2S,4.29
248,0,0.0,0,29224,5964,29224,5964,3.653,0.7455,H2S,4.42
249,0,0.0,0,28929,5904,28929,5904,3.6162,0.738,H2S,4.28
0,0,3.3,255,29121,5943,29121,5943,3.6402,0.7429,H2S,4.37
1,0,3.3,255,29098,5938,29098,5938,3.6373,0.7423,H2S,4.36
2,0,3.3,255,29266,5972,29266,5972,3.6583,0.7466,H2S,4.44
3,0,3.3,255,29294,5978,29294,5978,3.6618,0.7473,H2S,4.45
4,0,3.3,255,29313,5982,29313,5982,3.6642,0.7478,H2S,4.46
5,0,3.3,255,29501,6020,29501,6020,3.6877,0.7526,H2S,4.55
6,0,3.3,255,29808,6083,29808,6083,3.726,0.7604,H2S,4.69
7,0,3.3,255,29812,6084,29812,6084,3.7265,0.7605,H2S,4.69
8,0,3.3,255,29893,6100,29893,6100,3.7367,0.7626,H2S,4.73
9,0,3.3,255,29756,6072,29756,6072,3.7196,0.7591,H2S,4.66
10,0,3.3,255,29748,6071,29748,6071,3.7186,0.7589,H2S,4.66
11,0,3.3,255,29729,6067,29729,6067,3.7162,0.7584,H2S,4.65
12,0,3.3,255,29725,6066,29725,6066,3.7157,0.7583,H2S,4.65
13,0,3.3,255,29835,6088,29835,6088,3.7294,0.7611,H2S,4.7
14,0,3.3,255,29980,6118,29980,6118,3.7475,0.7648,H2S,4.77
15,0,3.3,255,30309,6185,30309,6185,3.7887,0.7732,H2S,4.92
16,0,3.3,255,29988,6120,29988,6120,3.7485,0.765,H2S,4.77
17,0,3.3,255,30093,6141,30093,6141,3.7617,0.7677,H2S,4.82
18,0,3.3,255,30336,6191,30336,6191,3.7921,0.7739,H2S,4.93
19,0,3.3,255,30497,6224,30497,6224,3.8122,0.778,H2S,5.0
20,0,3.3,255,30184,6160,30184,6160,3.773,0.77,H2S,4.86
21,0,3.3,255,30293,6182,30293,6182,3.7867,0.7728,H2S,4.91
22,0,3.3,255,30282,6180,30282,6180,3.7853,0.7725,H2S,4.9
23,0,3.3,255,30528,6230,30528,6230,3.8161,0.7788,H2S,5.02
24,0,3.3,255,30611,6247,30611,6247,3.8264,0.7809,H2S,5.06
25,0,3.3,255,30764,6278,30764,6278,3.8455,0.7848,H2S,5.13
26,0,3.3,255,30748,6275,30748,6275,3.8436,0.7844,H2S,5.12
27,0,3.3,255,30901,6306,30901,6306,3.8627,0.7883,H2S,5.19
28,0,3.3,255,30548,6234,30548,6234,3.8186,0.7793,H2S,5.03
29,0,3.3,255,30838,6293,30838,6293,3.8548,0.7867,H2S,5.16
30,0,3.3,255,30795,6284,30795,6284,3.8494,0.7856,H2S,5.14
31,0,3.3,255,30670,6259,30670,6259,3.8338,0.7824,H2S,5.08
32,0,3.3,255,30858,6297,30858,6297,3.8573,0.7872,H2S,5.17
33,0,3.3,255,30784,6282,30784,6282,3.848,0.7853,H2S,5.14
34,0,3.3,255,30830,6292,30830,6292,3.8538,0.7865,H2S,5.16
35,0,3.3,255,30932,6312,30932,6312,3.8666,0.7891,H2S,5.2
36,0,3.3,255,31011,6328,31011,6328,3.8764,0.7911,H2S,5.24
37,0,3.3,255,31136,6354,31136,6354,3.8921,0.7943,H2S,5.3
38,0,3.3,255,31383,6404,31383,6404,3.9229,0.8006,H2S,5.41
39,0,3.3,255,31030,6332,31030,6332,3.8788,0.7916,H2S,5.25
40,0,3.3,255,31140,6355,31140,6355,3.8926,0.7944,H2S,5.3
41,0,3.3,255,31458,6420,31458,6420,3.9323,0.8025,H2S,5.45
42,0,3.3,255,31242,6376,31242,6376,3.9053,0.797,H2S,5.35
43,0,3.3,255,31387,6405,31387,6405,3.9234,0.8007,H2S,5.41
44,0,3.3,255,31422,6412,31422,6412,3.9278,0.8016,H2S,5.43
45,0,3.3,255,31172,6361,31172,6361,3.8965,0.7952,H2S,5.31
46,0,3.3,255,31469,6422,31469,6422,3.9337,0.8028,H2S,5.45
47,0,3.3,255,31320,6392,31320,6392,3.9151,0.799,H2S,5.38
48,0,3.3,255,31485,6425,31485,6425,3.9357,0.8032,H2S,5.46
49,0,3.3,255,31615,6452,31615,6452,3.9519,0.8065,H2S,5.52
50,0,3.3,255,31669,6463,31669,6463,3.9587,0.8079,H2S,5.54
51,0,3.3,255,31285,6384,31285,6384,3.9107,0.7981,H2S,5.37
52,0,3.3,255,31469,6422,31469,6422,3.9337,0.8028,H2S,5.45
53,0,3.3,255,31748,6479,31748,6479,3.9685,0.8099,H2S,5.58
54,0,3.3,255,31587,6446,31587,6446,3.9484,0.8058,H2S,5.5
55,0,3.3,255,31532,6435,31532,6435,3.9416,0.8044,H2S,5.48
56,0,3.3,255,31772,6484,31772,6484,3.9715,0.8105,H2S,5.59
57,0,3.3,255,31446,6417,31446,6417,3.9308,0.8022,H2S,5.44
58,0,3.3,255,31650,6459,31650,6459,3.9563,0.8074,H2S,5.53
59,0,3.3,255,31434,6415,31434,6415,3.9293,0.8019,H2S,5.43
60,0,3.3,255,31376,6403,31376,6403,3.922,0.8004,H2S,5.41
61,0,3.3,255,31665,6462,31665,6462,3.9582,0.8078,H2S,5.54
62,0,3.3,255,31768,6483,31768,6483,3.971,0.8104,H2S,5.59
63,0,3.3,255,31572,6443,31572,6443,3.9465,0.8054,H2S,5.5
64,0,3.3,255,31485,6425,31485,6425,3.9357,0.8032,H2S,5.46
65,0,3.3,255,31724,6474,31724,6474,3.9656,0.8093,H2S,5.57
66,0,3.3,255,31791,6488,31791,6488,3.9739,0.811,H2S,5.6
67,0,3.3,255,31477,6424,31477,6424,3.9347,0.803,H2S,5.45
68,0,3.3,255,31387,6405,31387,6405,3.9234,0.8007,H2S,5.41
69,0,3.3,255,31603,6449,31603,6449,3.9504,0.8062,H2S,5.51
70,0,3.3,255,31364,6400,31364,6400,3.9205,0.8001,H2S,5.4
71,0,3.3,255,31336,6395,31336,6395,3.9171,0.7994,H2S,5.39
72,0,3.3,255,31320,6392,31320,6392,3.9151,0.799,H2S,5.38
73,0,3.3,255,31348,6397,31348,6397,3.9185,0.7997,H2S,5.39
74,0,3.3,255,31689,6467,31689,6467,3.9612,0.8084,H2S,5.55
189,0,0.0,0,26942,5498,26942,5498,3.3678,0.6873,H2S,3.37
190,0,0.0,0,27028,5516,27028,5516,3.3786,0.6895,H2S,3.41
191,0,0.0,0,26754,5460,26754,5460,3.3443,0.6825,H2S,3.29
192,0,0.0,0,26640,5436,26640,5436,3.33,0.6796,H2S,3.23
193,0,0.0,0,26707,5450,26707,5450,3.3384,0.6813,H2S,3.26
194,0,0.0,0,26804,5470,26804,5470,3.3506,0.6838,H2S,3.31
195,0,0.0,0,26703,5449,26703,5449,3.3379,0.6812,H2S,3.26
196,0,0.0,0,26734,5456,26734,5456,3.3418,0.682,H2S,3.28
197,0,0.0,0,26879,5485,26879,5485,3.3599,0.6857,H2S,3.34
198,0,0.0,0,27099,5530,27099,5530,3.3874,0.6913,H2S,3.44
199,0,0.0,0,26887,5487,26887,5487,3.3609,0.6859,H2S,3.35
200,0,0.0,0,26856,5480,26856,5480,3.357,0.6851,H2S,3.33
201,0,0.0,0,27192,5549,27192,5549,3.3991,0.6937,H2S,3.49
202,0,0.0,0,27192,5549,27192,5549,3.3991,0.6937,H2S,3.49
203,0,0.0,0,27200,5551,27200,5551,3.4001,0.6939,H2S,3.49
204,0,0.0,0,27228,5556,27228,5556,3.4035,0.6946,H2S,3.5
205,0,0.0,0,27252,5561,27252,5561,3.4065,0.6952,H2S,3.51
206,0,0.0,0,27052,5520,27052,5520,3.3815,0.6901,H2S,3.42
207,0,0.0,0,27071,5524,27071,5524,3.3839,0.6906,H2S,3.43
208,0,0.0,0,27232,5557,27232,5557,3.404,0.6947,H2S,3.5
209,0,0.0,0,27044,5519,27044,5519,3.3805,0.6899,H2S,3.42
210,0,0.0,0,27388,5589,27388,5589,3.4236,0.6987,H2S,3.58
211,0,0.0,0,27126,5536,27126,5536,3.3908,0.692,H2S,3.46
212,0,0.0,0,27240,5559,27240,5559,3.405,0.6949,H2S,3.51
213,0,0.0,0,27204,5552,27204,5552,3.4006,0.694,H2S,3.49
214,0,0.0,0,27118,5534,27118,5534,3.3898,0.6918,H2S,3.45
215,0,0.0,0,27216,5554,27216,5554,3.4021,0.6943,H2S,3.5
216,0,0.0,0,27592,5631,27592,5631,3.4491,0.7039,H2S,3.67
217,0,0.0,0,27345,5580,27345,5580,3.4182,0.6976,H2S,3.56
218,0,0.0,0,27357,5583,27357,5583,3.4197,0.6979,H2S,3.56
219,0,0.0,0,27644,5641,27644,5641,3.4555,0.7052,H2S,3.69
220,0,0.0,0,27384,5588,27384,5588,3.4231,0.6986,H2S,3.57
221,0,0.0,0,27506,5613,27506,5613,3.4383,0.7017,H2S,3.63
222,0,0.0,0,27580,5628,27580,5628,3.4476,0.7036,H2S,3.66
223,0,0.0,0,27796,5672,27796,5672,3.4746,0.7091,H2S,3.76
224,0,0.0,0,27753,5664,27753,5664,3.4692,0.708,H2S,3.74
225,0,0.0,0,27776,5668,27776,5668,3.4721,0.7086,H2S,3.75
226,0,0.0,0,28048,5724,28048,5724,3.506,0.7155,H2S,3.88
227,0,0.0,0,28048,5724,28048,5724,3.506,0.7155,H2S,3.88
228,0,0.0,0,27753,5664,27753,5664,3.4692,0.708,H2S,3.74
229,0,0.0,0,27906,5695,27906,5695,3.4883,0.7119,H2S,3.81
230,0,0.0,0,27976,5709,27976,5709,3.4971,0.7137,H2S,3.85
231,0,0.0,0,28294,5774,28294,5774,3.5368,0.7218,H2S,3.99
232,0,0.0,0,27910,5696,27910,5696,3.4888,0.712,H2S,3.82
233,0,0.0,0,28247,5764,28247,5764,3.5309,0.7206,H2S,3.97
234,0,0.0,0,28090,5732,28090,5732,3.5113,0.7166,H2S,3.9
235,0,0.0,0,28106,5736,28106,5736,3.5133,0.717,H2S,3.91
236,0,0.0,0,28224,5760,28224,5760,3.528,0.72,H2S,3.96
237,0,0.0,0,28447,5805,28447,5805,3.5559,0.7257,H2S,4.06
238,0,0.0,0,28447,5805,28447,5805,3.5559,0.7257,H2S,4.06
239,0,0.0,0,28632,5843,28632,5843,3.579,0.7304,H2S,4.15
240,0,0.0,0,28792,5876,28792,5876,3.5991,0.7345,H2S,4.22
241,0,0.0,0,28533,5823,28533,5823,3.5667,0.7279,H2S,4.1
242,0,0.0,0,28518,5820,28518,5820,3.5648,0.7275,H2S,4.1
243,0,0.0,0,28557,5828,28557,5828,3.5697,0.7285,H2S,4.11
244,0,0.0,0,28808,5879,28808,5879,3.601,0.7349,H2S,4.23
245,0,0.0,0,28832,5884,28832,5884,3.604,0.7355,H2S,4.24
246,0,0.0,0,28839,5885,28839,5885,3.6049,0.7357,H2S,4.24
247,0,0.0,0,28937,5905,28937,5905,3.6172,0.7382,H2S,4.29
248,0,0.0,0,29224,5964,29224,5964,3.653,0.7455,H2S,4.42
249,0,0.0,0,28929,5904,28929,5904,3.6162,0.738,H2S,4.28
0,0,3.3,255,29121,5943,29121,5943,3.6402,0.7429,H2S,4.37
1,0,3.3,255,29098,5938,29098,5938,3.6373,0.7423,H2S,4.36
2,0,3.3,255,29266,5972,29266,5972,3.6583,0.7466,H2S,4.44
3,0,3.3,255,29294,5978,29294,5978,3.6618,0.7473,H2S,4.45
4,0,3.3,255,29313,5982,29313,5982,3.6642,0.7478,H2S,4.46
5,0,3.3,255,29501,6020,29501,6020,3.6877,0.7526,H2S,4.55
6,0,3.3,255,29808,6083,29808,6083,3.726,0.7604,H2S,4.69
7,0,3.3,255,29812,6084,29812,6084,3.7265,0.7605,H2S,4.69
8,0,3.3,255,29893,6100,29893,6100,3.7367,0.7626,H2S,4.73
9,0,3.3,255,29756,6072,29756,6072,3.7196,0.7591,H2S,4.66
10,0,3.3,255,29748,6071,29748,6071,3.7186,0.7589,H2S,4.66
11,0,3.3,255,29729,6067,29729,6067,3.7162,0.7584,H2S,4.65
12,0,3.3,255,29725,6066,29725,6066,3.7157,0.7583,H2S,4.65
13,0,3.3,255,29835,6088,29835,6088,3.7294,0.7611,H2S,4.7
14,0,3.3,255,29980,6118,29980,6118,3.7475,0.7648,H2S,4.77
15,0,3.3,255,30309,6185,30309,6185,3.7887,0.7732,H2S,4.92
16,0,3.3,255,29988,6120,29988,6120,3.7485,0.765,H2S,4.77
17,0,3.3,255,30093,6141,30093,6141,3.7617,0.7677,H2S,4.82
18,0,3.3,255,30336,6191,30336,6191,3.7921,0.7739,H2S,4.93
19,0,3.3,255,30497,6224,30497,6224,3.8122,0.778,H2S,5.0
20,0,3.3,255,30184,6160,30184,6160,3.773,0.77,H2S,4.86
21,0,3.3,255,30293,6182,30293,6182,3.7867,0.7728,H2S,4.91
22,0,3.3,255,30282,6180,30282,6180,3.7853,0.7725,H2S,4.9
23,0,3.3,255,30528,6230,30528,6230,3.8161,0.7788,H2S,5.02
24,0,3.3,255,30611,6247,30611,6247,3.8264,0.7809,H2S,5.06
25,0,3.3,255,30764,6278,30764,6278,3.8455,0.7848,H2S,5.13
26,0,3.3,255,30748,6275,30748,6275,3.8436,0.7844,H2S,5.12
27,0,3.3,255,30901,6306,30901,6306,3.8627,0.7883,H2S,5.19
28,0,3.3,255,30548,6234,30548,6234,3.8186,0.7793,H2S,5.03
29,0,3.3,255,30838,6293,30838,6293,3.8548,0.7867,H2S,5.16
30,0,3.3,255,30795,6284,30795,6284,3.8494,0.7856,H2S,5.14
31,0,3.3,255,30670,6259,30670,6259,3.8338,0.7824,H2S,5.08
32,0,3.3,255,30858,6297,30858,6297,3.8573,0.7872,H2S,5.17
33,0,3.3,255,30784,6282,30784,6282,3.848,0.7853,H2S,5.14
34,0,3.3,255,30830,6292,30830,6292,3.8538,0.7865,H2S,5.16
35,0,3.3,255,30932,6312,30932,6312,3.8666,0.7891,H2S,5.2
36,0,3.3,255,31011,6328,31011,6328,3.8764,0.7911,H2S,5.24
37,0,3.3,255,31136,6354,31136,6354,3.8921,0.7943,H2S,5.3
38,0,3.3,255,31383,6404,31383,6404,3.9229,0.8006,H2S,5.41
39,0,3.3,255,31030,6332,31030,6332,3.8788,0.7916,H2S,5.25
40,0,3.3,255,31140,6355,31140,6355,3.8926,0.7944,H2S,5.3
41,0,3.3,255,31458,6420,31458,6420,3.9323,0.8025,H2S,5.45
42,0,3.3,255,31242,6376,31242,6376,3.9053,0.797,H2S,5.35
43,0,3.3,255,31387,6405,31387,6405,3.9234,0.8007,H2S,5.41
44,0,3.3,255,31422,6412,31422,6412,3.9278,0.8016,H2S,5.43
45,0,3.3,255,31172,6361,31172,6361,3.8965,0.7952,H2S,5.31
46,0,3.3,255,31469,6422,31469,6422,3.9337,0.8028,H2S,5.45
47,0,3.3,255,31320,6392,31320,6392,3.9151,0.799,H2S,5.38
48,0,3.3,255,31485,6425,31485,6425,3.9357,0.8032,H2S,5.46
49,0,3.3,255,31615,6452,31615,6452,3.9519,0.8065,H2S,5.52
50,0,3.3,255,31669,6463,31669,6463,3.9587,0.8079,H2S,5.54
51,0,3.3,255,31285,6384,31285,6384,3.9107,0.7981,H2S,5.37
52,0,3.3,255,31469,6422,31469,6422,3.9337,0.8028,H2S,5.45
53,0,3.3,255,31748,6479,31748,6479,3.9685,0.8099,H2S,5.58
54,0,3.3,255,31587,6446,31587,6446,3.9484,0.8058,H2S,5.5
55,0,3.3,255,31532,6435,31532,6435,3.9416,0.8044,H2S,5.48
56,0,3.3,255,31772,6484,31772,6484,3.9715,0.8105,H2S,5.59
57,0,3.3,255,31446,6417,31446,6417,3.9308,0.8022,H2S,5.44
58,0,3.3,255,31650,6459,31650,6459,3.9563,0.8074,H2S,5.53
59,0,3.3,255,31434,6415,31434,6415,3.9293,0.8019,H2S,5.43
60,0,3.3,255,31376,6403,31376,6403,3.922,0.8004,H2S,5.41
61,0,3.3,255,31665,6462,31665,6462,3.9582,0.8078,H2S,5.54
62,0,3.3,255,31768,6483,31768,6483,3.971,0.8104,H2S,5.59
63,0,3.3,255,31572,6443,31572,6443,3.9465,0.8054,H2S,5.5
64,0,3.3,255,31485,6425,31485,6425,3.9357,0.8032,H2S,5.46
65,0,3.3,255,31724,6474,31724,6474,3.9656,0.8093,H2S,5.57
66,0,3.3,255,31791,6488,31791,6488,3.9739,0.811,H2S,5.6
67,0,3.3,255,31477,6424,31477,6424,3.9347,0.803,H2S,5.45
68,0,3.3,255,31387,6405,31387,6405,3.9234,0.8007,H2S,5.41
69,0,3.3,255,31603,6449,31603,6449,3.9504,0.8062,H2S,5.51
70,0,3.3,255,31364,6400,31364,6400,3.9205,0.8001,H2S,5.4
71,0,3.3,255,31336,6395,31336,6395,3.9171,0.7994,H2S,5.39
72,0,3.3,255,31320,6392,31320,6392,3.9151,0.799,H2S,5.38
73,0,3.3,255,31348,6397,31348,6397,3.9185,0.7997,H2S,5.39
74,0,3.3,255,31689,6467,31689,6467,3.9612,0.8084,H2S,5.55
75,0,3.3,255,31685,6466,31685,6466,3.9607,0.8083,H2S,5.55
63,0,3.3,255,31572,6443,31572,6443,3.9465,0.8054,H2S,5.5
64,0,3.3,255,31485,6425,31485,6425,3.9357,0.8032,H2S,5.46
65,0,3.3,255,31724,6474,31724,6474,3.9656,0.8093,H2S,5.57
66,0,3.3,255,31791,6488,31791,6488,3.9739,0.811,H2S,5.6
67,0,3.3,255,31477,6424,31477,6424,3.9347,0.803,H2S,5.45
68,0,3.3,255,31387,6405,31387,6405,3.9234,0.8007,H2S,5.41
69,0,3.3,255,31603,6449,31603,6449,3.9504,0.8062,H2S,5.51
70,0,3.3,255,31364,6400,31364,6400,3.9205,0.8001,H2S,5.4
71,0,3.3,255,31336,6395,31336,6395,3.9171,0.7994,H2S,5.39
72,0,3.3,255,31320,6392,31320,6392,3.9151,0.799,H2S,5.38
73,0,3.3,255,31348,6397,31348,6397,3.9185,0.7997,H2S,5.39
74,0,3.3,255,31689,6467,31689,6467,3.9612,0.8084,H2S,5.55
75,0,3.3,255,31685,6466,31685,6466,3.9607,0.8083,H2S,5.55
76,0,3.3,255,31360,6400,31360,6400,3.92,0.8,H2S,5.4
77,0,3.3,255,31430,6414,31430,6414,3.9288,0.8018,H2S,5.43
78,0,3.3,255,31615,6452,31615,6452,3.9519,0.8065,H2S,5.52
79,0,3.3,255,31595,6448,31595,6448,3.9494,0.806,H2S,5.51
80,0,3.3,255,31320,6392,31320,6392,3.9151,0.799,H2S,5.38
81,0,3.3,255,31497,6428,31497,6428,3.9372,0.8035,H2S,5.46
82,0,3.3,255,31532,6435,31532,6435,3.9416,0.8044,H2S,5.48
83,0,3.3,255,31485,6425,31485,6425,3.9357,0.8032,H2S,5.46
84,0,3.3,255,31054,6337,31054,6337,3.8818,0.7922,H2S,5.26
85,0,3.3,255,31376,6403,31376,6403,3.922,0.8004,H2S,5.41
86,0,3.3,255,31112,6349,31112,6349,3.8891,0.7937,H2S,5.29
87,0,3.3,255,31380,6404,31380,6404,3.9225,0.8005,H2S,5.41
88,0,3.3,255,31019,6330,31019,6330,3.8774,0.7913,H2S,5.24
89,0,3.3,255,30940,6314,30940,6314,3.8676,0.7893,H2S,5.21
90,0,3.3,255,30984,6323,30984,6323,3.873,0.7904,H2S,5.23
91,0,3.3,255,31219,6371,31219,6371,3.9024,0.7964,H2S,5.34
92,0,3.3,255,30842,6294,30842,6294,3.8553,0.7868,H2S,5.16
93,0,3.3,255,30811,6288,30811,6288,3.8514,0.786,H2S,5.15
94,0,3.3,255,30693,6264,30693,6264,3.8367,0.783,H2S,5.09
95,0,3.3,255,31069,6340,31069,6340,3.8837,0.7926,H2S,5.27
96,0,3.3,255,30760,6277,30760,6277,3.845,0.7847,H2S,5.12
97,0,3.3,255,30980,6322,30980,6322,3.8725,0.7903,H2S,5.23
98,0,3.3,255,30905,6307,30905,6307,3.8632,0.7884,H2S,5.19
99,0,3.3,255,30795,6284,30795,6284,3.8494,0.7856,H2S,5.14
100,0,3.3,255,30576,6240,30576,6240,3.822,0.78,H2S,5.04
101,0,3.3,255,30788,6283,30788,6283,3.8485,0.7854,H2S,5.14
102,0,3.3,255,30313,6186,30313,6186,3.7892,0.7733,H2S,4.92
103,0,3.3,255,30321,6188,30321,6188,3.7902,0.7735,H2S,4.92
104,0,3.3,255,30360,6196,30360,6196,3.7951,0.7745,H2S,4.94
105,0,3.3,255,30317,6187,30317,6187,3.7897,0.7734,H2S,4.92
106,0,3.3,255,30439,6212,30439,6212,3.8049,0.7765,H2S,4.98
107,0,3.3,255,30493,6223,30493,6223,3.8117,0.7779,H2S,5.0
108,0,3.3,255,30128,6148,30128,6148,3.7661,0.7686,H2S,4.83
109,0,3.3,255,30172,6157,30172,6157,3.7715,0.7697,H2S,4.85
110,0,3.3,255,30309,6185,30309,6185,3.7887,0.7732,H2S,4.92
111,0,3.3,255,30254,6174,30254,6174,3.7818,0.7718,H2S,4.89
112,0,3.3,255,29827,6087,29827,6087,3.7284,0.7609,H2S,4.7
113,0,3.3,255,29736,6068,29736,6068,3.7171,0.7586,H2S,4.65
114,0,3.3,255,29823,6086,29823,6086,3.7279,0.7608,H2S,4.69
115,0,3.3,255,29619,6044,29619,6044,3.7024,0.7556,H2S,4.6
116,0,3.3,255,29784,6078,29784,6078,3.723,0.7598,H2S,4.68
117,0,3.3,255,29913,6104,29913,6104,3.7392,0.7631,H2S,4.74
118,0,3.3,255,29560,6032,29560,6032,3.6951,0.7541,H2S,4.57
119,0,3.3,255,29490,6018,29490,6018,3.6863,0.7523,H2S,4.54
120,0,3.3,255,29490,6018,29490,6018,3.6863,0.7523,H2S,4.54
121,0,3.3,255,29686,6058,29686,6058,3.7108,0.7573,H2S,4.63
122,0,3.3,255,29548,6030,29548,6030,3.6936,0.7538,H2S,4.57
123,0,3.3,255,29278,5975,29278,5975,3.6598,0.7469,H2S,4.44
124,0,3.3,255,29451,6010,29451,6010,3.6814,0.7513,H2S,4.52
125,0,0.0,0,29086,5936,29086,5936,3.6358,0.742,H2S,4.36
126,0,0.0,0,29008,5920,29008,5920,3.626,0.74,H2S,4.32
127,0,0.0,0,28871,5892,28871,5892,3.6089,0.7365,H2S,4.26
128,0,0.0,0,28835,5884,28835,5884,3.6044,0.7356,H2S,4.24
129,0,0.0,0,28906,5899,28906,5899,3.6133,0.7374,H2S,4.27
130,0,0.0,0,29094,5937,29094,5937,3.6368,0.7422,H2S,4.36
131,0,0.0,0,28964,5911,28964,5911,3.6206,0.7389,H2S,4.3
132,0,0.0,0,28984,5915,28984,5915,3.6231,0.7394,H2S,4.31
133,0,0.0,0,28553,5827,28553,5827,3.5692,0.7284,H2S,4.11
134,0,0.0,0,28490,5814,28490,5814,3.5613,0.7268,H2S,4.08
135,0,0.0,0,28800,5877,28800,5877,3.6,0.7347,H2S,4.22
136,0,0.0,0,28318,5779,28318,5779,3.5398,0.7224,H2S,4.0
137,0,0.0,0,28337,5783,28337,5783,3.5422,0.7229,H2S,4.01
138,0,0.0,0,28279,5771,28279,5771,3.5349,0.7214,H2S,3.99
139,0,0.0,0,28302,5776,28302,5776,3.5378,0.722,H2S,4.0
140,0,0.0,0,28498,5816,28498,5816,3.5623,0.727,H2S,4.09
141,0,0.0,0,28129,5740,28129,5740,3.5162,0.7176,H2S,3.92
142,0,0.0,0,28126,5740,28126,5740,3.5158,0.7175,H2S,3.92
143,0,0.0,0,28044,5723,28044,5723,3.5055,0.7154,H2S,3.88
144,0,0.0,0,28079,5730,28079,5730,3.5099,0.7163,H2S,3.89
145,0,0.0,0,27992,5712,27992,5712,3.4991,0.7141,H2S,3.85
146,0,0.0,0,27902,5694,27902,5694,3.4878,0.7118,H2S,3.81
147,0,0.0,0,28168,5748,28168,5748,3.5211,0.7186,H2S,3.93
148,0,0.0,0,27714,5656,27714,5656,3.4643,0.707,H2S,3.73
149,0,0.0,0,27804,5674,27804,5674,3.4756,0.7093,H2S,3.77
150,0,0.0,0,27780,5669,27780,5669,3.4726,0.7087,H2S,3.76
151,0,0.0,0,27702,5653,27702,5653,3.4628,0.7067,H2S,3.72
152,0,0.0,0,27902,5694,27902,5694,3.4878,0.7118,H2S,3.81
153,0,0.0,0,27859,5685,27859,5685,3.4824,0.7107,H2S,3.79
154,0,0.0,0,27844,5682,27844,5682,3.4805,0.7103,H2S,3.79
155,0,0.0,0,27776,5668,27776,5668,3.4721,0.7086,H2S,3.75
156,0,0.0,0,27726,5658,27726,5658,3.4658,0.7073,H2S,3.73
157,0,0.0,0,27475,5607,27475,5607,3.4344,0.7009,H2S,3.62
158,0,0.0,0,27612,5635,27612,5635,3.4516,0.7044,H2S,3.68
159,0,0.0,0,27584,5629,27584,5629,3.4481,0.7037,H2S,3.67
160,0,0.0,0,27248,5560,27248,5560,3.406,0.6951,H2S,3.51
161,0,0.0,0,27248,5560,27248,5560,3.406,0.6951,H2S,3.51
162,0,0.0,0,27349,5581,27349,5581,3.4187,0.6977,H2S,3.56
163,0,0.0,0,27032,5516,27032,5516,3.379,0.6896,H2S,3.41
164,0,0.0,0,27428,5597,27428,5597,3.4285,0.6997,H2S,3.59
165,0,0.0,0,27075,5525,27075,5525,3.3844,0.6907,H2S,3.43
166,0,0.0,0,27016,5513,27016,5513,3.3771,0.6892,H2S,3.41
167,0,0.0,0,27295,5570,27295,5570,3.4119,0.6963,H2S,3.53
168,0,0.0,0,27083,5527,27083,5527,3.3854,0.6909,H2S,3.44
169,0,0.0,0,26934,5496,26934,5496,3.3668,0.6871,H2S,3.37
170,0,0.0,0,26969,5504,26969,5504,3.3712,0.688,H2S,3.38
171,0,0.0,0,26824,5474,26824,5474,3.3531,0.6843,H2S,3.32
172,0,0.0,0,27208,5552,27208,5552,3.4011,0.6941,H2S,3.49
173,0,0.0,0,26934,5496,26934,5496,3.3668,0.6871,H2S,3.37
174,0,0.0,0,27036,5517,27036,5517,3.3795,0.6897,H2S,3.41
175,0,0.0,0,27153,5541,27153,5541,3.3942,0.6927,H2S,3.47
176,0,0.0,0,26934,5496,26934,5496,3.3668,0.6871,H2S,3.37
177,0,0.0,0,26872,5484,26872,5484,3.359,0.6855,H2S,3.34
178,0,0.0,0,27040,5518,27040,5518,3.38,0.6898,H2S,3.42
179,0,0.0,0,26887,5487,26887,5487,3.3609,0.6859,H2S,3.35
180,0,0.0,0,26644,5437,26644,5437,3.3305,0.6797,H2S,3.23
181,0,0.0,0,26726,5454,26726,5454,3.3408,0.6818,H2S,3.27
182,0,0.0,0,26969,5504,26969,5504,3.3712,0.688,H2S,3.38
183,0,0.0,0,26691,5447,26691,5447,3.3364,0.6809,H2S,3.26
184,0,0.0,0,26754,5460,26754,5460,3.3443,0.6825,H2S,3.29
185,0,0.0,0,26938,5497,26938,5497,3.3673,0.6872,H2S,3.37
186,0,0.0,0,26636,5436,26636,5436,3.3296,0.6795,H2S,3.23
187,0,0.0,0,26718,5452,26718,5452,3.3398,0.6816,H2S,3.27
188,0,0.0,0,26746,5458,26746,5458,3.3433,0.6823,H2S,3.28
189,0,0.0,0,26707,5450,26707,5450,3.3384,0.6813,H2S,3.26
190,0,0.0,0,26812,5472,26812,5472,3.3516,0.684,H2S,3.31
76,0,3.3,255,31360,6400,31360,6400,3.92,0.8,H2S,5.4
77,0,3.3,255,31430,6414,31430,6414,3.9288,0.8018,H2S,5.43
78,0,3.3,255,31615,6452,31615,6452,3.9519,0.8065,H2S,5.52
79,0,3.3,255,31595,6448,31595,6448,3.9494,0.806,H2S,5.51
80,0,3.3,255,31320,6392,31320,6392,3.9151,0.799,H2S,5.38
81,0,3.3,255,31497,6428,31497,6428,3.9372,0.8035,H2S,5.46
82,0,3.3,255,31532,6435,31532,6435,3.9416,0.8044,H2S,5.48
83,0,3.3,255,31485,6425,31485,6425,3.9357,0.8032,H2S,5.46
84,0,3.3,255,31054,6337,31054,6337,3.8818,0.7922,H2S,5.26
85,0,3.3,255,31376,6403,31376,6403,3.922,0.8004,H2S,5.41
86,0,3.3,255,31112,6349,31112,6349,3.8891,0.7937,H2S,5.29
87,0,3.3,255,31380,6404,31380,6404,3.9225,0.8005,H2S,5.41
88,0,3.3,255,31019,6330,31019,6330,3.8774,0.7913,H2S,5.24
89,0,3.3,255,30940,6314,30940,6314,3.8676,0.7893,H2S,5.21
90,0,3.3,255,30984,6323,30984,6323,3.873,0.7904,H2S,5.23
91,0,3.3,255,31219,6371,31219,6371,3.9024,0.7964,H2S,5.34
92,0,3.3,255,30842,6294,30842,6294,3.8553,0.7868,H2S,5.16
93,0,3.3,255,30811,6288,30811,6288,3.8514,0.786,H2S,5.15
94,0,3.3,255,30693,6264,30693,6264,3.8367,0.783,H2S,5.09
95,0,3.3,255,31069,6340,31069,6340,3.8837,0.7926,H2S,5.27
96,0,3.3,255,30760,6277,30760,6277,3.845,0.7847,H2S,5.12
97,0,3.3,255,30980,6322,30980,6322,3.8725,0.7903,H2S,5.23
98,0,3.3,255,30905,6307,30905,6307,3.8632,0.7884,H2S,5.19
99,0,3.3,255,30795,6284,30795,6284,3.8494,0.7856,H2S,5.14
100,0,3.3,255,30576,6240,30576,6240,3.822,0.78,H2S,5.04
101,0,3.3,255,30788,6283,30788,6283,3.8485,0.7854,H2S,5.14
102,0,3.3,255,30313,6186,30313,6186,3.7892,0.7733,H2S,4.92
103,0,3.3,255,30321,6188,30321,6188,3.7902,0.7735,H2S,4.92
104,0,3.3,255,30360,6196,30360,6196,3.7951,0.7745,H2S,4.94
105,0,3.3,255,30317,6187,30317,6187,3.7897,0.7734,H2S,4.92
106,0,3.3,255,30439,6212,30439,6212,3.8049,0.7765,H2S,4.98
107,0,3.3,255,30493,6223,30493,6223,3.8117,0.7779,H2S,5.0
108,0,3.3,255,30128,6148,30128,6148,3.7661,0.7686,H2S,4.83
109,0,3.3,255,30172,6157,30172,6157,3.7715,0.7697,H2S,4.85
110,0,3.3,255,30309,6185,30309,6185,3.7887,0.7732,H2S,4.92
111,0,3.3,255,30254,6174,30254,6174,3.7818,0.7718,H2S,4.89
112,0,3.3,255,29827,6087,29827,6087,3.7284,0.7609,H2S,4.7
113,0,3.3,255,29736,6068,29736,6068,3.7171,0.7586,H2S,4.65
114,0,3.3,255,29823,6086,29823,6086,3.7279,0.7608,H2S,4.69
115,0,3.3,255,29619,6044,29619,6044,3.7024,0.7556,H2S,4.6
116,0,3.3,255,29784,6078,29784,6078,3.723,0.7598,H2S,4.68
117,0,3.3,255,29913,6104,29913,6104,3.7392,0.7631,H2S,4.74
118,0,3.3,255,29560,6032,29560,6032,3.6951,0.7541,H2S,4.57
119,0,3.3,255,29490,6018,29490,6018,3.6863,0.7523,H2S,4.54
120,0,3.3,255,29490,6018,29490,6018,3.6863,0.7523,H2S,4.54
121,0,3.3,255,29686,6058,29686,6058,3.7108,0.7573,H2S,4.63
122,0,3.3,255,29548,6030,29548,6030,3.6936,0.7538,H2S,4.57
123,0,3.3,255,29278,5975,29278,5975,3.6598,0.7469,H2S,4.44
124,0,3.3,255,29451,6010,29451,6010,3.6814,0.7513,H2S,4.52
125,0,0.0,0,29086,5936,29086,5936,3.6358,0.742,H2S,4.36
126,0,0.0,0,29008,5920,29008,5920,3.626,0.74,H2S,4.32
127,0,0.0,0,28871,5892,28871,5892,3.6089,0.7365,H2S,4.26
128,0,0.0,0,28835,5884,28835,5884,3.6044,0.7356,H2S,4.24
129,0,0.0,0,28906,5899,28906,5899,3.6133,0.7374,H2S,4.27
130,0,0.0,0,29094,5937,29094,5937,3.6368,0.7422,H2S,4.36
131,0,0.0,0,28964,5911,28964,5911,3.6206,0.7389,H2S,4.3
132,0,0.0,0,28984,5915,28984,5915,3.6231,0.7394,H2S,4.31
133,0,0.0,0,28553,5827,28553,5827,3.5692,0.7284,H2S,4.11
134,0,0.0,0,28490,5814,28490,5814,3.5613,0.7268,H2S,4.08
135,0,0.0,0,28800,5877,28800,5877,3.6,0.7347,H2S,4.22
136,0,0.0,0,28318,5779,28318,5779,3.5398,0.7224,H2S,4.0
137,0,0.0,0,28337,5783,28337,5783,3.5422,0.7229,H2S,4.01
138,0,0.0,0,28279,5771,28279,5771,3.5349,0.7214,H2S,3.99
139,0,0.0,0,28302,5776,28302,5776,3.5378,0.722,H2S,4.0
140,0,0.0,0,28498,5816,28498,5816,3.5623,0.727,H2S,4.09
141,0,0.0,0,28129,5740,28129,5740,3.5162,0.7176,H2S,3.92
142,0,0.0,0,28126,5740,28126,5740,3.5158,0.7175,H2S,3.92
143,0,0.0,0,28044,5723,28044,5723,3.5055,0.7154,H2S,3.88
144,0,0.0,0,28079,5730,28079,5730,3.5099,0.7163,H2S,3.89
145,0,0.0,0,27992,5712,27992,5712,3.4991,0.7141,H2S,3.85
146,0,0.0,0,27902,5694,27902,5694,3.4878,0.7118,H2S,3.81
147,0,0.0,0,28168,5748,28168,5748,3.5211,0.7186,H2S,3.93
148,0,0.0,0,27714,5656,27714,5656,3.4643,0.707,H2S,3.73
149,0,0.0,0,27804,5674,27804,5674,3.4756,0.7093,H2S,3.77
150,0,0.0,0,27780,5669,27780,5669,3.4726,0.7087,H2S,3.76
151,0,0.0,0,27702,5653,27702,5653,3.4628,0.7067,H2S,3.72
152,0,0.0,0,27902,5694,27902,5694,3.4878,0.7118,H2S,3.81
153,0,0.0,0,27859,5685,27859,5685,3.4824,0.7107,H2S,3.79
154,0,0.0,0,27844,5682,27844,5682,3.4805,0.7103,H2S,3.79
155,0,0.0,0,27776,5668,27776,5668,3.4721,0.7086,H2S,3.75
156,0,0.0,0,27726,5658,27726,5658,3.4658,0.7073,H2S,3.73
157,0,0.0,0,27475,5607,27475,5607,3.4344,0.7009,H2S,3.62
158,0,0.0,0,27612,5635,27612,5635,3.4516,0.7044,H2S,3.68
159,0,0.0,0,27584,5629,27584,5629,3.4481,0.7037,H2S,3.67
160,0,0.0,0,27248,5560,27248,5560,3.406,0.6951,H2S,3.51
161,0,0.0,0,27248,5560,27248,5560,3.406,0.6951,H2S,3.51
162,0,0.0,0,27349,5581,27349,5581,3.4187,0.6977,H2S,3.56
163,0,0.0,0,27032,5516,27032,5516,3.379,0.6896,H2S,3.41
164,0,0.0,0,27428,5597,27428,5597,3.4285,0.6997,H2S,3.59
165,0,0.0,0,27075,5525,27075,5525,3.3844,0.6907,H2S,3.43
166,0,0.0,0,27016,5513,27016,5513,3.3771,0.6892,H2S,3.41
167,0,0.0,0,27295,5570,27295,5570,3.4119,0.6963,H2S,3.53
168,0,0.0,0,27083,5527,27083,5527,3.3854,0.6909,H2S,3.44
169,0,0.0,0,26934,5496,26934,5496,3.3668,0.6871,H2S,3.37
170,0,0.0,0,26969,5504,26969,5504,3.3712,0.688,H2S,3.38
171,0,0.0,0,26824,5474,26824,5474,3.3531,0.6843,H2S,3.32
172,0,0.0,0,27208,5552,27208,5552,3.4011,0.6941,H2S,3.49
173,0,0.0,0,26934,5496,26934,5496,3.3668,0.6871,H2S,3.37
174,0,0.0,0,27036,5517,27036,5517,3.3795,0.6897,H2S,3.41
175,0,0.0,0,27153,5541,27153,5541,3.3942,0.6927,H2S,3.47
176,0,0.0,0,26934,5496,26934,5496,3.3668,0.6871,H2S,3.37
177,0,0.0,0,26872,5484,26872,5484,3.359,0.6855,H2S,3.34
178,0,0.0,0,27040,5518,27040,5518,3.38,0.6898,H2S,3.42
179,0,0.0,0,26887,5487,26887,5487,3.3609,0.6859,H2S,3.35
180,0,0.0,0,26644,5437,26644,5437,3.3305,0.6797,H2S,3.23
181,0,0.0,0,26726,5454,26726,5454,3.3408,0.6818,H2S,3.27
182,0,0.0,0,26969,5504,26969,5504,3.3712,0.688,H2S,3.38
183,0,0.0,0,26691,5447,26691,5447,3.3364,0.6809,H2S,3.26
184,0,0.0,0,26754,5460,26754,5460,3.3443,0.6825,H2S,3.29
185,0,0.0,0,26938,5497,26938,5497,3.3673,0.6872,H2S,3.37
186,0,0.0,0,26636,5436,26636,5436,3.3296,0.6795,H2S,3.23
187,0,0.0,0,26718,5452,26718,5452,3.3398,0.6816,H2S,3.27
188,0,0.0,0,26746,5458,26746,5458,3.3433,0.6823,H2S,3.28
189,0,0.0,0,26707,5450,26707,5450,3.3384,0.6813,H2S,3.26
190,0,0.0,0,26812,5472,26812,5472,3.3516,0.684,H2S,3.31
191,0,0.0,0,26683,5445,26683,5445,3.3354,0.6807,H2S,3.25
192,0,0.0,0,26816,5472,26816,5472,3.3521,0.6841,H2S,3.31
193,0,0.0,0,26722,5453,26722,5453,3.3403,0.6817,H2S,3.27
194,0,0.0,0,26930,5496,26930,5496,3.3663,0.687,H2S,3.37
195,0,0.0,0,27012,5512,27012,5512,3.3766,0.6891,H2S,3.4
196,0,0.0,0,26679,5444,26679,5444,3.3349,0.6806,H2S,3.25
197,0,0.0,0,26676,5444,26676,5444,3.3345,0.6805,H2S,3.25
198,0,0.0,0,26840,5477,26840,5477,3.355,0.6847,H2S,3.32
199,0,0.0,0,26761,5461,26761,5461,3.3452,0.6827,H2S,3.29
200,0,0.0,0,27044,5519,27044,5519,3.3805,0.6899,H2S,3.42
201,0,0.0,0,26742,5457,26742,5457,3.3428,0.6822,H2S,3.28
75,0,3.3,255,31685,6466,31685,6466,3.9607,0.8083,H2S,5.55
76,0,3.3,255,31360,6400,31360,6400,3.92,0.8,H2S,5.4
77,0,3.3,255,31430,6414,31430,6414,3.9288,0.8018,H2S,5.43
78,0,3.3,255,31615,6452,31615,6452,3.9519,0.8065,H2S,5.52
79,0,3.3,255,31595,6448,31595,6448,3.9494,0.806,H2S,5.51
80,0,3.3,255,31320,6392,31320,6392,3.9151,0.799,H2S,5.38
81,0,3.3,255,31497,6428,31497,6428,3.9372,0.8035,H2S,5.46
82,0,3.3,255,31532,6435,31532,6435,3.9416,0.8044,H2S,5.48
83,0,3.3,255,31485,6425,31485,6425,3.9357,0.8032,H2S,5.46
84,0,3.3,255,31054,6337,31054,6337,3.8818,0.7922,H2S,5.26
85,0,3.3,255,31376,6403,31376,6403,3.922,0.8004,H2S,5.41
86,0,3.3,255,31112,6349,31112,6349,3.8891,0.7937,H2S,5.29
87,0,3.3,255,31380,6404,31380,6404,3.9225,0.8005,H2S,5.41
88,0,3.3,255,31019,6330,31019,6330,3.8774,0.7913,H2S,5.24
89,0,3.3,255,30940,6314,30940,6314,3.8676,0.7893,H2S,5.21
90,0,3.3,255,30984,6323,30984,6323,3.873,0.7904,H2S,5.23
91,0,3.3,255,31219,6371,31219,6371,3.9024,0.7964,H2S,5.34
92,0,3.3,255,30842,6294,30842,6294,3.8553,0.7868,H2S,5.16
93,0,3.3,255,30811,6288,30811,6288,3.8514,0.786,H2S,5.15
94,0,3.3,255,30693,6264,30693,6264,3.8367,0.783,H2S,5.09
95,0,3.3,255,31069,6340,31069,6340,3.8837,0.7926,H2S,5.27
96,0,3.3,255,30760,6277,30760,6277,3.845,0.7847,H2S,5.12
97,0,3.3,255,30980,6322,30980,6322,3.8725,0.7903,H2S,5.23
98,0,3.3,255,30905,6307,30905,6307,3.8632,0.7884,H2S,5.19
99,0,3.3,255,30795,6284,30795,6284,3.8494,0.7856,H2S,5.14
100,0,3.3,255,30576,6240,30576,6240,3.822,0.78,H2S,5.04
101,0,3.3,255,30788,6283,30788,6283,3.8485,0.7854,H2S,5.14
102,0,3.3,255,30313,6186,30313,6186,3.7892,0.7733,H2S,4.92
103,0,3.3,255,30321,6188,30321,6188,3.7902,0.7735,H2S,4.92
104,0,3.3,255,30360,6196,30360,6196,3.7951,0.7745,H2S,4.94
105,0,3.3,255,30317,6187,30317,6187,3.7897,0.7734,H2S,4.92
106,0,3.3,255,30439,6212,30439,6212,3.8049,0.7765,H2S,4.98
107,0,3.3,255,30493,6223,30493,6223,3.8117,0.7779,H2S,5.0
108,0,3.3,255,30128,6148,30128,6148,3.7661,0.7686,H2S,4.83
109,0,3.3,255,30172,6157,30172,6157,3.7715,0.7697,H2S,4.85
110,0,3.3,255,30309,6185,30309,6185,3.7887,0.7732,H2S,4.92
111,0,3.3,255,30254,6174,30254,6174,3.7818,0.7718,H2S,4.89
112,0,3.3,255,29827,6087,29827,6087,3.7284,0.7609,H2S,4.7
113,0,3.3,255,29736,6068,29736,6068,3.7171,0.7586,H2S,4.65
114,0,3.3,255,29823,6086,29823,6086,3.7279,0.7608,H2S,4.69
115,0,3.3,255,29619,6044,29619,6044,3.7024,0.7556,H2S,4.6
116,0,3.3,255,29784,6078,29784,6078,3.723,0.7598,H2S,4.68
117,0,3.3,255,29913,6104,29913,6104,3.7392,0.7631,H2S,4.74
118,0,3.3,255,29560,6032,29560,6032,3.6951,0.7541,H2S,4.57
119,0,3.3,255,29490,6018,29490,6018,3.6863,0.7523,H2S,4.54
120,0,3.3,255,29490,6018,29490,6018,3.6863,0.7523,H2S,4.54
121,0,3.3,255,29686,6058,29686,6058,3.7108,0.7573,H2S,4.63
122,0,3.3,255,29548,6030,29548,6030,3.6936,0.7538,H2S,4.57
123,0,3.3,255,29278,5975,29278,5975,3.6598,0.7469,H2S,4.44
124,0,3.3,255,29451,6010,29451,6010,3.6814,0.7513,H2S,4.52
125,0,0.0,0,29086,5936,29086,5936,3.6358,0.742,H2S,4.36
126,0,0.0,0,29008,5920,29008,5920,3.626,0.74,H2S,4.32
127,0,0.0,0,28871,5892,28871,5892,3.6089,0.7365,H2S,4.26
128,0,0.0,0,28835,5884,28835,5884,3.6044,0.7356,H2S,4.24
129,0,0.0,0,28906,5899,28906,5899,3.6133,0.7374,H2S,4.27
130,0,0.0,0,29094,5937,29094,5937,3.6368,0.7422,H2S,4.36
131,0,0.0,0,28964,5911,28964,5911,3.6206,0.7389,H2S,4.3
132,0,0.0,0,28984,5915,28984,5915,3.6231,0.7394,H2S,4.31
133,0,0.0,0,28553,5827,28553,5827,3.5692,0.7284,H2S,4.11
134,0,0.0,0,28490,5814,28490,5814,3.5613,0.7268,H2S,4.08
135,0,0.0,0,28800,5877,28800,5877,3.6,0.7347,H2S,4.22
136,0,0.0,0,28318,5779,28318,5779,3.5398,0.7224,H2S,4.0
137,0,0.0,0,28337,5783,28337,5783,3.5422,0.7229,H2S,4.01
138,0,0.0,0,28279,5771,28279,5771,3.5349,0.7214,H2S,3.99
139,0,0.0,0,28302,5776,28302,5776,3.5378,0.722,H2S,4.0
140,0,0.0,0,28498,5816,28498,5816,3.5623,0.727,H2S,4.09
141,0,0.0,0,28129,5740,28129,5740,3.5162,0.7176,H2S,3.92
142,0,0.0,0,28126,5740,28126,5740,3.5158,0.7175,H2S,3.92
143,0,0.0,0,28044,5723,28044,5723,3.5055,0.7154,H2S,3.88
144,0,0.0,0,28079,5730,28079,5730,3.5099,0.7163,H2S,3.89
145,0,0.0,0,27992,5712,27992,5712,3.4991,0.7141,H2S,3.85
146,0,0.0,0,27902,5694,27902,5694,3.4878,0.7118,H2S,3.81
147,0,0.0,0,28168,5748,28168,5748,3.5211,0.7186,H2S,3.93
148,0,0.0,0,27714,5656,27714,5656,3.4643,0.707,H2S,3.73
149,0,0.0,0,27804,5674,27804,5674,3.4756,0.7093,H2S,3.77
150,0,0.0,0,27780,5669,27780,5669,3.4726,0.7087,H2S,3.76
151,0,0.0,0,27702,5653,27702,5653,3.4628,0.7067,H2S,3.72
152,0,0.0,0,27902,5694,27902,5694,3.4878,0.7118,H2S,3.81
153,0,0.0,0,27859,5685,27859,5685,3.4824,0.7107,H2S,3.79
154,0,0.0,0,27844,5682,27844,5682,3.4805,0.7103,H2S,3.79
155,0,0.0,0,27776,5668,27776,5668,3.4721,0.7086,H2S,3.75
156,0,0.0,0,27726,5658,27726,5658,3.4658,0.7073,H2S,3.73
157,0,0.0,0,27475,5607,27475,5607,3.4344,0.7009,H2S,3.62
158,0,0.0,0,27612,5635,27612,5635,3.4516,0.7044,H2S,3.68
159,0,0.0,0,27584,5629,27584,5629,3.4481,0.7037,H2S,3.67
160,0,0.0,0,27248,5560,27248,5560,3.406,0.6951,H2S,3.51
161,0,0.0,0,27248,5560,27248,5560,3.406,0.6951,H2S,3.51
162,0,0.0,0,27349,5581,27349,5581,3.4187,0.6977,H2S,3.56
163,0,0.0,0,27032,5516,27032,5516,3.379,0.6896,H2S,3.41
164,0,0.0,0,27428,5597,27428,5597,3.4285,0.6997,H2S,3.59
165,0,0.0,0,27075,5525,27075,5525,3.3844,0.6907,H2S,3.43
166,0,0.0,0,27016,5513,27016,5513,3.3771,0.6892,H2S,3.41
167,0,0.0,0,27295,5570,27295,5570,3.4119,0.6963,H2S,3.53
168,0,0.0,0,27083,5527,27083,5527,3.3854,0.6909,H2S,3.44
169,0,0.0,0,26934,5496,26934,5496,3.3668,0.6871,H2S,3.37
170,0,0.0,0,26969,5504,26969,5504,3.3712,0.688,H2S,3.38
171,0,0.0,0,26824,5474,26824,5474,3.3531,0.6843,H2S,3.32
172,0,0.0,0,27208,5552,27208,5552,3.4011,0.6941,H2S,3.49
173,0,0.0,0,26934,5496,26934,5496,3.3668,0.6871,H2S,3.37
174,0,0.0,0,27036,5517,27036,5517,3.3795,0.6897,H2S,3.41
175,0,0.0,0,27153,5541,27153,5541,3.3942,0.6927,H2S,3.47
176,0,0.0,0,26934,5496,26934,5496,3.3668,0.6871,H2S,3.37
177,0,0.0,0,26872,5484,26872,5484,3.359,0.6855,H2S,3.34
178,0,0.0,0,27040,5518,27040,5518,3.38,0.6898,H2S,3.42
179,0,0.0,0,26887,5487,26887,5487,3.3609,0.6859,H2S,3.35
180,0,0.0,0,26644,5437,26644,5437,3.3305,0.6797,H2S,3.23
181,0,0.0,0,26726,5454,26726,5454,3.3408,0.6818,H2S,3.27
182,0,0.0,0,26969,5504,26969,5504,3.3712,0.688,H2S,3.38
183,0,0.0,0,26691,5447,26691,5447,3.3364,0.6809,H2S,3.26
184,0,0.0,0,26754,5460,26754,5460,3.3443,0.6825,H2S,3.29
185,0,0.0,0,26938,5497,26938,5497,3.3673,0.6872,H2S,3.37
186,0,0.0,0,26636,5436,26636,5436,3.3296,0.6795,H2S,3.23
187,0,0.0,0,26718,5452,26718,5452,3.3398,0.6816,H2S,3.27
188,0,0.0,0,26746,5458,26746,5458,3.3433,0.6823,H2S,3.28
189,0,0.0,0,26707,5450,26707,5450,3.3384,0.6813,H2S,3.26
190,0,0.0,0,26812,5472,26812,5472,3.3516,0.684,H2S,3.31
191,0,0.0,0,26683,5445,26683,5445,3.3354,0.6807,H2S,3.25
192,0,0.0,0,26816,5472,26816,5472,3.3521,0.6841,H2S,3.31
193,0,0.0,0,26722,5453,26722,5453,3.3403,0.6817,H2S,3.27
194,0,0.0,0,26930,5496,26930,5496,3.3663,0.687,H2S,3.37
195,0,0.0,0,27012,5512,27012,5512,3.3766,0.6891,H2S,3.4
196,0,0.0,0,26679,5444,26679,5444,3.3349,0.6806,H2S,3.25
197,0,0.0,0,26676,5444,26676,5444,3.3345,0.6805,H2S,3.25
198,0,0.0,0,26840,5477,26840,5477,3.355,0.6847,H2S,3.32
199,0,0.0,0,26761,5461,26761,5461,3.3452,0.6827,H2S,3.29
200,0,0.0,0,27044,5519,27044,5519,3.3805,0.6899,H2S,3.42
201,0,0.0,0,26742,5457,26742,5457,3.3428,0.6822,H2S,3.28
191,0,0.0,0,26683,5445,26683,5445,3.3354,0.6807,H2S,3.25
192,0,0.0,0,26816,5472,26816,5472,3.3521,0.6841,H2S,3.31
193,0,0.0,0,26722,5453,26722,5453,3.3403,0.6817,H2S,3.27
194,0,0.0,0,26930,5496,26930,5496,3.3663,0.687,H2S,3.37
195,0,0.0,0,27012,5512,27012,5512,3.3766,0.6891,H2S,3.4
196,0,0.0,0,26679,5444,26679,5444,3.3349,0.6806,H2S,3.25
197,0,0.0,0,26676,5444,26676,5444,3.3345,0.6805,H2S,3.25
198,0,0.0,0,26840,5477,26840,5477,3.355,0.6847,H2S,3.32
199,0,0.0,0,26761,5461,26761,5461,3.3452,0.6827,H2S,3.29
200,0,0.0,0,27044,5519,27044,5519,3.3805,0.6899,H2S,3.42
201,0,0.0,0,26742,5457,26742,5457,3.3428,0.6822,H2S,3.28
202,0,0.0,0,27040,5518,27040,5518,3.38,0.6898,H2S,3.42
203,0,0.0,0,26930,5496,26930,5496,3.3663,0.687,H2S,3.37
204,0,0.0,0,26950,5500,26950,5500,3.3688,0.6875,H2S,3.38
205,0,0.0,0,26981,5506,26981,5506,3.3727,0.6883,H2S,3.39
206,0,0.0,0,26930,5496,26930,5496,3.3663,0.687,H2S,3.37
207,0,0.0,0,27275,5566,27275,5566,3.4094,0.6958,H2S,3.52
208,0,0.0,0,26938,5497,26938,5497,3.3673,0.6872,H2S,3.37
209,0,0.0,0,27349,5581,27349,5581,3.4187,0.6977,H2S,3.56
210,0,0.0,0,27322,5576,27322,5576,3.4153,0.697,H2S,3.55
211,0,0.0,0,27192,5549,27192,5549,3.3991,0.6937,H2S,3.49
212,0,0.0,0,27444,5600,27444,5600,3.4305,0.7001,H2S,3.6
213,0,0.0,0,27495,5611,27495,5611,3.4369,0.7014,H2S,3.63
214,0,0.0,0,27216,5554,27216,5554,3.4021,0.6943,H2S,3.5
215,0,0.0,0,27165,5544,27165,5544,3.3957,0.693,H2S,3.47
216,0,0.0,0,27224,5556,27224,5556,3.4031,0.6945,H2S,3.5
217,0,0.0,0,27600,5632,27600,5632,3.4501,0.7041,H2S,3.67
218,0,0.0,0,27667,5646,27667,5646,3.4584,0.7058,H2S,3.7
219,0,0.0,0,27326,5576,27326,5576,3.4158,0.6971,H2S,3.55
220,0,0.0,0,27769,5667,27769,5667,3.4712,0.7084,H2S,3.75
221,0,0.0,0,27510,5614,27510,5614,3.4388,0.7018,H2S,3.63
222,0,0.0,0,27663,5645,27663,5645,3.4579,0.7057,H2S,3.7
223,0,0.0,0,27499,5612,27499,5612,3.4374,0.7015,H2S,3.63
224,0,0.0,0,27675,5648,27675,5648,3.4594,0.706,H2S,3.71
225,0,0.0,0,27852,5684,27852,5684,3.4815,0.7105,H2S,3.79
226,0,0.0,0,27961,5706,27961,5706,3.4952,0.7133,H2S,3.84
227,0,0.0,0,27804,5674,27804,5674,3.4756,0.7093,H2S,3.77
228,0,0.0,0,27761,5665,27761,5665,3.4702,0.7082,H2S,3.75
229,0,0.0,0,28165,5748,28165,5748,3.5207,0.7185,H2S,3.93
230,0,0.0,0,27824,5678,27824,5678,3.478,0.7098,H2S,3.78
231,0,0.0,0,27972,5708,27972,5708,3.4966,0.7136,H2S,3.84
232,0,0.0,0,28137,5742,28137,5742,3.5172,0.7178,H2S,3.92
233,0,0.0,0,28141,5743,28141,5743,3.5177,0.7179,H2S,3.92
234,0,0.0,0,28051,5724,28051,5724,3.5064,0.7156,H2S,3.88
235,0,0.0,0,28106,5736,28106,5736,3.5133,0.717,H2S,3.91
236,0,0.0,0,28349,5785,28349,5785,3.5437,0.7232,H2S,4.02
237,0,0.0,0,28232,5761,28232,5761,3.529,0.7202,H2S,3.96
238,0,0.0,0,28368,5789,28368,5789,3.5461,0.7237,H2S,4.03
239,0,0.0,0,28737,5864,28737,5864,3.5922,0.7331,H2S,4.2
240,0,0.0,0,28792,5876,28792,5876,3.5991,0.7345,H2S,4.22
241,0,0.0,0,28651,5847,28651,5847,3.5814,0.7309,H2S,4.16
242,0,0.0,0,28717,5860,28717,5860,3.5897,0.7326,H2S,4.19
243,0,0.0,0,28952,5908,28952,5908,3.6191,0.7386,H2S,4.29
244,0,0.0,0,28643,5845,28643,5845,3.5804,0.7307,H2S,4.15
245,0,0.0,0,28714,5860,28714,5860,3.5893,0.7325,H2S,4.19
246,0,0.0,0,28816,5880,28816,5880,3.602,0.7351,H2S,4.23
247,0,0.0,0,28800,5877,28800,5877,3.6,0.7347,H2S,4.22
248,0,0.0,0,28855,5888,28855,5888,3.6069,0.7361,H2S,4.25
249,0,0.0,0,29298,5979,29298,5979,3.6623,0.7474,H2S,4.45
0,0,3.3,255,29227,5964,29227,5964,3.6534,0.7456,H2S,4.42
1,0,3.3,255,29455,6011,29455,6011,3.6819,0.7514,H2S,4.53
2,0,3.3,255,29286,5976,29286,5976,3.6608,0.7471,H2S,4.45
3,0,3.3,255,29364,5992,29364,5992,3.6706,0.7491,H2S,4.48
4,0,3.3,255,29662,6053,29662,6053,3.7078,0.7567,H2S,4.62
5,0,3.3,255,29686,6058,29686,6058,3.7108,0.7573,H2S,4.63
6,0,3.3,255,29776,6076,29776,6076,3.722,0.7596,H2S,4.67
7,0,3.3,255,29596,6040,29596,6040,3.6995,0.755,H2S,4.59
8,0,3.3,255,29768,6075,29768,6075,3.7211,0.7594,H2S,4.67
9,0,3.3,255,29815,6084,29815,6084,3.7269,0.7606,H2S,4.69
10,0,3.3,255,30000,6122,30000,6122,3.75,0.7653,H2S,4.78
11,0,3.3,255,30089,6140,30089,6140,3.7612,0.7676,H2S,4.82
12,0,3.3,255,29936,6109,29936,6109,3.7421,0.7637,H2S,4.75
13,0,3.3,255,30164,6156,30164,6156,3.7706,0.7695,H2S,4.85
14,0,3.3,255,29913,6104,29913,6104,3.7392,0.7631,H2S,4.74
15,0,3.3,255,29882,6098,29882,6098,3.7353,0.7623,H2S,4.72
16,0,3.3,255,30043,6131,30043,6131,3.7554,0.7664,H2S,4.8
17,0,3.3,255,30399,6204,30399,6204,3.7999,0.7755,H2S,4.96
18,0,3.3,255,30309,6185,30309,6185,3.7887,0.7732,H2S,4.92
19,0,3.3,255,30223,6168,30223,6168,3.7779,0.771,H2S,4.88
20,0,3.3,255,30231,6169,30231,6169,3.7789,0.7712,H2S,4.88
21,0,3.3,255,30481,6220,30481,6220,3.8102,0.7776,H2S,5.0
22,0,3.3,255,30317,6187,30317,6187,3.7897,0.7734,H2S,4.92
23,0,3.3,255,30321,6188,30321,6188,3.7902,0.7735,H2S,4.92
24,0,3.3,255,30489,6222,30489,6222,3.8112,0.7778,H2S,5.0
25,0,3.3,255,30650,6255,30650,6255,3.8313,0.7819,H2S,5.07
26,0,3.3,255,30446,6213,30446,6213,3.8058,0.7767,H2S,4.98
27,0,3.3,255,30881,6302,30881,6302,3.8602,0.7878,H2S,5.18
28,0,3.3,255,30952,6316,30952,6316,3.869,0.7896,H2S,5.21
29,0,3.3,255,30662,6257,30662,6257,3.8328,0.7822,H2S,5.08
30,0,3.3,255,31007,6328,31007,6328,3.8759,0.791,H2S,5.24
31,0,3.3,255,31034,6333,31034,6333,3.8793,0.7917,H2S,5.25
32,0,3.3,255,31027,6332,31027,6332,3.8784,0.7915,H2S,5.25
33,0,3.3,255,31176,6362,31176,6362,3.897,0.7953,H2S,5.32
34,0,3.3,255,30968,6320,30968,6320,3.871,0.79,H2S,5.22
35,0,3.3,255,30897,6305,30897,6305,3.8622,0.7882,H2S,5.19
36,0,3.3,255,31034,6333,31034,6333,3.8793,0.7917,H2S,5.25
37,0,3.3,255,31328,6393,31328,6393,3.9161,0.7992,H2S,5.39
38,0,3.3,255,31364,6400,31364,6400,3.9205,0.8001,H2S,5.4
39,0,3.3,255,31230,6373,31230,6373,3.9038,0.7967,H2S,5.34
40,0,3.3,255,31438,6416,31438,6416,3.9298,0.802,H2S,5.44
41,0,3.3,255,31164,6360,31164,6360,3.8955,0.795,H2S,5.31
42,0,3.3,255,31104,6348,31104,6348,3.8881,0.7935,H2S,5.28
43,0,3.3,255,31422,6412,31422,6412,3.9278,0.8016,H2S,5.43
44,0,3.3,255,31168,6360,31168,6360,3.896,0.7951,H2S,5.31
45,0,3.3,255,31544,6437,31544,6437,3.943,0.8047,H2S,5.48
46,0,3.3,255,31203,6368,31203,6368,3.9004,0.796,H2S,5.33
47,0,3.3,255,31226,6372,31226,6372,3.9033,0.7966,H2S,5.34
48,0,3.3,255,31312,6390,31312,6390,3.9141,0.7988,H2S,5.38
49,0,3.3,255,31665,6462,31665,6462,3.9582,0.8078,H2S,5.54
50,0,3.3,255,31520,6432,31520,6432,3.9401,0.8041,H2S,5.47
51,0,3.3,255,31469,6422,31469,6422,3.9337,0.8028,H2S,5.45
52,0,3.3,255,31372,6402,31372,6402,3.9215,0.8003,H2S,5.41
53,0,3.3,255,31724,6474,31724,6474,3.9656,0.8093,H2S,5.57
54,0,3.3,255,31744,6478,31744,6478,3.968,0.8098,H2S,5.58
55,0,3.3,255,31364,6400,31364,6400,3.9205,0.8001,H2S,5.4
56,0,3.3,255,31560,6440,31560,6440,3.945,0.8051,H2S,5.49
57,0,3.3,255,31473,6423,31473,6423,3.9342,0.8029,H2S,5.45
58,0,3.3,255,31395,6407,31395,6407,3.9244,0.8009,H2S,5.42
59,0,3.3,255,31415,6411,31415,6411,3.9269,0.8014,H2S,5.43
60,0,3.3,255,31685,6466,31685,6466,3.9607,0.8083,H2S,5.55
61,0,3.3,255,31391,6406,31391,6406,3.9239,0.8008,H2S,5.41
62,0,3.3,255,31504,6429,31504,6429,3.9381,0.8037,H2S,5.47
63,0,3.3,255,31712,6472,31712,6472,3.9641,0.809,H2S,5.56
64,0,3.3,255,31583,6445,31583,6445,3.9479,0.8057,H2S,5.5
65,0,3.3,255,31576,6444,31576,6444,3.947,0.8055,H2S,5.5
66,0,3.3,255,31791,6488,31791,6488,3.9739,0.811,H2S,5.6
67,0,3.3,255,31560,6440,31560,6440,3.945,0.8051,H2S,5.49
202,0,0.0,0,27040,5518,27040,5518,3.38,0.6898,H2S,3.42
203,0,0.0,0,26930,5496,26930,5496,3.3663,0.687,H2S,3.37
204,0,0.0,0,26950,5500,26950,5500,3.3688,0.6875,H2S,3.38
205,0,0.0,0,26981,5506,26981,5506,3.3727,0.6883,H2S,3.39
206,0,0.0,0,26930,5496,26930,5496,3.3663,0.687,H2S,3.37
207,0,0.0,0,27275,5566,27275,5566,3.4094,0.6958,H2S,3.52
208,0,0.0,0,26938,5497,26938,5497,3.3673,0.6872,H2S,3.37
209,0,0.0,0,27349,5581,27349,5581,3.4187,0.6977,H2S,3.56
210,0,0.0,0,27322,5576,27322,5576,3.4153,0.697,H2S,3.55
211,0,0.0,0,27192,5549,27192,5549,3.3991,0.6937,H2S,3.49
212,0,0.0,0,27444,5600,27444,5600,3.4305,0.7001,H2S,3.6
213,0,0.0,0,27495,5611,27495,5611,3.4369,0.7014,H2S,3.63
214,0,0.0,0,27216,5554,27216,5554,3.4021,0.6943,H2S,3.5
215,0,0.0,0,27165,5544,27165,5544,3.3957,0.693,H2S,3.47
216,0,0.0,0,27224,5556,27224,5556,3.4031,0.6945,H2S,3.5
217,0,0.0,0,27600,5632,27600,5632,3.4501,0.7041,H2S,3.67
218,0,0.0,0,27667,5646,27667,5646,3.4584,0.7058,H2S,3.7
219,0,0.0,0,27326,5576,27326,5576,3.4158,0.6971,H2S,3.55
220,0,0.0,0,27769,5667,27769,5667,3.4712,0.7084,H2S,3.75
221,0,0.0,0,27510,5614,27510,5614,3.4388,0.7018,H2S,3.63
222,0,0.0,0,27663,5645,27663,5645,3.4579,0.7057,H2S,3.7
223,0,0.0,0,27499,5612,27499,5612,3.4374,0.7015,H2S,3.63
224,0,0.0,0,27675,5648,27675,5648,3.4594,0.706,H2S,3.71
225,0,0.0,0,27852,5684,27852,5684,3.4815,0.7105,H2S,3.79
226,0,0.0,0,27961,5706,27961,5706,3.4952,0.7133,H2S,3.84
227,0,0.0,0,27804,5674,27804,5674,3.4756,0.7093,H2S,3.77
228,0,0.0,0,27761,5665,27761,5665,3.4702,0.7082,H2S,3.75
229,0,0.0,0,28165,5748,28165,5748,3.5207,0.7185,H2S,3.93
230,0,0.0,0,27824,5678,27824,5678,3.478,0.7098,H2S,3.78
231,0,0.0,0,27972,5708,27972,5708,3.4966,0.7136,H2S,3.84
232,0,0.0,0,28137,5742,28137,5742,3.5172,0.7178,H2S,3.92
233,0,0.0,0,28141,5743,28141,5743,3.5177,0.7179,H2S,3.92
234,0,0.0,0,28051,5724,28051,5724,3.5064,0.7156,H2S,3.88
235,0,0.0,0,28106,5736,28106,5736,3.5133,0.717,H2S,3.91
236,0,0.0,0,28349,5785,28349,5785,3.5437,0.7232,H2S,4.02
237,0,0.0,0,28232,5761,28232,5761,3.529,0.7202,H2S,3.96
238,0,0.0,0,28368,5789,28368,5789,3.5461,0.7237,H2S,4.03
239,0,0.0,0,28737,5864,28737,5864,3.5922,0.7331,H2S,4.2
240,0,0.0,0,28792,5876,28792,5876,3.5991,0.7345,H2S,4.22
241,0,0.0,0,28651,5847,28651,5847,3.5814,0.7309,H2S,4.16
242,0,0.0,0,28717,5860,28717,5860,3.5897,0.7326,H2S,4.19
243,0,0.0,0,28952,5908,28952,5908,3.6191,0.7386,H2S,4.29
244,0,0.0,0,28643,5845,28643,5845,3.5804,0.7307,H2S,4.15
245,0,0.0,0,28714,5860,28714,5860,3.5893,0.7325,H2S,4.19
246,0,0.0,0,28816,5880,28816,5880,3.602,0.7351,H2S,4.23
247,0,0.0,0,28800,5877,28800,5877,3.6,0.7347,H2S,4.22
248,0,0.0,0,28855,5888,28855,5888,3.6069,0.7361,H2S,4.25
249,0,0.0,0,29298,5979,29298,5979,3.6623,0.7474,H2S,4.45
0,0,3.3,255,29227,5964,29227,5964,3.6534,0.7456,H2S,4.42
1,0,3.3,255,29455,6011,29455,6011,3.6819,0.7514,H2S,4.53
2,0,3.3,255,29286,5976,29286,5976,3.6608,0.7471,H2S,4.45
3,0,3.3,255,29364,5992,29364,5992,3.6706,0.7491,H2S,4.48
4,0,3.3,255,29662,6053,29662,6053,3.7078,0.7567,H2S,4.62
5,0,3.3,255,29686,6058,29686,6058,3.7108,0.7573,H2S,4.63
6,0,3.3,255,29776,6076,29776,6076,3.722,0.7596,H2S,4.67
7,0,3.3,255,29596,6040,29596,6040,3.6995,0.755,H2S,4.59
8,0,3.3,255,29768,6075,29768,6075,3.7211,0.7594,H2S,4.67
9,0,3.3,255,29815,6084,29815,6084,3.7269,0.7606,H2S,4.69
10,0,3.3,255,30000,6122,30000,6122,3.75,0.7653,H2S,4.78
11,0,3.3,255,30089,6140,30089,6140,3.7612,0.7676,H2S,4.82
12,0,3.3,255,29936,6109,29936,6109,3.7421,0.7637,H2S,4.75
13,0,3.3,255,30164,6156,30164,6156,3.7706,0.7695,H2S,4.85
14,0,3.3,255,29913,6104,29913,6104,3.7392,0.7631,H2S,4.74
15,0,3.3,255,29882,6098,29882,6098,3.7353,0.7623,H2S,4.72
16,0,3.3,255,30043,6131,30043,6131,3.7554,0.7664,H2S,4.8
17,0,3.3,255,30399,6204,30399,6204,3.7999,0.7755,H2S,4.96
18,0,3.3,255,30309,6185,30309,6185,3.7887,0.7732,H2S,4.92
19,0,3.3,255,30223,6168,30223,6168,3.7779,0.771,H2S,4.88
20,0,3.3,255,30231,6169,30231,6169,3.7789,0.7712,H2S,4.88
21,0,3.3,255,30481,6220,30481,6220,3.8102,0.7776,H2S,5.0
22,0,3.3,255,30317,6187,30317,6187,3.7897,0.7734,H2S,4.92
23,0,3.3,255,30321,6188,30321,6188,3.7902,0.7735,H2S,4.92
24,0,3.3,255,30489,6222,30489,6222,3.8112,0.7778,H2S,5.0
25,0,3.3,255,30650,6255,30650,6255,3.8313,0.7819,H2S,5.07
26,0,3.3,255,30446,6213,30446,6213,3.8058,0.7767,H2S,4.98
27,0,3.3,255,30881,6302,30881,6302,3.8602,0.7878,H2S,5.18
28,0,3.3,255,30952,6316,30952,6316,3.869,0.7896,H2S,5.21
29,0,3.3,255,30662,6257,30662,6257,3.8328,0.7822,H2S,5.08
30,0,3.3,255,31007,6328,31007,6328,3.8759,0.791,H2S,5.24
31,0,3.3,255,31034,6333,31034,6333,3.8793,0.7917,H2S,5.25
32,0,3.3,255,31027,6332,31027,6332,3.8784,0.7915,H2S,5.25
33,0,3.3,255,31176,6362,31176,6362,3.897,0.7953,H2S,5.32
34,0,3.3,255,30968,6320,30968,6320,3.871,0.79,H2S,5.22
35,0,3.3,255,30897,6305,30897,6305,3.8622,0.7882,H2S,5.19
36,0,3.3,255,31034,6333,31034,6333,3.8793,0.7917,H2S,5.25
37,0,3.3,255,31328,6393,31328,6393,3.9161,0.7992,H2S,5.39
38,0,3.3,255,31364,6400,31364,6400,3.9205,0.8001,H2S,5.4
39,0,3.3,255,31230,6373,31230,6373,3.9038,0.7967,H2S,5.34
40,0,3.3,255,31438,6416,31438,6416,3.9298,0.802,H2S,5.44
41,0,3.3,255,31164,6360,31164,6360,3.8955,0.795,H2S,5.31
42,0,3.3,255,31104,6348,31104,6348,3.8881,0.7935,H2S,5.28
43,0,3.3,255,31422,6412,31422,6412,3.9278,0.8016,H2S,5.43
44,0,3.3,255,31168,6360,31168,6360,3.896,0.7951,H2S,5.31
45,0,3.3,255,31544,6437,31544,6437,3.943,0.8047,H2S,5.48
46,0,3.3,255,31203,6368,31203,6368,3.9004,0.796,H2S,5.33
47,0,3.3,255,31226,6372,31226,6372,3.9033,0.7966,H2S,5.34
48,0,3.3,255,31312,6390,31312,6390,3.9141,0.7988,H2S,5.38
49,0,3.3,255,31665,6462,31665,6462,3.9582,0.8078,H2S,5.54
50,0,3.3,255,31520,6432,31520,6432,3.9401,0.8041,H2S,5.47
51,0,3.3,255,31469,6422,31469,6422,3.9337,0.8028,H2S,5.45
52,0,3.3,255,31372,6402,31372,6402,3.9215,0.8003,H2S,5.41
53,0,3.3,255,31724,6474,31724,6474,3.9656,0.8093,H2S,5.57
54,0,3.3,255,31744,6478,31744,6478,3.968,0.8098,H2S,5.58
55,0,3.3,255,31364,6400,31364,6400,3.9205,0.8001,H2S,5.4
56,0,3.3,255,31560,6440,31560,6440,3.945,0.8051,H2S,5.49
57,0,3.3,255,31473,6423,31473,6423,3.9342,0.8029,H2S,5.45
58,0,3.3,255,31395,6407,31395,6407,3.9244,0.8009,H2S,5.42
59,0,3.3,255,31415,6411,31415,6411,3.9269,0.8014,H2S,5.43
60,0,3.3,255,31685,6466,31685,6466,3.9607,0.8083,H2S,5.55
61,0,3.3,255,31391,6406,31391,6406,3.9239,0.8008,H2S,5.41
62,0,3.3,255,31504,6429,31504,6429,3.9381,0.8037,H2S,5.47
63,0,3.3,255,31712,6472,31712,6472,3.9641,0.809,H2S,5.56
64,0,3.3,255,31583,6445,31583,6445,3.9479,0.8057,H2S,5.5
65,0,3.3,255,31576,6444,31576,6444,3.947,0.8055,H2S,5.5
66,0,3.3,255,31791,6488,31791,6488,3.9739,0.811,H2S,5.6
67,0,3.3,255,31560,6440,31560,6440,3.945,0.8051,H2S,5.49
68,0,3.3,255,31764,6482,31764,6482,3.9705,0.8103,H2S,5.59
69,0,3.3,255,31383,6404,31383,6404,3.9229,0.8006,H2S,5.41
70,0,3.3,255,31764,6482,31764,6482,3.9705,0.8103,H2S,5.59
71,0,3.3,255,31736,6476,31736,6476,3.967,0.8096,H2S,5.57
72,0,3.3,255,31724,6474,31724,6474,3.9656,0.8093,H2S,5.57
73,0,3.3,255,31461,6420,31461,6420,3.9327,0.8026,H2S,5.45
74,0,3.3,255,31540,6436,31540,6436,3.9425,0.8046,H2S,5.48
75,0,3.3,255,31328,6393,31328,6393,3.9161,0.7992,H2S,5.39
76,0,3.3,255,31308,6389,31308,6389,3.9136,0.7987,H2S,5.38
77,0,3.3,255,31387,6405,31387,6405,3.9234,0.8007,H2S,5.41
78,0,3.3,255,31615,6452,31615,6452,3.9519,0.8065,H2S,5.52
79,0,3.3,255,31611,6451,31611,6451,3.9514,0.8064,H2S,5.52
80,0,3.3,255,31528,6434,31528,6434,3.9411,0.8043,H2S,5.48
81,0,3.3,255,31442,6416,31442,6416,3.9303,0.8021,H2S,5.44
202,0,0.0,0,27040,5518,27040,5518,3.38,0.6898,H2S,3.42
203,0,0.0,0,26930,5496,26930,5496,3.3663,0.687,H2S,3.37
204,0,0.0,0,26950,5500,26950,5500,3.3688,0.6875,H2S,3.38
205,0,0.0,0,26981,5506,26981,5506,3.3727,0.6883,H2S,3.39
206,0,0.0,0,26930,5496,26930,5496,3.3663,0.687,H2S,3.37
207,0,0.0,0,27275,5566,27275,5566,3.4094,0.6958,H2S,3.52
208,0,0.0,0,26938,5497,26938,5497,3.3673,0.6872,H2S,3.37
209,0,0.0,0,27349,5581,27349,5581,3.4187,0.6977,H2S,3.56
210,0,0.0,0,27322,5576,27322,5576,3.4153,0.697,H2S,3.55
211,0,0.0,0,27192,5549,27192,5549,3.3991,0.6937,H2S,3.49
212,0,0.0,0,27444,5600,27444,5600,3.4305,0.7001,H2S,3.6
213,0,0.0,0,27495,5611,27495,5611,3.4369,0.7014,H2S,3.63
214,0,0.0,0,27216,5554,27216,5554,3.4021,0.6943,H2S,3.5
215,0,0.0,0,27165,5544,27165,5544,3.3957,0.693,H2S,3.47
216,0,0.0,0,27224,5556,27224,5556,3.4031,0.6945,H2S,3.5
217,0,0.0,0,27600,5632,27600,5632,3.4501,0.7041,H2S,3.67
218,0,0.0,0,27667,5646,27667,5646,3.4584,0.7058,H2S,3.7
219,0,0.0,0,27326,5576,27326,5576,3.4158,0.6971,H2S,3.55
220,0,0.0,0,27769,5667,27769,5667,3.4712,0.7084,H2S,3.75
221,0,0.0,0,27510,5614,27510,5614,3.4388,0.7018,H2S,3.63
222,0,0.0,0,27663,5645,27663,5645,3.4579,0.7057,H2S,3.7
223,0,0.0,0,27499,5612,27499,5612,3.4374,0.7015,H2S,3.63
224,0,0.0,0,27675,5648,27675,5648,3.4594,0.706,H2S,3.71
225,0,0.0,0,27852,5684,27852,5684,3.4815,0.7105,H2S,3.79
226,0,0.0,0,27961,5706,27961,5706,3.4952,0.7133,H2S,3.84
227,0,0.0,0,27804,5674,27804,5674,3.4756,0.7093,H2S,3.77
228,0,0.0,0,27761,5665,27761,5665,3.4702,0.7082,H2S,3.75
229,0,0.0,0,28165,5748,28165,5748,3.5207,0.7185,H2S,3.93
230,0,0.0,0,27824,5678,27824,5678,3.478,0.7098,H2S,3.78
231,0,0.0,0,27972,5708,27972,5708,3.4966,0.7136,H2S,3.84
232,0,0.0,0,28137,5742,28137,5742,3.5172,0.7178,H2S,3.92
233,0,0.0,0,28141,5743,28141,5743,3.5177,0.7179,H2S,3.92
234,0,0.0,0,28051,5724,28051,5724,3.5064,0.7156,H2S,3.88
235,0,0.0,0,28106,5736,28106,5736,3.5133,0.717,H2S,3.91
236,0,0.0,0,28349,5785,28349,5785,3.5437,0.7232,H2S,4.02
237,0,0.0,0,28232,5761,28232,5761,3.529,0.7202,H2S,3.96
238,0,0.0,0,28368,5789,28368,5789,3.5461,0.7237,H2S,4.03
239,0,0.0,0,28737,5864,28737,5864,3.5922,0.7331,H2S,4.2
240,0,0.0,0,28792,5876,28792,5876,3.5991,0.7345,H2S,4.22
241,0,0.0,0,28651,5847,28651,5847,3.5814,0.7309,H2S,4.16
242,0,0.0,0,28717,5860,28717,5860,3.5897,0.7326,H2S,4.19
243,0,0.0,0,28952,5908,28952,5908,3.6191,0.7386,H2S,4.29
244,0,0.0,0,28643,5845,28643,5845,3.5804,0.7307,H2S,4.15
245,0,0.0,0,28714,5860,28714,5860,3.5893,0.7325,H2S,4.19
246,0,0.0,0,28816,5880,28816,5880,3.602,0.7351,H2S,4.23
247,0,0.0,0,28800,5877,28800,5877,3.6,0.7347,H2S,4.22
248,0,0.0,0,28855,5888,28855,5888,3.6069,0.7361,H2S,4.25
249,0,0.0,0,29298,5979,29298,5979,3.6623,0.7474,H2S,4.45
0,0,3.3,255,29227,5964,29227,5964,3.6534,0.7456,H2S,4.42
1,0,3.3,255,29455,6011,29455,6011,3.6819,0.7514,H2S,4.53
2,0,3.3,255,29286,5976,29286,5976,3.6608,0.7471,H2S,4.45
3,0,3.3,255,29364,5992,29364,5992,3.6706,0.7491,H2S,4.48
4,0,3.3,255,29662,6053,29662,6053,3.7078,0.7567,H2S,4.62
5,0,3.3,255,29686,6058,29686,6058,3.7108,0.7573,H2S,4.63
6,0,3.3,255,29776,6076,29776,6076,3.722,0.7596,H2S,4.67
7,0,3.3,255,29596,6040,29596,6040,3.6995,0.755,H2S,4.59
8,0,3.3,255,29768,6075,29768,6075,3.7211,0.7594,H2S,4.67
9,0,3.3,255,29815,6084,29815,6084,3.7269,0.7606,H2S,4.69
10,0,3.3,255,30000,6122,30000,6122,3.75,0.7653,H2S,4.78
11,0,3.3,255,30089,6140,30089,6140,3.7612,0.7676,H2S,4.82
12,0,3.3,255,29936,6109,29936,6109,3.7421,0.7637,H2S,4.75
13,0,3.3,255,30164,6156,30164,6156,3.7706,0.7695,H2S,4.85
14,0,3.3,255,29913,6104,29913,6104,3.7392,0.7631,H2S,4.74
15,0,3.3,255,29882,6098,29882,6098,3.7353,0.7623,H2S,4.72
16,0,3.3,255,30043,6131,30043,6131,3.7554,0.7664,H2S,4.8
17,0,3.3,255,30399,6204,30399,6204,3.7999,0.7755,H2S,4.96
18,0,3.3,255,30309,6185,30309,6185,3.7887,0.7732,H2S,4.92
19,0,3.3,255,30223,6168,30223,6168,3.7779,0.771,H2S,4.88
20,0,3.3,255,30231,6169,30231,6169,3.7789,0.7712,H2S,4.88
21,0,3.3,255,30481,6220,30481,6220,3.8102,0.7776,H2S,5.0
22,0,3.3,255,30317,6187,30317,6187,3.7897,0.7734,H2S,4.92
23,0,3.3,255,30321,6188,30321,6188,3.7902,0.7735,H2S,4.92
24,0,3.3,255,30489,6222,30489,6222,3.8112,0.7778,H2S,5.0
25,0,3.3,255,30650,6255,30650,6255,3.8313,0.7819,H2S,5.07
26,0,3.3,255,30446,6213,30446,6213,3.8058,0.7767,H2S,4.98
27,0,3.3,255,30881,6302,30881,6302,3.8602,0.7878,H2S,5.18
28,0,3.3,255,30952,6316,30952,6316,3.869,0.7896,H2S,5.21
29,0,3.3,255,30662,6257,30662,6257,3.8328,0.7822,H2S,5.08
30,0,3.3,255,31007,6328,31007,6328,3.8759,0.791,H2S,5.24
31,0,3.3,255,31034,6333,31034,6333,3.8793,0.7917,H2S,5.25
32,0,3.3,255,31027,6332,31027,6332,3.8784,0.7915,H2S,5.25
33,0,3.3,255,31176,6362,31176,6362,3.897,0.7953,H2S,5.32
34,0,3.3,255,30968,6320,30968,6320,3.871,0.79,H2S,5.22
35,0,3.3,255,30897,6305,30897,6305,3.8622,0.7882,H2S,5.19
36,0,3.3,255,31034,6333,31034,6333,3.8793,0.7917,H2S,5.25
37,0,3.3,255,31328,6393,31328,6393,3.9161,0.7992,H2S,5.39
38,0,3.3,255,31364,6400,31364,6400,3.9205,0.8001,H2S,5.4
39,0,3.3,255,31230,6373,31230,6373,3.9038,0.7967,H2S,5.34
40,0,3.3,255,31438,6416,31438,6416,3.9298,0.802,H2S,5.44
41,0,3.3,255,31164,6360,31164,6360,3.8955,0.795,H2S,5.31
42,0,3.3,255,31104,6348,31104,6348,3.8881,0.7935,H2S,5.28
43,0,3.3,255,31422,6412,31422,6412,3.9278,0.8016,H2S,5.43
44,0,3.3,255,31168,6360,31168,6360,3.896,0.7951,H2S,5.31
45,0,3.3,255,31544,6437,31544,6437,3.943,0.8047,H2S,5.48
46,0,3.3,255,31203,6368,31203,6368,3.9004,0.796,H2S,5.33
47,0,3.3,255,31226,6372,31226,6372,3.9033,0.7966,H2S,5.34
48,0,3.3,255,31312,6390,31312,6390,3.9141,0.7988,H2S,5.38
49,0,3.3,255,31665,6462,31665,6462,3.9582,0.8078,H2S,5.54
50,0,3.3,255,31520,6432,31520,6432,3.9401,0.8041,H2S,5.47
51,0,3.3,255,31469,6422,31469,6422,3.9337,0.8028,H2S,5.45
52,0,3.3,255,31372,6402,31372,6402,3.9215,0.8003,H2S,5.41
53,0,3.3,255,31724,6474,31724,6474,3.9656,0.8093,H2S,5.57
54,0,3.3,255,31744,6478,31744,6478,3.968,0.8098,H2S,5.58
55,0,3.3,255,31364,6400,31364,6400,3.9205,0.8001,H2S,5.4
56,0,3.3,255,31560,6440,31560,6440,3.945,0.8051,H2S,5.49
57,0,3.3,255,31473,6423,31473,6423,3.9342,0.8029,H2S,5.45
58,0,3.3,255,31395,6407,31395,6407,3.9244,0.8009,H2S,5.42
59,0,3.3,255,31415,6411,31415,6411,3.9269,0.8014,H2S,5.43
60,0,3.3,255,31685,6466,31685,6466,3.9607,0.8083,H2S,5.55
61,0,3.3,255,31391,6406,31391,6406,3.9239,0.8008,H2S,5.41
62,0,3.3,255,31504,6429,31504,6429,3.9381,0.8037,H2S,5.47
63,0,3.3,255,31712,6472,31712,6472,3.9641,0.809,H2S,5.56
64,0,3.3,255,31583,6445,31583,6445,3.9479,0.8057,H2S,5.5
65,0,3.3,255,31576,6444,31576,6444,3.947,0.8055,H2S,5.5
66,0,3.3,255,31791,6488,31791,6488,3.9739,0.811,H2S,5.6
67,0,3.3,255,31560,6440,31560,6440,3.945,0.8051,H2S,5.49
68,0,3.3,255,31764,6482,31764,6482,3.9705,0.8103,H2S,5.59
69,0,3.3,255,31383,6404,31383,6404,3.9229,0.8006,H2S,5.41
70,0,3.3,255,31764,6482,31764,6482,3.9705,0.8103,H2S,5.59
71,0,3.3,255,31736,6476,31736,6476,3.967,0.8096,H2S,5.57
72,0,3.3,255,31724,6474,31724,6474,3.9656,0.8093,H2S,5.57
73,0,3.3,255,31461,6420,31461,6420,3.9327,0.8026,H2S,5.45
74,0,3.3,255,31540,6436,31540,6436,3.9425,0.8046,H2S,5.48
75,0,3.3,255,31328,6393,31328,6393,3.9161,0.7992,H2S,5.39
76,0,3.3,255,31308,6389,31308,6389,3.9136,0.7987,H2S,5.38
77,0,3.3,255,31387,6405,31387,6405,3.9234,0.8007,H2S,5.41
78,0,3.3,255,31615,6452,31615,6452,3.9519,0.8065,H2S,5.52
79,0,3.3,255,31611,6451,31611,6451,3.9514,0.8064,H2S,5.52
80,0,3.3,255,31528,6434,31528,6434,3.9411,0.8043,H2S,5.48
81,0,3.3,255,31442,6416,31442,6416,3.9303,0.8021,H2S,5.44
68,0,3.3,255,31764,6482,31764,6482,3.9705,0.8103,H2S,5.59
69,0,3.3,255,31383,6404,31383,6404,3.9229,0.8006,H2S,5.41
70,0,3.3,255,31764,6482,31764,6482,3.9705,0.8103,H2S,5.59
71,0,3.3,255,31736,6476,31736,6476,3.967,0.8096,H2S,5.57
72,0,3.3,255,31724,6474,31724,6474,3.9656,0.8093,H2S,5.57
73,0,3.3,255,31461,6420,31461,6420,3.9327,0.8026,H2S,5.45
74,0,3.3,255,31540,6436,31540,6436,3.9425,0.8046,H2S,5.48
75,0,3.3,255,31328,6393,31328,6393,3.9161,0.7992,H2S,5.39
76,0,3.3,255,31308,6389,31308,6389,3.9136,0.7987,H2S,5.38
77,0,3.3,255,31387,6405,31387,6405,3.9234,0.8007,H2S,5.41
78,0,3.3,255,31615,6452,31615,6452,3.9519,0.8065,H2S,5.52
79,0,3.3,255,31611,6451,31611,6451,3.9514,0.8064,H2S,5.52
80,0,3.3,255,31528,6434,31528,6434,3.9411,0.8043,H2S,5.48
81,0,3.3,255,31442,6416,31442,6416,3.9303,0.8021,H2S,5.44
82,0,3.3,255,31226,6372,31226,6372,3.9033,0.7966,H2S,5.34
83,0,3.3,255,31426,6413,31426,6413,3.9283,0.8017,H2S,5.43
84,0,3.3,255,31152,6357,31152,6357,3.894,0.7947,H2S,5.3
85,0,3.3,255,31101,6347,31101,6347,3.8877,0.7934,H2S,5.28
86,0,3.3,255,31380,6404,31380,6404,3.9225,0.8005,H2S,5.41
87,0,3.3,255,31226,6372,31226,6372,3.9033,0.7966,H2S,5.34
88,0,3.3,255,31085,6344,31085,6344,3.8857,0.793,H2S,5.27
89,0,3.3,255,30885,6303,30885,6303,3.8607,0.7879,H2S,5.18
90,0,3.3,255,30952,6316,30952,6316,3.869,0.7896,H2S,5.21
91,0,3.3,255,30811,6288,30811,6288,3.8514,0.786,H2S,5.15
92,0,3.3,255,30776,6280,30776,6280,3.847,0.7851,H2S,5.13
93,0,3.3,255,30815,6288,30815,6288,3.8519,0.7861,H2S,5.15
94,0,3.3,255,30807,6287,30807,6287,3.8509,0.7859,H2S,5.15
95,0,3.3,255,30819,6289,30819,6289,3.8524,0.7862,H2S,5.15
96,0,3.3,255,30736,6272,30736,6272,3.8421,0.7841,H2S,5.11
97,0,3.3,255,30980,6322,30980,6322,3.8725,0.7903,H2S,5.23
98,0,3.3,255,30584,6241,30584,6241,3.823,0.7802,H2S,5.04
99,0,3.3,255,30584,6241,30584,6241,3.823,0.7802,H2S,5.04
100,0,3.3,255,30419,6208,30419,6208,3.8024,0.776,H2S,4.97
101,0,3.3,255,30792,6284,30792,6284,3.849,0.7855,H2S,5.14
102,0,3.3,255,30744,6274,30744,6274,3.8431,0.7843,H2S,5.12
103,0,3.3,255,30493,6223,30493,6223,3.8117,0.7779,H2S,5.0
104,0,3.3,255,30309,6185,30309,6185,3.7887,0.7732,H2S,4.92
105,0,3.3,255,30293,6182,30293,6182,3.7867,0.7728,H2S,4.91
106,0,3.3,255,30528,6230,30528,6230,3.8161,0.7788,H2S,5.02
107,0,3.3,255,30481,6220,30481,6220,3.8102,0.7776,H2S,5.0
108,0,3.3,255,30419,6208,30419,6208,3.8024,0.776,H2S,4.97
109,0,3.3,255,30144,6152,30144,6152,3.7681,0.769,H2S,4.84
110,0,3.3,255,30309,6185,30309,6185,3.7887,0.7732,H2S,4.92
111,0,3.3,255,29932,6108,29932,6108,3.7416,0.7636,H2S,4.74
112,0,3.3,255,30200,6163,30200,6163,3.775,0.7704,H2S,4.87
113,0,3.3,255,30039,6130,30039,6130,3.7549,0.7663,H2S,4.79
114,0,3.3,255,29862,6094,29862,6094,3.7328,0.7618,H2S,4.71
115,0,3.3,255,29808,6083,29808,6083,3.726,0.7604,H2S,4.69
116,0,3.3,255,29580,6036,29580,6036,3.6975,0.7546,H2S,4.58
117,0,3.3,255,29564,6033,29564,6033,3.6956,0.7542,H2S,4.58
118,0,3.3,255,29498,6020,29498,6020,3.6873,0.7525,H2S,4.54
119,0,3.3,255,29729,6067,29729,6067,3.7162,0.7584,H2S,4.65
120,0,3.3,255,29752,6072,29752,6072,3.7191,0.759,H2S,4.66
121,0,3.3,255,29674,6056,29674,6056,3.7093,0.757,H2S,4.63
122,0,3.3,255,29360,5992,29360,5992,3.6701,0.749,H2S,4.48
123,0,3.3,255,29313,5982,29313,5982,3.6642,0.7478,H2S,4.46
124,0,3.3,255,29196,5958,29196,5958,3.6495,0.7448,H2S,4.41
125,0,0.0,0,29039,5926,29039,5926,3.6299,0.7408,H2S,4.33
126,0,0.0,0,29047,5928,29047,5928,3.6309,0.741,H2S,4.34
127,0,0.0,0,29282,5976,29282,5976,3.6603,0.747,H2S,4.45
128,0,0.0,0,28800,5877,28800,5877,3.6,0.7347,H2S,4.22
129,0,0.0,0,28851,5888,28851,5888,3.6064,0.736,H2S,4.25
130,0,0.0,0,29008,5920,29008,5920,3.626,0.74,H2S,4.32
131,0,0.0,0,28702,5857,28702,5857,3.5878,0.7322,H2S,4.18
132,0,0.0,0,28992,5916,28992,5916,3.624,0.7396,H2S,4.31
133,0,0.0,0,28867,5891,28867,5891,3.6084,0.7364,H2S,4.26
134,0,0.0,0,28616,5840,28616,5840,3.577,0.73,H2S,4.14
135,0,0.0,0,28816,5880,28816,5880,3.602,0.7351,H2S,4.23
136,0,0.0,0,28364,5788,28364,5788,3.5456,0.7236,H2S,4.02
137,0,0.0,0,28690,5855,28690,5855,3.5863,0.7319,H2S,4.17
138,0,0.0,0,28636,5844,28636,5844,3.5795,0.7305,H2S,4.15
139,0,0.0,0,28584,5833,28584,5833,3.5731,0.7292,H2S,4.13
140,0,0.0,0,28529,5822,28529,5822,3.5662,0.7278,H2S,4.1
141,0,0.0,0,28498,5816,28498,5816,3.5623,0.727,H2S,4.09
142,0,0.0,0,28141,5743,28141,5743,3.5177,0.7179,H2S,3.92
143,0,0.0,0,28055,5725,28055,5725,3.5069,0.7157,H2S,3.88
144,0,0.0,0,28118,5738,28118,5738,3.5148,0.7173,H2S,3.91
145,0,0.0,0,28106,5736,28106,5736,3.5133,0.717,H2S,3.91
146,0,0.0,0,28024,5719,28024,5719,3.503,0.7149,H2S,3.87
147,0,0.0,0,28149,5744,28149,5744,3.5187,0.7181,H2S,3.93
148,0,0.0,0,27980,5710,27980,5710,3.4976,0.7138,H2S,3.85
149,0,0.0,0,27683,5649,27683,5649,3.4604,0.7062,H2S,3.71
150,0,0.0,0,27808,5675,27808,5675,3.4761,0.7094,H2S,3.77
151,0,0.0,0,27804,5674,27804,5674,3.4756,0.7093,H2S,3.77
152,0,0.0,0,27933,5700,27933,5700,3.4917,0.7126,H2S,3.83
153,0,0.0,0,27495,5611,27495,5611,3.4369,0.7014,H2S,3.63
154,0,0.0,0,27820,5677,27820,5677,3.4775,0.7097,H2S,3.77
155,0,0.0,0,27718,5656,27718,5656,3.4648,0.7071,H2S,3.73
156,0,0.0,0,27557,5624,27557,5624,3.4447,0.703,H2S,3.65
157,0,0.0,0,27373,5586,27373,5586,3.4217,0.6983,H2S,3.57
158,0,0.0,0,27384,5588,27384,5588,3.4231,0.6986,H2S,3.57
159,0,0.0,0,27522,5616,27522,5616,3.4403,0.7021,H2S,3.64
160,0,0.0,0,27260,5563,27260,5563,3.4075,0.6954,H2S,3.52
161,0,0.0,0,27173,5545,27173,5545,3.3967,0.6932,H2S,3.48
162,0,0.0,0,27185,5548,27185,5548,3.3982,0.6935,H2S,3.48
163,0,0.0,0,27495,5611,27495,5611,3.4369,0.7014,H2S,3.63
164,0,0.0,0,27212,5553,27212,5553,3.4016,0.6942,H2S,3.5
165,0,0.0,0,26992,5508,26992,5508,3.3741,0.6886,H2S,3.39
166,0,0.0,0,26957,5501,26957,5501,3.3697,0.6877,H2S,3.38
167,0,0.0,0,27008,5512,27008,5512,3.3761,0.689,H2S,3.4
168,0,0.0,0,27295,5570,27295,5570,3.4119,0.6963,H2S,3.53
169,0,0.0,0,27114,5533,27114,5533,3.3893,0.6917,H2S,3.45
170,0,0.0,0,27256,5562,27256,5562,3.407,0.6953,H2S,3.52
171,0,0.0,0,27244,5560,27244,5560,3.4055,0.695,H2S,3.51
172,0,0.0,0,27224,5556,27224,5556,3.4031,0.6945,H2S,3.5
173,0,0.0,0,27188,5548,27188,5548,3.3986,0.6936,H2S,3.48
174,0,0.0,0,26883,5486,26883,5486,3.3604,0.6858,H2S,3.34
175,0,0.0,0,27032,5516,27032,5516,3.379,0.6896,H2S,3.41
176,0,0.0,0,27028,5516,27028,5516,3.3786,0.6895,H2S,3.41
177,0,0.0,0,26875,5484,26875,5484,3.3594,0.6856,H2S,3.34
178,0,0.0,0,26742,5457,26742,5457,3.3428,0.6822,H2S,3.28
179,0,0.0,0,27064,5523,27064,5523,3.383,0.6904,H2S,3.43
180,0,0.0,0,26668,5442,26668,5442,3.3335,0.6803,H2S,3.25
181,0,0.0,0,26683,5445,26683,5445,3.3354,0.6807,H2S,3.25
182,0,0.0,0,27040,5518,27040,5518,3.38,0.6898,H2S,3.42
183,0,0.0,0,26907,5491,26907,5491,3.3634,0.6864,H2S,3.36
184,0,0.0,0,26832,5476,26832,5476,3.3541,0.6845,H2S,3.32
185,0,0.0,0,27056,5521,27056,5521,3.382,0.6902,H2S,3.42
186,0,0.0,0,27056,5521,27056,5521,3.382,0.6902,H2S,3.42
187,0,0.0,0,27048,5520,27048,5520,3.381,0.69,H2S,3.42
188,0,0.0,0,27000,5510,27000,5510,3.3751,0.6888,H2S,3.4
189,0,0.0,0,26820,5473,26820,5473,3.3526,0.6842,H2S,3.32
190,0,0.0,0,26718,5452,26718,5452,3.3398,0.6816,H2S,3.27
191,0,0.0,0,26750,5459,26750,5459,3.3438,0.6824,H2S,3.28
192,0,0.0,0,27052,5520,27052,5520,3.3815,0.6901,H2S,3.42
193,0,0.0,0,26793,5468,26793,5468,3.3492,0.6835,H2S,3.3
82,0,3.3,255,31226,6372,31226,6372,3.9033,0.7966,H2S,5.34
83,0,3.3,255,31426,6413,31426,6413,3.9283,0.8017,H2S,5.43
84,0,3.3,255,31152,6357,31152,6357,3.894,0.7947,H2S,5.3
85,0,3.3,255,31101,6347,31101,6347,3.8877,0.7934,H2S,5.28
86,0,3.3,255,31380,6404,31380,6404,3.9225,0.8005,H2S,5.41
87,0,3.3,255,31226,6372,31226,6372,3.9033,0.7966,H2S,5.34
88,0,3.3,255,31085,6344,31085,6344,3.8857,0.793,H2S,5.27
89,0,3.3,255,30885,6303,30885,6303,3.8607,0.7879,H2S,5.18
90,0,3.3,255,30952,6316,30952,6316,3.869,0.7896,H2S,5.21
91,0,3.3,255,30811,6288,30811,6288,3.8514,0.786,H2S,5.15
92,0,3.3,255,30776,6280,30776,6280,3.847,0.7851,H2S,5.13
93,0,3.3,255,30815,6288,30815,6288,3.8519,0.7861,H2S,5.15
94,0,3.3,255,30807,6287,30807,6287,3.8509,0.7859,H2S,5.15
95,0,3.3,255,30819,6289,30819,6289,3.8524,0.7862,H2S,5.15
96,0,3.3,255,30736,6272,30736,6272,3.8421,0.7841,H2S,5.11
97,0,3.3,255,30980,6322,30980,6322,3.8725,0.7903,H2S,5.23
98,0,3.3,255,30584,6241,30584,6241,3.823,0.7802,H2S,5.04
99,0,3.3,255,30584,6241,30584,6241,3.823,0.7802,H2S,5.04
100,0,3.3,255,30419,6208,30419,6208,3.8024,0.776,H2S,4.97
101,0,3.3,255,30792,6284,30792,6284,3.849,0.7855,H2S,5.14
102,0,3.3,255,30744,6274,30744,6274,3.8431,0.7843,H2S,5.12
103,0,3.3,255,30493,6223,30493,6223,3.8117,0.7779,H2S,5.0
104,0,3.3,255,30309,6185,30309,6185,3.7887,0.7732,H2S,4.92
105,0,3.3,255,30293,6182,30293,6182,3.7867,0.7728,H2S,4.91
106,0,3.3,255,30528,6230,30528,6230,3.8161,0.7788,H2S,5.02
107,0,3.3,255,30481,6220,30481,6220,3.8102,0.7776,H2S,5.0
108,0,3.3,255,30419,6208,30419,6208,3.8024,0.776,H2S,4.97
109,0,3.3,255,30144,6152,30144,6152,3.7681,0.769,H2S,4.84
110,0,3.3,255,30309,6185,30309,6185,3.7887,0.7732,H2S,4.92
111,0,3.3,255,29932,6108,29932,6108,3.7416,0.7636,H2S,4.74
112,0,3.3,255,30200,6163,30200,6163,3.775,0.7704,H2S,4.87
113,0,3.3,255,30039,6130,30039,6130,3.7549,0.7663,H2S,4.79
114,0,3.3,255,29862,6094,29862,6094,3.7328,0.7618,H2S,4.71
115,0,3.3,255,29808,6083,29808,6083,3.726,0.7604,H2S,4.69
116,0,3.3,255,29580,6036,29580,6036,3.6975,0.7546,H2S,4.58
117,0,3.3,255,29564,6033,29564,6033,3.6956,0.7542,H2S,4.58
118,0,3.3,255,29498,6020,29498,6020,3.6873,0.7525,H2S,4.54
119,0,3.3,255,29729,6067,29729,6067,3.7162,0.7584,H2S,4.65
120,0,3.3,255,29752,6072,29752,6072,3.7191,0.759,H2S,4.66
121,0,3.3,255,29674,6056,29674,6056,3.7093,0.757,H2S,4.63
122,0,3.3,255,29360,5992,29360,5992,3.6701,0.749,H2S,4.48
123,0,3.3,255,29313,5982,29313,5982,3.6642,0.7478,H2S,4.46
124,0,3.3,255,29196,5958,29196,5958,3.6495,0.7448,H2S,4.41
125,0,0.0,0,29039,5926,29039,5926,3.6299,0.7408,H2S,4.33
126,0,0.0,0,29047,5928,29047,5928,3.6309,0.741,H2S,4.34
127,0,0.0,0,29282,5976,29282,5976,3.6603,0.747,H2S,4.45
128,0,0.0,0,28800,5877,28800,5877,3.6,0.7347,H2S,4.22
129,0,0.0,0,28851,5888,28851,5888,3.6064,0.736,H2S,4.25
130,0,0.0,0,29008,5920,29008,5920,3.626,0.74,H2S,4.32
131,0,0.0,0,28702,5857,28702,5857,3.5878,0.7322,H2S,4.18
132,0,0.0,0,28992,5916,28992,5916,3.624,0.7396,H2S,4.31
133,0,0.0,0,28867,5891,28867,5891,3.6084,0.7364,H2S,4.26
134,0,0.0,0,28616,5840,28616,5840,3.577,0.73,H2S,4.14
135,0,0.0,0,28816,5880,28816,5880,3.602,0.7351,H2S,4.23
136,0,0.0,0,28364,5788,28364,5788,3.5456,0.7236,H2S,4.02
137,0,0.0,0,28690,5855,28690,5855,3.5863,0.7319,H2S,4.17
138,0,0.0,0,28636,5844,28636,5844,3.5795,0.7305,H2S,4.15
139,0,0.0,0,28584,5833,28584,5833,3.5731,0.7292,H2S,4.13
140,0,0.0,0,28529,5822,28529,5822,3.5662,0.7278,H2S,4.1
141,0,0.0,0,28498,5816,28498,5816,3.5623,0.727,H2S,4.09
142,0,0.0,0,28141,5743,28141,5743,3.5177,0.7179,H2S,3.92
143,0,0.0,0,28055,5725,28055,5725,3.5069,0.7157,H2S,3.88
144,0,0.0,0,28118,5738,28118,5738,3.5148,0.7173,H2S,3.91
145,0,0.0,0,28106,5736,28106,5736,3.5133,0.717,H2S,3.91
146,0,0.0,0,28024,5719,28024,5719,3.503,0.7149,H2S,3.87
147,0,0.0,0,28149,5744,28149,5744,3.5187,0.7181,H2S,3.93
148,0,0.0,0,27980,5710,27980,5710,3.4976,0.7138,H2S,3.85
149,0,0.0,0,27683,5649,27683,5649,3.4604,0.7062,H2S,3.71
150,0,0.0,0,27808,5675,27808,5675,3.4761,0.7094,H2S,3.77
151,0,0.0,0,27804,5674,27804,5674,3.4756,0.7093,H2S,3.77
152,0,0.0,0,27933,5700,27933,5700,3.4917,0.7126,H2S,3.83
153,0,0.0,0,27495,5611,27495,5611,3.4369,0.7014,H2S,3.63
154,0,0.0,0,27820,5677,27820,5677,3.4775,0.7097,H2S,3.77
155,0,0.0,0,27718,5656,27718,5656,3.4648,0.7071,H2S,3.73
156,0,0.0,0,27557,5624,27557,5624,3.4447,0.703,H2S,3.65
157,0,0.0,0,27373,5586,27373,5586,3.4217,0.6983,H2S,3.57
158,0,0.0,0,27384,5588,27384,5588,3.4231,0.6986,H2S,3.57
159,0,0.0,0,27522,5616,27522,5616,3.4403,0.7021,H2S,3.64
160,0,0.0,0,27260,5563,27260,5563,3.4075,0.6954,H2S,3.52
161,0,0.0,0,27173,5545,27173,5545,3.3967,0.6932,H2S,3.48
162,0,0.0,0,27185,5548,27185,5548,3.3982,0.6935,H2S,3.48
163,0,0.0,0,27495,5611,27495,5611,3.4369,0.7014,H2S,3.63
164,0,0.0,0,27212,5553,27212,5553,3.4016,0.6942,H2S,3.5
165,0,0.0,0,26992,5508,26992,5508,3.3741,0.6886,H2S,3.39
166,0,0.0,0,26957,5501,26957,5501,3.3697,0.6877,H2S,3.38
167,0,0.0,0,27008,5512,27008,5512,3.3761,0.689,H2S,3.4
168,0,0.0,0,27295,5570,27295,5570,3.4119,0.6963,H2S,3.53
169,0,0.0,0,27114,5533,27114,5533,3.3893,0.6917,H2S,3.45
170,0,0.0,0,27256,5562,27256,5562,3.407,0.6953,H2S,3.52
171,0,0.0,0,27244,5560,27244,5560,3.4055,0.695,H2S,3.51
172,0,0.0,0,27224,5556,27224,5556,3.4031,0.6945,H2S,3.5
173,0,0.0,0,27188,5548,27188,5548,3.3986,0.6936,H2S,3.48
174,0,0.0,0,26883,5486,26883,5486,3.3604,0.6858,H2S,3.34
175,0,0.0,0,27032,5516,27032,5516,3.379,0.6896,H2S,3.41
176,0,0.0,0,27028,5516,27028,5516,3.3786,0.6895,H2S,3.41
177,0,0.0,0,26875,5484,26875,5484,3.3594,0.6856,H2S,3.34
178,0,0.0,0,26742,5457,26742,5457,3.3428,0.6822,H2S,3.28
179,0,0.0,0,27064,5523,27064,5523,3.383,0.6904,H2S,3.43
180,0,0.0,0,26668,5442,26668,5442,3.3335,0.6803,H2S,3.25
181,0,0.0,0,26683,5445,26683,5445,3.3354,0.6807,H2S,3.25
182,0,0.0,0,27040,5518,27040,5518,3.38,0.6898,H2S,3.42
183,0,0.0,0,26907,5491,26907,5491,3.3634,0.6864,H2S,3.36
184,0,0.0,0,26832,5476,26832,5476,3.3541,0.6845,H2S,3.32
185,0,0.0,0,27056,5521,27056,5521,3.382,0.6902,H2S,3.42
186,0,0.0,0,27056,5521,27056,5521,3.382,0.6902,H2S,3.42
187,0,0.0,0,27048,5520,27048,5520,3.381,0.69,H2S,3.42
188,0,0.0,0,27000,5510,27000,5510,3.3751,0.6888,H2S,3.4
189,0,0.0,0,26820,5473,26820,5473,3.3526,0.6842,H2S,3.32
190,0,0.0,0,26718,5452,26718,5452,3.3398,0.6816,H2S,3.27
191,0,0.0,0,26750,5459,26750,5459,3.3438,0.6824,H2S,3.28
192,0,0.0,0,27052,5520,27052,5520,3.3815,0.6901,H2S,3.42
193,0,0.0,0,26793,5468,26793,5468,3.3492,0.6835,H2S,3.3
194,0,0.0,0,26946,5499,26946,5499,3.3683,0.6874,H2S,3.37
195,0,0.0,0,26730,5455,26730,5455,3.3413,0.6819,H2S,3.27
196,0,0.0,0,27052,5520,27052,5520,3.3815,0.6901,H2S,3.42
197,0,0.0,0,26707,5450,26707,5450,3.3384,0.6813,H2S,3.26
198,0,0.0,0,27068,5524,27068,5524,3.3835,0.6905,H2S,3.43
199,0,0.0,0,26754,5460,26754,5460,3.3443,0.6825,H2S,3.29
200,0,0.0,0,27161,5543,27161,5543,3.3952,0.6929,H2S,3.47
201,0,0.0,0,27173,5545,27173,5545,3.3967,0.6932,H2S,3.48
202,0,0.0,0,26757,5460,26757,5460,3.3447,0.6826,H2S,3.29
203,0,0.0,0,26930,5496,26930,5496,3.3663,0.687,H2S,3.37
204,0,0.0,0,26942,5498,26942,5498,3.3678,0.6873,H2S,3.37
205,0,0.0,0,27252,5561,27252,5561,3.4065,0.6952,H2S,3.51
206,0,0.0,0,26977,5505,26977,5505,3.3722,0.6882,H2S,3.39
207,0,0.0,0,26914,5492,26914,5492,3.3643,0.6866,H2S,3.36
208,0,0.0,0,27036,5517,27036,5517,3.3795,0.6897,H2S,3.41
82,0,3.3,255,31226,6372,31226,6372,3.9033,0.7966,H2S,5.34
83,0,3.3,255,31426,6413,31426,6413,3.9283,0.8017,H2S,5.43
84,0,3.3,255,31152,6357,31152,6357,3.894,0.7947,H2S,5.3
85,0,3.3,255,31101,6347,31101,6347,3.8877,0.7934,H2S,5.28
86,0,3.3,255,31380,6404,31380,6404,3.9225,0.8005,H2S,5.41
87,0,3.3,255,31226,6372,31226,6372,3.9033,0.7966,H2S,5.34
88,0,3.3,255,31085,6344,31085,6344,3.8857,0.793,H2S,5.27
89,0,3.3,255,30885,6303,30885,6303,3.8607,0.7879,H2S,5.18
90,0,3.3,255,30952,6316,30952,6316,3.869,0.7896,H2S,5.21
91,0,3.3,255,30811,6288,30811,6288,3.8514,0.786,H2S,5.15
92,0,3.3,255,30776,6280,30776,6280,3.847,0.7851,H2S,5.13
93,0,3.3,255,30815,6288,30815,6288,3.8519,0.7861,H2S,5.15
94,0,3.3,255,30807,6287,30807,6287,3.8509,0.7859,H2S,5.15
95,0,3.3,255,30819,6289,30819,6289,3.8524,0.7862,H2S,5.15
96,0,3.3,255,30736,6272,30736,6272,3.8421,0.7841,H2S,5.11
97,0,3.3,255,30980,6322,30980,6322,3.8725,0.7903,H2S,5.23
98,0,3.3,255,30584,6241,30584,6241,3.823,0.7802,H2S,5.04
99,0,3.3,255,30584,6241,30584,6241,3.823,0.7802,H2S,5.04
100,0,3.3,255,30419,6208,30419,6208,3.8024,0.776,H2S,4.97
101,0,3.3,255,30792,6284,30792,6284,3.849,0.7855,H2S,5.14
102,0,3.3,255,30744,6274,30744,6274,3.8431,0.7843,H2S,5.12
103,0,3.3,255,30493,6223,30493,6223,3.8117,0.7779,H2S,5.0
104,0,3.3,255,30309,6185,30309,6185,3.7887,0.7732,H2S,4.92
105,0,3.3,255,30293,6182,30293,6182,3.7867,0.7728,H2S,4.91
106,0,3.3,255,30528,6230,30528,6230,3.8161,0.7788,H2S,5.02
107,0,3.3,255,30481,6220,30481,6220,3.8102,0.7776,H2S,5.0
108,0,3.3,255,30419,6208,30419,6208,3.8024,0.776,H2S,4.97
109,0,3.3,255,30144,6152,30144,6152,3.7681,0.769,H2S,4.84
110,0,3.3,255,30309,6185,30309,6185,3.7887,0.7732,H2S,4.92
111,0,3.3,255,29932,6108,29932,6108,3.7416,0.7636,H2S,4.74
112,0,3.3,255,30200,6163,30200,6163,3.775,0.7704,H2S,4.87
113,0,3.3,255,30039,6130,30039,6130,3.7549,0.7663,H2S,4.79
114,0,3.3,255,29862,6094,29862,6094,3.7328,0.7618,H2S,4.71
115,0,3.3,255,29808,6083,29808,6083,3.726,0.7604,H2S,4.69
116,0,3.3,255,29580,6036,29580,6036,3.6975,0.7546,H2S,4.58
117,0,3.3,255,29564,6033,29564,6033,3.6956,0.7542,H2S,4.58
118,0,3.3,255,29498,6020,29498,6020,3.6873,0.7525,H2S,4.54
119,0,3.3,255,29729,6067,29729,6067,3.7162,0.7584,H2S,4.65
120,0,3.3,255,29752,6072,29752,6072,3.7191,0.759,H2S,4.66
121,0,3.3,255,29674,6056,29674,6056,3.7093,0.757,H2S,4.63
122,0,3.3,255,29360,5992,29360,5992,3.6701,0.749,H2S,4.48
123,0,3.3,255,29313,5982,29313,5982,3.6642,0.7478,H2S,4.46
124,0,3.3,255,29196,5958,29196,5958,3.6495,0.7448,H2S,4.41
125,0,0.0,0,29039,5926,29039,5926,3.6299,0.7408,H2S,4.33
126,0,0.0,0,29047,5928,29047,5928,3.6309,0.741,H2S,4.34
127,0,0.0,0,29282,5976,29282,5976,3.6603,0.747,H2S,4.45
128,0,0.0,0,28800,5877,28800,5877,3.6,0.7347,H2S,4.22
129,0,0.0,0,28851,5888,28851,5888,3.6064,0.736,H2S,4.25
130,0,0.0,0,29008,5920,29008,5920,3.626,0.74,H2S,4.32
131,0,0.0,0,28702,5857,28702,5857,3.5878,0.7322,H2S,4.18
132,0,0.0,0,28992,5916,28992,5916,3.624,0.7396,H2S,4.31
133,0,0.0,0,28867,5891,28867,5891,3.6084,0.7364,H2S,4.26
134,0,0.0,0,28616,5840,28616,5840,3.577,0.73,H2S,4.14
135,0,0.0,0,28816,5880,28816,5880,3.602,0.7351,H2S,4.23
136,0,0.0,0,28364,5788,28364,5788,3.5456,0.7236,H2S,4.02
137,0,0.0,0,28690,5855,28690,5855,3.5863,0.7319,H2S,4.17
138,0,0.0,0,28636,5844,28636,5844,3.5795,0.7305,H2S,4.15
139,0,0.0,0,28584,5833,28584,5833,3.5731,0.7292,H2S,4.13
140,0,0.0,0,28529,5822,28529,5822,3.5662,0.7278,H2S,4.1
141,0,0.0,0,28498,5816,28498,5816,3.5623,0.727,H2S,4.09
142,0,0.0,0,28141,5743,28141,5743,3.5177,0.7179,H2S,3.92
143,0,0.0,0,28055,5725,28055,5725,3.5069,0.7157,H2S,3.88
144,0,0.0,0,28118,5738,28118,5738,3.5148,0.7173,H2S,3.91
145,0,0.0,0,28106,5736,28106,5736,3.5133,0.717,H2S,3.91
146,0,0.0,0,28024,5719,28024,5719,3.503,0.7149,H2S,3.87
147,0,0.0,0,28149,5744,28149,5744,3.5187,0.7181,H2S,3.93
148,0,0.0,0,27980,5710,27980,5710,3.4976,0.7138,H2S,3.85
149,0,0.0,0,27683,5649,27683,5649,3.4604,0.7062,H2S,3.71
150,0,0.0,0,27808,5675,27808,5675,3.4761,0.7094,H2S,3.77
151,0,0.0,0,27804,5674,27804,5674,3.4756,0.7093,H2S,3.77
152,0,0.0,0,27933,5700,27933,5700,3.4917,0.7126,H2S,3.83
153,0,0.0,0,27495,5611,27495,5611,3.4369,0.7014,H2S,3.63
154,0,0.0,0,27820,5677,27820,5677,3.4775,0.7097,H2S,3.77
155,0,0.0,0,27718,5656,27718,5656,3.4648,0.7071,H2S,3.73
156,0,0.0,0,27557,5624,27557,5624,3.4447,0.703,H2S,3.65
157,0,0.0,0,27373,5586,27373,5586,3.4217,0.6983,H2S,3.57
158,0,0.0,0,27384,5588,27384,5588,3.4231,0.6986,H2S,3.57
159,0,0.0,0,27522,5616,27522,5616,3.4403,0.7021,H2S,3.64
160,0,0.0,0,27260,5563,27260,5563,3.4075,0.6954,H2S,3.52
161,0,0.0,0,27173,5545,27173,5545,3.3967,0.6932,H2S,3.48
162,0,0.0,0,27185,5548,27185,5548,3.3982,0.6935,H2S,3.48
163,0,0.0,0,27495,5611,27495,5611,3.4369,0.7014,H2S,3.63
164,0,0.0,0,27212,5553,27212,5553,3.4016,0.6942,H2S,3.5
165,0,0.0,0,26992,5508,26992,5508,3.3741,0.6886,H2S,3.39
166,0,0.0,0,26957,5501,26957,5501,3.3697,0.6877,H2S,3.38
167,0,0.0,0,27008,5512,27008,5512,3.3761,0.689,H2S,3.4
168,0,0.0,0,27295,5570,27295,5570,3.4119,0.6963,H2S,3.53
169,0,0.0,0,27114,5533,27114,5533,3.3893,0.6917,H2S,3.45
170,0,0.0,0,27256,5562,27256,5562,3.407,0.6953,H2S,3.52
171,0,0.0,0,27244,5560,27244,5560,3.4055,0.695,H2S,3.51
172,0,0.0,0,27224,5556,27224,5556,3.4031,0.6945,H2S,3.5
173,0,0.0,0,27188,5548,27188,5548,3.3986,0.6936,H2S,3.48
174,0,0.0,0,26883,5486,26883,5486,3.3604,0.6858,H2S,3.34
175,0,0.0,0,27032,5516,27032,5516,3.379,0.6896,H2S,3.41
176,0,0.0,0,27028,5516,27028,5516,3.3786,0.6895,H2S,3.41
177,0,0.0,0,26875,5484,26875,5484,3.3594,0.6856,H2S,3.34
178,0,0.0,0,26742,5457,26742,5457,3.3428,0.6822,H2S,3.28
179,0,0.0,0,27064,5523,27064,5523,3.383,0.6904,H2S,3.43
180,0,0.0,0,26668,5442,26668,5442,3.3335,0.6803,H2S,3.25
181,0,0.0,0,26683,5445,26683,5445,3.3354,0.6807,H2S,3.25
182,0,0.0,0,27040,5518,27040,5518,3.38,0.6898,H2S,3.42
183,0,0.0,0,26907,5491,26907,5491,3.3634,0.6864,H2S,3.36
184,0,0.0,0,26832,5476,26832,5476,3.3541,0.6845,H2S,3.32
185,0,0.0,0,27056,5521,27056,5521,3.382,0.6902,H2S,3.42
186,0,0.0,0,27056,5521,27056,5521,3.382,0.6902,H2S,3.42
187,0,0.0,0,27048,5520,27048,5520,3.381,0.69,H2S,3.42
188,0,0.0,0,27000,5510,27000,5510,3.3751,0.6888,H2S,3.4
189,0,0.0,0,26820,5473,26820,5473,3.3526,0.6842,H2S,3.32
190,0,0.0,0,26718,5452,26718,5452,3.3398,0.6816,H2S,3.27
191,0,0.0,0,26750,5459,26750,5459,3.3438,0.6824,H2S,3.28
192,0,0.0,0,27052,5520,27052,5520,3.3815,0.6901,H2S,3.42
193,0,0.0,0,26793,5468,26793,5468,3.3492,0.6835,H2S,3.3
194,0,0.0,0,26946,5499,26946,5499,3.3683,0.6874,H2S,3.37
195,0,0.0,0,26730,5455,26730,5455,3.3413,0.6819,H2S,3.27
196,0,0.0,0,27052,5520,27052,5520,3.3815,0.6901,H2S,3.42
197,0,0.0,0,26707,5450,26707,5450,3.3384,0.6813,H2S,3.26
198,0,0.0,0,27068,5524,27068,5524,3.3835,0.6905,H2S,3.43
199,0,0.0,0,26754,5460,26754,5460,3.3443,0.6825,H2S,3.29
200,0,0.0,0,27161,5543,27161,5543,3.3952,0.6929,H2S,3.47
201,0,0.0,0,27173,5545,27173,5545,3.3967,0.6932,H2S,3.48
202,0,0.0,0,26757,5460,26757,5460,3.3447,0.6826,H2S,3.29
203,0,0.0,0,26930,5496,26930,5496,3.3663,0.687,H2S,3.37
204,0,0.0,0,26942,5498,26942,5498,3.3678,0.6873,H2S,3.37
205,0,0.0,0,27252,5561,27252,5561,3.4065,0.6952,H2S,3.51
206,0,0.0,0,26977,5505,26977,5505,3.3722,0.6882,H2S,3.39
207,0,0.0,0,26914,5492,26914,5492,3.3643,0.6866,H2S,3.36
208,0,0.0,0,27036,5517,27036,5517,3.3795,0.6897,H2S,3.41