point,waveType,dacVoltage,pulse,rawSensor1,rawSensor2,sensor1,sensor2,voltage1,voltage2,gasType,ppm
16,0,3.3,255,20780,4663,20780,4663,2.5975,0.58288,MixedAir,0.0
17,0,3.3,255,21088,4719,21088,4719,2.636,0.58988,MixedAir,0.0
18,0,3.3,255,21239,4670,21239,4670,2.65488,0.58375,MixedAir,0.0
19,0,3.3,255,21364,4651,21364,4651,2.6705,0.58138,MixedAir,0.0
20,0,3.3,255,21484,4664,21484,4664,2.6855,0.583,MixedAir,0.0
21,0,3.3,255,21609,4702,21609,4702,2.70113,0.58775,MixedAir,0.0
22,0,3.3,255,21723,4718,21723,4718,2.71538,0.58975,MixedAir,0.0
23,0,3.3,255,21741,4677,21741,4677,2.71763,0.58463,MixedAir,0.0
24,0,3.3,255,21943,4659,21943,4659,2.74288,0.58238,MixedAir,0.0
25,0,3.3,255,21877,4650,21877,4650,2.73463,0.58125,MixedAir,0.0
26,0,3.3,255,22129,4700,22129,4700,2.76613,0.5875,MixedAir,0.0
27,0,3.3,255,22066,4721,22066,4721,2.75825,0.59013,MixedAir,0.0
28,0,3.3,255,22316,4668,22316,4668,2.7895,0.5835,MixedAir,0.0
29,0,3.3,255,22358,4655,22358,4655,2.79475,0.58188,MixedAir,0.0
30,0,3.3,255,22474,4645,22474,4645,2.80925,0.58063,MixedAir,0.0
31,0,3.3,255,22541,4641,22541,4641,2.81763,0.58013,MixedAir,0.0
32,0,3.3,255,22612,4666,22612,4666,2.8265,0.58325,MixedAir,0.0
33,0,3.3,255,22682,4644,22682,4644,2.83525,0.5805,MixedAir,0.0
34,0,3.3,255,22581,4671,22581,4671,2.82263,0.58388,MixedAir,0.0
35,0,3.3,255,22808,4707,22808,4707,2.851,0.58838,MixedAir,0.0
36,0,3.3,255,22701,4714,22701,4714,2.83763,0.58925,MixedAir,0.0
37,0,3.3,255,22928,4674,22928,4674,2.866,0.58425,MixedAir,0.0
38,0,3.3,255,23067,4665,23067,4665,2.88338,0.58313,MixedAir,0.0
39,0,3.3,255,22953,4669,22953,4669,2.86913,0.58363,MixedAir,0.0
40,0,3.3,255,23156,4674,23156,4674,2.8945,0.58425,MixedAir,0.0
41,0,3.3,255,23193,4680,23193,4680,2.89913,0.585,MixedAir,0.0
42,0,3.3,255,23237,4665,23237,4665,2.90463,0.58313,MixedAir,0.0
43,0,3.3,255,23259,4652,23259,4652,2.90738,0.5815,MixedAir,0.0
44,0,3.3,255,23294,4657,23294,4657,2.91175,0.58213,MixedAir,0.0
45,0,3.3,255,23335,4669,23335,4669,2.91688,0.58363,MixedAir,0.0
46,0,3.3,255,23366,4715,23366,4715,2.92075,0.58938,MixedAir,0.0
47,0,3.3,255,23226,4719,23226,4719,2.90325,0.58988,MixedAir,0.0
48,0,3.3,255,23423,4711,23423,4711,2.92788,0.58888,MixedAir,0.0
49,0,3.3,255,23275,4719,23275,4719,2.90938,0.58988,MixedAir,0.0
50,0,3.3,255,23473,4641,23473,4641,2.93413,0.58013,MixedAir,0.0
51,0,3.3,255,23327,4647,23327,4647,2.91588,0.58088,MixedAir,0.0
52,0,3.3,255,23517,4694,23517,4694,2.93963,0.58675,MixedAir,0.0
53,0,3.3,255,23372,4659,23372,4659,2.9215,0.58238,MixedAir,0.0
54,0,3.3,255,23562,4650,23562,4650,2.94525,0.58125,MixedAir,0.0
55,0,3.3,255,23537,4661,23537,4661,2.94213,0.58263,MixedAir,0.0
56,0,3.3,255,23440,4692,23440,4692,2.93,0.5865,MixedAir,0.0
57,0,3.3,255,23455,4719,23455,4719,2.93188,0.58988,MixedAir,0.0
58,0,3.3,255,23655,4700,23655,4700,2.95688,0.5875,MixedAir,0.0
59,0,3.3,255,23485,4713,23485,4713,2.93563,0.58913,MixedAir,0.0
60,0,3.3,255,23668,4725,23668,4725,2.9585,0.59063,MixedAir,0.0
61,0,3.3,255,23526,4677,23526,4677,2.94075,0.58463,MixedAir,0.0
62,0,3.3,255,23714,4709,23714,4709,2.96425,0.58863,MixedAir,0.0
63,0,3.3,255,23541,4719,23541,4719,2.94263,0.58988,MixedAir,0.0
64,0,3.3,255,23580,4646,23580,4646,2.9475,0.58075,MixedAir,0.0
65,0,3.3,255,23757,4660,23757,4660,2.96963,0.5825,MixedAir,0.0
66,0,3.3,255,23595,4657,23595,4657,2.94938,0.58213,MixedAir,0.0
67,0,3.3,255,23780,4655,23780,4655,2.9725,0.58188,MixedAir,0.0
68,0,3.3,255,23617,4664,23617,4664,2.95213,0.583,MixedAir,0.0
69,0,3.3,255,23802,4664,23802,4664,2.97525,0.583,MixedAir,0.0
70,0,3.3,255,23633,4664,23633,4664,2.95413,0.583,MixedAir,0.0
71,0,3.3,255,23671,4655,23671,4655,2.95888,0.58188,MixedAir,0.0
72,0,3.3,255,23820,4712,23820,4712,2.9775,0.589,MixedAir,0.0
73,0,3.3,255,23656,4644,23656,4644,2.957,0.5805,MixedAir,0.0
74,0,3.3,255,23830,4672,23830,4672,2.97875,0.584,MixedAir,0.0
75,0,3.3,255,23663,4642,23663,4642,2.95788,0.58025,MixedAir,0.0
76,0,3.3,255,23840,4711,23840,4711,2.98,0.58888,MixedAir,0.0
77,0,3.3,255,23851,4709,23851,4709,2.98138,0.58863,MixedAir,0.0
78,0,3.3,255,23856,4711,23856,4711,2.982,0.58888,MixedAir,0.0
79,0,3.3,255,23861,4726,23861,4726,2.98263,0.59075,MixedAir,0.0
80,0,3.3,255,23869,4707,23869,4707,2.98363,0.58838,MixedAir,0.0
81,0,3.3,255,23874,4719,23874,4719,2.98425,0.58988,MixedAir,0.0
82,0,3.3,255,23880,4723,23880,4723,2.985,0.59038,MixedAir,0.0
83,0,3.3,255,23708,4722,23708,4722,2.9635,0.59025,MixedAir,0.0
84,0,3.3,255,23885,4721,23885,4721,2.98563,0.59013,MixedAir,0.0
85,0,3.3,255,23712,4718,23712,4718,2.964,0.58975,MixedAir,0.0
86,0,3.3,255,23890,4722,23890,4722,2.98625,0.59025,MixedAir,0.0
87,0,3.3,255,23719,4690,23719,4690,2.96488,0.58625,MixedAir,0.0
88,0,3.3,255,23901,4716,23901,4716,2.98763,0.5895,MixedAir,0.0
89,0,3.3,255,23725,4676,23725,4676,2.96563,0.5845,MixedAir,0.0
90,0,3.3,255,23738,4645,23738,4645,2.96725,0.58063,MixedAir,0.0
91,0,3.3,255,23746,4656,23746,4656,2.96825,0.582,MixedAir,0.0
92,0,3.3,255,23921,4662,23921,4662,2.99013,0.58275,MixedAir,0.0
93,0,3.3,255,23909,4677,23909,4677,2.98863,0.58463,MixedAir,0.0
94,0,3.3,255,23918,4673,23918,4673,2.98975,0.58413,MixedAir,0.0
95,0,3.3,255,23928,4659,23928,4659,2.991,0.58238,MixedAir,0.0
96,0,3.3,255,23765,4662,23765,4662,2.97063,0.58275,MixedAir,0.0
97,0,3.3,255,23941,4655,23941,4655,2.99263,0.58188,MixedAir,0.0
98,0,3.3,255,23770,4663,23770,4663,2.97125,0.58288,MixedAir,0.0
99,0,3.3,255,23770,4692,23770,4692,2.97125,0.5865,MixedAir,0.0
100,0,3.3,255,23781,4691,23781,4691,2.97263,0.58637,MixedAir,0.0
101,0,3.3,255,23948,4719,23948,4719,2.9935,0.58988,MixedAir,0.0
102,0,3.3,255,23768,4722,23768,4722,2.971,0.59025,MixedAir,0.0
103,0,3.3,255,23946,4684,23946,4684,2.99325,0.5855,MixedAir,0.0
104,0,3.3,255,23941,4708,23941,4708,2.99263,0.5885,MixedAir,0.0
105,0,3.3,255,23935,4673,23935,4673,2.99188,0.58413,MixedAir,0.0
106,0,3.3,255,23944,4657,23944,4657,2.993,0.58213,MixedAir,0.0
107,0,3.3,255,23945,4643,23945,4643,2.99313,0.58038,MixedAir,0.0
108,0,3.3,255,23781,4657,23781,4657,2.97263,0.58213,MixedAir,0.0
109,0,3.3,255,23959,4675,23959,4675,2.99488,0.58438,MixedAir,0.0
110,0,3.3,255,23956,4711,23956,4711,2.9945,0.58888,MixedAir,0.0
111,0,3.3,255,23958,4689,23958,4689,2.99475,0.58613,MixedAir,0.0
112,0,3.3,255,23959,4700,23959,4700,2.99488,0.5875,MixedAir,0.0
113,0,3.3,255,23781,4720,23781,4720,2.97263,0.59,MixedAir,0.0
114,0,3.3,255,23955,4715,23955,4715,2.99438,0.58938,MixedAir,0.0
115,0,3.3,255,23956,4712,23956,4712,2.9945,0.589,MixedAir,0.0
116,0,3.3,255,23958,4723,23958,4723,2.99475,0.59038,MixedAir,0.0
117,0,3.3,255,23961,4688,23961,4688,2.99513,0.586,MixedAir,0.0
118,0,3.3,255,23959,4684,23959,4684,2.99488,0.5855,MixedAir,0.0
119,0,3.3,255,23953,4722,23953,4722,2.99413,0.59025,MixedAir,0.0
120,0,3.3,255,23786,4721,23786,4721,2.97325,0.59013,MixedAir,0.0
121,0,3.3,255,23957,4671,23957,4671,2.99463,0.58388,MixedAir,0.0
122,0,3.3,255,23784,4659,23784,4659,2.973,0.58238,MixedAir,0.0
123,0,3.3,255,23776,4720,23776,4720,2.972,0.59,MixedAir,0.0
124,0,3.3,255,23956,4726,23956,4726,2.9945,0.59075,MixedAir,0.0
125,0,0.0,0,25674,4713,25674,4713,3.20925,0.58913,MixedAir,0.0
126,0,0.0,0,25674,4706,25674,4706,3.20925,0.58825,MixedAir,0.0
127,0,0.0,0,25306,4713,25306,4713,3.16325,0.58913,MixedAir,0.0
128,0,0.0,0,25220,4703,25220,4703,3.1525,0.58788,MixedAir,0.0
129,0,0.0,0,24819,4681,24819,4681,3.10238,0.58513,MixedAir,0.0
130,0,0.0,0,24780,4691,24780,4691,3.0975,0.58637,MixedAir,0.0
131,0,0.0,0,24321,4645,24321,4645,3.04013,0.58063,MixedAir,0.0
132,0,0.0,0,23879,4639,23879,4639,2.98488,0.57988,MixedAir,0.0
133,0,0.0,0,23526,4637,23526,4637,2.94075,0.57963,MixedAir,0.0
134,0,0.0,0,23526,4655,23526,4655,2.94075,0.58188,MixedAir,0.0
135,0,0.0,0,23193,4664,23193,4664,2.89913,0.583,MixedAir,0.0
136,0,0.0,0,23195,4652,23195,4652,2.89938,0.5815,MixedAir,0.0
137,0,0.0,0,22877,4675,22877,4675,2.85963,0.58438,MixedAir,0.0
138,0,0.0,0,22886,4686,22886,4686,2.86075,0.58575,MixedAir,0.0
139,0,0.0,0,22579,4675,22579,4675,2.82238,0.58438,MixedAir,0.0
140,0,0.0,0,22421,4711,22421,4711,2.80263,0.58888,MixedAir,0.0
141,0,0.0,0,22272,4690,22272,4690,2.784,0.58625,MixedAir,0.0
142,0,0.0,0,22317,4668,22317,4668,2.78963,0.5835,MixedAir,0.0
143,0,0.0,0,22028,4696,22028,4696,2.7535,0.587,MixedAir,0.0
144,0,0.0,0,22053,4713,22053,4713,2.75663,0.58913,MixedAir,0.0
145,0,0.0,0,21900,4710,21900,4710,2.7375,0.58875,MixedAir,0.0
146,0,0.0,0,21628,4710,21628,4710,2.7035,0.58875,MixedAir,0.0
147,0,0.0,0,21665,4672,21665,4672,2.70813,0.584,MixedAir,0.0
148,0,0.0,0,21550,4681,21550,4681,2.69375,0.58513,MixedAir,0.0
149,0,0.0,0,21289,4707,21289,4707,2.66113,0.58838,MixedAir,0.0
150,0,0.0,0,21347,4713,21347,4713,2.66838,0.58913,MixedAir,0.0
151,0,0.0,0,21096,4711,21096,4711,2.637,0.58888,MixedAir,0.0
152,0,0.0,0,21161,4683,21161,4683,2.64513,0.58538,MixedAir,0.0
153,0,0.0,0,20907,4712,20907,4712,2.61338,0.589,MixedAir,0.0
154,0,0.0,0,20975,4672,20975,4672,2.62188,0.584,MixedAir,0.0
155,0,0.0,0,20740,4712,20740,4712,2.5925,0.589,MixedAir,0.0
156,0,0.0,0,20793,4706,20793,4706,2.59913,0.58825,MixedAir,0.0
157,0,0.0,0,20718,4715,20718,4715,2.58975,0.58938,MixedAir,0.0
158,0,0.0,0,20635,4714,20635,4714,2.57938,0.58925,MixedAir,0.0
159,0,0.0,0,20562,4679,20562,4679,2.57025,0.58488,MixedAir,0.0
160,0,0.0,0,20491,4710,20491,4710,2.56138,0.58875,MixedAir,0.0
161,0,0.0,0,20421,4712,20421,4712,2.55263,0.589,MixedAir,0.0
162,0,0.0,0,20179,4693,20179,4693,2.52238,0.58663,MixedAir,0.0
163,0,0.0,0,20298,4647,20298,4647,2.53725,0.58088,MixedAir,0.0
164,0,0.0,0,20168,4652,20168,4652,2.521,0.5815,MixedAir,0.0
165,0,0.0,0,20176,4687,20176,4687,2.522,0.58588,MixedAir,0.0
166,0,0.0,0,20067,4661,20067,4661,2.50838,0.58263,MixedAir,0.0
167,0,0.0,0,19913,4697,19913,4697,2.48913,0.58713,MixedAir,0.0
168,0,0.0,0,19996,4711,19996,4711,2.4995,0.58888,MixedAir,0.0
169,0,0.0,0,19947,4713,19947,4713,2.49338,0.58913,MixedAir,0.0
170,0,0.0,0,19895,4710,19895,4710,2.48688,0.58875,MixedAir,0.0
171,0,0.0,0,19855,4697,19855,4697,2.48188,0.58713,MixedAir,0.0
172,0,0.0,0,19766,4701,19766,4701,2.47075,0.58763,MixedAir,0.0
173,0,0.0,0,19754,4660,19754,4660,2.46925,0.5825,MixedAir,0.0
174,0,0.0,0,19564,4701,19564,4701,2.4455,0.58763,MixedAir,0.0
20,0,3.3,255,21484,4664,21484,4664,2.6855,0.583,MixedAir,0.0
21,0,3.3,255,21609,4702,21609,4702,2.70113,0.58775,MixedAir,0.0
22,0,3.3,255,21723,4718,21723,4718,2.71538,0.58975,MixedAir,0.0
23,0,3.3,255,21741,4677,21741,4677,2.71763,0.58463,MixedAir,0.0
24,0,3.3,255,21943,4659,21943,4659,2.74288,0.58238,MixedAir,0.0
25,0,3.3,255,21877,4650,21877,4650,2.73463,0.58125,MixedAir,0.0
26,0,3.3,255,22129,4700,22129,4700,2.76613,0.5875,MixedAir,0.0
27,0,3.3,255,22066,4721,22066,4721,2.75825,0.59013,MixedAir,0.0
28,0,3.3,255,22316,4668,22316,4668,2.7895,0.5835,MixedAir,0.0
29,0,3.3,255,22358,4655,22358,4655,2.79475,0.58188,MixedAir,0.0
30,0,3.3,255,22474,4645,22474,4645,2.80925,0.58063,MixedAir,0.0
31,0,3.3,255,22541,4641,22541,4641,2.81763,0.58013,MixedAir,0.0
32,0,3.3,255,22612,4666,22612,4666,2.8265,0.58325,MixedAir,0.0
33,0,3.3,255,22682,4644,22682,4644,2.83525,0.5805,MixedAir,0.0
34,0,3.3,255,22581,4671,22581,4671,2.82263,0.58388,MixedAir,0.0
35,0,3.3,255,22808,4707,22808,4707,2.851,0.58838,MixedAir,0.0
36,0,3.3,255,22701,4714,22701,4714,2.83763,0.58925,MixedAir,0.0
37,0,3.3,255,22928,4674,22928,4674,2.866,0.58425,MixedAir,0.0
38,0,3.3,255,23067,4665,23067,4665,2.88338,0.58313,MixedAir,0.0
39,0,3.3,255,22953,4669,22953,4669,2.86913,0.58363,MixedAir,0.0
40,0,3.3,255,23156,4674,23156,4674,2.8945,0.58425,MixedAir,0.0
41,0,3.3,255,23193,4680,23193,4680,2.89913,0.585,MixedAir,0.0
42,0,3.3,255,23237,4665,23237,4665,2.90463,0.58313,MixedAir,0.0
43,0,3.3,255,23259,4652,23259,4652,2.90738,0.5815,MixedAir,0.0
44,0,3.3,255,23294,4657,23294,4657,2.91175,0.58213,MixedAir,0.0
45,0,3.3,255,23335,4669,23335,4669,2.91688,0.58363,MixedAir,0.0
46,0,3.3,255,23366,4715,23366,4715,2.92075,0.58938,MixedAir,0.0
47,0,3.3,255,23226,4719,23226,4719,2.90325,0.58988,MixedAir,0.0
48,0,3.3,255,23423,4711,23423,4711,2.92788,0.58888,MixedAir,0.0
49,0,3.3,255,23275,4719,23275,4719,2.90938,0.58988,MixedAir,0.0
50,0,3.3,255,23473,4641,23473,4641,2.93413,0.58013,MixedAir,0.0
51,0,3.3,255,23327,4647,23327,4647,2.91588,0.58088,MixedAir,0.0
52,0,3.3,255,23517,4694,23517,4694,2.93963,0.58675,MixedAir,0.0
53,0,3.3,255,23372,4659,23372,4659,2.9215,0.58238,MixedAir,0.0
54,0,3.3,255,23562,4650,23562,4650,2.94525,0.58125,MixedAir,0.0
55,0,3.3,255,23537,4661,23537,4661,2.94213,0.58263,MixedAir,0.0
56,0,3.3,255,23440,4692,23440,4692,2.93,0.5865,MixedAir,0.0
57,0,3.3,255,23455,4719,23455,4719,2.93188,0.58988,MixedAir,0.0
58,0,3.3,255,23655,4700,23655,4700,2.95688,0.5875,MixedAir,0.0
59,0,3.3,255,23485,4713,23485,4713,2.93563,0.58913,MixedAir,0.0
60,0,3.3,255,23668,4725,23668,4725,2.9585,0.59063,MixedAir,0.0
61,0,3.3,255,23526,4677,23526,4677,2.94075,0.58463,MixedAir,0.0
62,0,3.3,255,23714,4709,23714,4709,2.96425,0.58863,MixedAir,0.0
63,0,3.3,255,23541,4719,23541,4719,2.94263,0.58988,MixedAir,0.0
64,0,3.3,255,23580,4646,23580,4646,2.9475,0.58075,MixedAir,0.0
65,0,3.3,255,23757,4660,23757,4660,2.96963,0.5825,MixedAir,0.0
66,0,3.3,255,23595,4657,23595,4657,2.94938,0.58213,MixedAir,0.0
67,0,3.3,255,23780,4655,23780,4655,2.9725,0.58188,MixedAir,0.0
68,0,3.3,255,23617,4664,23617,4664,2.95213,0.583,MixedAir,0.0
69,0,3.3,255,23802,4664,23802,4664,2.97525,0.583,MixedAir,0.0
70,0,3.3,255,23633,4664,23633,4664,2.95413,0.583,MixedAir,0.0
71,0,3.3,255,23671,4655,23671,4655,2.95888,0.58188,MixedAir,0.0
72,0,3.3,255,23820,4712,23820,4712,2.9775,0.589,MixedAir,0.0
73,0,3.3,255,23656,4644,23656,4644,2.957,0.5805,MixedAir,0.0
74,0,3.3,255,23830,4672,23830,4672,2.97875,0.584,MixedAir,0.0
75,0,3.3,255,23663,4642,23663,4642,2.95788,0.58025,MixedAir,0.0
76,0,3.3,255,23840,4711,23840,4711,2.98,0.58888,MixedAir,0.0
77,0,3.3,255,23851,4709,23851,4709,2.98138,0.58863,MixedAir,0.0
78,0,3.3,255,23856,4711,23856,4711,2.982,0.58888,MixedAir,0.0
79,0,3.3,255,23861,4726,23861,4726,2.98263,0.59075,MixedAir,0.0
80,0,3.3,255,23869,4707,23869,4707,2.98363,0.58838,MixedAir,0.0
81,0,3.3,255,23874,4719,23874,4719,2.98425,0.58988,MixedAir,0.0
82,0,3.3,255,23880,4723,23880,4723,2.985,0.59038,MixedAir,0.0
83,0,3.3,255,23708,4722,23708,4722,2.9635,0.59025,MixedAir,0.0
84,0,3.3,255,23885,4721,23885,4721,2.98563,0.59013,MixedAir,0.0
85,0,3.3,255,23712,4718,23712,4718,2.964,0.58975,MixedAir,0.0
86,0,3.3,255,23890,4722,23890,4722,2.98625,0.59025,MixedAir,0.0
87,0,3.3,255,23719,4690,23719,4690,2.96488,0.58625,MixedAir,0.0
88,0,3.3,255,23901,4716,23901,4716,2.98763,0.5895,MixedAir,0.0
89,0,3.3,255,23725,4676,23725,4676,2.96563,0.5845,MixedAir,0.0
90,0,3.3,255,23738,4645,23738,4645,2.96725,0.58063,MixedAir,0.0
91,0,3.3,255,23746,4656,23746,4656,2.96825,0.582,MixedAir,0.0
92,0,3.3,255,23921,4662,23921,4662,2.99013,0.58275,MixedAir,0.0
93,0,3.3,255,23909,4677,23909,4677,2.98863,0.58463,MixedAir,0.0
94,0,3.3,255,23918,4673,23918,4673,2.98975,0.58413,MixedAir,0.0
95,0,3.3,255,23928,4659,23928,4659,2.991,0.58238,MixedAir,0.0
96,0,3.3,255,23765,4662,23765,4662,2.97063,0.58275,MixedAir,0.0
97,0,3.3,255,23941,4655,23941,4655,2.99263,0.58188,MixedAir,0.0
98,0,3.3,255,23770,4663,23770,4663,2.97125,0.58288,MixedAir,0.0
99,0,3.3,255,23770,4692,23770,4692,2.97125,0.5865,MixedAir,0.0
100,0,3.3,255,23781,4691,23781,4691,2.97263,0.58637,MixedAir,0.0
101,0,3.3,255,23948,4719,23948,4719,2.9935,0.58988,MixedAir,0.0
102,0,3.3,255,23768,4722,23768,4722,2.971,0.59025,MixedAir,0.0
103,0,3.3,255,23946,4684,23946,4684,2.99325,0.5855,MixedAir,0.0
104,0,3.3,255,23941,4708,23941,4708,2.99263,0.5885,MixedAir,0.0
105,0,3.3,255,23935,4673,23935,4673,2.99188,0.58413,MixedAir,0.0
106,0,3.3,255,23944,4657,23944,4657,2.993,0.58213,MixedAir,0.0
107,0,3.3,255,23945,4643,23945,4643,2.99313,0.58038,MixedAir,0.0
108,0,3.3,255,23781,4657,23781,4657,2.97263,0.58213,MixedAir,0.0
109,0,3.3,255,23959,4675,23959,4675,2.99488,0.58438,MixedAir,0.0
110,0,3.3,255,23956,4711,23956,4711,2.9945,0.58888,MixedAir,0.0
111,0,3.3,255,23958,4689,23958,4689,2.99475,0.58613,MixedAir,0.0
112,0,3.3,255,23959,4700,23959,4700,2.99488,0.5875,MixedAir,0.0
113,0,3.3,255,23781,4720,23781,4720,2.97263,0.59,MixedAir,0.0
114,0,3.3,255,23955,4715,23955,4715,2.99438,0.58938,MixedAir,0.0
115,0,3.3,255,23956,4712,23956,4712,2.9945,0.589,MixedAir,0.0
116,0,3.3,255,23958,4723,23958,4723,2.99475,0.59038,MixedAir,0.0
117,0,3.3,255,23961,4688,23961,4688,2.99513,0.586,MixedAir,0.0
118,0,3.3,255,23959,4684,23959,4684,2.99488,0.5855,MixedAir,0.0
119,0,3.3,255,23953,4722,23953,4722,2.99413,0.59025,MixedAir,0.0
120,0,3.3,255,23786,4721,23786,4721,2.97325,0.59013,MixedAir,0.0
121,0,3.3,255,23957,4671,23957,4671,2.99463,0.58388,MixedAir,0.0
122,0,3.3,255,23784,4659,23784,4659,2.973,0.58238,MixedAir,0.0
123,0,3.3,255,23776,4720,23776,4720,2.972,0.59,MixedAir,0.0
124,0,3.3,255,23956,4726,23956,4726,2.9945,0.59075,MixedAir,0.0
125,0,0.0,0,25674,4713,25674,4713,3.20925,0.58913,MixedAir,0.0
126,0,0.0,0,25674,4706,25674,4706,3.20925,0.58825,MixedAir,0.0
127,0,0.0,0,25306,4713,25306,4713,3.16325,0.58913,MixedAir,0.0
128,0,0.0,0,25220,4703,25220,4703,3.1525,0.58788,MixedAir,0.0
129,0,0.0,0,24819,4681,24819,4681,3.10238,0.58513,MixedAir,0.0
130,0,0.0,0,24780,4691,24780,4691,3.0975,0.58637,MixedAir,0.0
131,0,0.0,0,24321,4645,24321,4645,3.04013,0.58063,MixedAir,0.0
132,0,0.0,0,23879,4639,23879,4639,2.98488,0.57988,MixedAir,0.0
133,0,0.0,0,23526,4637,23526,4637,2.94075,0.57963,MixedAir,0.0
134,0,0.0,0,23526,4655,23526,4655,2.94075,0.58188,MixedAir,0.0
135,0,0.0,0,23193,4664,23193,4664,2.89913,0.583,MixedAir,0.0
136,0,0.0,0,23195,4652,23195,4652,2.89938,0.5815,MixedAir,0.0
137,0,0.0,0,22877,4675,22877,4675,2.85963,0.58438,MixedAir,0.0
138,0,0.0,0,22886,4686,22886,4686,2.86075,0.58575,MixedAir,0.0
139,0,0.0,0,22579,4675,22579,4675,2.82238,0.58438,MixedAir,0.0
140,0,0.0,0,22421,4711,22421,4711,2.80263,0.58888,MixedAir,0.0
141,0,0.0,0,22272,4690,22272,4690,2.784,0.58625,MixedAir,0.0
142,0,0.0,0,22317,4668,22317,4668,2.78963,0.5835,MixedAir,0.0
143,0,0.0,0,22028,4696,22028,4696,2.7535,0.587,MixedAir,0.0
144,0,0.0,0,22053,4713,22053,4713,2.75663,0.58913,MixedAir,0.0
145,0,0.0,0,21900,4710,21900,4710,2.7375,0.58875,MixedAir,0.0
146,0,0.0,0,21628,4710,21628,4710,2.7035,0.58875,MixedAir,0.0
147,0,0.0,0,21665,4672,21665,4672,2.70813,0.584,MixedAir,0.0
148,0,0.0,0,21550,4681,21550,4681,2.69375,0.58513,MixedAir,0.0
149,0,0.0,0,21289,4707,21289,4707,2.66113,0.58838,MixedAir,0.0
150,0,0.0,0,21347,4713,21347,4713,2.66838,0.58913,MixedAir,0.0
151,0,0.0,0,21096,4711,21096,4711,2.637,0.58888,MixedAir,0.0
152,0,0.0,0,21161,4683,21161,4683,2.64513,0.58538,MixedAir,0.0
153,0,0.0,0,20907,4712,20907,4712,2.61338,0.589,MixedAir,0.0
154,0,0.0,0,20975,4672,20975,4672,2.62188,0.584,MixedAir,0.0
155,0,0.0,0,20740,4712,20740,4712,2.5925,0.589,MixedAir,0.0
156,0,0.0,0,20793,4706,20793,4706,2.59913,0.58825,MixedAir,0.0
157,0,0.0,0,20718,4715,20718,4715,2.58975,0.58938,MixedAir,0.0
158,0,0.0,0,20635,4714,20635,4714,2.57938,0.58925,MixedAir,0.0
159,0,0.0,0,20562,4679,20562,4679,2.57025,0.58488,MixedAir,0.0
160,0,0.0,0,20491,4710,20491,4710,2.56138,0.58875,MixedAir,0.0
161,0,0.0,0,20421,4712,20421,4712,2.55263,0.589,MixedAir,0.0
162,0,0.0,0,20179,4693,20179,4693,2.52238,0.58663,MixedAir,0.0
163,0,0.0,0,20298,4647,20298,4647,2.53725,0.58088,MixedAir,0.0
164,0,0.0,0,20168,4652,20168,4652,2.521,0.5815,MixedAir,0.0
165,0,0.0,0,20176,4687,20176,4687,2.522,0.58588,MixedAir,0.0
166,0,0.0,0,20067,4661,20067,4661,2.50838,0.58263,MixedAir,0.0
167,0,0.0,0,19913,4697,19913,4697,2.48913,0.58713,MixedAir,0.0
168,0,0.0,0,19996,4711,19996,4711,2.4995,0.58888,MixedAir,0.0
169,0,0.0,0,19947,4713,19947,4713,2.49338,0.58913,MixedAir,0.0
170,0,0.0,0,19895,4710,19895,4710,2.48688,0.58875,MixedAir,0.0
171,0,0.0,0,19855,4697,19855,4697,2.48188,0.58713,MixedAir,0.0
172,0,0.0,0,19766,4701,19766,4701,2.47075,0.58763,MixedAir,0.0
173,0,0.0,0,19754,4660,19754,4660,2.46925,0.5825,MixedAir,0.0
174,0,0.0,0,19564,4701,19564,4701,2.4455,0.58763,MixedAir,0.0
175,0,0.0,0,19666,4660,19666,4660,2.45825,0.5825,MixedAir,0.0
176,0,0.0,0,19453,4701,19453,4701,2.43163,0.58763,MixedAir,0.0
177,0,0.0,0,19421,4654,19421,4654,2.42763,0.58175,MixedAir,0.0
178,0,0.0,0,19529,4659,19529,4659,2.44113,0.58238,MixedAir,0.0
175,0,0.0,0,19666,4660,19666,4660,2.45825,0.5825,MixedAir,0.0
176,0,0.0,0,19453,4701,19453,4701,2.43163,0.58763,MixedAir,0.0
177,0,0.0,0,19421,4654,19421,4654,2.42763,0.58175,MixedAir,0.0
178,0,0.0,0,19529,4659,19529,4659,2.44113,0.58238,MixedAir,0.0
179,0,0.0,0,19399,4709,19399,4709,2.42488,0.58863,MixedAir,0.0
180,0,0.0,0,19326,4642,19326,4642,2.41575,0.58025,MixedAir,0.0
181,0,0.0,0,19274,4657,19274,4657,2.40925,0.58213,MixedAir,0.0
182,0,0.0,0,19248,4649,19248,4649,2.406,0.58113,MixedAir,0.0
183,0,0.0,0,19214,4678,19214,4678,2.40175,0.58475,MixedAir,0.0
184,0,0.0,0,19331,4682,19331,4682,2.41638,0.58525,MixedAir,0.0
185,0,0.0,0,19157,4654,19157,4654,2.39463,0.58175,MixedAir,0.0
186,0,0.0,0,19276,4631,19276,4631,2.4095,0.57888,MixedAir,0.0
187,0,0.0,0,19119,4644,19119,4644,2.38988,0.5805,MixedAir,0.0
188,0,0.0,0,19237,4639,19237,4639,2.40463,0.57988,MixedAir,0.0
189,0,0.0,0,19066,4626,19066,4626,2.38325,0.57825,MixedAir,0.0
190,0,0.0,0,19181,4650,19181,4650,2.39763,0.58125,MixedAir,0.0
191,0,0.0,0,19030,4636,19030,4636,2.37875,0.5795,MixedAir,0.0
192,0,0.0,0,19150,4643,19150,4643,2.39375,0.58038,MixedAir,0.0
193,0,0.0,0,19108,4709,19108,4709,2.3885,0.58863,MixedAir,0.0
194,0,0.0,0,19021,4690,19021,4690,2.37763,0.58625,MixedAir,0.0
195,0,0.0,0,19070,4661,19070,4661,2.38375,0.58263,MixedAir,0.0
196,0,0.0,0,18946,4667,18946,4667,2.36825,0.58338,MixedAir,0.0
197,0,0.0,0,18905,4630,18905,4630,2.36313,0.57875,MixedAir,0.0
198,0,0.0,0,18901,4630,18901,4630,2.36263,0.57875,MixedAir,0.0
199,0,0.0,0,19004,4641,19004,4641,2.3755,0.58013,MixedAir,0.0
200,0,0.0,0,18950,4676,18950,4676,2.36875,0.5845,MixedAir,0.0
201,0,0.0,0,18975,4705,18975,4705,2.37188,0.58813,MixedAir,0.0
202,0,0.0,0,18966,4711,18966,4711,2.37075,0.58888,MixedAir,0.0
203,0,0.0,0,18816,4708,18816,4708,2.352,0.5885,MixedAir,0.0
204,0,0.0,0,18793,4706,18793,4706,2.34913,0.58825,MixedAir,0.0
205,0,0.0,0,18826,4696,18826,4696,2.35325,0.587,MixedAir,0.0
206,0,0.0,0,18906,4684,18906,4684,2.36325,0.5855,MixedAir,0.0
207,0,0.0,0,18888,4644,18888,4644,2.361,0.5805,MixedAir,0.0
208,0,0.0,0,18730,4662,18730,4662,2.34125,0.58275,MixedAir,0.0
209,0,0.0,0,18719,4688,18719,4688,2.33988,0.586,MixedAir,0.0
210,0,0.0,0,18717,4634,18717,4634,2.33963,0.57925,MixedAir,0.0
211,0,0.0,0,18845,4638,18845,4638,2.35563,0.57975,MixedAir,0.0
212,0,0.0,0,18819,4647,18819,4647,2.35238,0.58088,MixedAir,0.0
213,0,0.0,0,18837,4662,18837,4662,2.35463,0.58275,MixedAir,0.0
214,0,0.0,0,18822,4651,18822,4651,2.35275,0.58138,MixedAir,0.0
215,0,0.0,0,18669,4663,18669,4663,2.33363,0.58288,MixedAir,0.0
216,0,0.0,0,18663,4634,18663,4634,2.33288,0.57925,MixedAir,0.0
217,0,0.0,0,18731,4646,18731,4646,2.34138,0.58075,MixedAir,0.0
218,0,0.0,0,18645,4655,18645,4655,2.33063,0.58188,MixedAir,0.0
219,0,0.0,0,18787,4660,18787,4660,2.34838,0.5825,MixedAir,0.0
220,0,0.0,0,18777,4658,18777,4658,2.34713,0.58225,MixedAir,0.0
221,0,0.0,0,18772,4662,18772,4662,2.3465,0.58275,MixedAir,0.0
222,0,0.0,0,18767,4673,18767,4673,2.34588,0.58413,MixedAir,0.0
223,0,0.0,0,18755,4709,18755,4709,2.34438,0.58863,MixedAir,0.0
224,0,0.0,0,18749,4693,18749,4693,2.34363,0.58663,MixedAir,0.0
225,0,0.0,0,18609,4660,18609,4660,2.32613,0.5825,MixedAir,0.0
226,0,0.0,0,18744,4685,18744,4685,2.343,0.58563,MixedAir,0.0
227,0,0.0,0,18595,4709,18595,4709,2.32438,0.58863,MixedAir,0.0
228,0,0.0,0,18718,4707,18718,4707,2.33975,0.58838,MixedAir,0.0
229,0,0.0,0,18725,4643,18725,4643,2.34063,0.58038,MixedAir,0.0
230,0,0.0,0,18664,4630,18664,4630,2.333,0.57875,MixedAir,0.0
231,0,0.0,0,18713,4643,18713,4643,2.33913,0.58038,MixedAir,0.0
232,0,0.0,0,18658,4637,18658,4637,2.33225,0.57963,MixedAir,0.0
233,0,0.0,0,18703,4641,18703,4641,2.33788,0.58013,MixedAir,0.0
234,0,0.0,0,18568,4656,18568,4656,2.321,0.582,MixedAir,0.0
235,0,0.0,0,18697,4677,18697,4677,2.33713,0.58463,MixedAir,0.0
236,0,0.0,0,18681,4714,18681,4714,2.33513,0.58925,MixedAir,0.0
237,0,0.0,0,18680,4688,18680,4688,2.335,0.586,MixedAir,0.0
238,0,0.0,0,18672,4688,18672,4688,2.334,0.586,MixedAir,0.0
239,0,0.0,0,18524,4654,18524,4654,2.3155,0.58175,MixedAir,0.0
240,0,0.0,0,18673,4635,18673,4635,2.33413,0.57938,MixedAir,0.0
241,0,0.0,0,18532,4633,18532,4633,2.3165,0.57913,MixedAir,0.0
242,0,0.0,0,18674,4660,18674,4660,2.33425,0.5825,MixedAir,0.0
243,0,0.0,0,18531,4653,18531,4653,2.31638,0.58163,MixedAir,0.0
244,0,0.0,0,18665,4630,18665,4630,2.33313,0.57875,MixedAir,0.0
245,0,0.0,0,18520,4640,18520,4640,2.315,0.58,MixedAir,0.0
246,0,0.0,0,18646,4633,18646,4633,2.33075,0.57913,MixedAir,0.0
247,0,0.0,0,18555,4654,18555,4654,2.31938,0.58175,MixedAir,0.0
248,0,0.0,0,18653,4648,18653,4648,2.33163,0.581,MixedAir,0.0
249,0,0.0,0,18648,4708,18648,4708,2.331,0.5885,MixedAir,0.0
0,0,3.3,255,17310,4721,17310,4721,2.16375,0.59013,MixedAir,0.0
1,0,3.3,255,17442,4661,17442,4661,2.18025,0.58263,MixedAir,0.0
2,0,3.3,255,17885,4663,17885,4663,2.23563,0.58288,MixedAir,0.0
3,0,3.3,255,18035,4650,18035,4650,2.25438,0.58125,MixedAir,0.0
4,0,3.3,255,18719,4713,18719,4713,2.33988,0.58913,MixedAir,0.0
5,0,3.3,255,18818,4722,18818,4722,2.35225,0.59025,MixedAir,0.0
6,0,3.3,255,19189,4664,19189,4664,2.39863,0.583,MixedAir,0.0
7,0,3.3,255,19432,4658,19432,4658,2.429,0.58225,MixedAir,0.0
8,0,3.3,255,19486,4649,19486,4649,2.43575,0.58113,MixedAir,0.0
9,0,3.3,255,19844,4671,19844,4671,2.4805,0.58388,MixedAir,0.0
10,0,3.3,255,19887,4653,19887,4653,2.48588,0.58163,MixedAir,0.0
11,0,3.3,255,20227,4661,20227,4661,2.52838,0.58263,MixedAir,0.0
12,0,3.3,255,20347,4711,20347,4711,2.54338,0.58888,MixedAir,0.0
13,0,3.3,255,20575,4687,20575,4687,2.57188,0.58588,MixedAir,0.0
14,0,3.3,255,20661,4694,20661,4694,2.58263,0.58675,MixedAir,0.0
15,0,3.3,255,20887,4708,20887,4708,2.61088,0.5885,MixedAir,0.0
16,0,3.3,255,20991,4688,20991,4688,2.62388,0.586,MixedAir,0.0
17,0,3.3,255,21173,4658,21173,4658,2.64663,0.58225,MixedAir,0.0
18,0,3.3,255,21313,4724,21313,4724,2.66413,0.5905,MixedAir,0.0
19,0,3.3,255,21457,4661,21457,4661,2.68213,0.58263,MixedAir,0.0
20,0,3.3,255,21573,4646,21573,4646,2.69663,0.58075,MixedAir,0.0
21,0,3.3,255,21529,4719,21529,4719,2.69113,0.58988,MixedAir,0.0
22,0,3.3,255,21800,4721,21800,4721,2.725,0.59013,MixedAir,0.0
23,0,3.3,255,21749,4657,21749,4657,2.71863,0.58213,MixedAir,0.0
24,0,3.3,255,22007,4720,22007,4720,2.75088,0.59,MixedAir,0.0
25,0,3.3,255,22076,4684,22076,4684,2.7595,0.5855,MixedAir,0.0
26,0,3.3,255,22033,4667,22033,4667,2.75413,0.58338,MixedAir,0.0
27,0,3.3,255,22292,4683,22292,4683,2.7865,0.58538,MixedAir,0.0
28,0,3.3,255,22212,4674,22212,4674,2.7765,0.58425,MixedAir,0.0
29,0,3.3,255,22470,4710,22470,4710,2.80875,0.58875,MixedAir,0.0
30,0,3.3,255,22599,4708,22599,4708,2.82488,0.5885,MixedAir,0.0
31,0,3.3,255,22682,4659,22682,4659,2.83525,0.58238,MixedAir,0.0
32,0,3.3,255,22754,4657,22754,4657,2.84425,0.58213,MixedAir,0.0
33,0,3.3,255,22663,4721,22663,4721,2.83288,0.59013,MixedAir,0.0
34,0,3.3,255,22870,4676,22870,4676,2.85875,0.5845,MixedAir,0.0
35,0,3.3,255,22928,4725,22928,4725,2.866,0.59063,MixedAir,0.0
36,0,3.3,255,22987,4658,22987,4658,2.87338,0.58225,MixedAir,0.0
37,0,3.3,255,23045,4659,23045,4659,2.88063,0.58238,MixedAir,0.0
38,0,3.3,255,22928,4719,22928,4719,2.866,0.58988,MixedAir,0.0
39,0,3.3,255,23125,4680,23125,4680,2.89063,0.585,MixedAir,0.0
40,0,3.3,255,23204,4678,23204,4678,2.9005,0.58475,MixedAir,0.0
41,0,3.3,255,23248,4660,23248,4660,2.906,0.5825,MixedAir,0.0
42,0,3.3,255,23286,4665,23286,4665,2.91075,0.58313,MixedAir,0.0
43,0,3.3,255,23154,4676,23154,4676,2.89425,0.5845,MixedAir,0.0
44,0,3.3,255,23182,4688,23182,4688,2.89775,0.586,MixedAir,0.0
45,0,3.3,255,23398,4722,23398,4722,2.92475,0.59025,MixedAir,0.0
46,0,3.3,255,23261,4704,23261,4704,2.90763,0.588,MixedAir,0.0
47,0,3.3,255,23461,4694,23461,4694,2.93263,0.58675,MixedAir,0.0
48,0,3.3,255,23479,4658,23479,4658,2.93488,0.58225,MixedAir,0.0
49,0,3.3,255,23515,4659,23515,4659,2.93938,0.58238,MixedAir,0.0
50,0,3.3,255,23370,4648,23370,4648,2.92125,0.581,MixedAir,0.0
51,0,3.3,255,23574,4675,23574,4675,2.94675,0.58438,MixedAir,0.0
52,0,3.3,255,23421,4653,23421,4653,2.92763,0.58163,MixedAir,0.0
53,0,3.3,255,23612,4702,23612,4702,2.9515,0.58775,MixedAir,0.0
54,0,3.3,255,23631,4725,23631,4725,2.95388,0.59063,MixedAir,0.0
55,0,3.3,255,23632,4716,23632,4716,2.954,0.5895,MixedAir,0.0
56,0,3.3,255,23503,4650,23503,4650,2.93788,0.58125,MixedAir,0.0
57,0,3.3,255,23690,4724,23690,4724,2.96125,0.5905,MixedAir,0.0
58,0,3.3,255,23541,4689,23541,4689,2.94263,0.58613,MixedAir,0.0
59,0,3.3,255,23725,4653,23725,4653,2.96563,0.58163,MixedAir,0.0
60,0,3.3,255,23563,4662,23563,4662,2.94538,0.58275,MixedAir,0.0
61,0,3.3,255,23746,4680,23746,4680,2.96825,0.585,MixedAir,0.0
62,0,3.3,255,23775,4645,23775,4645,2.97188,0.58063,MixedAir,0.0
63,0,3.3,255,23699,4724,23699,4724,2.96238,0.5905,MixedAir,0.0
64,0,3.3,255,23801,4714,23801,4714,2.97513,0.58925,MixedAir,0.0
65,0,3.3,255,23815,4653,23815,4653,2.97688,0.58163,MixedAir,0.0
66,0,3.3,255,23815,4677,23815,4677,2.97688,0.58463,MixedAir,0.0
67,0,3.3,255,23834,4712,23834,4712,2.97925,0.589,MixedAir,0.0
68,0,3.3,255,23673,4663,23673,4663,2.95913,0.58288,MixedAir,0.0
69,0,3.3,255,23857,4663,23857,4663,2.98213,0.58288,MixedAir,0.0
70,0,3.3,255,23863,4726,23863,4726,2.98288,0.59075,MixedAir,0.0
71,0,3.3,255,23877,4699,23877,4699,2.98463,0.58738,MixedAir,0.0
72,0,3.3,255,23882,4661,23882,4661,2.98525,0.58263,MixedAir,0.0
73,0,3.3,255,23890,4716,23890,4716,2.98625,0.5895,MixedAir,0.0
74,0,3.3,255,23824,4722,23824,4722,2.978,0.59025,MixedAir,0.0
75,0,3.3,255,23914,4673,23914,4673,2.98925,0.58413,MixedAir,0.0
76,0,3.3,255,23747,4658,23747,4658,2.96838,0.58225,MixedAir,0.0
77,0,3.3,255,23918,4722,23918,4722,2.98975,0.59025,MixedAir,0.0
78,0,3.3,255,23926,4725,23926,4725,2.99075,0.59063,MixedAir,0.0
79,0,3.3,255,23940,4652,23940,4652,2.9925,0.5815,MixedAir,0.0
80,0,3.3,255,23940,4660,23940,4660,2.9925,0.5825,MixedAir,0.0
179,0,0.0,0,19399,4709,19399,4709,2.42488,0.58863,MixedAir,0.0
180,0,0.0,0,19326,4642,19326,4642,2.41575,0.58025,MixedAir,0.0
181,0,0.0,0,19274,4657,19274,4657,2.40925,0.58213,MixedAir,0.0
182,0,0.0,0,19248,4649,19248,4649,2.406,0.58113,MixedAir,0.0
183,0,0.0,0,19214,4678,19214,4678,2.40175,0.58475,MixedAir,0.0
184,0,0.0,0,19331,4682,19331,4682,2.41638,0.58525,MixedAir,0.0
185,0,0.0,0,19157,4654,19157,4654,2.39463,0.58175,MixedAir,0.0
186,0,0.0,0,19276,4631,19276,4631,2.4095,0.57888,MixedAir,0.0
187,0,0.0,0,19119,4644,19119,4644,2.38988,0.5805,MixedAir,0.0
188,0,0.0,0,19237,4639,19237,4639,2.40463,0.57988,MixedAir,0.0
189,0,0.0,0,19066,4626,19066,4626,2.38325,0.57825,MixedAir,0.0
190,0,0.0,0,19181,4650,19181,4650,2.39763,0.58125,MixedAir,0.0
191,0,0.0,0,19030,4636,19030,4636,2.37875,0.5795,MixedAir,0.0
192,0,0.0,0,19150,4643,19150,4643,2.39375,0.58038,MixedAir,0.0
193,0,0.0,0,19108,4709,19108,4709,2.3885,0.58863,MixedAir,0.0
194,0,0.0,0,19021,4690,19021,4690,2.37763,0.58625,MixedAir,0.0
195,0,0.0,0,19070,4661,19070,4661,2.38375,0.58263,MixedAir,0.0
196,0,0.0,0,18946,4667,18946,4667,2.36825,0.58338,MixedAir,0.0
197,0,0.0,0,18905,4630,18905,4630,2.36313,0.57875,MixedAir,0.0
198,0,0.0,0,18901,4630,18901,4630,2.36263,0.57875,MixedAir,0.0
199,0,0.0,0,19004,4641,19004,4641,2.3755,0.58013,MixedAir,0.0
200,0,0.0,0,18950,4676,18950,4676,2.36875,0.5845,MixedAir,0.0
201,0,0.0,0,18975,4705,18975,4705,2.37188,0.58813,MixedAir,0.0
202,0,0.0,0,18966,4711,18966,4711,2.37075,0.58888,MixedAir,0.0
203,0,0.0,0,18816,4708,18816,4708,2.352,0.5885,MixedAir,0.0
204,0,0.0,0,18793,4706,18793,4706,2.34913,0.58825,MixedAir,0.0
205,0,0.0,0,18826,4696,18826,4696,2.35325,0.587,MixedAir,0.0
206,0,0.0,0,18906,4684,18906,4684,2.36325,0.5855,MixedAir,0.0
207,0,0.0,0,18888,4644,18888,4644,2.361,0.5805,MixedAir,0.0
208,0,0.0,0,18730,4662,18730,4662,2.34125,0.58275,MixedAir,0.0
209,0,0.0,0,18719,4688,18719,4688,2.33988,0.586,MixedAir,0.0
210,0,0.0,0,18717,4634,18717,4634,2.33963,0.57925,MixedAir,0.0
211,0,0.0,0,18845,4638,18845,4638,2.35563,0.57975,MixedAir,0.0
212,0,0.0,0,18819,4647,18819,4647,2.35238,0.58088,MixedAir,0.0
213,0,0.0,0,18837,4662,18837,4662,2.35463,0.58275,MixedAir,0.0
214,0,0.0,0,18822,4651,18822,4651,2.35275,0.58138,MixedAir,0.0
215,0,0.0,0,18669,4663,18669,4663,2.33363,0.58288,MixedAir,0.0
216,0,0.0,0,18663,4634,18663,4634,2.33288,0.57925,MixedAir,0.0
217,0,0.0,0,18731,4646,18731,4646,2.34138,0.58075,MixedAir,0.0
218,0,0.0,0,18645,4655,18645,4655,2.33063,0.58188,MixedAir,0.0
219,0,0.0,0,18787,4660,18787,4660,2.34838,0.5825,MixedAir,0.0
220,0,0.0,0,18777,4658,18777,4658,2.34713,0.58225,MixedAir,0.0
221,0,0.0,0,18772,4662,18772,4662,2.3465,0.58275,MixedAir,0.0
222,0,0.0,0,18767,4673,18767,4673,2.34588,0.58413,MixedAir,0.0
223,0,0.0,0,18755,4709,18755,4709,2.34438,0.58863,MixedAir,0.0
224,0,0.0,0,18749,4693,18749,4693,2.34363,0.58663,MixedAir,0.0
225,0,0.0,0,18609,4660,18609,4660,2.32613,0.5825,MixedAir,0.0
226,0,0.0,0,18744,4685,18744,4685,2.343,0.58563,MixedAir,0.0
227,0,0.0,0,18595,4709,18595,4709,2.32438,0.58863,MixedAir,0.0
228,0,0.0,0,18718,4707,18718,4707,2.33975,0.58838,MixedAir,0.0
229,0,0.0,0,18725,4643,18725,4643,2.34063,0.58038,MixedAir,0.0
230,0,0.0,0,18664,4630,18664,4630,2.333,0.57875,MixedAir,0.0
231,0,0.0,0,18713,4643,18713,4643,2.33913,0.58038,MixedAir,0.0
232,0,0.0,0,18658,4637,18658,4637,2.33225,0.57963,MixedAir,0.0
233,0,0.0,0,18703,4641,18703,4641,2.33788,0.58013,MixedAir,0.0
234,0,0.0,0,18568,4656,18568,4656,2.321,0.582,MixedAir,0.0
235,0,0.0,0,18697,4677,18697,4677,2.33713,0.58463,MixedAir,0.0
236,0,0.0,0,18681,4714,18681,4714,2.33513,0.58925,MixedAir,0.0
237,0,0.0,0,18680,4688,18680,4688,2.335,0.586,MixedAir,0.0
238,0,0.0,0,18672,4688,18672,4688,2.334,0.586,MixedAir,0.0
239,0,0.0,0,18524,4654,18524,4654,2.3155,0.58175,MixedAir,0.0
240,0,0.0,0,18673,4635,18673,4635,2.33413,0.57938,MixedAir,0.0
241,0,0.0,0,18532,4633,18532,4633,2.3165,0.57913,MixedAir,0.0
242,0,0.0,0,18674,4660,18674,4660,2.33425,0.5825,MixedAir,0.0
243,0,0.0,0,18531,4653,18531,4653,2.31638,0.58163,MixedAir,0.0
244,0,0.0,0,18665,4630,18665,4630,2.33313,0.57875,MixedAir,0.0
245,0,0.0,0,18520,4640,18520,4640,2.315,0.58,MixedAir,0.0
246,0,0.0,0,18646,4633,18646,4633,2.33075,0.57913,MixedAir,0.0
247,0,0.0,0,18555,4654,18555,4654,2.31938,0.58175,MixedAir,0.0
248,0,0.0,0,18653,4648,18653,4648,2.33163,0.581,MixedAir,0.0
249,0,0.0,0,18648,4708,18648,4708,2.331,0.5885,MixedAir,0.0
0,0,3.3,255,17310,4721,17310,4721,2.16375,0.59013,MixedAir,0.0
1,0,3.3,255,17442,4661,17442,4661,2.18025,0.58263,MixedAir,0.0
2,0,3.3,255,17885,4663,17885,4663,2.23563,0.58288,MixedAir,0.0
3,0,3.3,255,18035,4650,18035,4650,2.25438,0.58125,MixedAir,0.0
4,0,3.3,255,18719,4713,18719,4713,2.33988,0.58913,MixedAir,0.0
5,0,3.3,255,18818,4722,18818,4722,2.35225,0.59025,MixedAir,0.0
6,0,3.3,255,19189,4664,19189,4664,2.39863,0.583,MixedAir,0.0
7,0,3.3,255,19432,4658,19432,4658,2.429,0.58225,MixedAir,0.0
8,0,3.3,255,19486,4649,19486,4649,2.43575,0.58113,MixedAir,0.0
9,0,3.3,255,19844,4671,19844,4671,2.4805,0.58388,MixedAir,0.0
10,0,3.3,255,19887,4653,19887,4653,2.48588,0.58163,MixedAir,0.0
11,0,3.3,255,20227,4661,20227,4661,2.52838,0.58263,MixedAir,0.0
12,0,3.3,255,20347,4711,20347,4711,2.54338,0.58888,MixedAir,0.0
13,0,3.3,255,20575,4687,20575,4687,2.57188,0.58588,MixedAir,0.0
14,0,3.3,255,20661,4694,20661,4694,2.58263,0.58675,MixedAir,0.0
15,0,3.3,255,20887,4708,20887,4708,2.61088,0.5885,MixedAir,0.0
16,0,3.3,255,20991,4688,20991,4688,2.62388,0.586,MixedAir,0.0
17,0,3.3,255,21173,4658,21173,4658,2.64663,0.58225,MixedAir,0.0
18,0,3.3,255,21313,4724,21313,4724,2.66413,0.5905,MixedAir,0.0
19,0,3.3,255,21457,4661,21457,4661,2.68213,0.58263,MixedAir,0.0
20,0,3.3,255,21573,4646,21573,4646,2.69663,0.58075,MixedAir,0.0
21,0,3.3,255,21529,4719,21529,4719,2.69113,0.58988,MixedAir,0.0
22,0,3.3,255,21800,4721,21800,4721,2.725,0.59013,MixedAir,0.0
23,0,3.3,255,21749,4657,21749,4657,2.71863,0.58213,MixedAir,0.0
24,0,3.3,255,22007,4720,22007,4720,2.75088,0.59,MixedAir,0.0
25,0,3.3,255,22076,4684,22076,4684,2.7595,0.5855,MixedAir,0.0
26,0,3.3,255,22033,4667,22033,4667,2.75413,0.58338,MixedAir,0.0
27,0,3.3,255,22292,4683,22292,4683,2.7865,0.58538,MixedAir,0.0
28,0,3.3,255,22212,4674,22212,4674,2.7765,0.58425,MixedAir,0.0
29,0,3.3,255,22470,4710,22470,4710,2.80875,0.58875,MixedAir,0.0
30,0,3.3,255,22599,4708,22599,4708,2.82488,0.5885,MixedAir,0.0
31,0,3.3,255,22682,4659,22682,4659,2.83525,0.58238,MixedAir,0.0
32,0,3.3,255,22754,4657,22754,4657,2.84425,0.58213,MixedAir,0.0
33,0,3.3,255,22663,4721,22663,4721,2.83288,0.59013,MixedAir,0.0
34,0,3.3,255,22870,4676,22870,4676,2.85875,0.5845,MixedAir,0.0
35,0,3.3,255,22928,4725,22928,4725,2.866,0.59063,MixedAir,0.0
36,0,3.3,255,22987,4658,22987,4658,2.87338,0.58225,MixedAir,0.0
37,0,3.3,255,23045,4659,23045,4659,2.88063,0.58238,MixedAir,0.0
38,0,3.3,255,22928,4719,22928,4719,2.866,0.58988,MixedAir,0.0
39,0,3.3,255,23125,4680,23125,4680,2.89063,0.585,MixedAir,0.0
40,0,3.3,255,23204,4678,23204,4678,2.9005,0.58475,MixedAir,0.0
41,0,3.3,255,23248,4660,23248,4660,2.906,0.5825,MixedAir,0.0
42,0,3.3,255,23286,4665,23286,4665,2.91075,0.58313,MixedAir,0.0
43,0,3.3,255,23154,4676,23154,4676,2.89425,0.5845,MixedAir,0.0
44,0,3.3,255,23182,4688,23182,4688,2.89775,0.586,MixedAir,0.0
45,0,3.3,255,23398,4722,23398,4722,2.92475,0.59025,MixedAir,0.0
46,0,3.3,255,23261,4704,23261,4704,2.90763,0.588,MixedAir,0.0
47,0,3.3,255,23461,4694,23461,4694,2.93263,0.58675,MixedAir,0.0
48,0,3.3,255,23479,4658,23479,4658,2.93488,0.58225,MixedAir,0.0
49,0,3.3,255,23515,4659,23515,4659,2.93938,0.58238,MixedAir,0.0
50,0,3.3,255,23370,4648,23370,4648,2.92125,0.581,MixedAir,0.0
51,0,3.3,255,23574,4675,23574,4675,2.94675,0.58438,MixedAir,0.0
52,0,3.3,255,23421,4653,23421,4653,2.92763,0.58163,MixedAir,0.0
53,0,3.3,255,23612,4702,23612,4702,2.9515,0.58775,MixedAir,0.0
54,0,3.3,255,23631,4725,23631,4725,2.95388,0.59063,MixedAir,0.0
55,0,3.3,255,23632,4716,23632,4716,2.954,0.5895,MixedAir,0.0
56,0,3.3,255,23503,4650,23503,4650,2.93788,0.58125,MixedAir,0.0
57,0,3.3,255,23690,4724,23690,4724,2.96125,0.5905,MixedAir,0.0
58,0,3.3,255,23541,4689,23541,4689,2.94263,0.58613,MixedAir,0.0
59,0,3.3,255,23725,4653,23725,4653,2.96563,0.58163,MixedAir,0.0
60,0,3.3,255,23563,4662,23563,4662,2.94538,0.58275,MixedAir,0.0
61,0,3.3,255,23746,4680,23746,4680,2.96825,0.585,MixedAir,0.0
62,0,3.3,255,23775,4645,23775,4645,2.97188,0.58063,MixedAir,0.0
63,0,3.3,255,23699,4724,23699,4724,2.96238,0.5905,MixedAir,0.0
64,0,3.3,255,23801,4714,23801,4714,2.97513,0.58925,MixedAir,0.0
65,0,3.3,255,23815,4653,23815,4653,2.97688,0.58163,MixedAir,0.0
66,0,3.3,255,23815,4677,23815,4677,2.97688,0.58463,MixedAir,0.0
67,0,3.3,255,23834,4712,23834,4712,2.97925,0.589,MixedAir,0.0
68,0,3.3,255,23673,4663,23673,4663,2.95913,0.58288,MixedAir,0.0
69,0,3.3,255,23857,4663,23857,4663,2.98213,0.58288,MixedAir,0.0
70,0,3.3,255,23863,4726,23863,4726,2.98288,0.59075,MixedAir,0.0
71,0,3.3,255,23877,4699,23877,4699,2.98463,0.58738,MixedAir,0.0
72,0,3.3,255,23882,4661,23882,4661,2.98525,0.58263,MixedAir,0.0
73,0,3.3,255,23890,4716,23890,4716,2.98625,0.5895,MixedAir,0.0
74,0,3.3,255,23824,4722,23824,4722,2.978,0.59025,MixedAir,0.0
75,0,3.3,255,23914,4673,23914,4673,2.98925,0.58413,MixedAir,0.0
76,0,3.3,255,23747,4658,23747,4658,2.96838,0.58225,MixedAir,0.0
77,0,3.3,255,23918,4722,23918,4722,2.98975,0.59025,MixedAir,0.0
78,0,3.3,255,23926,4725,23926,4725,2.99075,0.59063,MixedAir,0.0
79,0,3.3,255,23940,4652,23940,4652,2.9925,0.5815,MixedAir,0.0
80,0,3.3,255,23940,4660,23940,4660,2.9925,0.5825,MixedAir,0.0
81,0,3.3,255,23945,4721,23945,4721,2.99313,0.59013,MixedAir,0.0
82,0,3.3,255,23959,4721,23959,4721,2.99488,0.59013,MixedAir,0.0
83,0,3.3,255,23788,4673,23788,4673,2.9735,0.58413,MixedAir,0.0
84,0,3.3,255,23962,4650,23962,4650,2.99525,0.58125,MixedAir,0.0
81,0,3.3,255,23945,4721,23945,4721,2.99313,0.59013,MixedAir,0.0
82,0,3.3,255,23959,4721,23959,4721,2.99488,0.59013,MixedAir,0.0
83,0,3.3,255,23788,4673,23788,4673,2.9735,0.58413,MixedAir,0.0
84,0,3.3,255,23962,4650,23962,4650,2.99525,0.58125,MixedAir,0.0
85,0,3.3,255,23855,4711,23855,4711,2.98188,0.58888,MixedAir,0.0
86,0,3.3,255,23805,4699,23805,4699,2.97563,0.58738,MixedAir,0.0
87,0,3.3,255,23961,4666,23961,4666,2.99513,0.58325,MixedAir,0.0
88,0,3.3,255,23986,4659,23986,4659,2.99825,0.58238,MixedAir,0.0
89,0,3.3,255,23993,4654,23993,4654,2.99913,0.58175,MixedAir,0.0
90,0,3.3,255,23970,4682,23970,4682,2.99625,0.58525,MixedAir,0.0
91,0,3.3,255,24004,4677,24004,4677,3.0005,0.58463,MixedAir,0.0
92,0,3.3,255,23830,4640,23830,4640,2.97875,0.58,MixedAir,0.0
93,0,3.3,255,24002,4664,24002,4664,3.00025,0.583,MixedAir,0.0
94,0,3.3,255,23828,4668,23828,4668,2.9785,0.5835,MixedAir,0.0
95,0,3.3,255,24008,4662,24008,4662,3.001,0.58275,MixedAir,0.0
96,0,3.3,255,23837,4644,23837,4644,2.97963,0.5805,MixedAir,0.0
97,0,3.3,255,24015,4648,24015,4648,3.00188,0.581,MixedAir,0.0
98,0,3.3,255,24014,4724,24014,4724,3.00175,0.5905,MixedAir,0.0
99,0,3.3,255,24017,4710,24017,4710,3.00213,0.58875,MixedAir,0.0
100,0,3.3,255,24025,4649,24025,4649,3.00313,0.58113,MixedAir,0.0
101,0,3.3,255,24026,4642,24026,4642,3.00325,0.58025,MixedAir,0.0
102,0,3.3,255,23860,4661,23860,4661,2.9825,0.58263,MixedAir,0.0
103,0,3.3,255,24022,4674,24022,4674,3.00275,0.58425,MixedAir,0.0
104,0,3.3,255,24025,4690,24025,4690,3.00313,0.58625,MixedAir,0.0
105,0,3.3,255,24037,4703,24037,4703,3.00463,0.58788,MixedAir,0.0
106,0,3.3,255,24032,4720,24032,4720,3.004,0.59,MixedAir,0.0
107,0,3.3,255,24031,4726,24031,4726,3.00388,0.59075,MixedAir,0.0
108,0,3.3,255,24039,4723,24039,4723,3.00488,0.59038,MixedAir,0.0
109,0,3.3,255,23867,4695,23867,4695,2.98338,0.58688,MixedAir,0.0
110,0,3.3,255,24044,4706,24044,4706,3.0055,0.58825,MixedAir,0.0
111,0,3.3,255,24035,4712,24035,4712,3.00438,0.589,MixedAir,0.0
112,0,3.3,255,24036,4711,24036,4711,3.0045,0.58888,MixedAir,0.0
113,0,3.3,255,24041,4652,24041,4652,3.00513,0.5815,MixedAir,0.0
114,0,3.3,255,24043,4646,24043,4646,3.00538,0.58075,MixedAir,0.0
115,0,3.3,255,23934,4669,23934,4669,2.99175,0.58363,MixedAir,0.0
116,0,3.3,255,23872,4714,23872,4714,2.984,0.58925,MixedAir,0.0
117,0,3.3,255,24013,4720,24013,4720,3.00163,0.59,MixedAir,0.0
118,0,3.3,255,23861,4663,23861,4663,2.98263,0.58288,MixedAir,0.0
119,0,3.3,255,24043,4721,24043,4721,3.00538,0.59013,MixedAir,0.0
120,0,3.3,255,23893,4671,23893,4671,2.98663,0.58388,MixedAir,0.0
121,0,3.3,255,24051,4724,24051,4724,3.00638,0.5905,MixedAir,0.0
122,0,3.3,255,23881,4665,23881,4665,2.98513,0.58313,MixedAir,0.0
123,0,3.3,255,24052,4659,24052,4659,3.0065,0.58238,MixedAir,0.0
124,0,3.3,255,24048,4716,24048,4716,3.006,0.5895,MixedAir,0.0
125,0,0.0,0,25969,4664,25969,4664,3.24613,0.583,MixedAir,0.0
126,0,0.0,0,25789,4642,25789,4642,3.22363,0.58025,MixedAir,0.0
127,0,0.0,0,25374,4700,25374,4700,3.17175,0.5875,MixedAir,0.0
128,0,0.0,0,25319,4707,25319,4707,3.16488,0.58838,MixedAir,0.0
129,0,0.0,0,25095,4656,25095,4656,3.13688,0.582,MixedAir,0.0
130,0,0.0,0,24870,4640,24870,4640,3.10875,0.58,MixedAir,0.0
131,0,0.0,0,24489,4635,24489,4635,3.06113,0.57938,MixedAir,0.0
132,0,0.0,0,24364,4707,24364,4707,3.0455,0.58838,MixedAir,0.0
133,0,0.0,0,24091,4657,24091,4657,3.01138,0.58213,MixedAir,0.0
134,0,0.0,0,23899,4631,23899,4631,2.98738,0.57888,MixedAir,0.0
135,0,0.0,0,23879,4706,23879,4706,2.98488,0.58825,MixedAir,0.0
136,0,0.0,0,23535,4710,23535,4710,2.94188,0.58875,MixedAir,0.0
137,0,0.0,0,23304,4656,23304,4656,2.913,0.582,MixedAir,0.0
138,0,0.0,0,23238,4710,23238,4710,2.90475,0.58875,MixedAir,0.0
139,0,0.0,0,23079,4712,23079,4712,2.88488,0.589,MixedAir,0.0
140,0,0.0,0,22813,4707,22813,4707,2.85163,0.58838,MixedAir,0.0
141,0,0.0,0,22770,4703,22770,4703,2.84625,0.58788,MixedAir,0.0
142,0,0.0,0,22466,4644,22466,4644,2.80825,0.5805,MixedAir,0.0
143,0,0.0,0,22493,4647,22493,4647,2.81163,0.58088,MixedAir,0.0
144,0,0.0,0,22349,4693,22349,4693,2.79363,0.58663,MixedAir,0.0
145,0,0.0,0,22222,4709,22222,4709,2.77775,0.58863,MixedAir,0.0
146,0,0.0,0,21939,4650,21939,4650,2.74238,0.58125,MixedAir,0.0
147,0,0.0,0,21815,4631,21815,4631,2.72688,0.57888,MixedAir,0.0
148,0,0.0,0,21850,4695,21850,4695,2.73125,0.58688,MixedAir,0.0
149,0,0.0,0,21732,4646,21732,4646,2.7165,0.58075,MixedAir,0.0
150,0,0.0,0,21620,4652,21620,4652,2.7025,0.5815,MixedAir,0.0
151,0,0.0,0,21514,4685,21514,4685,2.68925,0.58563,MixedAir,0.0
152,0,0.0,0,21244,4651,21244,4651,2.6555,0.58138,MixedAir,0.0
153,0,0.0,0,21292,4643,21292,4643,2.6615,0.58038,MixedAir,0.0
154,0,0.0,0,21033,4678,21033,4678,2.62913,0.58475,MixedAir,0.0
155,0,0.0,0,21086,4643,21086,4643,2.63575,0.58038,MixedAir,0.0
156,0,0.0,0,20951,4705,20951,4705,2.61888,0.58813,MixedAir,0.0
157,0,0.0,0,20728,4661,20728,4661,2.591,0.58263,MixedAir,0.0
158,0,0.0,0,20781,4683,20781,4683,2.59763,0.58538,MixedAir,0.0
159,0,0.0,0,20692,4641,20692,4641,2.5865,0.58013,MixedAir,0.0
160,0,0.0,0,20610,4675,20610,4675,2.57625,0.58438,MixedAir,0.0
161,0,0.0,0,20382,4694,20382,4694,2.54775,0.58675,MixedAir,0.0
162,0,0.0,0,20443,4709,20443,4709,2.55538,0.58863,MixedAir,0.0
163,0,0.0,0,20383,4696,20383,4696,2.54788,0.587,MixedAir,0.0
164,0,0.0,0,20220,4647,20220,4647,2.5275,0.58088,MixedAir,0.0
165,0,0.0,0,20245,4635,20245,4635,2.53063,0.57938,MixedAir,0.0
166,0,0.0,0,20005,4685,20005,4685,2.50063,0.58563,MixedAir,0.0
167,0,0.0,0,20083,4639,20083,4639,2.51038,0.57988,MixedAir,0.0
168,0,0.0,0,19963,4705,19963,4705,2.49538,0.58813,MixedAir,0.0
169,0,0.0,0,20000,4628,20000,4628,2.5,0.5785,MixedAir,0.0
170,0,0.0,0,19945,4670,19945,4670,2.49313,0.58375,MixedAir,0.0
171,0,0.0,0,19810,4665,19810,4665,2.47625,0.58313,MixedAir,0.0
172,0,0.0,0,19844,4699,19844,4699,2.4805,0.58738,MixedAir,0.0
173,0,0.0,0,19799,4710,19799,4710,2.47488,0.58875,MixedAir,0.0
174,0,0.0,0,19762,4688,19762,4688,2.47025,0.586,MixedAir,0.0
175,0,0.0,0,19711,4628,19711,4628,2.46388,0.5785,MixedAir,0.0
176,0,0.0,0,19520,4695,19520,4695,2.44,0.58688,MixedAir,0.0
177,0,0.0,0,19584,4647,19584,4647,2.448,0.58088,MixedAir,0.0
178,0,0.0,0,19528,4698,19528,4698,2.441,0.58725,MixedAir,0.0
179,0,0.0,0,19405,4639,19405,4639,2.42563,0.57988,MixedAir,0.0
180,0,0.0,0,19457,4629,19457,4629,2.43213,0.57863,MixedAir,0.0
181,0,0.0,0,19293,4646,19293,4646,2.41163,0.58075,MixedAir,0.0
182,0,0.0,0,19409,4691,19409,4691,2.42613,0.58637,MixedAir,0.0
183,0,0.0,0,19316,4658,19316,4658,2.4145,0.58225,MixedAir,0.0
184,0,0.0,0,19352,4668,19352,4668,2.419,0.5835,MixedAir,0.0
185,0,0.0,0,19244,4707,19244,4707,2.4055,0.58838,MixedAir,0.0
186,0,0.0,0,19297,4653,19297,4653,2.41213,0.58163,MixedAir,0.0
187,0,0.0,0,19270,4660,19270,4660,2.40875,0.5825,MixedAir,0.0
188,0,0.0,0,19105,4706,19105,4706,2.38813,0.58825,MixedAir,0.0
189,0,0.0,0,19222,4709,19222,4709,2.40275,0.58863,MixedAir,0.0
190,0,0.0,0,19176,4686,19176,4686,2.397,0.58575,MixedAir,0.0
191,0,0.0,0,19182,4704,19182,4704,2.39775,0.588,MixedAir,0.0
192,0,0.0,0,19018,4626,19018,4626,2.37725,0.57825,MixedAir,0.0
193,0,0.0,0,19146,4664,19146,4664,2.39325,0.583,MixedAir,0.0
194,0,0.0,0,18980,4685,18980,4685,2.3725,0.58563,MixedAir,0.0
195,0,0.0,0,19104,4699,19104,4699,2.388,0.58738,MixedAir,0.0
196,0,0.0,0,18922,4664,18922,4664,2.36525,0.583,MixedAir,0.0
197,0,0.0,0,19044,4628,19044,4628,2.3805,0.5785,MixedAir,0.0
198,0,0.0,0,18884,4653,18884,4653,2.3605,0.58163,MixedAir,0.0
199,0,0.0,0,19018,4640,19018,4640,2.37725,0.58,MixedAir,0.0
200,0,0.0,0,19002,4652,19002,4652,2.37525,0.5815,MixedAir,0.0
201,0,0.0,0,18841,4646,18841,4646,2.35513,0.58075,MixedAir,0.0
202,0,0.0,0,18977,4657,18977,4657,2.37213,0.58213,MixedAir,0.0
203,0,0.0,0,18859,4681,18859,4681,2.35738,0.58513,MixedAir,0.0
204,0,0.0,0,18949,4654,18949,4654,2.36863,0.58175,MixedAir,0.0
205,0,0.0,0,18776,4678,18776,4678,2.347,0.58475,MixedAir,0.0
206,0,0.0,0,18906,4706,18906,4706,2.36325,0.58825,MixedAir,0.0
207,0,0.0,0,18862,4647,18862,4647,2.35775,0.58088,MixedAir,0.0
208,0,0.0,0,18883,4635,18883,4635,2.36038,0.57938,MixedAir,0.0
209,0,0.0,0,18863,4704,18863,4704,2.35788,0.588,MixedAir,0.0
210,0,0.0,0,18867,4686,18867,4686,2.35838,0.58575,MixedAir,0.0
211,0,0.0,0,18845,4678,18845,4678,2.35563,0.58475,MixedAir,0.0
212,0,0.0,0,18851,4649,18851,4649,2.35638,0.58113,MixedAir,0.0
213,0,0.0,0,18703,4708,18703,4708,2.33788,0.5885,MixedAir,0.0
214,0,0.0,0,18834,4689,18834,4689,2.35425,0.58613,MixedAir,0.0
215,0,0.0,0,18690,4649,18690,4649,2.33625,0.58113,MixedAir,0.0
216,0,0.0,0,18809,4654,18809,4654,2.35113,0.58175,MixedAir,0.0
217,0,0.0,0,18796,4638,18796,4638,2.3495,0.57975,MixedAir,0.0
218,0,0.0,0,18643,4627,18643,4627,2.33038,0.57838,MixedAir,0.0
219,0,0.0,0,18738,4652,18738,4652,2.34225,0.5815,MixedAir,0.0
220,0,0.0,0,18704,4637,18704,4637,2.338,0.57963,MixedAir,0.0
221,0,0.0,0,18758,4678,18758,4678,2.34475,0.58475,MixedAir,0.0
222,0,0.0,0,18615,4706,18615,4706,2.32688,0.58825,MixedAir,0.0
223,0,0.0,0,18616,4673,18616,4673,2.327,0.58413,MixedAir,0.0
224,0,0.0,0,18688,4655,18688,4655,2.336,0.58188,MixedAir,0.0
225,0,0.0,0,18734,4705,18734,4705,2.34175,0.58813,MixedAir,0.0
226,0,0.0,0,18724,4705,18724,4705,2.3405,0.58813,MixedAir,0.0
227,0,0.0,0,18590,4703,18590,4703,2.32375,0.58788,MixedAir,0.0
228,0,0.0,0,18722,4636,18722,4636,2.34025,0.5795,MixedAir,0.0
229,0,0.0,0,18706,4650,18706,4650,2.33825,0.58125,MixedAir,0.0
230,0,0.0,0,18539,4683,18539,4683,2.31738,0.58538,MixedAir,0.0
85,0,3.3,255,23855,4711,23855,4711,2.98188,0.58888,MixedAir,0.0
86,0,3.3,255,23805,4699,23805,4699,2.97563,0.58738,MixedAir,0.0
87,0,3.3,255,23961,4666,23961,4666,2.99513,0.58325,MixedAir,0.0
88,0,3.3,255,23986,4659,23986,4659,2.99825,0.58238,MixedAir,0.0
89,0,3.3,255,23993,4654,23993,4654,2.99913,0.58175,MixedAir,0.0
90,0,3.3,255,23970,4682,23970,4682,2.99625,0.58525,MixedAir,0.0
91,0,3.3,255,24004,4677,24004,4677,3.0005,0.58463,MixedAir,0.0
92,0,3.3,255,23830,4640,23830,4640,2.97875,0.58,MixedAir,0.0
93,0,3.3,255,24002,4664,24002,4664,3.00025,0.583,MixedAir,0.0
94,0,3.3,255,23828,4668,23828,4668,2.9785,0.5835,MixedAir,0.0
95,0,3.3,255,24008,4662,24008,4662,3.001,0.58275,MixedAir,0.0
96,0,3.3,255,23837,4644,23837,4644,2.97963,0.5805,MixedAir,0.0
97,0,3.3,255,24015,4648,24015,4648,3.00188,0.581,MixedAir,0.0
98,0,3.3,255,24014,4724,24014,4724,3.00175,0.5905,MixedAir,0.0
99,0,3.3,255,24017,4710,24017,4710,3.00213,0.58875,MixedAir,0.0
100,0,3.3,255,24025,4649,24025,4649,3.00313,0.58113,MixedAir,0.0
101,0,3.3,255,24026,4642,24026,4642,3.00325,0.58025,MixedAir,0.0
102,0,3.3,255,23860,4661,23860,4661,2.9825,0.58263,MixedAir,0.0
103,0,3.3,255,24022,4674,24022,4674,3.00275,0.58425,MixedAir,0.0
104,0,3.3,255,24025,4690,24025,4690,3.00313,0.58625,MixedAir,0.0
105,0,3.3,255,24037,4703,24037,4703,3.00463,0.58788,MixedAir,0.0
106,0,3.3,255,24032,4720,24032,4720,3.004,0.59,MixedAir,0.0
107,0,3.3,255,24031,4726,24031,4726,3.00388,0.59075,MixedAir,0.0
108,0,3.3,255,24039,4723,24039,4723,3.00488,0.59038,MixedAir,0.0
109,0,3.3,255,23867,4695,23867,4695,2.98338,0.58688,MixedAir,0.0
110,0,3.3,255,24044,4706,24044,4706,3.0055,0.58825,MixedAir,0.0
111,0,3.3,255,24035,4712,24035,4712,3.00438,0.589,MixedAir,0.0
112,0,3.3,255,24036,4711,24036,4711,3.0045,0.58888,MixedAir,0.0
113,0,3.3,255,24041,4652,24041,4652,3.00513,0.5815,MixedAir,0.0
114,0,3.3,255,24043,4646,24043,4646,3.00538,0.58075,MixedAir,0.0
115,0,3.3,255,23934,4669,23934,4669,2.99175,0.58363,MixedAir,0.0
116,0,3.3,255,23872,4714,23872,4714,2.984,0.58925,MixedAir,0.0
117,0,3.3,255,24013,4720,24013,4720,3.00163,0.59,MixedAir,0.0
118,0,3.3,255,23861,4663,23861,4663,2.98263,0.58288,MixedAir,0.0
119,0,3.3,255,24043,4721,24043,4721,3.00538,0.59013,MixedAir,0.0
120,0,3.3,255,23893,4671,23893,4671,2.98663,0.58388,MixedAir,0.0
121,0,3.3,255,24051,4724,24051,4724,3.00638,0.5905,MixedAir,0.0
122,0,3.3,255,23881,4665,23881,4665,2.98513,0.58313,MixedAir,0.0
123,0,3.3,255,24052,4659,24052,4659,3.0065,0.58238,MixedAir,0.0
124,0,3.3,255,24048,4716,24048,4716,3.006,0.5895,MixedAir,0.0
125,0,0.0,0,25969,4664,25969,4664,3.24613,0.583,MixedAir,0.0
126,0,0.0,0,25789,4642,25789,4642,3.22363,0.58025,MixedAir,0.0
127,0,0.0,0,25374,4700,25374,4700,3.17175,0.5875,MixedAir,0.0
128,0,0.0,0,25319,4707,25319,4707,3.16488,0.58838,MixedAir,0.0
129,0,0.0,0,25095,4656,25095,4656,3.13688,0.582,MixedAir,0.0
130,0,0.0,0,24870,4640,24870,4640,3.10875,0.58,MixedAir,0.0
131,0,0.0,0,24489,4635,24489,4635,3.06113,0.57938,MixedAir,0.0
132,0,0.0,0,24364,4707,24364,4707,3.0455,0.58838,MixedAir,0.0
133,0,0.0,0,24091,4657,24091,4657,3.01138,0.58213,MixedAir,0.0
134,0,0.0,0,23899,4631,23899,4631,2.98738,0.57888,MixedAir,0.0
135,0,0.0,0,23879,4706,23879,4706,2.98488,0.58825,MixedAir,0.0
136,0,0.0,0,23535,4710,23535,4710,2.94188,0.58875,MixedAir,0.0
137,0,0.0,0,23304,4656,23304,4656,2.913,0.582,MixedAir,0.0
138,0,0.0,0,23238,4710,23238,4710,2.90475,0.58875,MixedAir,0.0
139,0,0.0,0,23079,4712,23079,4712,2.88488,0.589,MixedAir,0.0
140,0,0.0,0,22813,4707,22813,4707,2.85163,0.58838,MixedAir,0.0
141,0,0.0,0,22770,4703,22770,4703,2.84625,0.58788,MixedAir,0.0
142,0,0.0,0,22466,4644,22466,4644,2.80825,0.5805,MixedAir,0.0
143,0,0.0,0,22493,4647,22493,4647,2.81163,0.58088,MixedAir,0.0
144,0,0.0,0,22349,4693,22349,4693,2.79363,0.58663,MixedAir,0.0
145,0,0.0,0,22222,4709,22222,4709,2.77775,0.58863,MixedAir,0.0
146,0,0.0,0,21939,4650,21939,4650,2.74238,0.58125,MixedAir,0.0
147,0,0.0,0,21815,4631,21815,4631,2.72688,0.57888,MixedAir,0.0
148,0,0.0,0,21850,4695,21850,4695,2.73125,0.58688,MixedAir,0.0
149,0,0.0,0,21732,4646,21732,4646,2.7165,0.58075,MixedAir,0.0
150,0,0.0,0,21620,4652,21620,4652,2.7025,0.5815,MixedAir,0.0
151,0,0.0,0,21514,4685,21514,4685,2.68925,0.58563,MixedAir,0.0
152,0,0.0,0,21244,4651,21244,4651,2.6555,0.58138,MixedAir,0.0
153,0,0.0,0,21292,4643,21292,4643,2.6615,0.58038,MixedAir,0.0
154,0,0.0,0,21033,4678,21033,4678,2.62913,0.58475,MixedAir,0.0
155,0,0.0,0,21086,4643,21086,4643,2.63575,0.58038,MixedAir,0.0
156,0,0.0,0,20951,4705,20951,4705,2.61888,0.58813,MixedAir,0.0
157,0,0.0,0,20728,4661,20728,4661,2.591,0.58263,MixedAir,0.0
158,0,0.0,0,20781,4683,20781,4683,2.59763,0.58538,MixedAir,0.0
159,0,0.0,0,20692,4641,20692,4641,2.5865,0.58013,MixedAir,0.0
160,0,0.0,0,20610,4675,20610,4675,2.57625,0.58438,MixedAir,0.0
161,0,0.0,0,20382,4694,20382,4694,2.54775,0.58675,MixedAir,0.0
162,0,0.0,0,20443,4709,20443,4709,2.55538,0.58863,MixedAir,0.0
163,0,0.0,0,20383,4696,20383,4696,2.54788,0.587,MixedAir,0.0
164,0,0.0,0,20220,4647,20220,4647,2.5275,0.58088,MixedAir,0.0
165,0,0.0,0,20245,4635,20245,4635,2.53063,0.57938,MixedAir,0.0
166,0,0.0,0,20005,4685,20005,4685,2.50063,0.58563,MixedAir,0.0
167,0,0.0,0,20083,4639,20083,4639,2.51038,0.57988,MixedAir,0.0
168,0,0.0,0,19963,4705,19963,4705,2.49538,0.58813,MixedAir,0.0
169,0,0.0,0,20000,4628,20000,4628,2.5,0.5785,MixedAir,0.0
170,0,0.0,0,19945,4670,19945,4670,2.49313,0.58375,MixedAir,0.0
171,0,0.0,0,19810,4665,19810,4665,2.47625,0.58313,MixedAir,0.0
172,0,0.0,0,19844,4699,19844,4699,2.4805,0.58738,MixedAir,0.0
173,0,0.0,0,19799,4710,19799,4710,2.47488,0.58875,MixedAir,0.0
174,0,0.0,0,19762,4688,19762,4688,2.47025,0.586,MixedAir,0.0
175,0,0.0,0,19711,4628,19711,4628,2.46388,0.5785,MixedAir,0.0
176,0,0.0,0,19520,4695,19520,4695,2.44,0.58688,MixedAir,0.0
177,0,0.0,0,19584,4647,19584,4647,2.448,0.58088,MixedAir,0.0
178,0,0.0,0,19528,4698,19528,4698,2.441,0.58725,MixedAir,0.0
179,0,0.0,0,19405,4639,19405,4639,2.42563,0.57988,MixedAir,0.0
180,0,0.0,0,19457,4629,19457,4629,2.43213,0.57863,MixedAir,0.0
181,0,0.0,0,19293,4646,19293,4646,2.41163,0.58075,MixedAir,0.0
182,0,0.0,0,19409,4691,19409,4691,2.42613,0.58637,MixedAir,0.0
183,0,0.0,0,19316,4658,19316,4658,2.4145,0.58225,MixedAir,0.0
184,0,0.0,0,19352,4668,19352,4668,2.419,0.5835,MixedAir,0.0
185,0,0.0,0,19244,4707,19244,4707,2.4055,0.58838,MixedAir,0.0
186,0,0.0,0,19297,4653,19297,4653,2.41213,0.58163,MixedAir,0.0
187,0,0.0,0,19270,4660,19270,4660,2.40875,0.5825,MixedAir,0.0
188,0,0.0,0,19105,4706,19105,4706,2.38813,0.58825,MixedAir,0.0
189,0,0.0,0,19222,4709,19222,4709,2.40275,0.58863,MixedAir,0.0
190,0,0.0,0,19176,4686,19176,4686,2.397,0.58575,MixedAir,0.0
191,0,0.0,0,19182,4704,19182,4704,2.39775,0.588,MixedAir,0.0
192,0,0.0,0,19018,4626,19018,4626,2.37725,0.57825,MixedAir,0.0
193,0,0.0,0,19146,4664,19146,4664,2.39325,0.583,MixedAir,0.0
194,0,0.0,0,18980,4685,18980,4685,2.3725,0.58563,MixedAir,0.0
195,0,0.0,0,19104,4699,19104,4699,2.388,0.58738,MixedAir,0.0
196,0,0.0,0,18922,4664,18922,4664,2.36525,0.583,MixedAir,0.0
197,0,0.0,0,19044,4628,19044,4628,2.3805,0.5785,MixedAir,0.0
198,0,0.0,0,18884,4653,18884,4653,2.3605,0.58163,MixedAir,0.0
199,0,0.0,0,19018,4640,19018,4640,2.37725,0.58,MixedAir,0.0
200,0,0.0,0,19002,4652,19002,4652,2.37525,0.5815,MixedAir,0.0
201,0,0.0,0,18841,4646,18841,4646,2.35513,0.58075,MixedAir,0.0
202,0,0.0,0,18977,4657,18977,4657,2.37213,0.58213,MixedAir,0.0
203,0,0.0,0,18859,4681,18859,4681,2.35738,0.58513,MixedAir,0.0
204,0,0.0,0,18949,4654,18949,4654,2.36863,0.58175,MixedAir,0.0
205,0,0.0,0,18776,4678,18776,4678,2.347,0.58475,MixedAir,0.0
206,0,0.0,0,18906,4706,18906,4706,2.36325,0.58825,MixedAir,0.0
207,0,0.0,0,18862,4647,18862,4647,2.35775,0.58088,MixedAir,0.0
208,0,0.0,0,18883,4635,18883,4635,2.36038,0.57938,MixedAir,0.0
209,0,0.0,0,18863,4704,18863,4704,2.35788,0.588,MixedAir,0.0
210,0,0.0,0,18867,4686,18867,4686,2.35838,0.58575,MixedAir,0.0
211,0,0.0,0,18845,4678,18845,4678,2.35563,0.58475,MixedAir,0.0
212,0,0.0,0,18851,4649,18851,4649,2.35638,0.58113,MixedAir,0.0
213,0,0.0,0,18703,4708,18703,4708,2.33788,0.5885,MixedAir,0.0
214,0,0.0,0,18834,4689,18834,4689,2.35425,0.58613,MixedAir,0.0
215,0,0.0,0,18690,4649,18690,4649,2.33625,0.58113,MixedAir,0.0
216,0,0.0,0,18809,4654,18809,4654,2.35113,0.58175,MixedAir,0.0
217,0,0.0,0,18796,4638,18796,4638,2.3495,0.57975,MixedAir,0.0
218,0,0.0,0,18643,4627,18643,4627,2.33038,0.57838,MixedAir,0.0
219,0,0.0,0,18738,4652,18738,4652,2.34225,0.5815,MixedAir,0.0
220,0,0.0,0,18704,4637,18704,4637,2.338,0.57963,MixedAir,0.0
221,0,0.0,0,18758,4678,18758,4678,2.34475,0.58475,MixedAir,0.0
222,0,0.0,0,18615,4706,18615,4706,2.32688,0.58825,MixedAir,0.0
223,0,0.0,0,18616,4673,18616,4673,2.327,0.58413,MixedAir,0.0
224,0,0.0,0,18688,4655,18688,4655,2.336,0.58188,MixedAir,0.0
225,0,0.0,0,18734,4705,18734,4705,2.34175,0.58813,MixedAir,0.0
226,0,0.0,0,18724,4705,18724,4705,2.3405,0.58813,MixedAir,0.0
227,0,0.0,0,18590,4703,18590,4703,2.32375,0.58788,MixedAir,0.0
228,0,0.0,0,18722,4636,18722,4636,2.34025,0.5795,MixedAir,0.0
229,0,0.0,0,18706,4650,18706,4650,2.33825,0.58125,MixedAir,0.0
230,0,0.0,0,18539,4683,18539,4683,2.31738,0.58538,MixedAir,0.0
231,0,0.0,0,18702,4626,18702,4626,2.33775,0.57825,MixedAir,0.0
232,0,0.0,0,18569,4685,18569,4685,2.32113,0.58563,MixedAir,0.0
233,0,0.0,0,18693,4705,18693,4705,2.33663,0.58813,MixedAir,0.0
234,0,0.0,0,18697,4648,18697,4648,2.33713,0.581,MixedAir,0.0
231,0,0.0,0,18702,4626,18702,4626,2.33775,0.57825,MixedAir,0.0
232,0,0.0,0,18569,4685,18569,4685,2.32113,0.58563,MixedAir,0.0
233,0,0.0,0,18693,4705,18693,4705,2.33663,0.58813,MixedAir,0.0
234,0,0.0,0,18697,4648,18697,4648,2.33713,0.581,MixedAir,0.0
235,0,0.0,0,18627,4710,18627,4710,2.32838,0.58875,MixedAir,0.0
236,0,0.0,0,18694,4650,18694,4650,2.33675,0.58125,MixedAir,0.0
237,0,0.0,0,18541,4648,18541,4648,2.31763,0.581,MixedAir,0.0
238,0,0.0,0,18676,4702,18676,4702,2.3345,0.58775,MixedAir,0.0
239,0,0.0,0,18543,4630,18543,4630,2.31788,0.57875,MixedAir,0.0
240,0,0.0,0,18672,4623,18672,4623,2.334,0.57788,MixedAir,0.0
241,0,0.0,0,18663,4675,18663,4675,2.33288,0.58438,MixedAir,0.0
242,0,0.0,0,18659,4667,18659,4667,2.33238,0.58338,MixedAir,0.0
243,0,0.0,0,18530,4705,18530,4705,2.31625,0.58813,MixedAir,0.0
244,0,0.0,0,18664,4649,18664,4649,2.333,0.58113,MixedAir,0.0
245,0,0.0,0,18517,4631,18517,4631,2.31463,0.57888,MixedAir,0.0
246,0,0.0,0,18651,4703,18651,4703,2.33138,0.58788,MixedAir,0.0
247,0,0.0,0,18648,4702,18648,4702,2.331,0.58775,MixedAir,0.0
248,0,0.0,0,18659,4657,18659,4657,2.33238,0.58213,MixedAir,0.0
249,0,0.0,0,18578,4695,18578,4695,2.32225,0.58688,MixedAir,0.0
0,0,3.3,255,17314,4638,17314,4638,2.16425,0.57975,MixedAir,0.0
1,0,3.3,255,17546,4670,17546,4670,2.19325,0.58375,MixedAir,0.0
2,0,3.3,255,17851,4645,17851,4645,2.23138,0.58063,MixedAir,0.0
3,0,3.3,255,18218,4708,18218,4708,2.27725,0.5885,MixedAir,0.0
4,0,3.3,255,18399,4683,18399,4683,2.29988,0.58538,MixedAir,0.0
5,0,3.3,255,18715,4714,18715,4714,2.33938,0.58925,MixedAir,0.0
6,0,3.3,255,18955,4718,18955,4718,2.36938,0.58975,MixedAir,0.0
7,0,3.3,255,19313,4721,19313,4721,2.41413,0.59013,MixedAir,0.0
8,0,3.3,255,19381,4716,19381,4716,2.42263,0.5895,MixedAir,0.0
9,0,3.3,255,19728,4682,19728,4682,2.466,0.58525,MixedAir,0.0
10,0,3.3,255,19788,4669,19788,4669,2.4735,0.58363,MixedAir,0.0
11,0,3.3,255,20127,4709,20127,4709,2.51588,0.58863,MixedAir,0.0
12,0,3.3,255,20183,4672,20183,4672,2.52288,0.584,MixedAir,0.0
13,0,3.3,255,20445,4670,20445,4670,2.55563,0.58375,MixedAir,0.0
14,0,3.3,255,20714,4696,20714,4696,2.58925,0.587,MixedAir,0.0
15,0,3.3,255,20756,4690,20756,4690,2.5945,0.58625,MixedAir,0.0
16,0,3.3,255,21067,4681,21067,4681,2.63338,0.58513,MixedAir,0.0
17,0,3.3,255,21049,4646,21049,4646,2.63113,0.58075,MixedAir,0.0
18,0,3.3,255,21344,4654,21344,4654,2.668,0.58175,MixedAir,0.0
19,0,3.3,255,21444,4657,21444,4657,2.6805,0.58213,MixedAir,0.0
20,0,3.3,255,21587,4659,21587,4659,2.69838,0.58238,MixedAir,0.0
21,0,3.3,255,21558,4722,21558,4722,2.69475,0.59025,MixedAir,0.0
22,0,3.3,255,21705,4677,21705,4677,2.71313,0.58463,MixedAir,0.0
23,0,3.3,255,21943,4659,21943,4659,2.74288,0.58238,MixedAir,0.0
24,0,3.3,255,22039,4646,22039,4646,2.75488,0.58075,MixedAir,0.0
25,0,3.3,255,22130,4645,22130,4645,2.76625,0.58063,MixedAir,0.0
26,0,3.3,255,22060,4660,22060,4660,2.7575,0.5825,MixedAir,0.0
27,0,3.3,255,22311,4674,22311,4674,2.78888,0.58425,MixedAir,0.0
28,0,3.3,255,22326,4670,22326,4670,2.79075,0.58375,MixedAir,0.0
29,0,3.3,255,22468,4703,22468,4703,2.8085,0.58788,MixedAir,0.0
30,0,3.3,255,22418,4721,22418,4721,2.80225,0.59013,MixedAir,0.0
31,0,3.3,255,22604,4718,22604,4718,2.8255,0.58975,MixedAir,0.0
32,0,3.3,255,22681,4645,22681,4645,2.83513,0.58063,MixedAir,0.0
33,0,3.3,255,22744,4648,22744,4648,2.843,0.581,MixedAir,0.0
34,0,3.3,255,22831,4661,22831,4661,2.85388,0.58263,MixedAir,0.0
35,0,3.3,255,22883,4699,22883,4699,2.86038,0.58738,MixedAir,0.0
36,0,3.3,255,22780,4682,22780,4682,2.8475,0.58525,MixedAir,0.0
37,0,3.3,255,22993,4666,22993,4666,2.87413,0.58325,MixedAir,0.0
38,0,3.3,255,22876,4653,22876,4653,2.8595,0.58163,MixedAir,0.0
39,0,3.3,255,23099,4688,23099,4688,2.88738,0.586,MixedAir,0.0
40,0,3.3,255,23003,4720,23003,4720,2.87538,0.59,MixedAir,0.0
41,0,3.3,255,23196,4719,23196,4719,2.8995,0.58988,MixedAir,0.0
42,0,3.3,255,23231,4721,23231,4721,2.90388,0.59013,MixedAir,0.0
43,0,3.3,255,23277,4688,23277,4688,2.90963,0.586,MixedAir,0.0
44,0,3.3,255,23152,4708,23152,4708,2.894,0.5885,MixedAir,0.0
45,0,3.3,255,23402,4651,23402,4651,2.92525,0.58138,MixedAir,0.0
46,0,3.3,255,23280,4681,23280,4681,2.91,0.58513,MixedAir,0.0
47,0,3.3,255,23457,4708,23457,4708,2.93213,0.5885,MixedAir,0.0
48,0,3.3,255,23318,4639,23318,4639,2.91475,0.57988,MixedAir,0.0
49,0,3.3,255,23529,4649,23529,4649,2.94113,0.58113,MixedAir,0.0
50,0,3.3,255,23550,4718,23550,4718,2.94375,0.58975,MixedAir,0.0
51,0,3.3,255,23559,4666,23559,4666,2.94488,0.58325,MixedAir,0.0
52,0,3.3,255,23447,4651,23447,4651,2.93088,0.58138,MixedAir,0.0
53,0,3.3,255,23680,4653,23680,4653,2.96,0.58163,MixedAir,0.0
54,0,3.3,255,23672,4721,23672,4721,2.959,0.59013,MixedAir,0.0
55,0,3.3,255,23713,4711,23713,4711,2.96413,0.58888,MixedAir,0.0
56,0,3.3,255,23686,4717,23686,4717,2.96075,0.58963,MixedAir,0.0
57,0,3.3,255,23745,4714,23745,4714,2.96813,0.58925,MixedAir,0.0
58,0,3.3,255,23765,4668,23765,4668,2.97063,0.5835,MixedAir,0.0
59,0,3.3,255,23785,4655,23785,4655,2.97313,0.58188,MixedAir,0.0
60,0,3.3,255,23631,4660,23631,4660,2.95388,0.5825,MixedAir,0.0
61,0,3.3,255,23810,4644,23810,4644,2.97625,0.5805,MixedAir,0.0
62,0,3.3,255,23657,4663,23657,4663,2.95713,0.58288,MixedAir,0.0
63,0,3.3,255,23668,4664,23668,4664,2.9585,0.583,MixedAir,0.0
64,0,3.3,255,23692,4679,23692,4679,2.9615,0.58488,MixedAir,0.0
65,0,3.3,255,23678,4700,23678,4700,2.95975,0.5875,MixedAir,0.0
66,0,3.3,255,23705,4654,23705,4654,2.96313,0.58175,MixedAir,0.0
67,0,3.3,255,23861,4696,23861,4696,2.98263,0.587,MixedAir,0.0
68,0,3.3,255,23721,4642,23721,4642,2.96513,0.58025,MixedAir,0.0
69,0,3.3,255,23888,4654,23888,4654,2.986,0.58175,MixedAir,0.0
70,0,3.3,255,23748,4644,23748,4644,2.9685,0.5805,MixedAir,0.0
71,0,3.3,255,23909,4658,23909,4658,2.98863,0.58225,MixedAir,0.0
72,0,3.3,255,23747,4662,23747,4662,2.96838,0.58275,MixedAir,0.0
73,0,3.3,255,23925,4654,23925,4654,2.99063,0.58175,MixedAir,0.0
74,0,3.3,255,23764,4655,23764,4655,2.9705,0.58188,MixedAir,0.0
75,0,3.3,255,23772,4677,23772,4677,2.9715,0.58463,MixedAir,0.0
76,0,3.3,255,23902,4696,23902,4696,2.98775,0.587,MixedAir,0.0
77,0,3.3,255,23788,4684,23788,4684,2.9735,0.5855,MixedAir,0.0
78,0,3.3,255,23963,4670,23963,4670,2.99538,0.58375,MixedAir,0.0
79,0,3.3,255,23968,4661,23968,4661,2.996,0.58263,MixedAir,0.0
80,0,3.3,255,23805,4677,23805,4677,2.97563,0.58463,MixedAir,0.0
81,0,3.3,255,23797,4672,23797,4672,2.97463,0.584,MixedAir,0.0
82,0,3.3,255,23963,4667,23963,4667,2.99538,0.58338,MixedAir,0.0
83,0,3.3,255,23985,4720,23985,4720,2.99813,0.59,MixedAir,0.0
84,0,3.3,255,23994,4654,23994,4654,2.99925,0.58175,MixedAir,0.0
85,0,3.3,255,23876,4652,23876,4652,2.9845,0.5815,MixedAir,0.0
86,0,3.3,255,23996,4721,23996,4721,2.9995,0.59013,MixedAir,0.0
87,0,3.3,255,24016,4660,24016,4660,3.002,0.5825,MixedAir,0.0
88,0,3.3,255,24030,4649,24030,4649,3.00375,0.58113,MixedAir,0.0
89,0,3.3,255,24036,4697,24036,4697,3.0045,0.58713,MixedAir,0.0
90,0,3.3,255,23867,4668,23867,4668,2.98338,0.5835,MixedAir,0.0
91,0,3.3,255,24035,4654,24035,4654,3.00438,0.58175,MixedAir,0.0
92,0,3.3,255,23997,4673,23997,4673,2.99963,0.58413,MixedAir,0.0
93,0,3.3,255,24035,4652,24035,4652,3.00438,0.5815,MixedAir,0.0
94,0,3.3,255,23873,4688,23873,4688,2.98413,0.586,MixedAir,0.0
95,0,3.3,255,24045,4725,24045,4725,3.00563,0.59063,MixedAir,0.0
96,0,3.3,255,23872,4717,23872,4717,2.984,0.58963,MixedAir,0.0
97,0,3.3,255,24045,4721,24045,4721,3.00563,0.59013,MixedAir,0.0
98,0,3.3,255,23885,4719,23885,4719,2.98563,0.58988,MixedAir,0.0
99,0,3.3,255,24056,4660,24056,4660,3.007,0.5825,MixedAir,0.0
100,0,3.3,255,24060,4661,24060,4661,3.0075,0.58263,MixedAir,0.0
101,0,3.3,255,24068,4676,24068,4676,3.0085,0.5845,MixedAir,0.0
102,0,3.3,255,24060,4659,24060,4659,3.0075,0.58238,MixedAir,0.0
103,0,3.3,255,23886,4701,23886,4701,2.98575,0.58763,MixedAir,0.0
104,0,3.3,255,24065,4653,24065,4653,3.00813,0.58163,MixedAir,0.0
105,0,3.3,255,23883,4641,23883,4641,2.98538,0.58013,MixedAir,0.0
106,0,3.3,255,24069,4652,24069,4652,3.00863,0.5815,MixedAir,0.0
107,0,3.3,255,23901,4655,23901,4655,2.98763,0.58188,MixedAir,0.0
108,0,3.3,255,24073,4721,24073,4721,3.00913,0.59013,MixedAir,0.0
109,0,3.3,255,24067,4716,24067,4716,3.00838,0.5895,MixedAir,0.0
110,0,3.3,255,23894,4717,23894,4717,2.98675,0.58963,MixedAir,0.0
111,0,3.3,255,23903,4675,23903,4675,2.98788,0.58438,MixedAir,0.0
112,0,3.3,255,24071,4721,24071,4721,3.00888,0.59013,MixedAir,0.0
113,0,3.3,255,24044,4710,24044,4710,3.0055,0.58875,MixedAir,0.0
114,0,3.3,255,23899,4642,23899,4642,2.98738,0.58025,MixedAir,0.0
115,0,3.3,255,23898,4651,23898,4651,2.98725,0.58138,MixedAir,0.0
116,0,3.3,255,24070,4644,24070,4644,3.00875,0.5805,MixedAir,0.0
117,0,3.3,255,23915,4695,23915,4695,2.98938,0.58688,MixedAir,0.0
118,0,3.3,255,24069,4675,24069,4675,3.00863,0.58438,MixedAir,0.0
119,0,3.3,255,23971,4641,23971,4641,2.99638,0.58013,MixedAir,0.0
120,0,3.3,255,23913,4679,23913,4679,2.98913,0.58488,MixedAir,0.0
121,0,3.3,255,24071,4673,24071,4673,3.00888,0.58413,MixedAir,0.0
122,0,3.3,255,24087,4698,24087,4698,3.01088,0.58725,MixedAir,0.0
123,0,3.3,255,24076,4667,24076,4667,3.0095,0.58338,MixedAir,0.0
124,0,3.3,255,24077,4654,24077,4654,3.00963,0.58175,MixedAir,0.0
125,0,0.0,0,25994,4661,25994,4661,3.24925,0.58263,MixedAir,0.0
126,0,0.0,0,25824,4702,25824,4702,3.228,0.58775,MixedAir,0.0
127,0,0.0,0,25592,4710,25592,4710,3.199,0.58875,MixedAir,0.0
235,0,0.0,0,18627,4710,18627,4710,2.32838,0.58875,MixedAir,0.0
236,0,0.0,0,18694,4650,18694,4650,2.33675,0.58125,MixedAir,0.0
237,0,0.0,0,18541,4648,18541,4648,2.31763,0.581,MixedAir,0.0
238,0,0.0,0,18676,4702,18676,4702,2.3345,0.58775,MixedAir,0.0
239,0,0.0,0,18543,4630,18543,4630,2.31788,0.57875,MixedAir,0.0
240,0,0.0,0,18672,4623,18672,4623,2.334,0.57788,MixedAir,0.0
241,0,0.0,0,18663,4675,18663,4675,2.33288,0.58438,MixedAir,0.0
242,0,0.0,0,18659,4667,18659,4667,2.33238,0.58338,MixedAir,0.0
243,0,0.0,0,18530,4705,18530,4705,2.31625,0.58813,MixedAir,0.0
244,0,0.0,0,18664,4649,18664,4649,2.333,0.58113,MixedAir,0.0
245,0,0.0,0,18517,4631,18517,4631,2.31463,0.57888,MixedAir,0.0
246,0,0.0,0,18651,4703,18651,4703,2.33138,0.58788,MixedAir,0.0
247,0,0.0,0,18648,4702,18648,4702,2.331,0.58775,MixedAir,0.0
248,0,0.0,0,18659,4657,18659,4657,2.33238,0.58213,MixedAir,0.0
249,0,0.0,0,18578,4695,18578,4695,2.32225,0.58688,MixedAir,0.0
0,0,3.3,255,17314,4638,17314,4638,2.16425,0.57975,MixedAir,0.0
1,0,3.3,255,17546,4670,17546,4670,2.19325,0.58375,MixedAir,0.0
2,0,3.3,255,17851,4645,17851,4645,2.23138,0.58063,MixedAir,0.0
3,0,3.3,255,18218,4708,18218,4708,2.27725,0.5885,MixedAir,0.0
4,0,3.3,255,18399,4683,18399,4683,2.29988,0.58538,MixedAir,0.0
5,0,3.3,255,18715,4714,18715,4714,2.33938,0.58925,MixedAir,0.0
6,0,3.3,255,18955,4718,18955,4718,2.36938,0.58975,MixedAir,0.0
7,0,3.3,255,19313,4721,19313,4721,2.41413,0.59013,MixedAir,0.0
8,0,3.3,255,19381,4716,19381,4716,2.42263,0.5895,MixedAir,0.0
9,0,3.3,255,19728,4682,19728,4682,2.466,0.58525,MixedAir,0.0
10,0,3.3,255,19788,4669,19788,4669,2.4735,0.58363,MixedAir,0.0
11,0,3.3,255,20127,4709,20127,4709,2.51588,0.58863,MixedAir,0.0
12,0,3.3,255,20183,4672,20183,4672,2.52288,0.584,MixedAir,0.0
13,0,3.3,255,20445,4670,20445,4670,2.55563,0.58375,MixedAir,0.0
14,0,3.3,255,20714,4696,20714,4696,2.58925,0.587,MixedAir,0.0
15,0,3.3,255,20756,4690,20756,4690,2.5945,0.58625,MixedAir,0.0
16,0,3.3,255,21067,4681,21067,4681,2.63338,0.58513,MixedAir,0.0
17,0,3.3,255,21049,4646,21049,4646,2.63113,0.58075,MixedAir,0.0
18,0,3.3,255,21344,4654,21344,4654,2.668,0.58175,MixedAir,0.0
19,0,3.3,255,21444,4657,21444,4657,2.6805,0.58213,MixedAir,0.0
20,0,3.3,255,21587,4659,21587,4659,2.69838,0.58238,MixedAir,0.0
21,0,3.3,255,21558,4722,21558,4722,2.69475,0.59025,MixedAir,0.0
22,0,3.3,255,21705,4677,21705,4677,2.71313,0.58463,MixedAir,0.0
23,0,3.3,255,21943,4659,21943,4659,2.74288,0.58238,MixedAir,0.0
24,0,3.3,255,22039,4646,22039,4646,2.75488,0.58075,MixedAir,0.0
25,0,3.3,255,22130,4645,22130,4645,2.76625,0.58063,MixedAir,0.0
26,0,3.3,255,22060,4660,22060,4660,2.7575,0.5825,MixedAir,0.0
27,0,3.3,255,22311,4674,22311,4674,2.78888,0.58425,MixedAir,0.0
28,0,3.3,255,22326,4670,22326,4670,2.79075,0.58375,MixedAir,0.0
29,0,3.3,255,22468,4703,22468,4703,2.8085,0.58788,MixedAir,0.0
30,0,3.3,255,22418,4721,22418,4721,2.80225,0.59013,MixedAir,0.0
31,0,3.3,255,22604,4718,22604,4718,2.8255,0.58975,MixedAir,0.0
32,0,3.3,255,22681,4645,22681,4645,2.83513,0.58063,MixedAir,0.0
33,0,3.3,255,22744,4648,22744,4648,2.843,0.581,MixedAir,0.0
34,0,3.3,255,22831,4661,22831,4661,2.85388,0.58263,MixedAir,0.0
35,0,3.3,255,22883,4699,22883,4699,2.86038,0.58738,MixedAir,0.0
36,0,3.3,255,22780,4682,22780,4682,2.8475,0.58525,MixedAir,0.0
37,0,3.3,255,22993,4666,22993,4666,2.87413,0.58325,MixedAir,0.0
38,0,3.3,255,22876,4653,22876,4653,2.8595,0.58163,MixedAir,0.0
39,0,3.3,255,23099,4688,23099,4688,2.88738,0.586,MixedAir,0.0
40,0,3.3,255,23003,4720,23003,4720,2.87538,0.59,MixedAir,0.0
41,0,3.3,255,23196,4719,23196,4719,2.8995,0.58988,MixedAir,0.0
42,0,3.3,255,23231,4721,23231,4721,2.90388,0.59013,MixedAir,0.0
43,0,3.3,255,23277,4688,23277,4688,2.90963,0.586,MixedAir,0.0
44,0,3.3,255,23152,4708,23152,4708,2.894,0.5885,MixedAir,0.0
45,0,3.3,255,23402,4651,23402,4651,2.92525,0.58138,MixedAir,0.0
46,0,3.3,255,23280,4681,23280,4681,2.91,0.58513,MixedAir,0.0
47,0,3.3,255,23457,4708,23457,4708,2.93213,0.5885,MixedAir,0.0
48,0,3.3,255,23318,4639,23318,4639,2.91475,0.57988,MixedAir,0.0
49,0,3.3,255,23529,4649,23529,4649,2.94113,0.58113,MixedAir,0.0
50,0,3.3,255,23550,4718,23550,4718,2.94375,0.58975,MixedAir,0.0
51,0,3.3,255,23559,4666,23559,4666,2.94488,0.58325,MixedAir,0.0
52,0,3.3,255,23447,4651,23447,4651,2.93088,0.58138,MixedAir,0.0
53,0,3.3,255,23680,4653,23680,4653,2.96,0.58163,MixedAir,0.0
54,0,3.3,255,23672,4721,23672,4721,2.959,0.59013,MixedAir,0.0
55,0,3.3,255,23713,4711,23713,4711,2.96413,0.58888,MixedAir,0.0
56,0,3.3,255,23686,4717,23686,4717,2.96075,0.58963,MixedAir,0.0
57,0,3.3,255,23745,4714,23745,4714,2.96813,0.58925,MixedAir,0.0
58,0,3.3,255,23765,4668,23765,4668,2.97063,0.5835,MixedAir,0.0
59,0,3.3,255,23785,4655,23785,4655,2.97313,0.58188,MixedAir,0.0
60,0,3.3,255,23631,4660,23631,4660,2.95388,0.5825,MixedAir,0.0
61,0,3.3,255,23810,4644,23810,4644,2.97625,0.5805,MixedAir,0.0
62,0,3.3,255,23657,4663,23657,4663,2.95713,0.58288,MixedAir,0.0
63,0,3.3,255,23668,4664,23668,4664,2.9585,0.583,MixedAir,0.0
64,0,3.3,255,23692,4679,23692,4679,2.9615,0.58488,MixedAir,0.0
65,0,3.3,255,23678,4700,23678,4700,2.95975,0.5875,MixedAir,0.0
66,0,3.3,255,23705,4654,23705,4654,2.96313,0.58175,MixedAir,0.0
67,0,3.3,255,23861,4696,23861,4696,2.98263,0.587,MixedAir,0.0
68,0,3.3,255,23721,4642,23721,4642,2.96513,0.58025,MixedAir,0.0
69,0,3.3,255,23888,4654,23888,4654,2.986,0.58175,MixedAir,0.0
70,0,3.3,255,23748,4644,23748,4644,2.9685,0.5805,MixedAir,0.0
71,0,3.3,255,23909,4658,23909,4658,2.98863,0.58225,MixedAir,0.0
72,0,3.3,255,23747,4662,23747,4662,2.96838,0.58275,MixedAir,0.0
73,0,3.3,255,23925,4654,23925,4654,2.99063,0.58175,MixedAir,0.0
74,0,3.3,255,23764,4655,23764,4655,2.9705,0.58188,MixedAir,0.0
75,0,3.3,255,23772,4677,23772,4677,2.9715,0.58463,MixedAir,0.0
76,0,3.3,255,23902,4696,23902,4696,2.98775,0.587,MixedAir,0.0
77,0,3.3,255,23788,4684,23788,4684,2.9735,0.5855,MixedAir,0.0
78,0,3.3,255,23963,4670,23963,4670,2.99538,0.58375,MixedAir,0.0
79,0,3.3,255,23968,4661,23968,4661,2.996,0.58263,MixedAir,0.0
80,0,3.3,255,23805,4677,23805,4677,2.97563,0.58463,MixedAir,0.0
81,0,3.3,255,23797,4672,23797,4672,2.97463,0.584,MixedAir,0.0
82,0,3.3,255,23963,4667,23963,4667,2.99538,0.58338,MixedAir,0.0
83,0,3.3,255,23985,4720,23985,4720,2.99813,0.59,MixedAir,0.0
84,0,3.3,255,23994,4654,23994,4654,2.99925,0.58175,MixedAir,0.0
85,0,3.3,255,23876,4652,23876,4652,2.9845,0.5815,MixedAir,0.0
86,0,3.3,255,23996,4721,23996,4721,2.9995,0.59013,MixedAir,0.0
87,0,3.3,255,24016,4660,24016,4660,3.002,0.5825,MixedAir,0.0
88,0,3.3,255,24030,4649,24030,4649,3.00375,0.58113,MixedAir,0.0
89,0,3.3,255,24036,4697,24036,4697,3.0045,0.58713,MixedAir,0.0
90,0,3.3,255,23867,4668,23867,4668,2.98338,0.5835,MixedAir,0.0
91,0,3.3,255,24035,4654,24035,4654,3.00438,0.58175,MixedAir,0.0
92,0,3.3,255,23997,4673,23997,4673,2.99963,0.58413,MixedAir,0.0
93,0,3.3,255,24035,4652,24035,4652,3.00438,0.5815,MixedAir,0.0
94,0,3.3,255,23873,4688,23873,4688,2.98413,0.586,MixedAir,0.0
95,0,3.3,255,24045,4725,24045,4725,3.00563,0.59063,MixedAir,0.0
96,0,3.3,255,23872,4717,23872,4717,2.984,0.58963,MixedAir,0.0
97,0,3.3,255,24045,4721,24045,4721,3.00563,0.59013,MixedAir,0.0
98,0,3.3,255,23885,4719,23885,4719,2.98563,0.58988,MixedAir,0.0
99,0,3.3,255,24056,4660,24056,4660,3.007,0.5825,MixedAir,0.0
100,0,3.3,255,24060,4661,24060,4661,3.0075,0.58263,MixedAir,0.0
101,0,3.3,255,24068,4676,24068,4676,3.0085,0.5845,MixedAir,0.0
102,0,3.3,255,24060,4659,24060,4659,3.0075,0.58238,MixedAir,0.0
103,0,3.3,255,23886,4701,23886,4701,2.98575,0.58763,MixedAir,0.0
104,0,3.3,255,24065,4653,24065,4653,3.00813,0.58163,MixedAir,0.0
105,0,3.3,255,23883,4641,23883,4641,2.98538,0.58013,MixedAir,0.0
106,0,3.3,255,24069,4652,24069,4652,3.00863,0.5815,MixedAir,0.0
107,0,3.3,255,23901,4655,23901,4655,2.98763,0.58188,MixedAir,0.0
108,0,3.3,255,24073,4721,24073,4721,3.00913,0.59013,MixedAir,0.0
109,0,3.3,255,24067,4716,24067,4716,3.00838,0.5895,MixedAir,0.0
110,0,3.3,255,23894,4717,23894,4717,2.98675,0.58963,MixedAir,0.0
111,0,3.3,255,23903,4675,23903,4675,2.98788,0.58438,MixedAir,0.0
112,0,3.3,255,24071,4721,24071,4721,3.00888,0.59013,MixedAir,0.0
113,0,3.3,255,24044,4710,24044,4710,3.0055,0.58875,MixedAir,0.0
114,0,3.3,255,23899,4642,23899,4642,2.98738,0.58025,MixedAir,0.0
115,0,3.3,255,23898,4651,23898,4651,2.98725,0.58138,MixedAir,0.0
116,0,3.3,255,24070,4644,24070,4644,3.00875,0.5805,MixedAir,0.0
117,0,3.3,255,23915,4695,23915,4695,2.98938,0.58688,MixedAir,0.0
118,0,3.3,255,24069,4675,24069,4675,3.00863,0.58438,MixedAir,0.0
119,0,3.3,255,23971,4641,23971,4641,2.99638,0.58013,MixedAir,0.0
120,0,3.3,255,23913,4679,23913,4679,2.98913,0.58488,MixedAir,0.0
121,0,3.3,255,24071,4673,24071,4673,3.00888,0.58413,MixedAir,0.0
122,0,3.3,255,24087,4698,24087,4698,3.01088,0.58725,MixedAir,0.0
123,0,3.3,255,24076,4667,24076,4667,3.0095,0.58338,MixedAir,0.0
124,0,3.3,255,24077,4654,24077,4654,3.00963,0.58175,MixedAir,0.0
125,0,0.0,0,25994,4661,25994,4661,3.24925,0.58263,MixedAir,0.0
126,0,0.0,0,25824,4702,25824,4702,3.228,0.58775,MixedAir,0.0
127,0,0.0,0,25592,4710,25592,4710,3.199,0.58875,MixedAir,0.0
128,0,0.0,0,25256,4628,25256,4628,3.157,0.5785,MixedAir,0.0
129,0,0.0,0,25137,4632,25137,4632,3.14213,0.579,MixedAir,0.0
130,0,0.0,0,24769,4645,24769,4645,3.09613,0.58063,MixedAir,0.0
131,0,0.0,0,24716,4642,24716,4642,3.0895,0.58025,MixedAir,0.0
128,0,0.0,0,25256,4628,25256,4628,3.157,0.5785,MixedAir,0.0
129,0,0.0,0,25137,4632,25137,4632,3.14213,0.579,MixedAir,0.0
130,0,0.0,0,24769,4645,24769,4645,3.09613,0.58063,MixedAir,0.0
131,0,0.0,0,24716,4642,24716,4642,3.0895,0.58025,MixedAir,0.0
132,0,0.0,0,24498,4654,24498,4654,3.06225,0.58175,MixedAir,0.0
133,0,0.0,0,24312,4648,24312,4648,3.039,0.581,MixedAir,0.0
134,0,0.0,0,23956,4656,23956,4656,2.9945,0.582,MixedAir,0.0
135,0,0.0,0,23935,4628,23935,4628,2.99188,0.5785,MixedAir,0.0
136,0,0.0,0,23642,4632,23642,4632,2.95525,0.579,MixedAir,0.0
137,0,0.0,0,23587,4643,23587,4643,2.94838,0.58038,MixedAir,0.0
138,0,0.0,0,23349,4672,23349,4672,2.91863,0.584,MixedAir,0.0
139,0,0.0,0,23257,4700,23257,4700,2.90713,0.5875,MixedAir,0.0
140,0,0.0,0,23090,4706,23090,4706,2.88625,0.58825,MixedAir,0.0
141,0,0.0,0,22772,4705,22772,4705,2.8465,0.58813,MixedAir,0.0
142,0,0.0,0,22720,4648,22720,4648,2.84,0.581,MixedAir,0.0
143,0,0.0,0,22486,4674,22486,4674,2.81075,0.58425,MixedAir,0.0
144,0,0.0,0,22513,4658,22513,4658,2.81413,0.58225,MixedAir,0.0
145,0,0.0,0,22227,4670,22227,4670,2.77838,0.58375,MixedAir,0.0
146,0,0.0,0,22255,4674,22255,4674,2.78188,0.58425,MixedAir,0.0
147,0,0.0,0,21974,4684,21974,4684,2.74675,0.5855,MixedAir,0.0
148,0,0.0,0,22011,4665,22011,4665,2.75138,0.58313,MixedAir,0.0
149,0,0.0,0,21737,4647,21737,4647,2.71713,0.58088,MixedAir,0.0
150,0,0.0,0,21763,4660,21763,4660,2.72038,0.5825,MixedAir,0.0
151,0,0.0,0,21500,4659,21500,4659,2.6875,0.58238,MixedAir,0.0
152,0,0.0,0,21399,4647,21399,4647,2.67488,0.58088,MixedAir,0.0
153,0,0.0,0,21307,4635,21307,4635,2.66338,0.57938,MixedAir,0.0
154,0,0.0,0,21351,4710,21351,4710,2.66888,0.58875,MixedAir,0.0
155,0,0.0,0,21101,4690,21101,4690,2.63763,0.58625,MixedAir,0.0
156,0,0.0,0,21175,4653,21175,4653,2.64688,0.58163,MixedAir,0.0
157,0,0.0,0,21081,4683,21081,4683,2.63513,0.58538,MixedAir,0.0
158,0,0.0,0,20992,4702,20992,4702,2.624,0.58775,MixedAir,0.0
159,0,0.0,0,20759,4708,20759,4708,2.59488,0.5885,MixedAir,0.0
160,0,0.0,0,20830,4691,20830,4691,2.60375,0.58637,MixedAir,0.0
161,0,0.0,0,20599,4626,20599,4626,2.57488,0.57825,MixedAir,0.0
162,0,0.0,0,20580,4673,20580,4673,2.5725,0.58413,MixedAir,0.0
163,0,0.0,0,20594,4708,20594,4708,2.57425,0.5885,MixedAir,0.0
164,0,0.0,0,20524,4691,20524,4691,2.5655,0.58637,MixedAir,0.0
165,0,0.0,0,20295,4654,20295,4654,2.53688,0.58175,MixedAir,0.0
166,0,0.0,0,20373,4632,20373,4632,2.54663,0.579,MixedAir,0.0
167,0,0.0,0,20311,4636,20311,4636,2.53888,0.5795,MixedAir,0.0
168,0,0.0,0,20239,4626,20239,4626,2.52988,0.57825,MixedAir,0.0
169,0,0.0,0,20200,4642,20200,4642,2.525,0.58025,MixedAir,0.0
170,0,0.0,0,19995,4643,19995,4643,2.49938,0.58038,MixedAir,0.0
171,0,0.0,0,19928,4710,19928,4710,2.491,0.58875,MixedAir,0.0
172,0,0.0,0,20023,4672,20023,4672,2.50288,0.584,MixedAir,0.0
173,0,0.0,0,19818,4678,19818,4678,2.47725,0.58475,MixedAir,0.0
174,0,0.0,0,19773,4649,19773,4649,2.47163,0.58113,MixedAir,0.0
175,0,0.0,0,19687,4699,19687,4699,2.46088,0.58738,MixedAir,0.0
176,0,0.0,0,19772,4674,19772,4674,2.4715,0.58425,MixedAir,0.0
177,0,0.0,0,19729,4652,19729,4652,2.46613,0.5815,MixedAir,0.0
178,0,0.0,0,19680,4706,19680,4706,2.46,0.58825,MixedAir,0.0
179,0,0.0,0,19641,4701,19641,4701,2.45513,0.58763,MixedAir,0.0
180,0,0.0,0,19600,4684,19600,4684,2.45,0.5855,MixedAir,0.0
181,0,0.0,0,19575,4700,19575,4700,2.44688,0.5875,MixedAir,0.0
182,0,0.0,0,19536,4672,19536,4672,2.442,0.584,MixedAir,0.0
183,0,0.0,0,19360,4627,19360,4627,2.42,0.57838,MixedAir,0.0
184,0,0.0,0,19479,4662,19479,4662,2.43488,0.58275,MixedAir,0.0
185,0,0.0,0,19438,4709,19438,4709,2.42975,0.58863,MixedAir,0.0
186,0,0.0,0,19393,4663,19393,4663,2.42413,0.58288,MixedAir,0.0
187,0,0.0,0,19384,4709,19384,4709,2.423,0.58863,MixedAir,0.0
188,0,0.0,0,19355,4683,19355,4683,2.41938,0.58538,MixedAir,0.0
189,0,0.0,0,19193,4680,19193,4680,2.39913,0.585,MixedAir,0.0
190,0,0.0,0,19301,4695,19301,4695,2.41263,0.58688,MixedAir,0.0
191,0,0.0,0,19138,4699,19138,4699,2.39225,0.58738,MixedAir,0.0
192,0,0.0,0,19243,4661,19243,4661,2.40538,0.58263,MixedAir,0.0
193,0,0.0,0,19241,4668,19241,4668,2.40513,0.5835,MixedAir,0.0
194,0,0.0,0,19207,4706,19207,4706,2.40088,0.58825,MixedAir,0.0
195,0,0.0,0,19189,4709,19189,4709,2.39863,0.58863,MixedAir,0.0
196,0,0.0,0,19092,4664,19092,4664,2.3865,0.583,MixedAir,0.0
197,0,0.0,0,19157,4690,19157,4690,2.39463,0.58625,MixedAir,0.0
198,0,0.0,0,18991,4674,18991,4674,2.37388,0.58425,MixedAir,0.0
199,0,0.0,0,19102,4650,19102,4650,2.38775,0.58125,MixedAir,0.0
200,0,0.0,0,19042,4662,19042,4662,2.38025,0.58275,MixedAir,0.0
201,0,0.0,0,19070,4644,19070,4644,2.38375,0.5805,MixedAir,0.0
202,0,0.0,0,18915,4627,18915,4627,2.36438,0.57838,MixedAir,0.0
203,0,0.0,0,19028,4645,19028,4645,2.3785,0.58063,MixedAir,0.0
204,0,0.0,0,18920,4659,18920,4659,2.365,0.58238,MixedAir,0.0
205,0,0.0,0,19007,4703,19007,4703,2.37587,0.58788,MixedAir,0.0
206,0,0.0,0,18976,4700,18976,4700,2.372,0.5875,MixedAir,0.0
207,0,0.0,0,18842,4680,18842,4680,2.35525,0.585,MixedAir,0.0
208,0,0.0,0,18952,4694,18952,4694,2.369,0.58675,MixedAir,0.0
209,0,0.0,0,18813,4651,18813,4651,2.35163,0.58138,MixedAir,0.0
210,0,0.0,0,18868,4627,18868,4627,2.3585,0.57838,MixedAir,0.0
211,0,0.0,0,18939,4630,18939,4630,2.36738,0.57875,MixedAir,0.0
212,0,0.0,0,18927,4632,18927,4632,2.36588,0.579,MixedAir,0.0
213,0,0.0,0,18773,4624,18773,4624,2.34663,0.578,MixedAir,0.0
214,0,0.0,0,18869,4685,18869,4685,2.35863,0.58563,MixedAir,0.0
215,0,0.0,0,18889,4657,18889,4657,2.36113,0.58213,MixedAir,0.0
216,0,0.0,0,18841,4677,18841,4677,2.35513,0.58463,MixedAir,0.0
217,0,0.0,0,18887,4664,18887,4664,2.36088,0.583,MixedAir,0.0
218,0,0.0,0,18859,4658,18859,4658,2.35738,0.58225,MixedAir,0.0
219,0,0.0,0,18855,4631,18855,4631,2.35688,0.57888,MixedAir,0.0
220,0,0.0,0,18712,4671,18712,4671,2.339,0.58388,MixedAir,0.0
221,0,0.0,0,18849,4648,18849,4648,2.35613,0.581,MixedAir,0.0
222,0,0.0,0,18789,4663,18789,4663,2.34863,0.58288,MixedAir,0.0
223,0,0.0,0,18830,4635,18830,4635,2.35375,0.57938,MixedAir,0.0
224,0,0.0,0,18814,4661,18814,4661,2.35175,0.58263,MixedAir,0.0
225,0,0.0,0,18681,4639,18681,4639,2.33513,0.57988,MixedAir,0.0
226,0,0.0,0,18810,4704,18810,4704,2.35125,0.588,MixedAir,0.0
227,0,0.0,0,18802,4635,18802,4635,2.35025,0.57938,MixedAir,0.0
228,0,0.0,0,18650,4651,18650,4651,2.33125,0.58138,MixedAir,0.0
229,0,0.0,0,18784,4705,18784,4705,2.348,0.58813,MixedAir,0.0
230,0,0.0,0,18645,4703,18645,4703,2.33063,0.58788,MixedAir,0.0
231,0,0.0,0,18771,4704,18771,4704,2.34638,0.588,MixedAir,0.0
232,0,0.0,0,18755,4703,18755,4703,2.34438,0.58788,MixedAir,0.0
233,0,0.0,0,18772,4661,18772,4661,2.3465,0.58263,MixedAir,0.0
234,0,0.0,0,18713,4681,18713,4681,2.33913,0.58513,MixedAir,0.0
235,0,0.0,0,18759,4639,18759,4639,2.34488,0.57988,MixedAir,0.0
236,0,0.0,0,18610,4672,18610,4672,2.32625,0.584,MixedAir,0.0
237,0,0.0,0,18617,4651,18617,4651,2.32713,0.58138,MixedAir,0.0
238,0,0.0,0,18746,4640,18746,4640,2.34325,0.58,MixedAir,0.0
239,0,0.0,0,18595,4674,18595,4674,2.32438,0.58425,MixedAir,0.0
240,0,0.0,0,18736,4641,18736,4641,2.342,0.58013,MixedAir,0.0
241,0,0.0,0,18674,4708,18674,4708,2.33425,0.5885,MixedAir,0.0
242,0,0.0,0,18729,4644,18729,4644,2.34113,0.5805,MixedAir,0.0
243,0,0.0,0,18731,4651,18731,4651,2.34138,0.58138,MixedAir,0.0
244,0,0.0,0,18712,4637,18712,4637,2.339,0.57963,MixedAir,0.0
245,0,0.0,0,18718,4631,18718,4631,2.33975,0.57888,MixedAir,0.0
246,0,0.0,0,18568,4676,18568,4676,2.321,0.5845,MixedAir,0.0
247,0,0.0,0,18714,4687,18714,4687,2.33925,0.58588,MixedAir,0.0
248,0,0.0,0,18628,4653,18628,4653,2.3285,0.58163,MixedAir,0.0
249,0,0.0,0,18709,4650,18709,4650,2.33863,0.58125,MixedAir,0.0
0,0,3.3,255,17375,4671,17375,4671,2.17188,0.58388,MixedAir,0.0
1,0,3.3,255,17468,4660,17468,4660,2.1835,0.5825,MixedAir,0.0
2,0,3.3,255,17908,4640,17908,4640,2.2385,0.58,MixedAir,0.0
3,0,3.3,255,18163,4633,18163,4633,2.27038,0.57913,MixedAir,0.0
4,0,3.3,255,18466,4707,18466,4707,2.30825,0.58838,MixedAir,0.0
5,0,3.3,255,18634,4685,18634,4685,2.32925,0.58563,MixedAir,0.0
6,0,3.3,255,18955,4703,18955,4703,2.36938,0.58788,MixedAir,0.0
7,0,3.3,255,19045,4716,19045,4716,2.38063,0.5895,MixedAir,0.0
8,0,3.3,255,19289,4652,19289,4652,2.41113,0.5815,MixedAir,0.0
9,0,3.3,255,19498,4643,19498,4643,2.43725,0.58038,MixedAir,0.0
10,0,3.3,255,19836,4694,19836,4694,2.4795,0.58675,MixedAir,0.0
11,0,3.3,255,20175,4688,20175,4688,2.52188,0.586,MixedAir,0.0
12,0,3.3,255,20213,4638,20213,4638,2.52663,0.57975,MixedAir,0.0
13,0,3.3,255,20536,4705,20536,4705,2.567,0.58813,MixedAir,0.0
14,0,3.3,255,20710,4706,20710,4706,2.58875,0.58825,MixedAir,0.0
15,0,3.3,255,20873,4699,20873,4699,2.60913,0.58738,MixedAir,0.0
16,0,3.3,255,21021,4668,21021,4668,2.62763,0.5835,MixedAir,0.0
17,0,3.3,255,21166,4651,21166,4651,2.64575,0.58138,MixedAir,0.0
18,0,3.3,255,21293,4715,21293,4715,2.66163,0.58938,MixedAir,0.0
19,0,3.3,255,21313,4716,21313,4716,2.66413,0.5895,MixedAir,0.0
20,0,3.3,255,21556,4710,21556,4710,2.6945,0.58875,MixedAir,0.0
21,0,3.3,255,21517,4715,21517,4715,2.68963,0.58938,MixedAir,0.0
22,0,3.3,255,21627,4722,21627,4722,2.70338,0.59025,MixedAir,0.0
23,0,3.3,255,21818,4692,21818,4692,2.72725,0.5865,MixedAir,0.0
24,0,3.3,255,21985,4711,21985,4711,2.74813,0.58888,MixedAir,0.0
25,0,3.3,255,21941,4689,21941,4689,2.74263,0.58613,MixedAir,0.0
26,0,3.3,255,22191,4657,22191,4657,2.77388,0.58213,MixedAir,0.0
27,0,3.3,255,22282,4718,22282,4718,2.78525,0.58975,MixedAir,0.0
28,0,3.3,255,22358,4710,22358,4710,2.79475,0.58875,MixedAir,0.0
29,0,3.3,255,22436,4691,22436,4691,2.8045,0.58637,MixedAir,0.0
30,0,3.3,255,22516,4707,22516,4707,2.8145,0.58838,MixedAir,0.0
31,0,3.3,255,22592,4718,22592,4718,2.824,0.58975,MixedAir,0.0
32,0,3.3,255,22497,4699,22497,4699,2.81213,0.58738,MixedAir,0.0
33,0,3.3,255,22728,4718,22728,4718,2.841,0.58975,MixedAir,0.0
34,0,3.3,255,22628,4715,22628,4715,2.8285,0.58938,MixedAir,0.0
35,0,3.3,255,22854,4678,22854,4678,2.85675,0.58475,MixedAir,0.0
36,0,3.3,255,22806,4651,22806,4651,2.85075,0.58138,MixedAir,0.0
37,0,3.3,255,22967,4667,22967,4667,2.87088,0.58338,MixedAir,0.0
38,0,3.3,255,22858,4669,22858,4669,2.85725,0.58363,MixedAir,0.0
132,0,0.0,0,24498,4654,24498,4654,3.06225,0.58175,MixedAir,0.0
133,0,0.0,0,24312,4648,24312,4648,3.039,0.581,MixedAir,0.0
134,0,0.0,0,23956,4656,23956,4656,2.9945,0.582,MixedAir,0.0
135,0,0.0,0,23935,4628,23935,4628,2.99188,0.5785,MixedAir,0.0
136,0,0.0,0,23642,4632,23642,4632,2.95525,0.579,MixedAir,0.0
137,0,0.0,0,23587,4643,23587,4643,2.94838,0.58038,MixedAir,0.0
138,0,0.0,0,23349,4672,23349,4672,2.91863,0.584,MixedAir,0.0
139,0,0.0,0,23257,4700,23257,4700,2.90713,0.5875,MixedAir,0.0
140,0,0.0,0,23090,4706,23090,4706,2.88625,0.58825,MixedAir,0.0
141,0,0.0,0,22772,4705,22772,4705,2.8465,0.58813,MixedAir,0.0
142,0,0.0,0,22720,4648,22720,4648,2.84,0.581,MixedAir,0.0
143,0,0.0,0,22486,4674,22486,4674,2.81075,0.58425,MixedAir,0.0
144,0,0.0,0,22513,4658,22513,4658,2.81413,0.58225,MixedAir,0.0
145,0,0.0,0,22227,4670,22227,4670,2.77838,0.58375,MixedAir,0.0
146,0,0.0,0,22255,4674,22255,4674,2.78188,0.58425,MixedAir,0.0
147,0,0.0,0,21974,4684,21974,4684,2.74675,0.5855,MixedAir,0.0
148,0,0.0,0,22011,4665,22011,4665,2.75138,0.58313,MixedAir,0.0
149,0,0.0,0,21737,4647,21737,4647,2.71713,0.58088,MixedAir,0.0
150,0,0.0,0,21763,4660,21763,4660,2.72038,0.5825,MixedAir,0.0
151,0,0.0,0,21500,4659,21500,4659,2.6875,0.58238,MixedAir,0.0
152,0,0.0,0,21399,4647,21399,4647,2.67488,0.58088,MixedAir,0.0
153,0,0.0,0,21307,4635,21307,4635,2.66338,0.57938,MixedAir,0.0
154,0,0.0,0,21351,4710,21351,4710,2.66888,0.58875,MixedAir,0.0
155,0,0.0,0,21101,4690,21101,4690,2.63763,0.58625,MixedAir,0.0
156,0,0.0,0,21175,4653,21175,4653,2.64688,0.58163,MixedAir,0.0
157,0,0.0,0,21081,4683,21081,4683,2.63513,0.58538,MixedAir,0.0
158,0,0.0,0,20992,4702,20992,4702,2.624,0.58775,MixedAir,0.0
159,0,0.0,0,20759,4708,20759,4708,2.59488,0.5885,MixedAir,0.0
160,0,0.0,0,20830,4691,20830,4691,2.60375,0.58637,MixedAir,0.0
161,0,0.0,0,20599,4626,20599,4626,2.57488,0.57825,MixedAir,0.0
162,0,0.0,0,20580,4673,20580,4673,2.5725,0.58413,MixedAir,0.0
163,0,0.0,0,20594,4708,20594,4708,2.57425,0.5885,MixedAir,0.0
164,0,0.0,0,20524,4691,20524,4691,2.5655,0.58637,MixedAir,0.0
165,0,0.0,0,20295,4654,20295,4654,2.53688,0.58175,MixedAir,0.0
166,0,0.0,0,20373,4632,20373,4632,2.54663,0.579,MixedAir,0.0
167,0,0.0,0,20311,4636,20311,4636,2.53888,0.5795,MixedAir,0.0
168,0,0.0,0,20239,4626,20239,4626,2.52988,0.57825,MixedAir,0.0
169,0,0.0,0,20200,4642,20200,4642,2.525,0.58025,MixedAir,0.0
170,0,0.0,0,19995,4643,19995,4643,2.49938,0.58038,MixedAir,0.0
171,0,0.0,0,19928,4710,19928,4710,2.491,0.58875,MixedAir,0.0
172,0,0.0,0,20023,4672,20023,4672,2.50288,0.584,MixedAir,0.0
173,0,0.0,0,19818,4678,19818,4678,2.47725,0.58475,MixedAir,0.0
174,0,0.0,0,19773,4649,19773,4649,2.47163,0.58113,MixedAir,0.0
175,0,0.0,0,19687,4699,19687,4699,2.46088,0.58738,MixedAir,0.0
176,0,0.0,0,19772,4674,19772,4674,2.4715,0.58425,MixedAir,0.0
177,0,0.0,0,19729,4652,19729,4652,2.46613,0.5815,MixedAir,0.0
178,0,0.0,0,19680,4706,19680,4706,2.46,0.58825,MixedAir,0.0
179,0,0.0,0,19641,4701,19641,4701,2.45513,0.58763,MixedAir,0.0
180,0,0.0,0,19600,4684,19600,4684,2.45,0.5855,MixedAir,0.0
181,0,0.0,0,19575,4700,19575,4700,2.44688,0.5875,MixedAir,0.0
182,0,0.0,0,19536,4672,19536,4672,2.442,0.584,MixedAir,0.0
183,0,0.0,0,19360,4627,19360,4627,2.42,0.57838,MixedAir,0.0
184,0,0.0,0,19479,4662,19479,4662,2.43488,0.58275,MixedAir,0.0
185,0,0.0,0,19438,4709,19438,4709,2.42975,0.58863,MixedAir,0.0
186,0,0.0,0,19393,4663,19393,4663,2.42413,0.58288,MixedAir,0.0
187,0,0.0,0,19384,4709,19384,4709,2.423,0.58863,MixedAir,0.0
188,0,0.0,0,19355,4683,19355,4683,2.41938,0.58538,MixedAir,0.0
189,0,0.0,0,19193,4680,19193,4680,2.39913,0.585,MixedAir,0.0
190,0,0.0,0,19301,4695,19301,4695,2.41263,0.58688,MixedAir,0.0
191,0,0.0,0,19138,4699,19138,4699,2.39225,0.58738,MixedAir,0.0
192,0,0.0,0,19243,4661,19243,4661,2.40538,0.58263,MixedAir,0.0
193,0,0.0,0,19241,4668,19241,4668,2.40513,0.5835,MixedAir,0.0
194,0,0.0,0,19207,4706,19207,4706,2.40088,0.58825,MixedAir,0.0
195,0,0.0,0,19189,4709,19189,4709,2.39863,0.58863,MixedAir,0.0
196,0,0.0,0,19092,4664,19092,4664,2.3865,0.583,MixedAir,0.0
197,0,0.0,0,19157,4690,19157,4690,2.39463,0.58625,MixedAir,0.0
198,0,0.0,0,18991,4674,18991,4674,2.37388,0.58425,MixedAir,0.0
199,0,0.0,0,19102,4650,19102,4650,2.38775,0.58125,MixedAir,0.0
200,0,0.0,0,19042,4662,19042,4662,2.38025,0.58275,MixedAir,0.0
201,0,0.0,0,19070,4644,19070,4644,2.38375,0.5805,MixedAir,0.0
202,0,0.0,0,18915,4627,18915,4627,2.36438,0.57838,MixedAir,0.0
203,0,0.0,0,19028,4645,19028,4645,2.3785,0.58063,MixedAir,0.0
204,0,0.0,0,18920,4659,18920,4659,2.365,0.58238,MixedAir,0.0
205,0,0.0,0,19007,4703,19007,4703,2.37587,0.58788,MixedAir,0.0
206,0,0.0,0,18976,4700,18976,4700,2.372,0.5875,MixedAir,0.0
207,0,0.0,0,18842,4680,18842,4680,2.35525,0.585,MixedAir,0.0
208,0,0.0,0,18952,4694,18952,4694,2.369,0.58675,MixedAir,0.0
209,0,0.0,0,18813,4651,18813,4651,2.35163,0.58138,MixedAir,0.0
210,0,0.0,0,18868,4627,18868,4627,2.3585,0.57838,MixedAir,0.0
211,0,0.0,0,18939,4630,18939,4630,2.36738,0.57875,MixedAir,0.0
212,0,0.0,0,18927,4632,18927,4632,2.36588,0.579,MixedAir,0.0
213,0,0.0,0,18773,4624,18773,4624,2.34663,0.578,MixedAir,0.0
214,0,0.0,0,18869,4685,18869,4685,2.35863,0.58563,MixedAir,0.0
215,0,0.0,0,18889,4657,18889,4657,2.36113,0.58213,MixedAir,0.0
216,0,0.0,0,18841,4677,18841,4677,2.35513,0.58463,MixedAir,0.0
217,0,0.0,0,18887,4664,18887,4664,2.36088,0.583,MixedAir,0.0
218,0,0.0,0,18859,4658,18859,4658,2.35738,0.58225,MixedAir,0.0
219,0,0.0,0,18855,4631,18855,4631,2.35688,0.57888,MixedAir,0.0
220,0,0.0,0,18712,4671,18712,4671,2.339,0.58388,MixedAir,0.0
221,0,0.0,0,18849,4648,18849,4648,2.35613,0.581,MixedAir,0.0
222,0,0.0,0,18789,4663,18789,4663,2.34863,0.58288,MixedAir,0.0
223,0,0.0,0,18830,4635,18830,4635,2.35375,0.57938,MixedAir,0.0
224,0,0.0,0,18814,4661,18814,4661,2.35175,0.58263,MixedAir,0.0
225,0,0.0,0,18681,4639,18681,4639,2.33513,0.57988,MixedAir,0.0
226,0,0.0,0,18810,4704,18810,4704,2.35125,0.588,MixedAir,0.0
227,0,0.0,0,18802,4635,18802,4635,2.35025,0.57938,MixedAir,0.0
228,0,0.0,0,18650,4651,18650,4651,2.33125,0.58138,MixedAir,0.0
229,0,0.0,0,18784,4705,18784,4705,2.348,0.58813,MixedAir,0.0
230,0,0.0,0,18645,4703,18645,4703,2.33063,0.58788,MixedAir,0.0
231,0,0.0,0,18771,4704,18771,4704,2.34638,0.588,MixedAir,0.0
232,0,0.0,0,18755,4703,18755,4703,2.34438,0.58788,MixedAir,0.0
233,0,0.0,0,18772,4661,18772,4661,2.3465,0.58263,MixedAir,0.0
234,0,0.0,0,18713,4681,18713,4681,2.33913,0.58513,MixedAir,0.0
235,0,0.0,0,18759,4639,18759,4639,2.34488,0.57988,MixedAir,0.0
236,0,0.0,0,18610,4672,18610,4672,2.32625,0.584,MixedAir,0.0
237,0,0.0,0,18617,4651,18617,4651,2.32713,0.58138,MixedAir,0.0
238,0,0.0,0,18746,4640,18746,4640,2.34325,0.58,MixedAir,0.0
239,0,0.0,0,18595,4674,18595,4674,2.32438,0.58425,MixedAir,0.0
240,0,0.0,0,18736,4641,18736,4641,2.342,0.58013,MixedAir,0.0
241,0,0.0,0,18674,4708,18674,4708,2.33425,0.5885,MixedAir,0.0
242,0,0.0,0,18729,4644,18729,4644,2.34113,0.5805,MixedAir,0.0
243,0,0.0,0,18731,4651,18731,4651,2.34138,0.58138,MixedAir,0.0
244,0,0.0,0,18712,4637,18712,4637,2.339,0.57963,MixedAir,0.0
245,0,0.0,0,18718,4631,18718,4631,2.33975,0.57888,MixedAir,0.0
246,0,0.0,0,18568,4676,18568,4676,2.321,0.5845,MixedAir,0.0
247,0,0.0,0,18714,4687,18714,4687,2.33925,0.58588,MixedAir,0.0
248,0,0.0,0,18628,4653,18628,4653,2.3285,0.58163,MixedAir,0.0
249,0,0.0,0,18709,4650,18709,4650,2.33863,0.58125,MixedAir,0.0
0,0,3.3,255,17375,4671,17375,4671,2.17188,0.58388,MixedAir,0.0
1,0,3.3,255,17468,4660,17468,4660,2.1835,0.5825,MixedAir,0.0
2,0,3.3,255,17908,4640,17908,4640,2.2385,0.58,MixedAir,0.0
3,0,3.3,255,18163,4633,18163,4633,2.27038,0.57913,MixedAir,0.0
4,0,3.3,255,18466,4707,18466,4707,2.30825,0.58838,MixedAir,0.0
5,0,3.3,255,18634,4685,18634,4685,2.32925,0.58563,MixedAir,0.0
6,0,3.3,255,18955,4703,18955,4703,2.36938,0.58788,MixedAir,0.0
7,0,3.3,255,19045,4716,19045,4716,2.38063,0.5895,MixedAir,0.0
8,0,3.3,255,19289,4652,19289,4652,2.41113,0.5815,MixedAir,0.0
9,0,3.3,255,19498,4643,19498,4643,2.43725,0.58038,MixedAir,0.0
10,0,3.3,255,19836,4694,19836,4694,2.4795,0.58675,MixedAir,0.0
11,0,3.3,255,20175,4688,20175,4688,2.52188,0.586,MixedAir,0.0
12,0,3.3,255,20213,4638,20213,4638,2.52663,0.57975,MixedAir,0.0
13,0,3.3,255,20536,4705,20536,4705,2.567,0.58813,MixedAir,0.0
14,0,3.3,255,20710,4706,20710,4706,2.58875,0.58825,MixedAir,0.0
15,0,3.3,255,20873,4699,20873,4699,2.60913,0.58738,MixedAir,0.0
16,0,3.3,255,21021,4668,21021,4668,2.62763,0.5835,MixedAir,0.0
17,0,3.3,255,21166,4651,21166,4651,2.64575,0.58138,MixedAir,0.0
18,0,3.3,255,21293,4715,21293,4715,2.66163,0.58938,MixedAir,0.0
19,0,3.3,255,21313,4716,21313,4716,2.66413,0.5895,MixedAir,0.0
20,0,3.3,255,21556,4710,21556,4710,2.6945,0.58875,MixedAir,0.0
21,0,3.3,255,21517,4715,21517,4715,2.68963,0.58938,MixedAir,0.0
22,0,3.3,255,21627,4722,21627,4722,2.70338,0.59025,MixedAir,0.0
23,0,3.3,255,21818,4692,21818,4692,2.72725,0.5865,MixedAir,0.0
24,0,3.3,255,21985,4711,21985,4711,2.74813,0.58888,MixedAir,0.0
25,0,3.3,255,21941,4689,21941,4689,2.74263,0.58613,MixedAir,0.0
26,0,3.3,255,22191,4657,22191,4657,2.77388,0.58213,MixedAir,0.0
27,0,3.3,255,22282,4718,22282,4718,2.78525,0.58975,MixedAir,0.0
28,0,3.3,255,22358,4710,22358,4710,2.79475,0.58875,MixedAir,0.0
29,0,3.3,255,22436,4691,22436,4691,2.8045,0.58637,MixedAir,0.0
30,0,3.3,255,22516,4707,22516,4707,2.8145,0.58838,MixedAir,0.0
31,0,3.3,255,22592,4718,22592,4718,2.824,0.58975,MixedAir,0.0
32,0,3.3,255,22497,4699,22497,4699,2.81213,0.58738,MixedAir,0.0
33,0,3.3,255,22728,4718,22728,4718,2.841,0.58975,MixedAir,0.0
34,0,3.3,255,22628,4715,22628,4715,2.8285,0.58938,MixedAir,0.0
35,0,3.3,255,22854,4678,22854,4678,2.85675,0.58475,MixedAir,0.0
36,0,3.3,255,22806,4651,22806,4651,2.85075,0.58138,MixedAir,0.0
37,0,3.3,255,22967,4667,22967,4667,2.87088,0.58338,MixedAir,0.0
38,0,3.3,255,22858,4669,22858,4669,2.85725,0.58363,MixedAir,0.0
39,0,3.3,255,23068,4688,23068,4688,2.8835,0.586,MixedAir,0.0
40,0,3.3,255,22950,4665,22950,4665,2.86875,0.58313,MixedAir,0.0
41,0,3.3,255,23166,4692,23166,4692,2.89575,0.5865,MixedAir,0.0
42,0,3.3,255,23049,4659,23049,4659,2.88113,0.58238,MixedAir,0.0
43,0,3.3,255,23250,4682,23250,4682,2.90625,0.58525,MixedAir,0.0
39,0,3.3,255,23068,4688,23068,4688,2.8835,0.586,MixedAir,0.0
40,0,3.3,255,22950,4665,22950,4665,2.86875,0.58313,MixedAir,0.0
41,0,3.3,255,23166,4692,23166,4692,2.89575,0.5865,MixedAir,0.0
42,0,3.3,255,23049,4659,23049,4659,2.88113,0.58238,MixedAir,0.0
43,0,3.3,255,23250,4682,23250,4682,2.90625,0.58525,MixedAir,0.0
44,0,3.3,255,23288,4660,23288,4660,2.911,0.5825,MixedAir,0.0
45,0,3.3,255,23318,4641,23318,4641,2.91475,0.58013,MixedAir,0.0
46,0,3.3,255,23219,4724,23219,4724,2.90238,0.5905,MixedAir,0.0
47,0,3.3,255,23243,4698,23243,4698,2.90538,0.58725,MixedAir,0.0
48,0,3.3,255,23453,4656,23453,4656,2.93163,0.582,MixedAir,0.0
49,0,3.3,255,23484,4639,23484,4639,2.9355,0.57988,MixedAir,0.0
50,0,3.3,255,23514,4652,23514,4652,2.93925,0.5815,MixedAir,0.0
51,0,3.3,255,23536,4696,23536,4696,2.942,0.587,MixedAir,0.0
52,0,3.3,255,23571,4717,23571,4717,2.94638,0.58963,MixedAir,0.0
53,0,3.3,255,23424,4718,23424,4718,2.928,0.58975,MixedAir,0.0
54,0,3.3,255,23619,4720,23619,4720,2.95238,0.59,MixedAir,0.0
55,0,3.3,255,23469,4719,23469,4719,2.93363,0.58988,MixedAir,0.0
56,0,3.3,255,23655,4722,23655,4722,2.95688,0.59025,MixedAir,0.0
57,0,3.3,255,23511,4723,23511,4723,2.93888,0.59038,MixedAir,0.0
58,0,3.3,255,23696,4718,23696,4718,2.962,0.58975,MixedAir,0.0
59,0,3.3,255,23747,4662,23747,4662,2.96838,0.58275,MixedAir,0.0
60,0,3.3,255,23622,4651,23622,4651,2.95275,0.58138,MixedAir,0.0
61,0,3.3,255,23772,4658,23772,4658,2.9715,0.58225,MixedAir,0.0
62,0,3.3,255,23792,4706,23792,4706,2.974,0.58825,MixedAir,0.0
63,0,3.3,255,23633,4701,23633,4701,2.95413,0.58763,MixedAir,0.0
64,0,3.3,255,23818,4716,23818,4716,2.97725,0.5895,MixedAir,0.0
65,0,3.3,255,23778,4687,23778,4687,2.97225,0.58588,MixedAir,0.0
66,0,3.3,255,23839,4699,23839,4699,2.97988,0.58738,MixedAir,0.0
67,0,3.3,255,23690,4712,23690,4712,2.96125,0.589,MixedAir,0.0
68,0,3.3,255,23871,4663,23871,4663,2.98388,0.58288,MixedAir,0.0
69,0,3.3,255,23848,4646,23848,4646,2.981,0.58075,MixedAir,0.0
70,0,3.3,255,23813,4691,23813,4691,2.97663,0.58637,MixedAir,0.0
71,0,3.3,255,23826,4649,23826,4649,2.97825,0.58113,MixedAir,0.0
72,0,3.3,255,23916,4676,23916,4676,2.9895,0.5845,MixedAir,0.0
73,0,3.3,255,23925,4674,23925,4674,2.99063,0.58425,MixedAir,0.0
74,0,3.3,255,23754,4665,23754,4665,2.96925,0.58313,MixedAir,0.0
75,0,3.3,255,23940,4704,23940,4704,2.9925,0.588,MixedAir,0.0
76,0,3.3,255,23777,4717,23777,4717,2.97213,0.58963,MixedAir,0.0
77,0,3.3,255,23952,4685,23952,4685,2.994,0.58563,MixedAir,0.0
78,0,3.3,255,23964,4676,23964,4676,2.9955,0.5845,MixedAir,0.0
79,0,3.3,255,23799,4676,23799,4676,2.97488,0.5845,MixedAir,0.0
80,0,3.3,255,23976,4718,23976,4718,2.997,0.58975,MixedAir,0.0
81,0,3.3,255,23815,4685,23815,4685,2.97688,0.58563,MixedAir,0.0
82,0,3.3,255,23983,4664,23983,4664,2.99788,0.583,MixedAir,0.0
83,0,3.3,255,23827,4676,23827,4676,2.97838,0.5845,MixedAir,0.0
84,0,3.3,255,24000,4675,24000,4675,3.0,0.58438,MixedAir,0.0
85,0,3.3,255,23827,4678,23827,4678,2.97838,0.58475,MixedAir,0.0
86,0,3.3,255,24001,4712,24001,4712,3.00013,0.589,MixedAir,0.0
87,0,3.3,255,23914,4664,23914,4664,2.98925,0.583,MixedAir,0.0
88,0,3.3,255,24011,4659,24011,4659,3.00138,0.58238,MixedAir,0.0
89,0,3.3,255,23846,4653,23846,4653,2.98075,0.58163,MixedAir,0.0
90,0,3.3,255,24025,4651,24025,4651,3.00313,0.58138,MixedAir,0.0
91,0,3.3,255,24015,4658,24015,4658,3.00188,0.58225,MixedAir,0.0
92,0,3.3,255,23865,4702,23865,4702,2.98313,0.58775,MixedAir,0.0
93,0,3.3,255,24031,4666,24031,4666,3.00388,0.58325,MixedAir,0.0
94,0,3.3,255,24033,4669,24033,4669,3.00413,0.58363,MixedAir,0.0
95,0,3.3,255,24029,4639,24029,4639,3.00363,0.57988,MixedAir,0.0
96,0,3.3,255,24043,4666,24043,4666,3.00538,0.58325,MixedAir,0.0
97,0,3.3,255,23882,4683,23882,4683,2.98525,0.58538,MixedAir,0.0
98,0,3.3,255,24058,4670,24058,4670,3.00725,0.58375,MixedAir,0.0
99,0,3.3,255,23883,4671,23883,4671,2.98538,0.58388,MixedAir,0.0
100,0,3.3,255,24047,4713,24047,4713,3.00588,0.58913,MixedAir,0.0
101,0,3.3,255,23995,4701,23995,4701,2.99938,0.58763,MixedAir,0.0
102,0,3.3,255,24047,4693,24047,4693,3.00588,0.58663,MixedAir,0.0
103,0,3.3,255,23946,4644,23946,4644,2.99325,0.5805,MixedAir,0.0
104,0,3.3,255,24060,4643,24060,4643,3.0075,0.58038,MixedAir,0.0
105,0,3.3,255,23917,4641,23917,4641,2.98963,0.58013,MixedAir,0.0
106,0,3.3,255,24063,4721,24063,4721,3.00788,0.59013,MixedAir,0.0
107,0,3.3,255,24065,4719,24065,4719,3.00813,0.58988,MixedAir,0.0
108,0,3.3,255,23899,4719,23899,4719,2.98738,0.58988,MixedAir,0.0
109,0,3.3,255,24075,4674,24075,4674,3.00938,0.58425,MixedAir,0.0
110,0,3.3,255,23902,4662,23902,4662,2.98775,0.58275,MixedAir,0.0
111,0,3.3,255,24071,4644,24071,4644,3.00888,0.5805,MixedAir,0.0
112,0,3.3,255,24075,4720,24075,4720,3.00938,0.59,MixedAir,0.0
113,0,3.3,255,23983,4719,23983,4719,2.99788,0.58988,MixedAir,0.0
114,0,3.3,255,24070,4723,24070,4723,3.00875,0.59038,MixedAir,0.0
115,0,3.3,255,23901,4718,23901,4718,2.98763,0.58975,MixedAir,0.0
116,0,3.3,255,24073,4720,24073,4720,3.00913,0.59,MixedAir,0.0
117,0,3.3,255,23908,4677,23908,4677,2.9885,0.58463,MixedAir,0.0
118,0,3.3,255,24077,4650,24077,4650,3.00963,0.58125,MixedAir,0.0
119,0,3.3,255,23908,4690,23908,4690,2.9885,0.58625,MixedAir,0.0
120,0,3.3,255,23906,4721,23906,4721,2.98825,0.59013,MixedAir,0.0
121,0,3.3,255,23954,4664,23954,4664,2.99425,0.583,MixedAir,0.0
122,0,3.3,255,24083,4677,24083,4677,3.01038,0.58463,MixedAir,0.0
123,0,3.3,255,24071,4704,24071,4704,3.00888,0.588,MixedAir,0.0
124,0,3.3,255,24087,4670,24087,4670,3.01088,0.58375,MixedAir,0.0
125,0,0.0,0,25820,4706,25820,4706,3.2275,0.58825,MixedAir,0.0
126,0,0.0,0,25810,4698,25810,4698,3.22625,0.58725,MixedAir,0.0
127,0,0.0,0,25586,4646,25586,4646,3.19825,0.58075,MixedAir,0.0
128,0,0.0,0,25313,4643,25313,4643,3.16413,0.58038,MixedAir,0.0
129,0,0.0,0,25154,4656,25154,4656,3.14425,0.582,MixedAir,0.0
130,0,0.0,0,24771,4683,24771,4683,3.09638,0.58538,MixedAir,0.0
131,0,0.0,0,24726,4694,24726,4694,3.09075,0.58675,MixedAir,0.0
132,0,0.0,0,24528,4649,24528,4649,3.066,0.58113,MixedAir,0.0
133,0,0.0,0,24339,4654,24339,4654,3.04238,0.58175,MixedAir,0.0
134,0,0.0,0,24129,4693,24129,4693,3.01613,0.58663,MixedAir,0.0
135,0,0.0,0,23757,4696,23757,4696,2.96963,0.587,MixedAir,0.0
136,0,0.0,0,23419,4674,23419,4674,2.92738,0.58425,MixedAir,0.0
137,0,0.0,0,23431,4629,23431,4629,2.92888,0.57863,MixedAir,0.0
138,0,0.0,0,23100,4629,23100,4629,2.8875,0.57863,MixedAir,0.0
139,0,0.0,0,23064,4656,23064,4656,2.883,0.582,MixedAir,0.0
140,0,0.0,0,22790,4673,22790,4673,2.84875,0.58413,MixedAir,0.0
141,0,0.0,0,22768,4707,22768,4707,2.846,0.58838,MixedAir,0.0
142,0,0.0,0,22461,4662,22461,4662,2.80763,0.58275,MixedAir,0.0
143,0,0.0,0,22491,4673,22491,4673,2.81138,0.58413,MixedAir,0.0
144,0,0.0,0,22307,4654,22307,4654,2.78838,0.58175,MixedAir,0.0
145,0,0.0,0,22232,4662,22232,4662,2.779,0.58275,MixedAir,0.0
146,0,0.0,0,22069,4658,22069,4658,2.75863,0.58225,MixedAir,0.0
147,0,0.0,0,21877,4643,21877,4643,2.73463,0.58038,MixedAir,0.0
148,0,0.0,0,21861,4653,21861,4653,2.73263,0.58163,MixedAir,0.0
149,0,0.0,0,21580,4681,21580,4681,2.6975,0.58513,MixedAir,0.0
150,0,0.0,0,21635,4709,21635,4709,2.70438,0.58863,MixedAir,0.0
151,0,0.0,0,21379,4699,21379,4699,2.67238,0.58738,MixedAir,0.0
152,0,0.0,0,21348,4669,21348,4669,2.6685,0.58363,MixedAir,0.0
153,0,0.0,0,21310,4643,21310,4643,2.66375,0.58038,MixedAir,0.0
154,0,0.0,0,21224,4641,21224,4641,2.653,0.58013,MixedAir,0.0
155,0,0.0,0,21135,4652,21135,4652,2.64188,0.5815,MixedAir,0.0
156,0,0.0,0,21046,4654,21046,4654,2.63075,0.58175,MixedAir,0.0
157,0,0.0,0,20967,4671,20967,4671,2.62088,0.58388,MixedAir,0.0
158,0,0.0,0,20878,4646,20878,4646,2.60975,0.58075,MixedAir,0.0
159,0,0.0,0,20802,4648,20802,4648,2.60025,0.581,MixedAir,0.0
160,0,0.0,0,20578,4676,20578,4676,2.57225,0.5845,MixedAir,0.0
161,0,0.0,0,20648,4653,20648,4653,2.581,0.58163,MixedAir,0.0
162,0,0.0,0,20580,4651,20580,4651,2.5725,0.58138,MixedAir,0.0
163,0,0.0,0,20503,4704,20503,4704,2.56288,0.588,MixedAir,0.0
164,0,0.0,0,20432,4653,20432,4653,2.554,0.58163,MixedAir,0.0
165,0,0.0,0,20378,4673,20378,4673,2.54725,0.58413,MixedAir,0.0
166,0,0.0,0,20300,4653,20300,4653,2.5375,0.58163,MixedAir,0.0
167,0,0.0,0,20104,4638,20104,4638,2.513,0.57975,MixedAir,0.0
168,0,0.0,0,20147,4684,20147,4684,2.51838,0.5855,MixedAir,0.0
169,0,0.0,0,20069,4658,20069,4658,2.50863,0.58225,MixedAir,0.0
170,0,0.0,0,20008,4642,20008,4642,2.501,0.58025,MixedAir,0.0
171,0,0.0,0,19946,4648,19946,4648,2.49325,0.581,MixedAir,0.0
172,0,0.0,0,19670,4641,19670,4641,2.45875,0.58013,MixedAir,0.0
173,0,0.0,0,19605,4703,19605,4703,2.45063,0.58788,MixedAir,0.0
174,0,0.0,0,19700,4636,19700,4636,2.4625,0.5795,MixedAir,0.0
175,0,0.0,0,19520,4646,19520,4646,2.44,0.58075,MixedAir,0.0
176,0,0.0,0,19600,4658,19600,4658,2.45,0.58225,MixedAir,0.0
177,0,0.0,0,19425,4639,19425,4639,2.42813,0.57988,MixedAir,0.0
178,0,0.0,0,19412,4649,19412,4649,2.4265,0.58113,MixedAir,0.0
179,0,0.0,0,19368,4631,19368,4631,2.421,0.57888,MixedAir,0.0
180,0,0.0,0,19467,4653,19467,4653,2.43338,0.58163,MixedAir,0.0
181,0,0.0,0,19322,4673,19322,4673,2.41525,0.58413,MixedAir,0.0
182,0,0.0,0,19412,4652,19412,4652,2.4265,0.5815,MixedAir,0.0
183,0,0.0,0,19267,4653,19267,4653,2.40838,0.58163,MixedAir,0.0
184,0,0.0,0,19225,4651,19225,4651,2.40313,0.58138,MixedAir,0.0
185,0,0.0,0,19211,4668,19211,4668,2.40138,0.5835,MixedAir,0.0
186,0,0.0,0,19304,4681,19304,4681,2.413,0.58513,MixedAir,0.0
187,0,0.0,0,19150,4703,19150,4703,2.39375,0.58788,MixedAir,0.0
188,0,0.0,0,19246,4702,19246,4702,2.40575,0.58775,MixedAir,0.0
189,0,0.0,0,19170,4659,19170,4659,2.39625,0.58238,MixedAir,0.0
190,0,0.0,0,19209,4707,19209,4707,2.40113,0.58838,MixedAir,0.0
191,0,0.0,0,19052,4707,19052,4707,2.3815,0.58838,MixedAir,0.0
192,0,0.0,0,19167,4705,19167,4705,2.39588,0.58813,MixedAir,0.0
44,0,3.3,255,23288,4660,23288,4660,2.911,0.5825,MixedAir,0.0
45,0,3.3,255,23318,4641,23318,4641,2.91475,0.58013,MixedAir,0.0
46,0,3.3,255,23219,4724,23219,4724,2.90238,0.5905,MixedAir,0.0
47,0,3.3,255,23243,4698,23243,4698,2.90538,0.58725,MixedAir,0.0
48,0,3.3,255,23453,4656,23453,4656,2.93163,0.582,MixedAir,0.0
49,0,3.3,255,23484,4639,23484,4639,2.9355,0.57988,MixedAir,0.0
50,0,3.3,255,23514,4652,23514,4652,2.93925,0.5815,MixedAir,0.0
51,0,3.3,255,23536,4696,23536,4696,2.942,0.587,MixedAir,0.0
52,0,3.3,255,23571,4717,23571,4717,2.94638,0.58963,MixedAir,0.0
53,0,3.3,255,23424,4718,23424,4718,2.928,0.58975,MixedAir,0.0
54,0,3.3,255,23619,4720,23619,4720,2.95238,0.59,MixedAir,0.0
55,0,3.3,255,23469,4719,23469,4719,2.93363,0.58988,MixedAir,0.0
56,0,3.3,255,23655,4722,23655,4722,2.95688,0.59025,MixedAir,0.0
57,0,3.3,255,23511,4723,23511,4723,2.93888,0.59038,MixedAir,0.0
58,0,3.3,255,23696,4718,23696,4718,2.962,0.58975,MixedAir,0.0
59,0,3.3,255,23747,4662,23747,4662,2.96838,0.58275,MixedAir,0.0
60,0,3.3,255,23622,4651,23622,4651,2.95275,0.58138,MixedAir,0.0
61,0,3.3,255,23772,4658,23772,4658,2.9715,0.58225,MixedAir,0.0
62,0,3.3,255,23792,4706,23792,4706,2.974,0.58825,MixedAir,0.0
63,0,3.3,255,23633,4701,23633,4701,2.95413,0.58763,MixedAir,0.0
64,0,3.3,255,23818,4716,23818,4716,2.97725,0.5895,MixedAir,0.0
65,0,3.3,255,23778,4687,23778,4687,2.97225,0.58588,MixedAir,0.0
66,0,3.3,255,23839,4699,23839,4699,2.97988,0.58738,MixedAir,0.0
67,0,3.3,255,23690,4712,23690,4712,2.96125,0.589,MixedAir,0.0
68,0,3.3,255,23871,4663,23871,4663,2.98388,0.58288,MixedAir,0.0
69,0,3.3,255,23848,4646,23848,4646,2.981,0.58075,MixedAir,0.0
70,0,3.3,255,23813,4691,23813,4691,2.97663,0.58637,MixedAir,0.0
71,0,3.3,255,23826,4649,23826,4649,2.97825,0.58113,MixedAir,0.0
72,0,3.3,255,23916,4676,23916,4676,2.9895,0.5845,MixedAir,0.0
73,0,3.3,255,23925,4674,23925,4674,2.99063,0.58425,MixedAir,0.0
74,0,3.3,255,23754,4665,23754,4665,2.96925,0.58313,MixedAir,0.0
75,0,3.3,255,23940,4704,23940,4704,2.9925,0.588,MixedAir,0.0
76,0,3.3,255,23777,4717,23777,4717,2.97213,0.58963,MixedAir,0.0
77,0,3.3,255,23952,4685,23952,4685,2.994,0.58563,MixedAir,0.0
78,0,3.3,255,23964,4676,23964,4676,2.9955,0.5845,MixedAir,0.0
79,0,3.3,255,23799,4676,23799,4676,2.97488,0.5845,MixedAir,0.0
80,0,3.3,255,23976,4718,23976,4718,2.997,0.58975,MixedAir,0.0
81,0,3.3,255,23815,4685,23815,4685,2.97688,0.58563,MixedAir,0.0
82,0,3.3,255,23983,4664,23983,4664,2.99788,0.583,MixedAir,0.0
83,0,3.3,255,23827,4676,23827,4676,2.97838,0.5845,MixedAir,0.0
84,0,3.3,255,24000,4675,24000,4675,3.0,0.58438,MixedAir,0.0
85,0,3.3,255,23827,4678,23827,4678,2.97838,0.58475,MixedAir,0.0
86,0,3.3,255,24001,4712,24001,4712,3.00013,0.589,MixedAir,0.0
87,0,3.3,255,23914,4664,23914,4664,2.98925,0.583,MixedAir,0.0
88,0,3.3,255,24011,4659,24011,4659,3.00138,0.58238,MixedAir,0.0
89,0,3.3,255,23846,4653,23846,4653,2.98075,0.58163,MixedAir,0.0
90,0,3.3,255,24025,4651,24025,4651,3.00313,0.58138,MixedAir,0.0
91,0,3.3,255,24015,4658,24015,4658,3.00188,0.58225,MixedAir,0.0
92,0,3.3,255,23865,4702,23865,4702,2.98313,0.58775,MixedAir,0.0
93,0,3.3,255,24031,4666,24031,4666,3.00388,0.58325,MixedAir,0.0
94,0,3.3,255,24033,4669,24033,4669,3.00413,0.58363,MixedAir,0.0
95,0,3.3,255,24029,4639,24029,4639,3.00363,0.57988,MixedAir,0.0
96,0,3.3,255,24043,4666,24043,4666,3.00538,0.58325,MixedAir,0.0
97,0,3.3,255,23882,4683,23882,4683,2.98525,0.58538,MixedAir,0.0
98,0,3.3,255,24058,4670,24058,4670,3.00725,0.58375,MixedAir,0.0
99,0,3.3,255,23883,4671,23883,4671,2.98538,0.58388,MixedAir,0.0
100,0,3.3,255,24047,4713,24047,4713,3.00588,0.58913,MixedAir,0.0
101,0,3.3,255,23995,4701,23995,4701,2.99938,0.58763,MixedAir,0.0
102,0,3.3,255,24047,4693,24047,4693,3.00588,0.58663,MixedAir,0.0
103,0,3.3,255,23946,4644,23946,4644,2.99325,0.5805,MixedAir,0.0
104,0,3.3,255,24060,4643,24060,4643,3.0075,0.58038,MixedAir,0.0
105,0,3.3,255,23917,4641,23917,4641,2.98963,0.58013,MixedAir,0.0
106,0,3.3,255,24063,4721,24063,4721,3.00788,0.59013,MixedAir,0.0
107,0,3.3,255,24065,4719,24065,4719,3.00813,0.58988,MixedAir,0.0
108,0,3.3,255,23899,4719,23899,4719,2.98738,0.58988,MixedAir,0.0
109,0,3.3,255,24075,4674,24075,4674,3.00938,0.58425,MixedAir,0.0
110,0,3.3,255,23902,4662,23902,4662,2.98775,0.58275,MixedAir,0.0
111,0,3.3,255,24071,4644,24071,4644,3.00888,0.5805,MixedAir,0.0
112,0,3.3,255,24075,4720,24075,4720,3.00938,0.59,MixedAir,0.0
113,0,3.3,255,23983,4719,23983,4719,2.99788,0.58988,MixedAir,0.0
114,0,3.3,255,24070,4723,24070,4723,3.00875,0.59038,MixedAir,0.0
115,0,3.3,255,23901,4718,23901,4718,2.98763,0.58975,MixedAir,0.0
116,0,3.3,255,24073,4720,24073,4720,3.00913,0.59,MixedAir,0.0
117,0,3.3,255,23908,4677,23908,4677,2.9885,0.58463,MixedAir,0.0
118,0,3.3,255,24077,4650,24077,4650,3.00963,0.58125,MixedAir,0.0
119,0,3.3,255,23908,4690,23908,4690,2.9885,0.58625,MixedAir,0.0
120,0,3.3,255,23906,4721,23906,4721,2.98825,0.59013,MixedAir,0.0
121,0,3.3,255,23954,4664,23954,4664,2.99425,0.583,MixedAir,0.0
122,0,3.3,255,24083,4677,24083,4677,3.01038,0.58463,MixedAir,0.0
123,0,3.3,255,24071,4704,24071,4704,3.00888,0.588,MixedAir,0.0
124,0,3.3,255,24087,4670,24087,4670,3.01088,0.58375,MixedAir,0.0
125,0,0.0,0,25820,4706,25820,4706,3.2275,0.58825,MixedAir,0.0
126,0,0.0,0,25810,4698,25810,4698,3.22625,0.58725,MixedAir,0.0
127,0,0.0,0,25586,4646,25586,4646,3.19825,0.58075,MixedAir,0.0
128,0,0.0,0,25313,4643,25313,4643,3.16413,0.58038,MixedAir,0.0
129,0,0.0,0,25154,4656,25154,4656,3.14425,0.582,MixedAir,0.0
130,0,0.0,0,24771,4683,24771,4683,3.09638,0.58538,MixedAir,0.0
131,0,0.0,0,24726,4694,24726,4694,3.09075,0.58675,MixedAir,0.0
132,0,0.0,0,24528,4649,24528,4649,3.066,0.58113,MixedAir,0.0
133,0,0.0,0,24339,4654,24339,4654,3.04238,0.58175,MixedAir,0.0
134,0,0.0,0,24129,4693,24129,4693,3.01613,0.58663,MixedAir,0.0
135,0,0.0,0,23757,4696,23757,4696,2.96963,0.587,MixedAir,0.0
136,0,0.0,0,23419,4674,23419,4674,2.92738,0.58425,MixedAir,0.0
137,0,0.0,0,23431,4629,23431,4629,2.92888,0.57863,MixedAir,0.0
138,0,0.0,0,23100,4629,23100,4629,2.8875,0.57863,MixedAir,0.0
139,0,0.0,0,23064,4656,23064,4656,2.883,0.582,MixedAir,0.0
140,0,0.0,0,22790,4673,22790,4673,2.84875,0.58413,MixedAir,0.0
141,0,0.0,0,22768,4707,22768,4707,2.846,0.58838,MixedAir,0.0
142,0,0.0,0,22461,4662,22461,4662,2.80763,0.58275,MixedAir,0.0
143,0,0.0,0,22491,4673,22491,4673,2.81138,0.58413,MixedAir,0.0
144,0,0.0,0,22307,4654,22307,4654,2.78838,0.58175,MixedAir,0.0
145,0,0.0,0,22232,4662,22232,4662,2.779,0.58275,MixedAir,0.0
146,0,0.0,0,22069,4658,22069,4658,2.75863,0.58225,MixedAir,0.0
147,0,0.0,0,21877,4643,21877,4643,2.73463,0.58038,MixedAir,0.0
148,0,0.0,0,21861,4653,21861,4653,2.73263,0.58163,MixedAir,0.0
149,0,0.0,0,21580,4681,21580,4681,2.6975,0.58513,MixedAir,0.0
150,0,0.0,0,21635,4709,21635,4709,2.70438,0.58863,MixedAir,0.0
151,0,0.0,0,21379,4699,21379,4699,2.67238,0.58738,MixedAir,0.0
152,0,0.0,0,21348,4669,21348,4669,2.6685,0.58363,MixedAir,0.0
153,0,0.0,0,21310,4643,21310,4643,2.66375,0.58038,MixedAir,0.0
154,0,0.0,0,21224,4641,21224,4641,2.653,0.58013,MixedAir,0.0
155,0,0.0,0,21135,4652,21135,4652,2.64188,0.5815,MixedAir,0.0
156,0,0.0,0,21046,4654,21046,4654,2.63075,0.58175,MixedAir,0.0
157,0,0.0,0,20967,4671,20967,4671,2.62088,0.58388,MixedAir,0.0
158,0,0.0,0,20878,4646,20878,4646,2.60975,0.58075,MixedAir,0.0
159,0,0.0,0,20802,4648,20802,4648,2.60025,0.581,MixedAir,0.0
160,0,0.0,0,20578,4676,20578,4676,2.57225,0.5845,MixedAir,0.0
161,0,0.0,0,20648,4653,20648,4653,2.581,0.58163,MixedAir,0.0
162,0,0.0,0,20580,4651,20580,4651,2.5725,0.58138,MixedAir,0.0
163,0,0.0,0,20503,4704,20503,4704,2.56288,0.588,MixedAir,0.0
164,0,0.0,0,20432,4653,20432,4653,2.554,0.58163,MixedAir,0.0
165,0,0.0,0,20378,4673,20378,4673,2.54725,0.58413,MixedAir,0.0
166,0,0.0,0,20300,4653,20300,4653,2.5375,0.58163,MixedAir,0.0
167,0,0.0,0,20104,4638,20104,4638,2.513,0.57975,MixedAir,0.0
168,0,0.0,0,20147,4684,20147,4684,2.51838,0.5855,MixedAir,0.0
169,0,0.0,0,20069,4658,20069,4658,2.50863,0.58225,MixedAir,0.0
170,0,0.0,0,20008,4642,20008,4642,2.501,0.58025,MixedAir,0.0
171,0,0.0,0,19946,4648,19946,4648,2.49325,0.581,MixedAir,0.0
172,0,0.0,0,19670,4641,19670,4641,2.45875,0.58013,MixedAir,0.0
173,0,0.0,0,19605,4703,19605,4703,2.45063,0.58788,MixedAir,0.0
174,0,0.0,0,19700,4636,19700,4636,2.4625,0.5795,MixedAir,0.0
175,0,0.0,0,19520,4646,19520,4646,2.44,0.58075,MixedAir,0.0
176,0,0.0,0,19600,4658,19600,4658,2.45,0.58225,MixedAir,0.0
177,0,0.0,0,19425,4639,19425,4639,2.42813,0.57988,MixedAir,0.0
178,0,0.0,0,19412,4649,19412,4649,2.4265,0.58113,MixedAir,0.0
179,0,0.0,0,19368,4631,19368,4631,2.421,0.57888,MixedAir,0.0
180,0,0.0,0,19467,4653,19467,4653,2.43338,0.58163,MixedAir,0.0
181,0,0.0,0,19322,4673,19322,4673,2.41525,0.58413,MixedAir,0.0
182,0,0.0,0,19412,4652,19412,4652,2.4265,0.5815,MixedAir,0.0
183,0,0.0,0,19267,4653,19267,4653,2.40838,0.58163,MixedAir,0.0
184,0,0.0,0,19225,4651,19225,4651,2.40313,0.58138,MixedAir,0.0
185,0,0.0,0,19211,4668,19211,4668,2.40138,0.5835,MixedAir,0.0
186,0,0.0,0,19304,4681,19304,4681,2.413,0.58513,MixedAir,0.0
187,0,0.0,0,19150,4703,19150,4703,2.39375,0.58788,MixedAir,0.0
188,0,0.0,0,19246,4702,19246,4702,2.40575,0.58775,MixedAir,0.0
189,0,0.0,0,19170,4659,19170,4659,2.39625,0.58238,MixedAir,0.0
190,0,0.0,0,19209,4707,19209,4707,2.40113,0.58838,MixedAir,0.0
191,0,0.0,0,19052,4707,19052,4707,2.3815,0.58838,MixedAir,0.0
192,0,0.0,0,19167,4705,19167,4705,2.39588,0.58813,MixedAir,0.0
193,0,0.0,0,19015,4679,19015,4679,2.37688,0.58488,MixedAir,0.0
194,0,0.0,0,19123,4699,19123,4699,2.39038,0.58738,MixedAir,0.0
195,0,0.0,0,18968,4683,18968,4683,2.371,0.58538,MixedAir,0.0
196,0,0.0,0,19089,4629,19089,4629,2.38613,0.57863,MixedAir,0.0
193,0,0.0,0,19015,4679,19015,4679,2.37688,0.58488,MixedAir,0.0
194,0,0.0,0,19123,4699,19123,4699,2.39038,0.58738,MixedAir,0.0
195,0,0.0,0,18968,4683,18968,4683,2.371,0.58538,MixedAir,0.0
196,0,0.0,0,19089,4629,19089,4629,2.38613,0.57863,MixedAir,0.0
197,0,0.0,0,18945,4645,18945,4645,2.36813,0.58063,MixedAir,0.0
198,0,0.0,0,19068,4628,19068,4628,2.3835,0.5785,MixedAir,0.0
199,0,0.0,0,18905,4637,18905,4637,2.36313,0.57963,MixedAir,0.0
200,0,0.0,0,19033,4705,19033,4705,2.37913,0.58813,MixedAir,0.0
201,0,0.0,0,18942,4708,18942,4708,2.36775,0.5885,MixedAir,0.0
202,0,0.0,0,19003,4706,19003,4706,2.37538,0.58825,MixedAir,0.0
203,0,0.0,0,18892,4708,18892,4708,2.3615,0.5885,MixedAir,0.0
204,0,0.0,0,18984,4676,18984,4676,2.373,0.5845,MixedAir,0.0
205,0,0.0,0,18828,4630,18828,4630,2.3535,0.57875,MixedAir,0.0
206,0,0.0,0,18942,4650,18942,4650,2.36775,0.58125,MixedAir,0.0
207,0,0.0,0,18932,4638,18932,4638,2.3665,0.57975,MixedAir,0.0
208,0,0.0,0,18928,4627,18928,4627,2.366,0.57838,MixedAir,0.0
209,0,0.0,0,18918,4636,18918,4636,2.36475,0.5795,MixedAir,0.0
210,0,0.0,0,18904,4622,18904,4622,2.363,0.57775,MixedAir,0.0
211,0,0.0,0,18904,4660,18904,4660,2.363,0.5825,MixedAir,0.0
212,0,0.0,0,18878,4702,18878,4702,2.35975,0.58775,MixedAir,0.0
213,0,0.0,0,18711,4642,18711,4642,2.33888,0.58025,MixedAir,0.0
214,0,0.0,0,18701,4637,18701,4637,2.33763,0.57963,MixedAir,0.0
215,0,0.0,0,18774,4666,18774,4666,2.34675,0.58325,MixedAir,0.0
216,0,0.0,0,18771,4701,18771,4701,2.34638,0.58763,MixedAir,0.0
217,0,0.0,0,18826,4651,18826,4651,2.35325,0.58138,MixedAir,0.0
218,0,0.0,0,18679,4663,18679,4663,2.33488,0.58288,MixedAir,0.0
219,0,0.0,0,18812,4658,18812,4658,2.3515,0.58225,MixedAir,0.0
220,0,0.0,0,18781,4640,18781,4640,2.34763,0.58,MixedAir,0.0
221,0,0.0,0,18789,4704,18789,4704,2.34863,0.588,MixedAir,0.0
222,0,0.0,0,18649,4640,18649,4640,2.33113,0.58,MixedAir,0.0
223,0,0.0,0,18786,4657,18786,4657,2.34825,0.58213,MixedAir,0.0
224,0,0.0,0,18642,4650,18642,4650,2.33025,0.58125,MixedAir,0.0
225,0,0.0,0,18633,4637,18633,4637,2.32913,0.57963,MixedAir,0.0
226,0,0.0,0,18625,4646,18625,4646,2.32812,0.58075,MixedAir,0.0
227,0,0.0,0,18757,4646,18757,4646,2.34462,0.58075,MixedAir,0.0
228,0,0.0,0,18740,4692,18740,4692,2.3425,0.5865,MixedAir,0.0
229,0,0.0,0,18673,4706,18673,4706,2.33413,0.58825,MixedAir,0.0
230,0,0.0,0,18738,4709,18738,4709,2.34225,0.58863,MixedAir,0.0
231,0,0.0,0,18732,4707,18732,4707,2.3415,0.58838,MixedAir,0.0
232,0,0.0,0,18656,4704,18656,4704,2.332,0.588,MixedAir,0.0
233,0,0.0,0,18722,4628,18722,4628,2.34025,0.5785,MixedAir,0.0
234,0,0.0,0,18725,4651,18725,4651,2.34063,0.58138,MixedAir,0.0
235,0,0.0,0,18722,4661,18722,4661,2.34025,0.58263,MixedAir,0.0
236,0,0.0,0,18717,4684,18717,4684,2.33963,0.5855,MixedAir,0.0
237,0,0.0,0,18573,4704,18573,4704,2.32162,0.588,MixedAir,0.0
238,0,0.0,0,18597,4689,18597,4689,2.32463,0.58613,MixedAir,0.0
239,0,0.0,0,18700,4642,18700,4642,2.3375,0.58025,MixedAir,0.0
240,0,0.0,0,18559,4627,18559,4627,2.31988,0.57838,MixedAir,0.0
241,0,0.0,0,18691,4653,18691,4653,2.33637,0.58163,MixedAir,0.0
242,0,0.0,0,18690,4645,18690,4645,2.33625,0.58063,MixedAir,0.0
243,0,0.0,0,18695,4639,18695,4639,2.33688,0.57988,MixedAir,0.0
244,0,0.0,0,18682,4646,18682,4646,2.33525,0.58075,MixedAir,0.0
245,0,0.0,0,18679,4687,18679,4687,2.33488,0.58588,MixedAir,0.0
246,0,0.0,0,18676,4636,18676,4636,2.3345,0.5795,MixedAir,0.0
247,0,0.0,0,18675,4655,18675,4655,2.33438,0.58188,MixedAir,0.0
248,0,0.0,0,18683,4632,18683,4632,2.33538,0.579,MixedAir,0.0
249,0,0.0,0,18666,4667,18666,4667,2.33325,0.58338,MixedAir,0.0
0,0,3.3,255,17343,4682,17343,4682,2.16788,0.58525,MixedAir,0.0
1,0,3.3,255,17570,4645,17570,4645,2.19625,0.58063,MixedAir,0.0
2,0,3.3,255,17879,4643,17879,4643,2.23488,0.58038,MixedAir,0.0
3,0,3.3,255,18165,4643,18165,4643,2.27063,0.58038,MixedAir,0.0
4,0,3.3,255,18441,4657,18441,4657,2.30512,0.58213,MixedAir,0.0
5,0,3.3,255,18554,4670,18554,4670,2.31925,0.58375,MixedAir,0.0
6,0,3.3,255,18937,4683,18937,4683,2.36713,0.58538,MixedAir,0.0
7,0,3.3,255,19030,4645,19030,4645,2.37875,0.58063,MixedAir,0.0
8,0,3.3,255,19398,4671,19398,4671,2.42475,0.58388,MixedAir,0.0
9,0,3.3,255,19614,4658,19614,4658,2.45175,0.58225,MixedAir,0.0
10,0,3.3,255,19820,4667,19820,4667,2.4775,0.58338,MixedAir,0.0
11,0,3.3,255,20019,4676,20019,4676,2.50238,0.5845,MixedAir,0.0
12,0,3.3,255,20204,4665,20204,4665,2.5255,0.58313,MixedAir,0.0
13,0,3.3,255,20472,4640,20472,4640,2.559,0.58,MixedAir,0.0
14,0,3.3,255,20487,4671,20487,4671,2.56088,0.58388,MixedAir,0.0
15,0,3.3,255,20793,4696,20793,4696,2.59913,0.587,MixedAir,0.0
16,0,3.3,255,20951,4690,20951,4690,2.61888,0.58625,MixedAir,0.0
17,0,3.3,255,21490,4654,21490,4654,2.68625,0.58175,MixedAir,0.0
18,0,3.3,255,21611,4650,21611,4650,2.70138,0.58125,MixedAir,0.0
19,0,3.3,255,21564,4717,21564,4717,2.6955,0.58963,MixedAir,0.0
20,0,3.3,255,21841,4660,21841,4660,2.73013,0.5825,MixedAir,0.0
21,0,3.3,255,21995,4667,21995,4667,2.74938,0.58338,MixedAir,0.0
22,0,3.3,255,21933,4643,21933,4643,2.74163,0.58038,MixedAir,0.0
23,0,3.3,255,22053,4708,22053,4708,2.75663,0.5885,MixedAir,0.0
24,0,3.3,255,22274,4693,22274,4693,2.78425,0.58663,MixedAir,0.0
25,0,3.3,255,22344,4642,22344,4642,2.793,0.58025,MixedAir,0.0
26,0,3.3,255,22446,4681,22446,4681,2.80575,0.58513,MixedAir,0.0
27,0,3.3,255,22524,4677,22524,4677,2.8155,0.58463,MixedAir,0.0
28,0,3.3,255,22594,4673,22594,4673,2.82425,0.58413,MixedAir,0.0
29,0,3.3,255,22493,4707,22493,4707,2.81163,0.58838,MixedAir,0.0
30,0,3.3,255,22738,4662,22738,4662,2.84225,0.58275,MixedAir,0.0
31,0,3.3,255,22633,4664,22633,4664,2.82913,0.583,MixedAir,0.0
32,0,3.3,255,22857,4684,22857,4684,2.85713,0.5855,MixedAir,0.0
33,0,3.3,255,22750,4679,22750,4679,2.84375,0.58488,MixedAir,0.0
34,0,3.3,255,22972,4690,22972,4690,2.8715,0.58625,MixedAir,0.0
35,0,3.3,255,22863,4672,22863,4672,2.85788,0.584,MixedAir,0.0
36,0,3.3,255,23076,4665,23076,4665,2.8845,0.58313,MixedAir,0.0
37,0,3.3,255,22961,4672,22961,4672,2.87013,0.584,MixedAir,0.0
38,0,3.3,255,23168,4676,23168,4676,2.896,0.5845,MixedAir,0.0
39,0,3.3,255,23049,4667,23049,4667,2.88113,0.58338,MixedAir,0.0
40,0,3.3,255,23251,4661,23251,4661,2.90638,0.58263,MixedAir,0.0
41,0,3.3,255,23122,4659,23122,4659,2.89025,0.58238,MixedAir,0.0
42,0,3.3,255,23325,4658,23325,4658,2.91563,0.58225,MixedAir,0.0
43,0,3.3,255,23203,4659,23203,4659,2.90038,0.58238,MixedAir,0.0
44,0,3.3,255,23390,4671,23390,4671,2.92375,0.58388,MixedAir,0.0
45,0,3.3,255,23259,4662,23259,4662,2.90738,0.58275,MixedAir,0.0
46,0,3.3,255,23453,4654,23453,4654,2.93163,0.58175,MixedAir,0.0
47,0,3.3,255,23492,4667,23492,4667,2.9365,0.58338,MixedAir,0.0
48,0,3.3,255,23355,4668,23355,4668,2.91938,0.5835,MixedAir,0.0
49,0,3.3,255,23543,4701,23543,4701,2.94288,0.58763,MixedAir,0.0
50,0,3.3,255,23449,4715,23449,4715,2.93113,0.58938,MixedAir,0.0
51,0,3.3,255,23589,4719,23589,4719,2.94863,0.58988,MixedAir,0.0
52,0,3.3,255,23443,4702,23443,4702,2.93038,0.58775,MixedAir,0.0
53,0,3.3,255,23628,4662,23628,4662,2.9535,0.58275,MixedAir,0.0
54,0,3.3,255,23526,4719,23526,4719,2.94075,0.58988,MixedAir,0.0
55,0,3.3,255,23670,4703,23670,4703,2.95875,0.58788,MixedAir,0.0
56,0,3.3,255,23528,4672,23528,4672,2.941,0.584,MixedAir,0.0
57,0,3.3,255,23711,4701,23711,4701,2.96388,0.58763,MixedAir,0.0
58,0,3.3,255,23603,4723,23603,4723,2.95038,0.59038,MixedAir,0.0
59,0,3.3,255,23577,4716,23577,4716,2.94713,0.5895,MixedAir,0.0
60,0,3.3,255,23766,4698,23766,4698,2.97075,0.58725,MixedAir,0.0
61,0,3.3,255,23624,4663,23624,4663,2.953,0.58288,MixedAir,0.0
62,0,3.3,255,23791,4643,23791,4643,2.97388,0.58038,MixedAir,0.0
63,0,3.3,255,23805,4701,23805,4701,2.97563,0.58763,MixedAir,0.0
64,0,3.3,255,23820,4718,23820,4718,2.9775,0.58975,MixedAir,0.0
65,0,3.3,255,23659,4680,23659,4680,2.95738,0.585,MixedAir,0.0
66,0,3.3,255,23844,4652,23844,4652,2.9805,0.5815,MixedAir,0.0
67,0,3.3,255,23693,4712,23693,4712,2.96163,0.589,MixedAir,0.0
68,0,3.3,255,23701,4678,23701,4678,2.96263,0.58475,MixedAir,0.0
69,0,3.3,255,23715,4686,23715,4686,2.96438,0.58575,MixedAir,0.0
70,0,3.3,255,23730,4693,23730,4693,2.96625,0.58663,MixedAir,0.0
71,0,3.3,255,23736,4719,23736,4719,2.967,0.58988,MixedAir,0.0
72,0,3.3,255,23908,4722,23908,4722,2.9885,0.59025,MixedAir,0.0
73,0,3.3,255,23938,4658,23938,4658,2.99225,0.58225,MixedAir,0.0
74,0,3.3,255,23773,4660,23773,4660,2.97163,0.5825,MixedAir,0.0
75,0,3.3,255,23944,4643,23944,4643,2.993,0.58038,MixedAir,0.0
76,0,3.3,255,23853,4680,23853,4680,2.98163,0.585,MixedAir,0.0
77,0,3.3,255,23961,4681,23961,4681,2.99513,0.58513,MixedAir,0.0
78,0,3.3,255,23870,4681,23870,4681,2.98375,0.58513,MixedAir,0.0
79,0,3.3,255,23810,4650,23810,4650,2.97625,0.58125,MixedAir,0.0
80,0,3.3,255,23846,4650,23846,4650,2.98075,0.58125,MixedAir,0.0
81,0,3.3,255,23980,4684,23980,4684,2.9975,0.5855,MixedAir,0.0
82,0,3.3,255,23987,4691,23987,4691,2.99838,0.58637,MixedAir,0.0
83,0,3.3,255,23999,4643,23999,4643,2.99988,0.58038,MixedAir,0.0
84,0,3.3,255,24011,4686,24011,4686,3.00138,0.58575,MixedAir,0.0
85,0,3.3,255,23845,4717,23845,4717,2.98063,0.58963,MixedAir,0.0
86,0,3.3,255,23852,4715,23852,4715,2.9815,0.58938,MixedAir,0.0
87,0,3.3,255,24023,4652,24023,4652,3.00288,0.5815,MixedAir,0.0
88,0,3.3,255,23862,4654,23862,4654,2.98275,0.58175,MixedAir,0.0
89,0,3.3,255,24013,4676,24013,4676,3.00163,0.5845,MixedAir,0.0
90,0,3.3,255,23871,4690,23871,4690,2.98388,0.58625,MixedAir,0.0
91,0,3.3,255,23866,4724,23866,4724,2.98325,0.5905,MixedAir,0.0
92,0,3.3,255,23867,4667,23867,4667,2.98338,0.58338,MixedAir,0.0
93,0,3.3,255,24037,4657,24037,4657,3.00463,0.58213,MixedAir,0.0
94,0,3.3,255,23865,4667,23865,4667,2.98313,0.58338,MixedAir,0.0
95,0,3.3,255,24052,4647,24052,4647,3.0065,0.58088,MixedAir,0.0
96,0,3.3,255,23878,4662,23878,4662,2.98475,0.58275,MixedAir,0.0
197,0,0.0,0,18945,4645,18945,4645,2.36813,0.58063,MixedAir,0.0
198,0,0.0,0,19068,4628,19068,4628,2.3835,0.5785,MixedAir,0.0
199,0,0.0,0,18905,4637,18905,4637,2.36313,0.57963,MixedAir,0.0
200,0,0.0,0,19033,4705,19033,4705,2.37913,0.58813,MixedAir,0.0
201,0,0.0,0,18942,4708,18942,4708,2.36775,0.5885,MixedAir,0.0
202,0,0.0,0,19003,4706,19003,4706,2.37538,0.58825,MixedAir,0.0
203,0,0.0,0,18892,4708,18892,4708,2.3615,0.5885,MixedAir,0.0
204,0,0.0,0,18984,4676,18984,4676,2.373,0.5845,MixedAir,0.0
205,0,0.0,0,18828,4630,18828,4630,2.3535,0.57875,MixedAir,0.0
206,0,0.0,0,18942,4650,18942,4650,2.36775,0.58125,MixedAir,0.0
207,0,0.0,0,18932,4638,18932,4638,2.3665,0.57975,MixedAir,0.0
208,0,0.0,0,18928,4627,18928,4627,2.366,0.57838,MixedAir,0.0
209,0,0.0,0,18918,4636,18918,4636,2.36475,0.5795,MixedAir,0.0
210,0,0.0,0,18904,4622,18904,4622,2.363,0.57775,MixedAir,0.0
211,0,0.0,0,18904,4660,18904,4660,2.363,0.5825,MixedAir,0.0
212,0,0.0,0,18878,4702,18878,4702,2.35975,0.58775,MixedAir,0.0
213,0,0.0,0,18711,4642,18711,4642,2.33888,0.58025,MixedAir,0.0
214,0,0.0,0,18701,4637,18701,4637,2.33763,0.57963,MixedAir,0.0
215,0,0.0,0,18774,4666,18774,4666,2.34675,0.58325,MixedAir,0.0
216,0,0.0,0,18771,4701,18771,4701,2.34638,0.58763,MixedAir,0.0
217,0,0.0,0,18826,4651,18826,4651,2.35325,0.58138,MixedAir,0.0
218,0,0.0,0,18679,4663,18679,4663,2.33488,0.58288,MixedAir,0.0
219,0,0.0,0,18812,4658,18812,4658,2.3515,0.58225,MixedAir,0.0
220,0,0.0,0,18781,4640,18781,4640,2.34763,0.58,MixedAir,0.0
221,0,0.0,0,18789,4704,18789,4704,2.34863,0.588,MixedAir,0.0
222,0,0.0,0,18649,4640,18649,4640,2.33113,0.58,MixedAir,0.0
223,0,0.0,0,18786,4657,18786,4657,2.34825,0.58213,MixedAir,0.0
224,0,0.0,0,18642,4650,18642,4650,2.33025,0.58125,MixedAir,0.0
225,0,0.0,0,18633,4637,18633,4637,2.32913,0.57963,MixedAir,0.0
226,0,0.0,0,18625,4646,18625,4646,2.32812,0.58075,MixedAir,0.0
227,0,0.0,0,18757,4646,18757,4646,2.34462,0.58075,MixedAir,0.0
228,0,0.0,0,18740,4692,18740,4692,2.3425,0.5865,MixedAir,0.0
229,0,0.0,0,18673,4706,18673,4706,2.33413,0.58825,MixedAir,0.0
230,0,0.0,0,18738,4709,18738,4709,2.34225,0.58863,MixedAir,0.0
231,0,0.0,0,18732,4707,18732,4707,2.3415,0.58838,MixedAir,0.0
232,0,0.0,0,18656,4704,18656,4704,2.332,0.588,MixedAir,0.0
233,0,0.0,0,18722,4628,18722,4628,2.34025,0.5785,MixedAir,0.0
234,0,0.0,0,18725,4651,18725,4651,2.34063,0.58138,MixedAir,0.0
235,0,0.0,0,18722,4661,18722,4661,2.34025,0.58263,MixedAir,0.0
236,0,0.0,0,18717,4684,18717,4684,2.33963,0.5855,MixedAir,0.0
237,0,0.0,0,18573,4704,18573,4704,2.32162,0.588,MixedAir,0.0
238,0,0.0,0,18597,4689,18597,4689,2.32463,0.58613,MixedAir,0.0
239,0,0.0,0,18700,4642,18700,4642,2.3375,0.58025,MixedAir,0.0
240,0,0.0,0,18559,4627,18559,4627,2.31988,0.57838,MixedAir,0.0
241,0,0.0,0,18691,4653,18691,4653,2.33637,0.58163,MixedAir,0.0
242,0,0.0,0,18690,4645,18690,4645,2.33625,0.58063,MixedAir,0.0
243,0,0.0,0,18695,4639,18695,4639,2.33688,0.57988,MixedAir,0.0
244,0,0.0,0,18682,4646,18682,4646,2.33525,0.58075,MixedAir,0.0
245,0,0.0,0,18679,4687,18679,4687,2.33488,0.58588,MixedAir,0.0
246,0,0.0,0,18676,4636,18676,4636,2.3345,0.5795,MixedAir,0.0
247,0,0.0,0,18675,4655,18675,4655,2.33438,0.58188,MixedAir,0.0
248,0,0.0,0,18683,4632,18683,4632,2.33538,0.579,MixedAir,0.0
249,0,0.0,0,18666,4667,18666,4667,2.33325,0.58338,MixedAir,0.0
0,0,3.3,255,17343,4682,17343,4682,2.16788,0.58525,MixedAir,0.0
1,0,3.3,255,17570,4645,17570,4645,2.19625,0.58063,MixedAir,0.0
2,0,3.3,255,17879,4643,17879,4643,2.23488,0.58038,MixedAir,0.0
3,0,3.3,255,18165,4643,18165,4643,2.27063,0.58038,MixedAir,0.0
4,0,3.3,255,18441,4657,18441,4657,2.30512,0.58213,MixedAir,0.0
5,0,3.3,255,18554,4670,18554,4670,2.31925,0.58375,MixedAir,0.0
6,0,3.3,255,18937,4683,18937,4683,2.36713,0.58538,MixedAir,0.0
7,0,3.3,255,19030,4645,19030,4645,2.37875,0.58063,MixedAir,0.0
8,0,3.3,255,19398,4671,19398,4671,2.42475,0.58388,MixedAir,0.0
9,0,3.3,255,19614,4658,19614,4658,2.45175,0.58225,MixedAir,0.0
10,0,3.3,255,19820,4667,19820,4667,2.4775,0.58338,MixedAir,0.0
11,0,3.3,255,20019,4676,20019,4676,2.50238,0.5845,MixedAir,0.0
12,0,3.3,255,20204,4665,20204,4665,2.5255,0.58313,MixedAir,0.0
13,0,3.3,255,20472,4640,20472,4640,2.559,0.58,MixedAir,0.0
14,0,3.3,255,20487,4671,20487,4671,2.56088,0.58388,MixedAir,0.0
15,0,3.3,255,20793,4696,20793,4696,2.59913,0.587,MixedAir,0.0
16,0,3.3,255,20951,4690,20951,4690,2.61888,0.58625,MixedAir,0.0
17,0,3.3,255,21490,4654,21490,4654,2.68625,0.58175,MixedAir,0.0
18,0,3.3,255,21611,4650,21611,4650,2.70138,0.58125,MixedAir,0.0
19,0,3.3,255,21564,4717,21564,4717,2.6955,0.58963,MixedAir,0.0
20,0,3.3,255,21841,4660,21841,4660,2.73013,0.5825,MixedAir,0.0
21,0,3.3,255,21995,4667,21995,4667,2.74938,0.58338,MixedAir,0.0
22,0,3.3,255,21933,4643,21933,4643,2.74163,0.58038,MixedAir,0.0
23,0,3.3,255,22053,4708,22053,4708,2.75663,0.5885,MixedAir,0.0
24,0,3.3,255,22274,4693,22274,4693,2.78425,0.58663,MixedAir,0.0
25,0,3.3,255,22344,4642,22344,4642,2.793,0.58025,MixedAir,0.0
26,0,3.3,255,22446,4681,22446,4681,2.80575,0.58513,MixedAir,0.0
27,0,3.3,255,22524,4677,22524,4677,2.8155,0.58463,MixedAir,0.0
28,0,3.3,255,22594,4673,22594,4673,2.82425,0.58413,MixedAir,0.0
29,0,3.3,255,22493,4707,22493,4707,2.81163,0.58838,MixedAir,0.0
30,0,3.3,255,22738,4662,22738,4662,2.84225,0.58275,MixedAir,0.0
31,0,3.3,255,22633,4664,22633,4664,2.82913,0.583,MixedAir,0.0
32,0,3.3,255,22857,4684,22857,4684,2.85713,0.5855,MixedAir,0.0
33,0,3.3,255,22750,4679,22750,4679,2.84375,0.58488,MixedAir,0.0
34,0,3.3,255,22972,4690,22972,4690,2.8715,0.58625,MixedAir,0.0
35,0,3.3,255,22863,4672,22863,4672,2.85788,0.584,MixedAir,0.0
36,0,3.3,255,23076,4665,23076,4665,2.8845,0.58313,MixedAir,0.0
37,0,3.3,255,22961,4672,22961,4672,2.87013,0.584,MixedAir,0.0
38,0,3.3,255,23168,4676,23168,4676,2.896,0.5845,MixedAir,0.0
39,0,3.3,255,23049,4667,23049,4667,2.88113,0.58338,MixedAir,0.0
40,0,3.3,255,23251,4661,23251,4661,2.90638,0.58263,MixedAir,0.0
41,0,3.3,255,23122,4659,23122,4659,2.89025,0.58238,MixedAir,0.0
42,0,3.3,255,23325,4658,23325,4658,2.91563,0.58225,MixedAir,0.0
43,0,3.3,255,23203,4659,23203,4659,2.90038,0.58238,MixedAir,0.0
44,0,3.3,255,23390,4671,23390,4671,2.92375,0.58388,MixedAir,0.0
45,0,3.3,255,23259,4662,23259,4662,2.90738,0.58275,MixedAir,0.0
46,0,3.3,255,23453,4654,23453,4654,2.93163,0.58175,MixedAir,0.0
47,0,3.3,255,23492,4667,23492,4667,2.9365,0.58338,MixedAir,0.0
48,0,3.3,255,23355,4668,23355,4668,2.91938,0.5835,MixedAir,0.0
49,0,3.3,255,23543,4701,23543,4701,2.94288,0.58763,MixedAir,0.0
50,0,3.3,255,23449,4715,23449,4715,2.93113,0.58938,MixedAir,0.0
51,0,3.3,255,23589,4719,23589,4719,2.94863,0.58988,MixedAir,0.0
52,0,3.3,255,23443,4702,23443,4702,2.93038,0.58775,MixedAir,0.0
53,0,3.3,255,23628,4662,23628,4662,2.9535,0.58275,MixedAir,0.0
54,0,3.3,255,23526,4719,23526,4719,2.94075,0.58988,MixedAir,0.0
55,0,3.3,255,23670,4703,23670,4703,2.95875,0.58788,MixedAir,0.0
56,0,3.3,255,23528,4672,23528,4672,2.941,0.584,MixedAir,0.0
57,0,3.3,255,23711,4701,23711,4701,2.96388,0.58763,MixedAir,0.0
58,0,3.3,255,23603,4723,23603,4723,2.95038,0.59038,MixedAir,0.0
59,0,3.3,255,23577,4716,23577,4716,2.94713,0.5895,MixedAir,0.0
60,0,3.3,255,23766,4698,23766,4698,2.97075,0.58725,MixedAir,0.0
61,0,3.3,255,23624,4663,23624,4663,2.953,0.58288,MixedAir,0.0
62,0,3.3,255,23791,4643,23791,4643,2.97388,0.58038,MixedAir,0.0
63,0,3.3,255,23805,4701,23805,4701,2.97563,0.58763,MixedAir,0.0
64,0,3.3,255,23820,4718,23820,4718,2.9775,0.58975,MixedAir,0.0
65,0,3.3,255,23659,4680,23659,4680,2.95738,0.585,MixedAir,0.0
66,0,3.3,255,23844,4652,23844,4652,2.9805,0.5815,MixedAir,0.0
67,0,3.3,255,23693,4712,23693,4712,2.96163,0.589,MixedAir,0.0
68,0,3.3,255,23701,4678,23701,4678,2.96263,0.58475,MixedAir,0.0
69,0,3.3,255,23715,4686,23715,4686,2.96438,0.58575,MixedAir,0.0
70,0,3.3,255,23730,4693,23730,4693,2.96625,0.58663,MixedAir,0.0
71,0,3.3,255,23736,4719,23736,4719,2.967,0.58988,MixedAir,0.0
72,0,3.3,255,23908,4722,23908,4722,2.9885,0.59025,MixedAir,0.0
73,0,3.3,255,23938,4658,23938,4658,2.99225,0.58225,MixedAir,0.0
74,0,3.3,255,23773,4660,23773,4660,2.97163,0.5825,MixedAir,0.0
75,0,3.3,255,23944,4643,23944,4643,2.993,0.58038,MixedAir,0.0
76,0,3.3,255,23853,4680,23853,4680,2.98163,0.585,MixedAir,0.0
77,0,3.3,255,23961,4681,23961,4681,2.99513,0.58513,MixedAir,0.0
78,0,3.3,255,23870,4681,23870,4681,2.98375,0.58513,MixedAir,0.0
79,0,3.3,255,23810,4650,23810,4650,2.97625,0.58125,MixedAir,0.0
80,0,3.3,255,23846,4650,23846,4650,2.98075,0.58125,MixedAir,0.0
81,0,3.3,255,23980,4684,23980,4684,2.9975,0.5855,MixedAir,0.0
82,0,3.3,255,23987,4691,23987,4691,2.99838,0.58637,MixedAir,0.0
83,0,3.3,255,23999,4643,23999,4643,2.99988,0.58038,MixedAir,0.0
84,0,3.3,255,24011,4686,24011,4686,3.00138,0.58575,MixedAir,0.0
85,0,3.3,255,23845,4717,23845,4717,2.98063,0.58963,MixedAir,0.0
86,0,3.3,255,23852,4715,23852,4715,2.9815,0.58938,MixedAir,0.0
87,0,3.3,255,24023,4652,24023,4652,3.00288,0.5815,MixedAir,0.0
88,0,3.3,255,23862,4654,23862,4654,2.98275,0.58175,MixedAir,0.0
89,0,3.3,255,24013,4676,24013,4676,3.00163,0.5845,MixedAir,0.0
90,0,3.3,255,23871,4690,23871,4690,2.98388,0.58625,MixedAir,0.0
91,0,3.3,255,23866,4724,23866,4724,2.98325,0.5905,MixedAir,0.0
92,0,3.3,255,23867,4667,23867,4667,2.98338,0.58338,MixedAir,0.0
93,0,3.3,255,24037,4657,24037,4657,3.00463,0.58213,MixedAir,0.0
94,0,3.3,255,23865,4667,23865,4667,2.98313,0.58338,MixedAir,0.0
95,0,3.3,255,24052,4647,24052,4647,3.0065,0.58088,MixedAir,0.0
96,0,3.3,255,23878,4662,23878,4662,2.98475,0.58275,MixedAir,0.0
97,0,3.3,255,24054,4718,24054,4718,3.00675,0.58975,MixedAir,0.0
98,0,3.3,255,23886,4718,23886,4718,2.98575,0.58975,MixedAir,0.0
99,0,3.3,255,24067,4699,24067,4699,3.00838,0.58738,MixedAir,0.0
100,0,3.3,255,23895,4720,23895,4720,2.98688,0.59,MixedAir,0.0
