point,waveType,dacVoltage,pulse,rawSensor1,rawSensor2,sensor1,sensor2,voltage1,voltage2,gasType,ppm
0,0,3.3,255,19894,4059,19894,4059,2.48675,0.5075,NH3,1.48
1,0,3.3,255,21285,4344,21285,4344,2.6607,0.543,NH3,2.26
2,0,3.3,255,23382,4772,23382,4772,2.92285,0.5965,NH3,3.43
3,0,3.3,255,25583,5221,25583,5221,3.19789,0.65263,NH3,4.66
4,0,3.3,255,27792,5672,27792,5672,3.4741,0.709,NH3,5.9
5,0,3.3,255,30027,6128,30027,6128,3.7534,0.766,NH3,7.15
6,0,3.3,255,32251,6582,32251,6582,4.03148,0.82275,NH3,8.39
7,0,3.3,255,34486,7038,34486,7038,4.31078,0.87975,NH3,9.64
8,0,3.3,255,36666,7483,36666,7483,4.58336,0.93538,NH3,10.86
9,0,3.3,255,38847,7928,38847,7928,4.8559,0.991,NH3,12.07
10,0,3.3,255,40988,8365,40988,8365,5.12359,1.04563,NH3,13.27
11,0,3.3,255,43110,8798,43110,8798,5.38878,1.09975,NH3,14.46
12,0,3.3,255,45158,9216,45158,9216,5.6448,1.152,NH3,15.6
13,0,3.3,255,47181,9628,47181,9628,5.89774,1.20362,NH3,16.73
14,0,3.3,255,49196,10040,49196,10040,6.1495,1.255,NH3,17.86
15,0,3.3,255,51067,10422,51067,10422,6.38348,1.30275,NH3,18.91
16,0,3.3,255,52900,10796,52900,10796,6.61255,1.3495,NH3,19.93
17,0,3.3,255,54654,11154,54654,11154,6.83183,1.39425,NH3,20.91
18,0,3.3,255,56384,11506,56384,11506,7.04801,1.43837,NH3,21.88
19,0,3.3,255,58035,11844,58035,11844,7.25445,1.4805,NH3,22.8
20,0,3.3,255,59598,12163,59598,12163,7.44986,1.52038,NH3,23.67
21,0,3.3,255,61181,12486,61181,12486,7.64768,1.56075,NH3,24.56
22,0,3.3,255,62661,12788,62661,12788,7.83265,1.5985,NH3,25.38
23,0,3.3,255,64047,13070,64047,13070,8.00596,1.63387,NH3,26.16
24,0,3.3,255,65356,13338,65356,13338,8.16953,1.66725,NH3,26.89
25,0,3.3,255,66674,13606,66674,13606,8.33426,1.70087,NH3,27.63
26,0,3.3,255,67914,13860,67914,13860,8.48925,1.7325,NH3,28.32
27,0,3.3,255,69045,14090,69045,14090,8.63071,1.76137,NH3,28.95
28,0,3.3,255,70177,14322,70177,14322,8.77223,1.79025,NH3,29.59
29,0,3.3,255,71265,14544,71265,14544,8.9082,1.818,NH3,30.19
30,0,3.3,255,72309,14756,72309,14756,9.03864,1.84462,NH3,30.78
31,0,3.3,255,73279,14955,73279,14955,9.15996,1.86938,NH3,31.32
32,0,3.3,255,74176,15138,74176,15138,9.27203,1.89225,NH3,31.82
33,0,3.3,255,74994,15304,74994,15304,9.37429,1.91312,NH3,32.28
34,0,3.3,255,75827,15474,75827,15474,9.47841,1.93437,NH3,32.74
35,0,3.3,255,76641,15641,76641,15641,9.58014,1.95513,NH3,33.2
36,0,3.3,255,77336,15782,77336,15782,9.66706,1.97287,NH3,33.59
37,0,3.3,255,78081,15935,78081,15935,9.76021,1.99188,NH3,34.0
38,0,3.3,255,78703,16062,78703,16062,9.83798,2.00775,NH3,34.35
39,0,3.3,255,79370,16198,79370,16198,9.92128,2.02475,NH3,34.72
40,0,3.3,255,79943,16315,79943,16315,9.99296,2.03938,NH3,35.04
41,0,3.3,255,80467,16422,80467,16422,10.05848,2.05275,NH3,35.34
42,0,3.3,255,81016,16534,81016,16534,10.12707,2.06675,NH3,35.64
43,0,3.3,255,81555,16644,81555,16644,10.19445,2.0805,NH3,35.95
44,0,3.3,255,82021,16739,82021,16739,10.25266,2.09238,NH3,36.21
45,0,3.3,255,82408,16818,82408,16818,10.30103,2.10225,NH3,36.42
46,0,3.3,255,82864,16911,82864,16911,10.35801,2.11388,NH3,36.68
47,0,3.3,255,83196,16978,83196,16978,10.39961,2.12237,NH3,36.86
48,0,3.3,255,83618,17065,83618,17065,10.45234,2.13313,NH3,37.1
49,0,3.3,255,83961,17135,83961,17135,10.49521,2.14188,NH3,37.29
50,0,3.3,255,84211,17186,84211,17186,10.52643,2.14825,NH3,37.43
51,0,3.3,255,84510,17246,84510,17246,10.56376,2.15587,NH3,37.6
52,0,3.3,255,84809,17308,84809,17308,10.60115,2.1635,NH3,37.76
53,0,3.3,255,85117,17370,85117,17370,10.63971,2.17137,NH3,37.94
54,0,3.3,255,85367,17422,85367,17422,10.67098,2.17775,NH3,38.08
55,0,3.3,255,85539,17457,85539,17457,10.69244,2.18213,NH3,38.17
56,0,3.3,255,85764,17503,85764,17503,10.72061,2.18788,NH3,38.3
57,0,3.3,255,85975,17546,85975,17546,10.74693,2.19325,NH3,38.42
58,0,3.3,255,86185,17588,86185,17588,10.77324,2.19862,NH3,38.53
59,0,3.3,255,86347,17622,86347,17622,10.79348,2.20275,NH3,38.62
60,0,3.3,255,86480,17649,86480,17649,10.81004,2.20613,NH3,38.7
61,0,3.3,255,86617,17676,86617,17676,10.82714,2.20962,NH3,38.77
62,0,3.3,255,86769,17708,86769,17708,10.84615,2.2135,NH3,38.86
63,0,3.3,255,86867,17728,86867,17728,10.8584,2.216,NH3,38.91
64,0,3.3,255,86930,17740,86930,17740,10.86634,2.21762,NH3,38.95
65,0,3.3,255,87107,17777,87107,17777,10.88844,2.22213,NH3,39.05
66,0,3.3,255,87195,17795,87195,17795,10.89946,2.22438,NH3,39.1
67,0,3.3,255,87220,17800,87220,17800,10.9025,2.225,NH3,39.11
68,0,3.3,255,87342,17824,87342,17824,10.91779,2.22812,NH3,39.18
69,0,3.3,255,87406,17838,87406,17838,10.92578,2.22975,NH3,39.22
70,0,3.3,255,87425,17842,87425,17842,10.92822,2.23025,NH3,39.23
71,0,3.3,255,87523,17862,87523,17862,10.94047,2.23275,NH3,39.28
72,0,3.3,255,87563,17870,87563,17870,10.94538,2.23375,NH3,39.3
73,0,3.3,255,87548,17867,87548,17867,10.94356,2.23338,NH3,39.29
74,0,3.3,255,87607,17879,87607,17879,10.95091,2.23488,NH3,39.33
75,0,3.3,255,87690,17896,87690,17896,10.9613,2.237,NH3,39.37
76,0,3.3,255,87734,17905,87734,17905,10.96684,2.23813,NH3,39.4
77,0,3.3,255,87734,17905,87734,17905,10.96684,2.23813,NH3,39.4
78,0,3.3,255,87788,17916,87788,17916,10.97355,2.2395,NH3,39.43
79,0,3.3,255,87788,17916,87788,17916,10.97355,2.2395,NH3,39.43
80,0,3.3,255,87734,17905,87734,17905,10.96684,2.23813,NH3,39.4
81,0,3.3,255,87744,17907,87744,17907,10.96806,2.23838,NH3,39.4
82,0,3.3,255,87822,17922,87822,17922,10.97781,2.24037,NH3,39.45
83,0,3.3,255,87808,17920,87808,17920,10.976,2.24,NH3,39.44
84,0,3.3,255,87744,17907,87744,17907,10.96806,2.23838,NH3,39.4
85,0,3.3,255,87724,17902,87724,17902,10.96556,2.23787,NH3,39.39
86,0,3.3,255,87729,17904,87729,17904,10.9662,2.238,NH3,39.4
87,0,3.3,255,87753,17908,87753,17908,10.96924,2.23862,NH3,39.41
88,0,3.3,255,87739,17906,87739,17906,10.96743,2.23825,NH3,39.4
89,0,3.3,255,87705,17899,87705,17899,10.96316,2.23738,NH3,39.38
90,0,3.3,255,87655,17888,87655,17888,10.95699,2.23612,NH3,39.35
91,0,3.3,255,87675,17893,87675,17893,10.95949,2.23663,NH3,39.37
92,0,3.3,255,87670,17892,87670,17892,10.95885,2.2365,NH3,39.36
93,0,3.3,255,87675,17893,87675,17893,10.95949,2.23663,NH3,39.37
94,0,3.3,255,87680,17894,87680,17894,10.96007,2.23675,NH3,39.37
95,0,3.3,255,87670,17892,87670,17892,10.95885,2.2365,NH3,39.36
96,0,3.3,255,87646,17887,87646,17887,10.95581,2.23588,NH3,39.35
97,0,3.3,255,87592,17876,87592,17876,10.94905,2.2345,NH3,39.32
98,0,3.3,255,87572,17872,87572,17872,10.9466,2.234,NH3,39.31
99,0,3.3,255,87563,17870,87563,17870,10.94538,2.23375,NH3,39.3
100,0,3.3,255,87523,17862,87523,17862,10.94047,2.23275,NH3,39.28
101,0,3.3,255,87484,17854,87484,17854,10.93558,2.23175,NH3,39.26
102,0,3.3,255,87425,17842,87425,17842,10.92822,2.23025,NH3,39.23
103,0,3.3,255,87469,17850,87469,17850,10.93371,2.23137,NH3,39.25
104,0,3.3,255,87362,17829,87362,17829,10.92029,2.22863,NH3,39.19
105,0,3.3,255,87396,17836,87396,17836,10.92455,2.2295,NH3,39.21
106,0,3.3,255,87288,17814,87288,17814,10.91108,2.22675,NH3,39.15
107,0,3.3,255,87347,17826,87347,17826,10.91843,2.22825,NH3,39.18
108,0,3.3,255,87254,17806,87254,17806,10.90676,2.22587,NH3,39.13
109,0,3.3,255,87273,17810,87273,17810,10.90921,2.22637,NH3,39.14
110,0,3.3,255,87269,17810,87269,17810,10.90863,2.22625,NH3,39.14
111,0,3.3,255,87190,17794,87190,17794,10.89883,2.22425,NH3,39.09
112,0,3.3,255,87166,17789,87166,17789,10.89579,2.22363,NH3,39.08
113,0,3.3,255,87200,17796,87200,17796,10.90005,2.2245,NH3,39.1
114,0,3.3,255,87156,17786,87156,17786,10.89451,2.22337,NH3,39.08
115,0,3.3,255,87141,17784,87141,17784,10.8927,2.223,NH3,39.07
116,0,3.3,255,87033,17762,87033,17762,10.87923,2.22025,NH3,39.01
117,0,3.3,255,87073,17770,87073,17770,10.88413,2.22125,NH3,39.03
118,0,3.3,255,87053,17766,87053,17766,10.88167,2.22075,NH3,39.02
119,0,3.3,255,87004,17756,87004,17756,10.87555,2.2195,NH3,38.99
120,0,3.3,255,86911,17736,86911,17736,10.86389,2.21712,NH3,38.94
121,0,3.3,255,86891,17733,86891,17733,10.86149,2.21663,NH3,38.93
122,0,3.3,255,86877,17730,86877,17730,10.85963,2.21625,NH3,38.92
123,0,3.3,255,86896,17734,86896,17734,10.86208,2.21675,NH3,38.93
124,0,3.3,255,86877,17730,86877,17730,10.85963,2.21625,NH3,38.92
125,0,0.0,0,101920,20800,101920,20800,12.74,2.6,NH3,47.33
126,0,0.0,0,99724,20352,99724,20352,12.4656,2.544,NH3,46.1
127,0,0.0,0,96902,19776,96902,19776,12.1128,2.472,NH3,44.52
128,0,0.0,0,94173,19219,94173,19219,11.77166,2.40238,NH3,43.0
129,0,0.0,0,91522,18678,91522,18678,11.44028,2.33475,NH3,41.52
130,0,0.0,0,88974,18158,88974,18158,11.12178,2.26975,NH3,40.09
131,0,0.0,0,86524,17658,86524,17658,10.81553,2.20725,NH3,38.72
132,0,0.0,0,84157,17175,84157,17175,10.51971,2.14688,NH3,37.4
133,0,0.0,0,81854,16704,81854,16704,10.23179,2.08812,NH3,36.11
134,0,0.0,0,79669,16259,79669,16259,9.95866,2.03238,NH3,34.89
135,0,0.0,0,77552,15826,77552,15826,9.69401,1.97837,NH3,33.71
136,0,0.0,0,75518,15412,75518,15412,9.43985,1.9265,NH3,32.57
137,0,0.0,0,73593,15019,73593,15019,9.19916,1.87738,NH3,31.49
138,0,0.0,0,71687,14630,71687,14630,8.96088,1.82875,NH3,30.43
139,0,0.0,0,69893,14264,69893,14264,8.7367,1.783,NH3,29.43
140,0,0.0,0,68159,13910,68159,13910,8.51988,1.73875,NH3,28.46
141,0,0.0,0,66488,13569,66488,13569,8.31104,1.69613,NH3,27.52
142,0,0.0,0,64895,13244,64895,13244,8.11195,1.6555,NH3,26.63
143,0,0.0,0,63357,12930,63357,12930,7.91963,1.61625,NH3,25.77
144,0,0.0,0,61881,12628,61881,12628,7.73524,1.57862,NH3,24.95
145,0,0.0,0,60466,12340,60466,12340,7.55825,1.5425,NH3,24.16
146,0,0.0,0,59098,12060,59098,12060,7.38734,1.50762,NH3,23.39
147,0,0.0,0,57795,11794,57795,11794,7.22441,1.47437,NH3,22.67
148,0,0.0,0,56555,11542,56555,11542,7.06948,1.44275,NH3,21.97
149,0,0.0,0,55360,11298,55360,11298,6.92003,1.41225,NH3,21.3
150,0,0.0,0,54184,11058,54184,11058,6.77303,1.38225,NH3,20.65
151,0,0.0,0,53086,10834,53086,10834,6.63583,1.35425,NH3,20.03
152,0,0.0,0,52013,10615,52013,10615,6.50171,1.32688,NH3,19.43
153,0,0.0,0,50989,10406,50989,10406,6.37368,1.30075,NH3,18.86
154,0,0.0,0,50014,10207,50014,10207,6.25181,1.27588,NH3,18.32
155,0,0.0,0,49073,10015,49073,10015,6.13421,1.25188,NH3,17.79
156,0,0.0,0,48167,9830,48167,9830,6.02088,1.22875,NH3,17.28
157,0,0.0,0,47289,9650,47289,9650,5.91121,1.20637,NH3,16.79
158,0,0.0,0,46437,9477,46437,9477,5.80469,1.18463,NH3,16.32
159,0,0.0,0,45668,9320,45668,9320,5.7085,1.165,NH3,15.89
160,0,0.0,0,44859,9154,44859,9154,5.60741,1.14437,NH3,15.43
161,0,0.0,0,44090,8998,44090,8998,5.51128,1.12475,NH3,15.01
162,0,0.0,0,43379,8852,43379,8852,5.42244,1.10662,NH3,14.61
163,0,0.0,0,42703,8714,42703,8714,5.33791,1.08937,NH3,14.23
164,0,0.0,0,42027,8576,42027,8576,5.25339,1.07212,NH3,13.85
165,0,0.0,0,41375,8444,41375,8444,5.17195,1.0555,NH3,13.49
166,0,0.0,0,40743,8314,40743,8314,5.09291,1.03937,NH3,13.13
167,0,0.0,0,40150,8194,40150,8194,5.01883,1.02425,NH3,12.8
168,0,0.0,0,39587,8079,39587,8079,4.94841,1.00988,NH3,12.49
169,0,0.0,0,39013,7962,39013,7962,4.87673,0.99525,NH3,12.17
170,0,0.0,0,38489,7855,38489,7855,4.81121,0.98188,NH3,11.87
171,0,0.0,0,37945,7744,37945,7744,4.7432,0.968,NH3,11.57
172,0,0.0,0,37465,7646,37465,7646,4.68318,0.95575,NH3,11.3
173,0,0.0,0,36955,7542,36955,7542,4.61948,0.94275,NH3,11.02
174,0,0.0,0,36480,7445,36480,7445,4.56009,0.93063,NH3,10.75
175,0,0.0,0,36015,7350,36015,7350,4.50188,0.91875,NH3,10.49
176,0,0.0,0,35598,7265,35598,7265,4.44984,0.90813,NH3,10.26
177,0,0.0,0,35162,7176,35162,7176,4.3953,0.897,NH3,10.02
178,0,0.0,0,34755,7092,34755,7092,4.34444,0.88662,NH3,9.79
179,0,0.0,0,34339,7008,34339,7008,4.2924,0.876,NH3,9.56
180,0,0.0,0,33966,6932,33966,6932,4.24585,0.8665,NH3,9.35
181,0,0.0,0,33599,6857,33599,6857,4.19994,0.85713,NH3,9.14
182,0,0.0,0,33256,6786,33256,6786,4.15701,0.84837,NH3,8.95
183,0,0.0,0,32893,6713,32893,6713,4.11174,0.83913,NH3,8.75
184,0,0.0,0,32550,6642,32550,6642,4.06881,0.83037,NH3,8.56
185,0,0.0,0,32271,6586,32271,6586,4.03393,0.82325,NH3,8.4
186,0,0.0,0,31908,6512,31908,6512,3.9886,0.814,NH3,8.2
187,0,0.0,0,31610,6451,31610,6451,3.95126,0.80638,NH3,8.03
188,0,0.0,0,31296,6387,31296,6387,3.91206,0.79838,NH3,7.85
189,0,0.0,0,31007,6328,31007,6328,3.8759,0.791,NH3,7.69
190,0,0.0,0,30747,6275,30747,6275,3.84346,0.78438,NH3,7.55
191,0,0.0,0,30463,6217,30463,6217,3.80794,0.77713,NH3,7.39
192,0,0.0,0,30208,6165,30208,6165,3.77609,0.77063,NH3,7.25
193,0,0.0,0,29978,6118,29978,6118,3.74728,0.76475,NH3,7.12
194,0,0.0,0,29703,6062,29703,6062,3.71298,0.75775,NH3,6.96
195,0,0.0,0,29444,6009,29444,6009,3.68054,0.75113,NH3,6.82
196,0,0.0,0,29248,5969,29248,5969,3.65604,0.74613,NH3,6.71
197,0,0.0,0,29008,5920,29008,5920,3.626,0.74,NH3,6.58
198,0,0.0,0,28787,5875,28787,5875,3.59846,0.73438,NH3,6.45
199,0,0.0,0,28596,5836,28596,5836,3.57455,0.7295,NH3,6.35
200,0,0.0,0,28415,5799,28415,5799,3.55191,0.72488,NH3,6.24
201,0,0.0,0,28209,5757,28209,5757,3.52619,0.71963,NH3,6.13
202,0,0.0,0,28037,5722,28037,5722,3.50473,0.71525,NH3,6.03
203,0,0.0,0,27812,5676,27812,5676,3.47655,0.7095,NH3,5.91
204,0,0.0,0,27660,5645,27660,5645,3.45759,0.70563,NH3,5.82
205,0,0.0,0,27479,5608,27479,5608,3.4349,0.701,NH3,5.72
206,0,0.0,0,27312,5574,27312,5574,3.41407,0.69675,NH3,5.63
207,0,0.0,0,27140,5538,27140,5538,3.39261,0.69237,NH3,5.53
208,0,0.0,0,26974,5504,26974,5504,3.37179,0.68812,NH3,5.44
209,0,0.0,0,26847,5479,26847,5479,3.35591,0.68488,NH3,5.37
210,0,0.0,0,26680,5445,26680,5445,3.33509,0.68063,NH3,5.27
211,0,0.0,0,26523,5413,26523,5413,3.31549,0.67663,NH3,5.19
212,0,0.0,0,26391,5386,26391,5386,3.29893,0.67325,NH3,5.11
213,0,0.0,0,26254,5358,26254,5358,3.28178,0.66975,NH3,5.04
214,0,0.0,0,26117,5330,26117,5330,3.26463,0.66625,NH3,4.96
215,0,0.0,0,26009,5308,26009,5308,3.25115,0.6635,NH3,4.9
216,0,0.0,0,25862,5278,25862,5278,3.23278,0.65975,NH3,4.82
217,0,0.0,0,25749,5254,25749,5254,3.21866,0.65687,NH3,4.75
218,0,0.0,0,25622,5229,25622,5229,3.20279,0.65363,NH3,4.68
219,0,0.0,0,25528,5210,25528,5210,3.19112,0.65125,NH3,4.63
220,0,0.0,0,25421,5188,25421,5188,3.17765,0.6485,NH3,4.57
221,0,0.0,0,25298,5163,25298,5163,3.16236,0.64538,NH3,4.5
222,0,0.0,0,25195,5142,25195,5142,3.14948,0.64275,NH3,4.44
223,0,0.0,0,25102,5123,25102,5123,3.13786,0.64038,NH3,4.39
224,0,0.0,0,24999,5102,24999,5102,3.12498,0.63775,NH3,4.34
225,0,0.0,0,24911,5084,24911,5084,3.11395,0.6355,NH3,4.29
226,0,0.0,0,24837,5068,24837,5068,3.10474,0.63362,NH3,4.24
227,0,0.0,0,24754,5052,24754,5052,3.09435,0.6315,NH3,4.2
228,0,0.0,0,24627,5026,24627,5026,3.07843,0.62825,NH3,4.13
229,0,0.0,0,24578,5016,24578,5016,3.0723,0.627,NH3,4.1
230,0,0.0,0,24485,4996,24485,4996,3.06064,0.62462,NH3,4.05
231,0,0.0,0,24406,4980,24406,4980,3.05084,0.62262,NH3,4.0
232,0,0.0,0,24313,4962,24313,4962,3.03923,0.62025,NH3,3.95
233,0,0.0,0,24240,4947,24240,4947,3.03006,0.61838,NH3,3.91
234,0,0.0,0,24176,4934,24176,4934,3.02208,0.61675,NH3,3.88
235,0,0.0,0,24083,4915,24083,4915,3.01046,0.61438,NH3,3.82
236,0,0.0,0,24049,4908,24049,4908,3.00615,0.6135,NH3,3.8
237,0,0.0,0,23970,4892,23970,4892,2.99635,0.6115,NH3,3.76
238,0,0.0,0,23897,4876,23897,4876,2.98714,0.60962,NH3,3.72
239,0,0.0,0,23833,4864,23833,4864,2.9792,0.608,NH3,3.68
240,0,0.0,0,23779,4852,23779,4852,2.97244,0.60662,NH3,3.65
241,0,0.0,0,23730,4842,23730,4842,2.96631,0.60537,NH3,3.63
242,0,0.0,0,23672,4831,23672,4831,2.95901,0.60388,NH3,3.59
243,0,0.0,0,23612,4818,23612,4818,2.95161,0.60237,NH3,3.56
244,0,0.0,0,23578,4812,23578,4812,2.94735,0.6015,NH3,3.54
245,0,0.0,0,23505,4796,23505,4796,2.93814,0.59962,NH3,3.5
246,0,0.0,0,23456,4786,23456,4786,2.93201,0.59837,NH3,3.47
247,0,0.0,0,23407,4777,23407,4777,2.92594,0.59713,NH3,3.45
248,0,0.0,0,23363,4768,23363,4768,2.9204,0.596,NH3,3.42
249,0,0.0,0,23309,4756,23309,4756,2.91364,0.59462,NH3,3.39
0,0,3.3,255,19962,4074,19962,4074,2.49533,0.50925,NH3,1.52
1,0,3.3,255,21344,4356,21344,4356,2.66805,0.5445,NH3,2.29
2,0,3.3,255,23451,4786,23451,4786,2.93142,0.59825,NH3,3.47
3,0,3.3,255,25670,5238,25670,5238,3.20886,0.65487,NH3,4.71
4,0,3.3,255,27885,5690,27885,5690,3.48571,0.71137,NH3,5.95
5,0,3.3,255,30120,6147,30120,6147,3.76506,0.76838,NH3,7.2
6,0,3.3,255,32344,6600,32344,6600,4.04309,0.82512,NH3,8.44
7,0,3.3,255,34564,7054,34564,7054,4.32058,0.88175,NH3,9.68
8,0,3.3,255,36779,7506,36779,7506,4.59743,0.93825,NH3,10.92
9,0,3.3,255,38955,7950,38955,7950,4.86938,0.99375,NH3,12.13
10,0,3.3,255,41086,8384,41086,8384,5.13579,1.04812,NH3,13.33
11,0,3.3,255,43198,8816,43198,8816,5.3998,1.102,NH3,14.51
12,0,3.3,255,45261,9237,45261,9237,5.65769,1.15463,NH3,15.66
13,0,3.3,255,47299,9653,47299,9653,5.91249,1.20663,NH3,16.8
14,0,3.3,255,49294,10060,49294,10060,6.16175,1.2575,NH3,17.91
15,0,3.3,255,51165,10442,51165,10442,6.39573,1.30525,NH3,18.96
16,0,3.3,255,53018,10820,53018,10820,6.62725,1.3525,NH3,20.0
17,0,3.3,255,54796,11182,54796,11182,6.84956,1.39787,NH3,20.99
18,0,3.3,255,56511,11532,56511,11532,7.06394,1.44162,NH3,21.95
19,0,3.3,255,58168,11871,58168,11871,7.27101,1.48388,NH3,22.87
20,0,3.3,255,59731,12190,59731,12190,7.46638,1.52375,NH3,23.75
21,0,3.3,255,61259,12502,61259,12502,7.65748,1.56275,NH3,24.6
22,0,3.3,255,62749,12806,62749,12806,7.84368,1.60075,NH3,25.43
23,0,3.3,255,64121,13086,64121,13086,8.01518,1.63575,NH3,26.2
24,0,3.3,255,65473,13362,65473,13362,8.18423,1.67025,NH3,26.96
25,0,3.3,255,66801,13632,66801,13632,8.35019,1.70412,NH3,27.7
26,0,3.3,255,68026,13882,68026,13882,8.50331,1.73537,NH3,28.38
27,0,3.3,255,69153,14112,69153,14112,8.64419,1.76412,NH3,29.01
28,0,3.3,255,70270,14340,70270,14340,8.78384,1.79262,NH3,29.64
29,0,3.3,255,71363,14564,71363,14564,8.92045,1.8205,NH3,30.25
30,0,3.3,255,72333,14762,72333,14762,9.04173,1.84525,NH3,30.79
31,0,3.3,255,73347,14968,73347,14968,9.16849,1.87112,NH3,31.36
32,0,3.3,255,74229,15148,74229,15148,9.27874,1.89362,NH3,31.85
33,0,3.3,255,75146,15336,75146,15336,9.3933,1.917,NH3,32.36
34,0,3.3,255,75925,15494,75925,15494,9.49066,1.93687,NH3,32.8
35,0,3.3,255,76792,15672,76792,15672,9.5991,1.959,NH3,33.28
36,0,3.3,255,77532,15823,77532,15823,9.69161,1.97788,NH3,33.7
37,0,3.3,255,78184,15956,78184,15956,9.77305,1.9945,NH3,34.06
38,0,3.3,255,78914,16105,78914,16105,9.86434,2.01313,NH3,34.47
39,0,3.3,255,79483,16221,79483,16221,9.93539,2.02763,NH3,34.79
40,0,3.3,255,80100,16347,80100,16347,10.01256,2.04338,NH3,35.13
41,0,3.3,255,80565,16442,80565,16442,10.07073,2.05525,NH3,35.39
42,0,3.3,255,81134,16558,81134,16558,10.14178,2.06975,NH3,35.71
43,0,3.3,255,81639,16661,81639,16661,10.20489,2.08263,NH3,35.99
44,0,3.3,255,82114,16758,82114,16758,10.26427,2.09475,NH3,36.26
45,0,3.3,255,82535,16844,82535,16844,10.31695,2.1055,NH3,36.49
46,0,3.3,255,83001,16939,83001,16939,10.37516,2.11738,NH3,36.75
47,0,3.3,255,83403,17021,83403,17021,10.42539,2.12763,NH3,36.98
48,0,3.3,255,83799,17102,83799,17102,10.47498,2.13775,NH3,37.2
49,0,3.3,255,84030,17149,84030,17149,10.50379,2.14363,NH3,37.33
50,0,3.3,255,84383,17221,84383,17221,10.54789,2.15263,NH3,37.53
51,0,3.3,255,84632,17272,84632,17272,10.5791,2.159,NH3,37.66
52,0,3.3,255,85015,17350,85015,17350,10.62688,2.16875,NH3,37.88
53,0,3.3,255,85274,17402,85274,17402,10.65931,2.17537,NH3,38.02
54,0,3.3,255,85558,17460,85558,17460,10.69484,2.18262,NH3,38.18
55,0,3.3,255,85848,17520,85848,17520,10.731,2.19,NH3,38.34
56,0,3.3,255,85897,17530,85897,17530,10.73713,2.19125,NH3,38.37
57,0,3.3,255,86098,17571,86098,17571,10.76226,2.19638,NH3,38.48
58,0,3.3,255,86284,17609,86284,17609,10.78554,2.20113,NH3,38.59
59,0,3.3,255,86514,17656,86514,17656,10.8143,2.207,NH3,38.72
60,0,3.3,255,86597,17672,86597,17672,10.82469,2.20912,NH3,38.76
61,0,3.3,255,86695,17693,86695,17693,10.83699,2.21163,NH3,38.82
62,0,3.3,255,86867,17728,86867,17728,10.8584,2.216,NH3,38.91
63,0,3.3,255,86989,17753,86989,17753,10.87374,2.21913,NH3,38.98
64,0,3.3,255,87082,17772,87082,17772,10.88535,2.2215,NH3,39.03
65,0,3.3,255,87210,17798,87210,17798,10.90128,2.22475,NH3,39.11
66,0,3.3,255,87259,17808,87259,17808,10.9074,2.226,NH3,39.13
67,0,3.3,255,87406,17838,87406,17838,10.92578,2.22975,NH3,39.22
68,0,3.3,255,87416,17840,87416,17840,10.927,2.23,NH3,39.22
69,0,3.3,255,87494,17856,87494,17856,10.9368,2.232,NH3,39.26
70,0,3.3,255,87646,17887,87646,17887,10.95581,2.23588,NH3,39.35
71,0,3.3,255,87602,17878,87602,17878,10.95028,2.23475,NH3,39.32
72,0,3.3,255,87714,17900,87714,17900,10.96434,2.23762,NH3,39.39
73,0,3.3,255,87700,17898,87700,17898,10.96253,2.23725,NH3,39.38
74,0,3.3,255,87739,17906,87739,17906,10.96743,2.23825,NH3,39.4
75,0,3.3,255,87856,17930,87856,17930,10.98212,2.24125,NH3,39.47
76,0,3.3,255,87822,17922,87822,17922,10.97781,2.24037,NH3,39.45
77,0,3.3,255,87906,17940,87906,17940,10.98825,2.2425,NH3,39.49
78,0,3.3,255,87925,17944,87925,17944,10.9907,2.243,NH3,39.51
79,0,3.3,255,87817,17922,87817,17922,10.97723,2.24025,NH3,39.45
80,0,3.3,255,87822,17922,87822,17922,10.97781,2.24037,NH3,39.45
81,0,3.3,255,87827,17924,87827,17924,10.97845,2.2405,NH3,39.45
82,0,3.3,255,87862,17931,87862,17931,10.98276,2.24138,NH3,39.47
83,0,3.3,255,87896,17938,87896,17938,10.98703,2.24225,NH3,39.49
84,0,3.3,255,87866,17932,87866,17932,10.98335,2.2415,NH3,39.47
85,0,3.3,255,87783,17914,87783,17914,10.97291,2.23937,NH3,39.43
86,0,3.3,255,87778,17914,87778,17914,10.97233,2.23925,NH3,39.42
87,0,3.3,255,87940,17946,87940,17946,10.99251,2.24337,NH3,39.51
88,0,3.3,255,87969,17952,87969,17952,10.99619,2.24412,NH3,39.53
89,0,3.3,255,87793,17917,87793,17917,10.97419,2.23963,NH3,39.43
90,0,3.3,255,87764,17911,87764,17911,10.97051,2.23888,NH3,39.42
91,0,3.3,255,87739,17906,87739,17906,10.96743,2.23825,NH3,39.4
92,0,3.3,255,87661,17890,87661,17890,10.95763,2.23625,NH3,39.36
93,0,3.3,255,87646,17887,87646,17887,10.95581,2.23588,NH3,39.35
94,0,3.3,255,87646,17887,87646,17887,10.95581,2.23588,NH3,39.35
95,0,3.3,255,87665,17890,87665,17890,10.95821,2.23637,NH3,39.36
96,0,3.3,255,87612,17880,87612,17880,10.9515,2.235,NH3,39.33
97,0,3.3,255,87621,17882,87621,17882,10.95273,2.23525,NH3,39.34
98,0,3.3,255,87592,17876,87592,17876,10.94905,2.2345,NH3,39.32
99,0,3.3,255,87514,17860,87514,17860,10.93925,2.2325,NH3,39.28
100,0,3.3,255,87523,17862,87523,17862,10.94047,2.23275,NH3,39.28
101,0,3.3,255,87514,17860,87514,17860,10.93925,2.2325,NH3,39.28
102,0,3.3,255,87425,17842,87425,17842,10.92822,2.23025,NH3,39.23
103,0,3.3,255,87425,17842,87425,17842,10.92822,2.23025,NH3,39.23
104,0,3.3,255,87435,17844,87435,17844,10.92945,2.2305,NH3,39.23
105,0,3.3,255,87416,17840,87416,17840,10.927,2.23,NH3,39.22
106,0,3.3,255,87386,17834,87386,17834,10.92333,2.22925,NH3,39.2
107,0,3.3,255,87293,17815,87293,17815,10.91171,2.22688,NH3,39.15
108,0,3.3,255,87327,17822,87327,17822,10.91597,2.22775,NH3,39.17
109,0,3.3,255,87273,17810,87273,17810,10.90921,2.22637,NH3,39.14
110,0,3.3,255,87249,17806,87249,17806,10.90618,2.22575,NH3,39.13
111,0,3.3,255,87214,17798,87214,17798,10.90186,2.22487,NH3,39.11
112,0,3.3,255,87141,17784,87141,17784,10.8927,2.223,NH3,39.07
113,0,3.3,255,87107,17777,87107,17777,10.88844,2.22213,NH3,39.05
114,0,3.3,255,87126,17780,87126,17780,10.89084,2.22262,NH3,39.06
115,0,3.3,255,87082,17772,87082,17772,10.88535,2.2215,NH3,39.03
116,0,3.3,255,87028,17760,87028,17760,10.87859,2.22012,NH3,39.0
117,0,3.3,255,86955,17746,86955,17746,10.86942,2.21825,NH3,38.96
118,0,3.3,255,86926,17740,86926,17740,10.86575,2.2175,NH3,38.95
119,0,3.3,255,86940,17742,86940,17742,10.86756,2.21787,NH3,38.95
120,0,3.3,255,86901,17734,86901,17734,10.86266,2.21687,NH3,38.93
121,0,3.3,255,86803,17714,86803,17714,10.85041,2.21437,NH3,38.88
122,0,3.3,255,86783,17710,86783,17710,10.84796,2.21387,NH3,38.87
123,0,3.3,255,86803,17714,86803,17714,10.85041,2.21437,NH3,38.88
124,0,3.3,255,86759,17706,86759,17706,10.84492,2.21325,NH3,38.85
125,0,0.0,0,101758,20766,101758,20766,12.71976,2.59587,NH3,47.24
126,0,0.0,0,99573,20321,99573,20321,12.44664,2.54013,NH3,46.02
127,0,0.0,0,96735,19742,96735,19742,12.09198,2.46775,NH3,44.43
128,0,0.0,0,94006,19184,94006,19184,11.75079,2.39812,NH3,42.9
129,0,0.0,0,91360,18644,91360,18644,11.42004,2.33062,NH3,41.43
130,0,0.0,0,88807,18124,88807,18124,11.10095,2.2655,NH3,40.0
131,0,0.0,0,86357,17624,86357,17624,10.7947,2.203,NH3,38.63
132,0,0.0,0,84005,17144,84005,17144,10.5007,2.143,NH3,37.31
133,0,0.0,0,81722,16678,81722,16678,10.21528,2.08475,NH3,36.04
134,0,0.0,0,79512,16227,79512,16227,9.93906,2.02838,NH3,34.8
135,0,0.0,0,77410,15798,77410,15798,9.67628,1.97475,NH3,33.63
136,0,0.0,0,75371,15382,75371,15382,9.42148,1.92275,NH3,32.49
137,0,0.0,0,73421,14984,73421,14984,9.1777,1.873,NH3,31.4
138,0,0.0,0,71520,14596,71520,14596,8.94005,1.8245,NH3,30.34
139,0,0.0,0,69707,14226,69707,14226,8.71343,1.77825,NH3,29.32
140,0,0.0,0,67992,13876,67992,13876,8.49905,1.7345,NH3,28.36
141,0,0.0,0,66311,13532,66311,13532,8.28894,1.69162,NH3,27.42
142,0,0.0,0,64719,13208,64719,13208,8.0899,1.651,NH3,26.53
143,0,0.0,0,63170,12892,63170,12892,7.89635,1.6115,NH3,25.67
144,0,0.0,0,61705,12592,61705,12592,7.71319,1.57412,NH3,24.85
145,0,0.0,0,60284,12303,60284,12303,7.53561,1.53788,NH3,24.06
146,0,0.0,0,58932,12026,58932,12026,7.36651,1.50337,NH3,23.3
147,0,0.0,0,57624,11760,57624,11760,7.203,1.47,NH3,22.57
148,0,0.0,0,56379,11506,56379,11506,7.04743,1.43825,NH3,21.87
149,0,0.0,0,55174,11260,55174,11260,6.89675,1.4075,NH3,21.2
150,0,0.0,0,54003,11021,54003,11021,6.75039,1.37763,NH3,20.55
151,0,0.0,0,52895,10794,52895,10794,6.61191,1.34937,NH3,19.93
152,0,0.0,0,51827,10576,51827,10576,6.47839,1.32212,NH3,19.33
153,0,0.0,0,50813,10370,50813,10370,6.35163,1.29625,NH3,18.76
154,0,0.0,0,49833,10170,49833,10170,6.22913,1.27125,NH3,18.21
155,0,0.0,0,48872,9974,48872,9974,6.10908,1.24675,NH3,17.68
156,0,0.0,0,47961,9788,47961,9788,5.99515,1.2235,NH3,17.17
157,0,0.0,0,47088,9610,47088,9610,5.88612,1.20125,NH3,16.68
158,0,0.0,0,46241,9436,46241,9436,5.78014,1.17962,NH3,16.21
159,0,0.0,0,45408,9266,45408,9266,5.67601,1.15837,NH3,15.74
160,0,0.0,0,44648,9112,44648,9112,5.5811,1.139,NH3,15.32
161,0,0.0,0,43884,8956,43884,8956,5.48555,1.1195,NH3,14.89
162,0,0.0,0,43193,8814,43193,8814,5.39916,1.10187,NH3,14.5
163,0,0.0,0,42473,8668,42473,8668,5.30915,1.0835,NH3,14.1
164,0,0.0,0,41821,8535,41821,8535,5.22771,1.06688,NH3,13.74
165,0,0.0,0,41169,8402,41169,8402,5.14623,1.05025,NH3,13.37
166,0,0.0,0,40557,8276,40557,8276,5.06964,1.03462,NH3,13.03
167,0,0.0,0,39984,8160,39984,8160,4.998,1.02,NH3,12.71
168,0,0.0,0,39410,8042,39410,8042,4.92631,1.00537,NH3,12.39
169,0,0.0,0,38808,7920,38808,7920,4.851,0.99,NH3,12.05
170,0,0.0,0,38293,7815,38293,7815,4.78671,0.97688,NH3,11.77
171,0,0.0,0,37769,7708,37769,7708,4.72115,0.9635,NH3,11.47
172,0,0.0,0,37279,7608,37279,7608,4.6599,0.951,NH3,11.2
173,0,0.0,0,36789,7508,36789,7508,4.59865,0.9385,NH3,10.92
174,0,0.0,0,36274,7403,36274,7403,4.53436,0.92538,NH3,10.64
175,0,0.0,0,35862,7318,35862,7318,4.48286,0.91487,NH3,10.41
176,0,0.0,0,35446,7234,35446,7234,4.43083,0.90425,NH3,10.17
177,0,0.0,0,34991,7141,34991,7141,4.37389,0.89263,NH3,9.92
178,0,0.0,0,34574,7056,34574,7056,4.3218,0.882,NH3,9.69
179,0,0.0,0,34202,6980,34202,6980,4.27525,0.8725,NH3,9.48
180,0,0.0,0,33814,6900,33814,6900,4.22684,0.86262,NH3,9.26
181,0,0.0,0,33447,6826,33447,6826,4.18093,0.85325,NH3,9.06
182,0,0.0,0,33094,6754,33094,6754,4.13682,0.84425,NH3,8.86
183,0,0.0,0,32737,6681,32737,6681,4.09214,0.83513,NH3,8.66
184,0,0.0,0,32389,6610,32389,6610,4.04863,0.82625,NH3,8.47
185,0,0.0,0,32090,6549,32090,6549,4.01129,0.81863,NH3,8.3
186,0,0.0,0,31761,6482,31761,6482,3.97023,0.81025,NH3,8.11
187,0,0.0,0,31458,6420,31458,6420,3.93225,0.8025,NH3,7.94
188,0,0.0,0,31168,6360,31168,6360,3.89609,0.79512,NH3,7.78
189,0,0.0,0,30879,6302,30879,6302,3.85997,0.78775,NH3,7.62
190,0,0.0,0,30610,6246,30610,6246,3.82626,0.78087,NH3,7.47
191,0,0.0,0,30331,6190,30331,6190,3.79138,0.77375,NH3,7.31
192,0,0.0,0,30076,6138,30076,6138,3.75953,0.76725,NH3,7.17
193,0,0.0,0,29831,6088,29831,6088,3.7289,0.761,NH3,7.04
194,0,0.0,0,29590,6038,29590,6038,3.69886,0.75487,NH3,6.9
195,0,0.0,0,29351,5990,29351,5990,3.66888,0.74875,NH3,6.77
196,0,0.0,0,29130,5945,29130,5945,3.64134,0.74313,NH3,6.64
197,0,0.0,0,28910,5900,28910,5900,3.61375,0.7375,NH3,6.52
198,0,0.0,0,28689,5855,28689,5855,3.58621,0.73188,NH3,6.4
199,0,0.0,0,28473,5810,28473,5810,3.55921,0.72637,NH3,6.28
200,0,0.0,0,28268,5769,28268,5769,3.53354,0.72113,NH3,6.16
201,0,0.0,0,28086,5732,28086,5732,3.51085,0.7165,NH3,6.06
202,0,0.0,0,27905,5695,27905,5695,3.48821,0.71188,NH3,5.96
203,0,0.0,0,27704,5654,27704,5654,3.46308,0.70675,NH3,5.85
204,0,0.0,0,27532,5618,27532,5618,3.44161,0.70237,NH3,5.75
205,0,0.0,0,27342,5580,27342,5580,3.41775,0.6975,NH3,5.64
206,0,0.0,0,27185,5548,27185,5548,3.39815,0.6935,NH3,5.56
207,0,0.0,0,27018,5514,27018,5514,3.37733,0.68925,NH3,5.46
208,0,0.0,0,26876,5485,26876,5485,3.35959,0.68563,NH3,5.38
209,0,0.0,0,26724,5454,26724,5454,3.34058,0.68175,NH3,5.3
210,0,0.0,0,26548,5418,26548,5418,3.31853,0.67725,NH3,5.2
211,0,0.0,0,26425,5392,26425,5392,3.30319,0.67412,NH3,5.13
212,0,0.0,0,26283,5364,26283,5364,3.28545,0.6705,NH3,5.05
213,0,0.0,0,26146,5336,26146,5336,3.2683,0.667,NH3,4.98
214,0,0.0,0,26004,5307,26004,5307,3.25056,0.66338,NH3,4.9
215,0,0.0,0,25872,5280,25872,5280,3.234,0.66,NH3,4.82
216,0,0.0,0,25744,5254,25744,5254,3.21807,0.65675,NH3,4.75
217,0,0.0,0,25622,5229,25622,5229,3.20279,0.65363,NH3,4.68
218,0,0.0,0,25509,5206,25509,5206,3.18868,0.65075,NH3,4.62
219,0,0.0,0,25387,5181,25387,5181,3.17339,0.64763,NH3,4.55
220,0,0.0,0,25269,5157,25269,5157,3.15869,0.64463,NH3,4.49
221,0,0.0,0,25171,5137,25171,5137,3.14644,0.64213,NH3,4.43
222,0,0.0,0,25063,5115,25063,5115,3.13296,0.63938,NH3,4.37
223,0,0.0,0,24965,5094,24965,5094,3.12066,0.63687,NH3,4.32
224,0,0.0,0,24862,5074,24862,5074,3.10783,0.63425,NH3,4.26
225,0,0.0,0,24769,5054,24769,5054,3.09616,0.63187,NH3,4.21
226,0,0.0,0,24671,5035,24671,5035,3.08396,0.62938,NH3,4.15
227,0,0.0,0,24602,5020,24602,5020,3.07534,0.62762,NH3,4.11
228,0,0.0,0,24500,5000,24500,5000,3.0625,0.625,NH3,4.06
229,0,0.0,0,24406,4980,24406,4980,3.05084,0.62262,NH3,4.0
230,0,0.0,0,24348,4969,24348,4969,3.04354,0.62113,NH3,3.97
231,0,0.0,0,24269,4953,24269,4953,3.03374,0.61913,NH3,3.93
232,0,0.0,0,24191,4937,24191,4937,3.02394,0.61713,NH3,3.88
233,0,0.0,0,24098,4918,24098,4918,3.01228,0.61475,NH3,3.83
234,0,0.0,0,24049,4908,24049,4908,3.00615,0.6135,NH3,3.8
235,0,0.0,0,23966,4891,23966,4891,2.99576,0.61138,NH3,3.76
236,0,0.0,0,23882,4874,23882,4874,2.98533,0.60925,NH3,3.71
237,0,0.0,0,23818,4860,23818,4860,2.97734,0.60762,NH3,3.68
238,0,0.0,0,23760,4849,23760,4849,2.97004,0.60613,NH3,3.64
239,0,0.0,0,23681,4833,23681,4833,2.96024,0.60413,NH3,3.6
240,0,0.0,0,23627,4822,23627,4822,2.95348,0.60275,NH3,3.57
241,0,0.0,0,23573,4810,23573,4810,2.94671,0.60137,NH3,3.54
242,0,0.0,0,23490,4794,23490,4794,2.93633,0.59925,NH3,3.49
243,0,0.0,0,23461,4788,23461,4788,2.93265,0.5985,NH3,3.48
244,0,0.0,0,23397,4775,23397,4775,2.92471,0.59688,NH3,3.44
245,0,0.0,0,23333,4762,23333,4762,2.91673,0.59525,NH3,3.4
246,0,0.0,0,23299,4754,23299,4754,2.91241,0.59437,NH3,3.38
247,0,0.0,0,23245,4744,23245,4744,2.9057,0.593,NH3,3.35
248,0,0.0,0,23196,4734,23196,4734,2.89958,0.59175,NH3,3.33
249,0,0.0,0,23133,4721,23133,4721,2.89164,0.59013,NH3,3.29
0,0,3.3,255,19835,4048,19835,4048,2.4794,0.506,NH3,1.45
1,0,3.3,255,21222,4331,21222,4331,2.65276,0.54138,NH3,2.22
2,0,3.3,255,23324,4760,23324,4760,2.9155,0.595,NH3,3.4
3,0,3.3,255,25524,5209,25524,5209,3.19054,0.65113,NH3,4.63
4,0,3.3,255,27743,5662,27743,5662,3.46798,0.70775,NH3,5.87
5,0,3.3,255,29958,6114,29958,6114,3.74483,0.76425,NH3,7.11
6,0,3.3,255,32183,6568,32183,6568,4.0229,0.821,NH3,8.35
7,0,3.3,255,34407,7022,34407,7022,4.30098,0.87775,NH3,9.59
8,0,3.3,255,36588,7467,36588,7467,4.57356,0.93338,NH3,10.81
9,0,3.3,255,38753,7908,38753,7908,4.84424,0.98862,NH3,12.02
10,0,3.3,255,40905,8348,40905,8348,5.11315,1.0435,NH3,13.22
11,0,3.3,255,43002,8776,43002,8776,5.3753,1.097,NH3,14.4
12,0,3.3,255,45055,9195,45055,9195,5.63196,1.14938,NH3,15.54
13,0,3.3,255,47074,9606,47074,9606,5.88426,1.20087,NH3,16.67
14,0,3.3,255,49039,10008,49039,10008,6.1299,1.251,NH3,17.77
15,0,3.3,255,50916,10391,50916,10391,6.36451,1.29888,NH3,18.82
16,0,3.3,255,52773,10770,52773,10770,6.59663,1.34625,NH3,19.86
17,0,3.3,255,54566,11136,54566,11136,6.8208,1.392,NH3,20.86
18,0,3.3,255,56271,11484,56271,11484,7.03395,1.4355,NH3,21.81
19,0,3.3,255,57942,11824,57942,11824,7.24279,1.47812,NH3,22.75
20,0,3.3,255,59559,12154,59559,12154,7.44491,1.51937,NH3,23.65
21,0,3.3,255,61083,12466,61083,12466,7.63542,1.55825,NH3,24.5
22,0,3.3,255,62563,12768,62563,12768,7.8204,1.596,NH3,25.33
23,0,3.3,255,63974,13056,63974,13056,7.9968,1.632,NH3,26.12
24,0,3.3,255,65312,13329,65312,13329,8.16404,1.66613,NH3,26.87
25,0,3.3,255,66620,13596,66620,13596,8.32755,1.6995,NH3,27.6
26,0,3.3,255,67840,13845,67840,13845,8.48009,1.73063,NH3,28.28
27,0,3.3,255,69148,14112,69148,14112,8.6436,1.764,NH3,29.01
28,0,3.3,255,70266,14340,70266,14340,8.78325,1.7925,NH3,29.64
29,0,3.3,255,71197,14530,71197,14530,8.89963,1.81625,NH3,30.16
30,0,3.3,255,72206,14736,72206,14736,9.0258,1.842,NH3,30.72
31,0,3.3,255,73171,14932,73171,14932,9.14644,1.86662,NH3,31.26
32,0,3.3,255,74088,15120,74088,15120,9.261,1.89,NH3,31.77
33,0,3.3,255,74960,15298,74960,15298,9.37003,1.91225,NH3,32.26
34,0,3.3,255,75773,15464,75773,15464,9.4717,1.933,NH3,32.71
35,0,3.3,255,76557,15624,76557,15624,9.5697,1.953,NH3,33.15
36,0,3.3,255,77278,15771,77278,15771,9.65976,1.97138,NH3,33.55
37,0,3.3,255,77968,15912,77968,15912,9.7461,1.989,NH3,33.94
38,0,3.3,255,78620,16045,78620,16045,9.82759,2.00563,NH3,34.3
39,0,3.3,255,79272,16178,79272,16178,9.90903,2.02225,NH3,34.67
40,0,3.3,255,79826,16291,79826,16291,9.97826,2.03638,NH3,34.98
41,0,3.3,255,80369,16402,80369,16402,10.04623,2.05025,NH3,35.28
42,0,3.3,255,80889,16508,80889,16508,10.11115,2.0635,NH3,35.57
43,0,3.3,255,81369,16606,81369,16606,10.17118,2.07575,NH3,35.84
44,0,3.3,255,81825,16699,81825,16699,10.22816,2.08738,NH3,36.1
45,0,3.3,255,82256,16786,82256,16786,10.28201,2.09837,NH3,36.34
46,0,3.3,255,82663,16870,82663,16870,10.33288,2.10875,NH3,36.56
47,0,3.3,255,83030,16945,83030,16945,10.37884,2.11813,NH3,36.77
48,0,3.3,255,83383,17016,83383,17016,10.42289,2.12712,NH3,36.97
49,0,3.3,255,83687,17079,83687,17079,10.46091,2.13488,NH3,37.14
50,0,3.3,255,83990,17140,83990,17140,10.49884,2.14262,NH3,37.31
51,0,3.3,255,84270,17198,84270,17198,10.53378,2.14975,NH3,37.46
52,0,3.3,255,84534,17252,84534,17252,10.56685,2.1565,NH3,37.61
53,0,3.3,255,84794,17304,84794,17304,10.59929,2.16312,NH3,37.76
54,0,3.3,255,85019,17350,85019,17350,10.62746,2.16887,NH3,37.88
55,0,3.3,255,85211,17390,85211,17390,10.65138,2.17375,NH3,37.99
56,0,3.3,255,85407,17430,85407,17430,10.67588,2.17875,NH3,38.1
57,0,3.3,255,85573,17464,85573,17464,10.6967,2.183,NH3,38.19
58,0,3.3,255,85750,17500,85750,17500,10.71875,2.1875,NH3,38.29
59,0,3.3,255,85901,17530,85901,17530,10.73771,2.19137,NH3,38.37
60,0,3.3,255,86004,17552,86004,17552,10.7506,2.194,NH3,38.43
61,0,3.3,255,86137,17579,86137,17579,10.76716,2.19738,NH3,38.51
62,0,3.3,255,86254,17603,86254,17603,10.78186,2.20038,NH3,38.57
63,0,3.3,255,86342,17620,86342,17620,10.79284,2.20262,NH3,38.62
64,0,3.3,255,86426,17638,86426,17638,10.80328,2.20475,NH3,38.67
65,0,3.3,255,86519,17657,86519,17657,10.81494,2.20713,NH3,38.72
66,0,3.3,255,86583,17670,86583,17670,10.82288,2.20875,NH3,38.75
67,0,3.3,255,86632,17680,86632,17680,10.829,2.21,NH3,38.78
68,0,3.3,255,86676,17689,86676,17689,10.83454,2.21113,NH3,38.81
69,0,3.3,255,86730,17700,86730,17700,10.84125,2.2125,NH3,38.84
70,0,3.3,255,86779,17710,86779,17710,10.84738,2.21375,NH3,38.86
71,0,3.3,255,86837,17722,86837,17722,10.85473,2.21525,NH3,38.9
72,0,3.3,255,86852,17725,86852,17725,10.85659,2.21563,NH3,38.91
73,0,3.3,255,86877,17730,86877,17730,10.85963,2.21625,NH3,38.92
74,0,3.3,255,86886,17732,86886,17732,10.86085,2.2165,NH3,38.92
75,0,3.3,255,86891,17733,86891,17733,10.86149,2.21663,NH3,38.93
76,0,3.3,255,86886,17732,86886,17732,10.86085,2.2165,NH3,38.92
77,0,3.3,255,86911,17736,86911,17736,10.86389,2.21712,NH3,38.94
78,0,3.3,255,86891,17733,86891,17733,10.86149,2.21663,NH3,38.93
79,0,3.3,255,86871,17728,86871,17728,10.85899,2.21612,NH3,38.92
80,0,3.3,255,86871,17728,86871,17728,10.85899,2.21612,NH3,38.92
81,0,3.3,255,86833,17721,86833,17721,10.85414,2.21513,NH3,38.89
82,0,3.3,255,86847,17724,86847,17724,10.85595,2.2155,NH3,38.9
83,0,3.3,255,86833,17721,86833,17721,10.85414,2.21513,NH3,38.89
84,0,3.3,255,86808,17716,86808,17716,10.85105,2.2145,NH3,38.88
85,0,3.3,255,86759,17706,86759,17706,10.84492,2.21325,NH3,38.85
86,0,3.3,255,86739,17702,86739,17702,10.84248,2.21275,NH3,38.84
87,0,3.3,255,86710,17696,86710,17696,10.8388,2.212,NH3,38.83
88,0,3.3,255,86676,17689,86676,17689,10.83454,2.21113,NH3,38.81
89,0,3.3,255,86632,17680,86632,17680,10.829,2.21,NH3,38.78
90,0,3.3,255,86602,17674,86602,17674,10.82533,2.20925,NH3,38.77
91,0,3.3,255,86563,17666,86563,17666,10.82043,2.20825,NH3,38.74
92,0,3.3,255,86524,17658,86524,17658,10.81553,2.20725,NH3,38.72
93,0,3.3,255,86484,17650,86484,17650,10.81062,2.20625,NH3,38.7
94,0,3.3,255,86445,17642,86445,17642,10.80573,2.20525,NH3,38.68
95,0,3.3,255,86406,17634,86406,17634,10.80083,2.20425,NH3,38.66
96,0,3.3,255,86357,17624,86357,17624,10.7947,2.203,NH3,38.63
97,0,3.3,255,86318,17616,86318,17616,10.7898,2.202,NH3,38.61
98,0,3.3,255,86298,17612,86298,17612,10.78735,2.2015,NH3,38.6
99,0,3.3,255,86249,17602,86249,17602,10.78123,2.20025,NH3,38.57
100,0,3.3,255,86249,17602,86249,17602,10.78123,2.20025,NH3,38.57
101,0,3.3,255,86181,17588,86181,17588,10.77265,2.1985,NH3,38.53
102,0,3.3,255,86117,17574,86117,17574,10.76466,2.19687,NH3,38.49
103,0,3.3,255,86063,17564,86063,17564,10.75795,2.1955,NH3,38.46
104,0,3.3,255,85989,17548,85989,17548,10.74874,2.19362,NH3,38.42
105,0,3.3,255,85936,17538,85936,17538,10.74203,2.19225,NH3,38.39
106,0,3.3,255,85867,17524,85867,17524,10.73345,2.1905,NH3,38.36
107,0,3.3,255,85818,17514,85818,17514,10.72733,2.18925,NH3,38.33
108,0,3.3,255,85764,17503,85764,17503,10.72061,2.18788,NH3,38.3
109,0,3.3,255,85715,17492,85715,17492,10.71444,2.18662,NH3,38.27
110,0,3.3,255,85666,17483,85666,17483,10.70836,2.18538,NH3,38.24
111,0,3.3,255,85608,17471,85608,17471,10.70101,2.18388,NH3,38.21
112,0,3.3,255,85544,17458,85544,17458,10.69303,2.18225,NH3,38.17
113,0,3.3,255,85510,17451,85510,17451,10.68876,2.18138,NH3,38.16
114,0,3.3,255,85446,17438,85446,17438,10.68078,2.17975,NH3,38.12
115,0,3.3,255,85392,17426,85392,17426,10.67401,2.17837,NH3,38.09
116,0,3.3,255,85333,17414,85333,17414,10.66666,2.17687,NH3,38.06
117,0,3.3,255,85284,17405,85284,17405,10.66059,2.17563,NH3,38.03
118,0,3.3,255,85245,17396,85245,17396,10.65564,2.17462,NH3,38.01
119,0,3.3,255,85176,17382,85176,17382,10.64706,2.17287,NH3,37.97
120,0,3.3,255,85132,17374,85132,17374,10.64157,2.17175,NH3,37.94
121,0,3.3,255,85078,17362,85078,17362,10.63481,2.17037,NH3,37.91
122,0,3.3,255,85034,17354,85034,17354,10.62932,2.16925,NH3,37.89
123,0,3.3,255,84975,17342,84975,17342,10.62198,2.16775,NH3,37.86
124,0,3.3,255,84946,17336,84946,17336,10.6183,2.167,NH3,37.84
125,0,0.0,0,99470,20300,99470,20300,12.43375,2.5375,NH3,45.96
126,0,0.0,0,97225,19842,97225,19842,12.15323,2.48025,NH3,44.7
127,0,0.0,0,94349,19254,94349,19254,11.79366,2.40687,NH3,43.1
128,0,0.0,0,91532,18680,91532,18680,11.4415,2.335,NH3,41.52
129,0,0.0,0,88886,18140,88886,18140,11.11075,2.2675,NH3,40.04
130,0,0.0,0,86274,17606,86274,17606,10.78426,2.20087,NH3,38.58
131,0,0.0,0,83750,17092,83750,17092,10.46885,2.1365,NH3,37.17
132,0,0.0,0,81374,16606,81374,16606,10.17176,2.07587,NH3,35.84
133,0,0.0,0,79095,16142,79095,16142,9.88697,2.01775,NH3,34.57
134,0,0.0,0,76905,15695,76905,15695,9.61321,1.96188,NH3,33.35
135,0,0.0,0,74764,15258,74764,15258,9.34553,1.90725,NH3,32.15
136,0,0.0,0,72667,14830,72667,14830,9.08338,1.85375,NH3,30.98
137,0,0.0,0,70697,14428,70697,14428,8.83715,1.8035,NH3,29.88
138,0,0.0,0,68820,14044,68820,14044,8.60254,1.75562,NH3,28.83
139,0,0.0,0,66973,13668,66973,13668,8.37165,1.7085,NH3,27.79
140,0,0.0,0,65297,13326,65297,13326,8.16218,1.66575,NH3,26.86
141,0,0.0,0,63602,12980,63602,12980,7.95025,1.6225,NH3,25.91
142,0,0.0,0,62048,12663,62048,12663,7.75611,1.58288,NH3,25.04
143,0,0.0,0,60480,12342,60480,12342,7.56006,1.54287,NH3,24.17
144,0,0.0,0,59005,12042,59005,12042,7.37573,1.50525,NH3,23.34
145,0,0.0,0,57550,11744,57550,11744,7.19379,1.46812,NH3,22.53
146,0,0.0,0,56212,11472,56212,11472,7.0266,1.434,NH3,21.78
147,0,0.0,0,54904,11205,54904,11205,6.86309,1.40063,NH3,21.05
148,0,0.0,0,53669,10952,53669,10952,6.70869,1.36912,NH3,20.36
149,0,0.0,0,52464,10707,52464,10707,6.55806,1.33838,NH3,19.69
150,0,0.0,0,51322,10474,51322,10474,6.41533,1.30925,NH3,19.05
151,0,0.0,0,50215,10248,50215,10248,6.2769,1.281,NH3,18.43
152,0,0.0,0,49137,10028,49137,10028,6.14215,1.2535,NH3,17.83
153,0,0.0,0,48122,9820,48122,9820,6.01534,1.22762,NH3,17.26
154,0,0.0,0,47162,9624,47162,9624,5.89529,1.20312,NH3,16.72
155,0,0.0,0,46226,9434,46226,9434,5.77832,1.17925,NH3,16.2
156,0,0.0,0,45315,9248,45315,9248,5.6644,1.156,NH3,15.69
157,0,0.0,0,44477,9076,44477,9076,5.55964,1.13462,NH3,15.22
158,0,0.0,0,43649,8908,43649,8908,5.45615,1.1135,NH3,14.76
159,0,0.0,0,42850,8744,42850,8744,5.35629,1.09312,NH3,14.31
160,0,0.0,0,42086,8589,42086,8589,5.26079,1.07363,NH3,13.89
161,0,0.0,0,41346,8438,41346,8438,5.16828,1.05475,NH3,13.47
162,0,0.0,0,40630,8292,40630,8292,5.07885,1.0365,NH3,13.07
163,0,0.0,0,39964,8156,39964,8156,4.99555,1.0195,NH3,12.7
164,0,0.0,0,39303,8021,39303,8021,4.91289,1.00263,NH3,12.33
165,0,0.0,0,38685,7895,38685,7895,4.83571,0.98688,NH3,11.98
166,0,0.0,0,38097,7775,38097,7775,4.76221,0.97188,NH3,11.66
167,0,0.0,0,37480,7649,37480,7649,4.68504,0.95613,NH3,11.31
168,0,0.0,0,36916,7534,36916,7534,4.61458,0.94175,NH3,11.0
169,0,0.0,0,36392,7427,36392,7427,4.54906,0.92838,NH3,10.7
170,0,0.0,0,35868,7320,35868,7320,4.4835,0.915,NH3,10.41
171,0,0.0,0,35387,7222,35387,7222,4.42348,0.90275,NH3,10.14
172,0,0.0,0,34897,7122,34897,7122,4.36223,0.89025,NH3,9.87
173,0,0.0,0,34441,7028,34441,7028,4.30524,0.87862,NH3,9.61
174,0,0.0,0,33922,6923,33922,6923,4.24036,0.86538,NH3,9.32
175,0,0.0,0,33506,6838,33506,6838,4.18827,0.85475,NH3,9.09
176,0,0.0,0,33084,6752,33084,6752,4.1356,0.844,NH3,8.85
177,0,0.0,0,32648,6663,32648,6663,4.08111,0.83288,NH3,8.61
178,0,0.0,0,32271,6586,32271,6586,4.03393,0.82325,NH3,8.4
179,0,0.0,0,31889,6508,31889,6508,3.98615,0.8135,NH3,8.19
180,0,0.0,0,31570,6443,31570,6443,3.94636,0.80538,NH3,8.01
181,0,0.0,0,31168,6360,31168,6360,3.89609,0.79512,NH3,7.78
182,0,0.0,0,30870,6300,30870,6300,3.85875,0.7875,NH3,7.62
183,0,0.0,0,30487,6222,30487,6222,3.81098,0.77775,NH3,7.4
184,0,0.0,0,30178,6158,30178,6158,3.77236,0.76987,NH3,7.23
185,0,0.0,0,29855,6092,29855,6092,3.73194,0.76162,NH3,7.05
186,0,0.0,0,29581,6036,29581,6036,3.69764,0.75462,NH3,6.9
187,0,0.0,0,29272,5974,29272,5974,3.65908,0.74675,NH3,6.72
188,0,0.0,0,28998,5918,28998,5918,3.62478,0.73975,NH3,6.57
189,0,0.0,0,28708,5858,28708,5858,3.58861,0.73237,NH3,6.41
190,0,0.0,0,28459,5808,28459,5808,3.5574,0.726,NH3,6.27
191,0,0.0,0,28194,5754,28194,5754,3.52433,0.71925,NH3,6.12
192,0,0.0,0,27959,5706,27959,5706,3.49493,0.71325,NH3,5.99
193,0,0.0,0,27734,5660,27734,5660,3.46675,0.7075,NH3,5.86
194,0,0.0,0,27528,5618,27528,5618,3.44103,0.70225,NH3,5.75
195,0,0.0,0,27307,5573,27307,5573,3.41349,0.69663,NH3,5.63
196,0,0.0,0,27062,5522,27062,5522,3.38281,0.69037,NH3,5.49
197,0,0.0,0,26832,5476,26832,5476,3.35405,0.6845,NH3,5.36
198,0,0.0,0,26641,5437,26641,5437,3.33019,0.67963,NH3,5.25
199,0,0.0,0,26499,5408,26499,5408,3.3124,0.676,NH3,5.17
200,0,0.0,0,26224,5352,26224,5352,3.2781,0.669,NH3,5.02
201,0,0.0,0,26087,5324,26087,5324,3.26095,0.6655,NH3,4.94
202,0,0.0,0,25862,5278,25862,5278,3.23278,0.65975,NH3,4.82
203,0,0.0,0,25730,5251,25730,5251,3.21626,0.65638,NH3,4.74
204,0,0.0,0,25524,5209,25524,5209,3.19054,0.65113,NH3,4.63
205,0,0.0,0,25362,5176,25362,5176,3.1703,0.647,NH3,4.54
206,0,0.0,0,25225,5148,25225,5148,3.15315,0.6435,NH3,4.46
207,0,0.0,0,25058,5114,25058,5114,3.13233,0.63925,NH3,4.37
208,0,0.0,0,24872,5076,24872,5076,3.10905,0.6345,NH3,4.26
209,0,0.0,0,24735,5048,24735,5048,3.0919,0.631,NH3,4.19
210,0,0.0,0,24588,5018,24588,5018,3.07353,0.62725,NH3,4.11
211,0,0.0,0,24441,4988,24441,4988,3.05515,0.6235,NH3,4.02
212,0,0.0,0,24318,4963,24318,4963,3.03986,0.62038,NH3,3.95
213,0,0.0,0,24206,4940,24206,4940,3.02575,0.6175,NH3,3.89
214,0,0.0,0,24064,4911,24064,4911,3.00801,0.61388,NH3,3.81
215,0,0.0,0,23936,4884,23936,4884,2.99204,0.61062,NH3,3.74
216,0,0.0,0,23833,4864,23833,4864,2.9792,0.608,NH3,3.68
217,0,0.0,0,23706,4838,23706,4838,2.96328,0.60475,NH3,3.61
218,0,0.0,0,23588,4814,23588,4814,2.94858,0.60175,NH3,3.55
219,0,0.0,0,23480,4792,23480,4792,2.9351,0.599,NH3,3.49
220,0,0.0,0,23377,4770,23377,4770,2.92221,0.59637,NH3,3.43
221,0,0.0,0,23280,4751,23280,4751,2.91001,0.59388,NH3,3.37
222,0,0.0,0,23167,4728,23167,4728,2.8959,0.591,NH3,3.31
223,0,0.0,0,23079,4710,23079,4710,2.88488,0.58875,NH3,3.26
224,0,0.0,0,22966,4687,22966,4687,2.87081,0.58588,NH3,3.2
225,0,0.0,0,22883,4670,22883,4670,2.86038,0.58375,NH3,3.15
226,0,0.0,0,22804,4654,22804,4654,2.85058,0.58175,NH3,3.11
227,0,0.0,0,22706,4634,22706,4634,2.83833,0.57925,NH3,3.05
228,0,0.0,0,22647,4622,22647,4622,2.83098,0.57775,NH3,3.02
229,0,0.0,0,22559,4604,22559,4604,2.81995,0.5755,NH3,2.97
230,0,0.0,0,22466,4584,22466,4584,2.80829,0.57312,NH3,2.92
231,0,0.0,0,22407,4573,22407,4573,2.80099,0.57163,NH3,2.89
232,0,0.0,0,22304,4552,22304,4552,2.7881,0.569,NH3,2.83
233,0,0.0,0,22265,4544,22265,4544,2.7832,0.568,NH3,2.81
234,0,0.0,0,22191,4528,22191,4528,2.77399,0.56612,NH3,2.77
235,0,0.0,0,22133,4517,22133,4517,2.76669,0.56463,NH3,2.73
236,0,0.0,0,22069,4504,22069,4504,2.7587,0.563,NH3,2.7
237,0,0.0,0,21995,4488,21995,4488,2.74949,0.56112,NH3,2.66
238,0,0.0,0,21932,4476,21932,4476,2.74155,0.5595,NH3,2.62
239,0,0.0,0,21868,4463,21868,4463,2.73361,0.55788,NH3,2.59
240,0,0.0,0,21785,4446,21785,4446,2.72317,0.55575,NH3,2.54
241,0,0.0,0,21741,4437,21741,4437,2.71769,0.55463,NH3,2.51
242,0,0.0,0,21682,4424,21682,4424,2.71029,0.55312,NH3,2.48
243,0,0.0,0,21633,4415,21633,4415,2.70421,0.55188,NH3,2.45
244,0,0.0,0,21594,4407,21594,4407,2.69931,0.55088,NH3,2.43
245,0,0.0,0,21540,4396,21540,4396,2.69255,0.5495,NH3,2.4
246,0,0.0,0,21496,4387,21496,4387,2.68706,0.54838,NH3,2.38
247,0,0.0,0,21452,4378,21452,4378,2.68153,0.54725,NH3,2.35
248,0,0.0,0,21452,4378,21452,4378,2.68153,0.54725,NH3,2.35
249,0,0.0,0,21364,4360,21364,4360,2.6705,0.545,NH3,2.3
0,0,3.3,255,18350,3745,18350,3745,2.29384,0.46813,NH3,0.62
1,0,3.3,255,19654,4011,19654,4011,2.45676,0.50138,NH3,1.35
2,0,3.3,255,21643,4416,21643,4416,2.70539,0.55212,NH3,2.46
3,0,3.3,255,23755,4848,23755,4848,2.9694,0.606,NH3,3.64
4,0,3.3,255,25852,5276,25852,5276,3.23155,0.6595,NH3,4.81
5,0,3.3,255,28003,5714,28003,5714,3.50041,0.71437,NH3,6.01
6,0,3.3,255,30135,6150,30135,6150,3.76688,0.76875,NH3,7.21
7,0,3.3,255,32286,6589,32286,6589,4.03579,0.82363,NH3,8.41
8,0,3.3,255,34368,7014,34368,7014,4.29608,0.87675,NH3,9.57
9,0,3.3,255,36470,7443,36470,7443,4.55886,0.93038,NH3,10.75
10,0,3.3,255,38508,7858,38508,7858,4.81361,0.98237,NH3,11.89
11,0,3.3,255,40552,8276,40552,8276,5.06905,1.0345,NH3,13.03
12,0,3.3,255,42536,8680,42536,8680,5.31709,1.08512,NH3,14.14
13,0,3.3,255,44545,9090,44545,9090,5.56821,1.13637,NH3,15.26
14,0,3.3,255,46437,9477,46437,9477,5.80469,1.18463,NH3,16.32
15,0,3.3,255,48274,9852,48274,9852,6.03435,1.2315,NH3,17.34
16,0,3.3,255,50117,10228,50117,10228,6.26465,1.2785,NH3,18.37
17,0,3.3,255,51900,10592,51900,10592,6.4876,1.324,NH3,19.37
18,0,3.3,255,53537,10926,53537,10926,6.69218,1.36575,NH3,20.29
19,0,3.3,255,55208,11266,55208,11266,6.90101,1.40837,NH3,21.22
20,0,3.3,255,56771,11586,56771,11586,7.09643,1.44825,NH3,22.09
21,0,3.3,255,58319,11902,58319,11902,7.28998,1.48775,NH3,22.96
22,0,3.3,255,59834,12211,59834,12211,7.47926,1.52638,NH3,23.8
23,0,3.3,255,61176,12484,61176,12484,7.64704,1.56062,NH3,24.55
24,0,3.3,255,62533,12762,62533,12762,7.81673,1.59525,NH3,25.31
25,0,3.3,255,63837,13028,63837,13028,7.97965,1.6285,NH3,26.04
26,0,3.3,255,65111,13288,65111,13288,8.1389,1.661,NH3,26.75
27,0,3.3,255,66291,13528,66291,13528,8.28649,1.69112,NH3,27.41
28,0,3.3,255,67458,13766,67458,13766,8.43226,1.72087,NH3,28.07
29,0,3.3,255,68506,13980,68506,13980,8.56334,1.74762,NH3,28.65
30,0,3.3,255,69550,14194,69550,14194,8.69383,1.77425,NH3,29.24
31,0,3.3,255,70545,14397,70545,14397,8.81819,1.79963,NH3,29.79
32,0,3.3,255,71495,14590,71495,14590,8.93696,1.82387,NH3,30.32
33,0,3.3,255,72378,14771,72378,14771,9.04726,1.84638,NH3,30.82
34,0,3.3,255,73235,14946,73235,14946,9.15442,1.86825,NH3,31.29
35,0,3.3,255,74078,15118,74078,15118,9.25978,1.88975,NH3,31.77
36,0,3.3,255,74832,15272,74832,15272,9.3541,1.909,NH3,32.19
37,0,3.3,255,75587,15426,75587,15426,9.44843,1.92825,NH3,32.61
38,0,3.3,255,76288,15569,76288,15569,9.53604,1.94613,NH3,33.0
39,0,3.3,255,76939,15702,76939,15702,9.61748,1.96275,NH3,33.37
40,0,3.3,255,77567,15830,77567,15830,9.69588,1.97875,NH3,33.72
41,0,3.3,255,78164,15952,78164,15952,9.7706,1.994,NH3,34.05
42,0,3.3,255,78728,16067,78728,16067,9.84106,2.00838,NH3,34.36
43,0,3.3,255,79262,16175,79262,16175,9.9078,2.022,NH3,34.66
44,0,3.3,255,79742,16274,79742,16274,9.96783,2.03425,NH3,34.93
45,0,3.3,255,80222,16372,80222,16372,10.02785,2.0465,NH3,35.2
46,0,3.3,255,80663,16462,80663,16462,10.08298,2.05775,NH3,35.45
47,0,3.3,255,81085,16548,81085,16548,10.13565,2.0685,NH3,35.68
48,0,3.3,255,81467,16626,81467,16626,10.18343,2.07825,NH3,35.9
49,0,3.3,255,81839,16702,81839,16702,10.22998,2.08775,NH3,36.1
50,0,3.3,255,82167,16768,82167,16768,10.27099,2.09612,NH3,36.29
51,0,3.3,255,82491,16835,82491,16835,10.31146,2.10438,NH3,36.47
52,0,3.3,255,82775,16893,82775,16893,10.34699,2.11163,NH3,36.63
53,0,3.3,255,83108,16960,83108,16960,10.38859,2.12012,NH3,36.81
54,0,3.3,255,83373,17015,83373,17015,10.42171,2.12688,NH3,36.96
55,0,3.3,255,83628,17067,83628,17067,10.45356,2.13338,NH3,37.1
56,0,3.3,255,83814,17105,83814,17105,10.47684,2.13813,NH3,37.21
57,0,3.3,255,84059,17155,84059,17155,10.50746,2.14438,NH3,37.34
58,0,3.3,255,84265,17196,84265,17196,10.53314,2.14962,NH3,37.46
59,0,3.3,255,84245,17193,84245,17193,10.53074,2.14913,NH3,37.45
60,0,3.3,255,84451,17234,84451,17234,10.55641,2.15437,NH3,37.56
61,0,3.3,255,84726,17291,84726,17291,10.59076,2.16138,NH3,37.72
62,0,3.3,255,84804,17306,84804,17306,10.60051,2.16337,NH3,37.76
63,0,3.3,255,84966,17340,84966,17340,10.62075,2.1675,NH3,37.85
64,0,3.3,255,85034,17354,85034,17354,10.62932,2.16925,NH3,37.89
65,0,3.3,255,85098,17367,85098,17367,10.63731,2.17088,NH3,37.93
66,0,3.3,255,85186,17385,85186,17385,10.64834,2.17313,NH3,37.97
67,0,3.3,255,85260,17400,85260,17400,10.6575,2.175,NH3,38.02
68,0,3.3,255,85314,17411,85314,17411,10.66426,2.17638,NH3,38.05
69,0,3.3,255,85392,17426,85392,17426,10.67401,2.17837,NH3,38.09
70,0,3.3,255,85446,17438,85446,17438,10.68078,2.17975,NH3,38.12
71,0,3.3,255,85421,17432,85421,17432,10.67769,2.17912,NH3,38.11
72,0,3.3,255,85500,17449,85500,17449,10.68754,2.18113,NH3,38.15
73,0,3.3,255,85490,17446,85490,17446,10.68626,2.18087,NH3,38.14
74,0,3.3,255,85544,17458,85544,17458,10.69303,2.18225,NH3,38.17
75,0,3.3,255,85490,17446,85490,17446,10.68626,2.18087,NH3,38.14
76,0,3.3,255,85608,17471,85608,17471,10.70101,2.18388,NH3,38.21
77,0,3.3,255,85500,17449,85500,17449,10.68754,2.18113,NH3,38.15
78,0,3.3,255,85510,17451,85510,17451,10.68876,2.18138,NH3,38.16
79,0,3.3,255,85510,17451,85510,17451,10.68876,2.18138,NH3,38.16
80,0,3.3,255,85510,17451,85510,17451,10.68876,2.18138,NH3,38.16
81,0,3.3,255,85519,17452,85519,17452,10.68994,2.18162,NH3,38.16
82,0,3.3,255,85500,17449,85500,17449,10.68754,2.18113,NH3,38.15
83,0,3.3,255,85500,17449,85500,17449,10.68754,2.18113,NH3,38.15
84,0,3.3,255,85495,17448,85495,17448,10.6869,2.181,NH3,38.15
85,0,3.3,255,85465,17442,85465,17442,10.68323,2.18025,NH3,38.13
86,0,3.3,255,85460,17440,85460,17440,10.68259,2.18012,NH3,38.13
87,0,3.3,255,85460,17440,85460,17440,10.68259,2.18012,NH3,38.13
88,0,3.3,255,85436,17436,85436,17436,10.67955,2.1795,NH3,38.11
89,0,3.3,255,85416,17432,85416,17432,10.6771,2.179,NH3,38.1
90,0,3.3,255,85372,17422,85372,17422,10.67156,2.17787,NH3,38.08
91,0,3.3,255,85348,17418,85348,17418,10.66853,2.17725,NH3,38.06
92,0,3.3,255,85318,17412,85318,17412,10.66485,2.1765,NH3,38.05
93,0,3.3,255,85289,17406,85289,17406,10.66118,2.17575,NH3,38.03
94,0,3.3,255,85397,17428,85397,17428,10.67465,2.1785,NH3,38.09
95,0,3.3,255,85387,17426,85387,17426,10.67342,2.17825,NH3,38.09
96,0,3.3,255,85367,17422,85367,17422,10.67098,2.17775,NH3,38.08
97,0,3.3,255,85279,17404,85279,17404,10.65995,2.1755,NH3,38.03
98,0,3.3,255,85255,17399,85255,17399,10.65691,2.17488,NH3,38.01
99,0,3.3,255,85215,17390,85215,17390,10.65196,2.17387,NH3,37.99
100,0,3.3,255,85122,17372,85122,17372,10.64035,2.1715,NH3,37.94
101,0,3.3,255,85113,17370,85113,17370,10.63913,2.17125,NH3,37.93
102,0,3.3,255,85054,17358,85054,17358,10.63178,2.16975,NH3,37.9
103,0,3.3,255,85019,17350,85019,17350,10.62746,2.16887,NH3,37.88
104,0,3.3,255,84975,17342,84975,17342,10.62198,2.16775,NH3,37.86
105,0,3.3,255,84897,17326,84897,17326,10.61218,2.16575,NH3,37.81
106,0,3.3,255,84868,17320,84868,17320,10.6085,2.165,NH3,37.8
107,0,3.3,255,84779,17302,84779,17302,10.59748,2.16275,NH3,37.75
108,0,3.3,255,84764,17298,84764,17298,10.59561,2.16237,NH3,37.74
109,0,3.3,255,84755,17297,84755,17297,10.59444,2.16213,NH3,37.73
110,0,3.3,255,84691,17284,84691,17284,10.58645,2.1605,NH3,37.7
111,0,3.3,255,84666,17278,84666,17278,10.58336,2.15987,NH3,37.68
112,0,3.3,255,84613,17268,84613,17268,10.57665,2.1585,NH3,37.65
113,0,3.3,255,84613,17268,84613,17268,10.57665,2.1585,NH3,37.65
114,0,3.3,255,84534,17252,84534,17252,10.56685,2.1565,NH3,37.61
115,0,3.3,255,84485,17242,84485,17242,10.56073,2.15525,NH3,37.58
116,0,3.3,255,84446,17234,84446,17234,10.55583,2.15425,NH3,37.56
117,0,3.3,255,84427,17230,84427,17230,10.55338,2.15375,NH3,37.55
118,0,3.3,255,84353,17214,84353,17214,10.54416,2.15187,NH3,37.51
119,0,3.3,255,84323,17208,84323,17208,10.54049,2.15112,NH3,37.49
120,0,3.3,255,84299,17204,84299,17204,10.53745,2.1505,NH3,37.48
121,0,3.3,255,84329,17210,84329,17210,10.54113,2.15125,NH3,37.5
122,0,3.3,255,84231,17190,84231,17190,10.52888,2.14875,NH3,37.44
123,0,3.3,255,84157,17175,84157,17175,10.51971,2.14688,NH3,37.4
124,0,3.3,255,84147,17172,84147,17172,10.51844,2.14662,NH3,37.39
125,0,0.0,0,98421,20086,98421,20086,12.30268,2.51075,NH3,45.37
126,0,0.0,0,96172,19626,96172,19626,12.02151,2.45337,NH3,44.11
127,0,0.0,0,93251,19030,93251,19030,11.65646,2.37887,NH3,42.48
128,0,0.0,0,90473,18464,90473,18464,11.3092,2.308,NH3,40.93
129,0,0.0,0,87729,17904,87729,17904,10.9662,2.238,NH3,39.4
130,0,0.0,0,85113,17370,85113,17370,10.63913,2.17125,NH3,37.93
131,0,0.0,0,82599,16856,82599,16856,10.32489,2.10712,NH3,36.53
132,0,0.0,0,80183,16364,80183,16364,10.02295,2.0455,NH3,35.18
133,0,0.0,0,77861,15890,77861,15890,9.73263,1.98625,NH3,33.88
134,0,0.0,0,75631,15435,75631,15435,9.45396,1.92938,NH3,32.63
135,0,0.0,0,73490,14998,73490,14998,9.18628,1.87475,NH3,31.44
136,0,0.0,0,71417,14574,71417,14574,8.92716,1.82187,NH3,30.28
137,0,0.0,0,69467,14176,69467,14176,8.68339,1.77212,NH3,29.19
138,0,0.0,0,67580,13792,67580,13792,8.4476,1.724,NH3,28.13
139,0,0.0,0,65762,13420,65762,13420,8.22034,1.67762,NH3,27.12
140,0,0.0,0,64018,13064,64018,13064,8.00229,1.63312,NH3,26.14
141,0,0.0,0,62357,12726,62357,12726,7.79468,1.59075,NH3,25.21
142,0,0.0,0,60760,12400,60760,12400,7.595,1.55,NH3,24.32
143,0,0.0,0,59226,12086,59226,12086,7.40326,1.51087,NH3,23.46
144,0,0.0,0,57771,11790,57771,11790,7.22138,1.47375,NH3,22.65
145,0,0.0,0,56364,11503,56364,11503,7.04561,1.43788,NH3,21.87
146,0,0.0,0,55061,11237,55061,11237,6.88269,1.40463,NH3,21.14
147,0,0.0,0,53747,10968,53747,10968,6.71849,1.37112,NH3,20.4
148,0,0.0,0,52528,10720,52528,10720,6.566,1.34,NH3,19.72
149,0,0.0,0,51342,10478,51342,10478,6.41778,1.30975,NH3,19.06
150,0,0.0,0,50195,10244,50195,10244,6.27445,1.2805,NH3,18.42
151,0,0.0,0,49073,10015,49073,10015,6.13421,1.25188,NH3,17.79
152,0,0.0,0,48029,9802,48029,9802,6.00373,1.22525,NH3,17.21
153,0,0.0,0,47083,9608,47083,9608,5.88549,1.20112,NH3,16.68
154,0,0.0,0,46060,9400,46060,9400,5.7575,1.175,NH3,16.11
155,0,0.0,0,45104,9205,45104,9205,5.63809,1.15063,NH3,15.57
156,0,0.0,0,44198,9020,44198,9020,5.52475,1.1275,NH3,15.07
157,0,0.0,0,43399,8856,43399,8856,5.42489,1.10712,NH3,14.62
158,0,0.0,0,42581,8690,42581,8690,5.32263,1.08625,NH3,14.16
159,0,0.0,0,41782,8526,41782,8526,5.22276,1.06587,NH3,13.72
160,0,0.0,0,41037,8375,41037,8375,5.12971,1.04688,NH3,13.3
161,0,0.0,0,40366,8238,40366,8238,5.04577,1.02975,NH3,12.92
162,0,0.0,0,39626,8086,39626,8086,4.95326,1.01087,NH3,12.51
163,0,0.0,0,38974,7954,38974,7954,4.87183,0.99425,NH3,12.15
164,0,0.0,0,38342,7825,38342,7825,4.79284,0.97813,NH3,11.79
165,0,0.0,0,37724,7698,37724,7698,4.71561,0.96237,NH3,11.45
166,0,0.0,0,37073,7566,37073,7566,4.63417,0.94575,NH3,11.08
167,0,0.0,0,36510,7451,36510,7451,4.56376,0.93138,NH3,10.77
168,0,0.0,0,35946,7336,35946,7336,4.4933,0.917,NH3,10.45
169,0,0.0,0,35373,7219,35373,7219,4.42166,0.90238,NH3,10.13
170,0,0.0,0,34893,7121,34893,7121,4.36164,0.89013,NH3,9.86
171,0,0.0,0,34422,7025,34422,7025,4.30284,0.87813,NH3,9.6
172,0,0.0,0,33883,6915,33883,6915,4.23546,0.86438,NH3,9.3
173,0,0.0,0,33461,6828,33461,6828,4.18274,0.85362,NH3,9.06
174,0,0.0,0,33031,6741,33031,6741,4.12889,0.84263,NH3,8.82
175,0,0.0,0,32531,6639,32531,6639,4.06641,0.82988,NH3,8.54
176,0,0.0,0,32148,6560,32148,6560,4.01859,0.82012,NH3,8.33
177,0,0.0,0,31732,6476,31732,6476,3.96655,0.8095,NH3,8.1
178,0,0.0,0,31335,6395,31335,6395,3.91696,0.79938,NH3,7.88
179,0,0.0,0,30997,6326,30997,6326,3.87467,0.79075,NH3,7.69
180,0,0.0,0,30595,6244,30595,6244,3.82445,0.7805,NH3,7.46
181,0,0.0,0,30311,6186,30311,6186,3.78893,0.77325,NH3,7.3
182,0,0.0,0,29943,6110,29943,6110,3.74296,0.76387,NH3,7.1
183,0,0.0,0,29571,6035,29571,6035,3.69646,0.75438,NH3,6.89
184,0,0.0,0,29311,5982,29311,5982,3.66398,0.74775,NH3,6.75
185,0,0.0,0,28998,5918,28998,5918,3.62478,0.73975,NH3,6.57
186,0,0.0,0,28674,5852,28674,5852,3.58435,0.7315,NH3,6.39
187,0,0.0,0,28425,5801,28425,5801,3.55314,0.72513,NH3,6.25
188,0,0.0,0,28145,5744,28145,5744,3.5182,0.718,NH3,6.09
189,0,0.0,0,27915,5697,27915,5697,3.48944,0.71213,NH3,5.96
190,0,0.0,0,27621,5637,27621,5637,3.45269,0.70463,NH3,5.8
191,0,0.0,0,27347,5581,27347,5581,3.41839,0.69763,NH3,5.65
192,0,0.0,0,27023,5514,27023,5514,3.37791,0.68937,NH3,5.47
193,0,0.0,0,26817,5472,26817,5472,3.35219,0.68412,NH3,5.35
194,0,0.0,0,26597,5428,26597,5428,3.32465,0.6785,NH3,5.23
195,0,0.0,0,26401,5388,26401,5388,3.30015,0.6735,NH3,5.12
196,0,0.0,0,26166,5340,26166,5340,3.27075,0.6675,NH3,4.99
197,0,0.0,0,25960,5298,25960,5298,3.24503,0.66225,NH3,4.87
198,0,0.0,0,25715,5248,25715,5248,3.2144,0.656,NH3,4.74
199,0,0.0,0,25524,5209,25524,5209,3.19054,0.65113,NH3,4.63
200,0,0.0,0,25352,5174,25352,5174,3.16908,0.64675,NH3,4.53
201,0,0.0,0,25171,5137,25171,5137,3.14644,0.64213,NH3,4.43
202,0,0.0,0,24990,5100,24990,5100,3.12375,0.6375,NH3,4.33
203,0,0.0,0,24803,5062,24803,5062,3.10048,0.63275,NH3,4.23
204,0,0.0,0,24632,5027,24632,5027,3.07906,0.62838,NH3,4.13
205,0,0.0,0,24494,4998,24494,4998,3.06186,0.62487,NH3,4.05
206,0,0.0,0,24333,4966,24333,4966,3.04168,0.62075,NH3,3.96
207,0,0.0,0,24176,4934,24176,4934,3.02208,0.61675,NH3,3.88
208,0,0.0,0,24019,4902,24019,4902,3.00248,0.61275,NH3,3.79
209,0,0.0,0,23863,4870,23863,4870,2.98288,0.60875,NH3,3.7
210,0,0.0,0,23760,4849,23760,4849,2.97004,0.60613,NH3,3.64
211,0,0.0,0,23593,4815,23593,4815,2.94921,0.60188,NH3,3.55
212,0,0.0,0,23461,4788,23461,4788,2.93265,0.5985,NH3,3.48
213,0,0.0,0,23343,4764,23343,4764,2.91795,0.5955,NH3,3.41
214,0,0.0,0,23226,4740,23226,4740,2.90325,0.5925,NH3,3.34
215,0,0.0,0,23103,4714,23103,4714,2.88791,0.58937,NH3,3.28
216,0,0.0,0,22976,4689,22976,4689,2.87204,0.58613,NH3,3.2
217,0,0.0,0,22873,4668,22873,4668,2.85915,0.5835,NH3,3.15
218,0,0.0,0,22755,4644,22755,4644,2.84445,0.5805,NH3,3.08
219,0,0.0,0,22647,4622,22647,4622,2.83098,0.57775,NH3,3.02
220,0,0.0,0,22544,4600,22544,4600,2.81809,0.57512,NH3,2.96
221,0,0.0,0,22412,4574,22412,4574,2.80158,0.57175,NH3,2.89
222,0,0.0,0,22329,4557,22329,4557,2.79119,0.56963,NH3,2.84
223,0,0.0,0,22246,4540,22246,4540,2.78075,0.5675,NH3,2.8
224,0,0.0,0,22152,4520,22152,4520,2.76909,0.56512,NH3,2.74
225,0,0.0,0,22059,4502,22059,4502,2.75747,0.56275,NH3,2.69
226,0,0.0,0,21956,4480,21956,4480,2.74459,0.56012,NH3,2.63
227,0,0.0,0,21898,4469,21898,4469,2.73729,0.55863,NH3,2.6
228,0,0.0,0,21805,4450,21805,4450,2.72563,0.55625,NH3,2.55
229,0,0.0,0,21712,4431,21712,4431,2.71401,0.55388,NH3,2.5
230,0,0.0,0,21653,4419,21653,4419,2.70666,0.55238,NH3,2.46
231,0,0.0,0,21579,4404,21579,4404,2.69745,0.5505,NH3,2.42
232,0,0.0,0,21506,4389,21506,4389,2.68829,0.54863,NH3,2.38
233,0,0.0,0,21437,4375,21437,4375,2.67971,0.54688,NH3,2.34
234,0,0.0,0,21368,4360,21368,4360,2.67109,0.54512,NH3,2.31
235,0,0.0,0,21300,4347,21300,4347,2.66256,0.54338,NH3,2.27
236,0,0.0,0,21236,4334,21236,4334,2.65457,0.54175,NH3,2.23
237,0,0.0,0,21153,4317,21153,4317,2.64419,0.53963,NH3,2.19
238,0,0.0,0,21109,4308,21109,4308,2.63865,0.5385,NH3,2.16
239,0,0.0,0,21060,4298,21060,4298,2.63253,0.53725,NH3,2.13
240,0,0.0,0,20991,4284,20991,4284,2.62395,0.5355,NH3,2.09
241,0,0.0,0,20976,4280,20976,4280,2.62209,0.53512,NH3,2.09
242,0,0.0,0,20888,4262,20888,4262,2.61106,0.53287,NH3,2.04
243,0,0.0,0,20825,4250,20825,4250,2.60313,0.53125,NH3,2.0
244,0,0.0,0,20770,4238,20770,4238,2.59636,0.52987,NH3,1.97
245,0,0.0,0,20727,4230,20727,4230,2.59088,0.52875,NH3,1.95
246,0,0.0,0,20678,4220,20678,4220,2.58475,0.5275,NH3,1.92
247,0,0.0,0,20619,4208,20619,4208,2.5774,0.526,NH3,1.89
248,0,0.0,0,20580,4200,20580,4200,2.5725,0.525,NH3,1.86
249,0,0.0,0,20531,4190,20531,4190,2.56638,0.52375,NH3,1.84
0,0,3.3,255,17659,3604,17659,3604,2.20745,0.4505,NH3,0.23
1,0,3.3,255,18914,3860,18914,3860,2.36425,0.4825,NH3,0.93
2,0,3.3,255,20869,4259,20869,4259,2.60866,0.53238,NH3,2.03
3,0,3.3,255,22917,4677,22917,4677,2.86469,0.58463,NH3,3.17
4,0,3.3,255,24965,5094,24965,5094,3.12066,0.63687,NH3,4.32
5,0,3.3,255,27043,5519,27043,5519,3.38041,0.68988,NH3,5.48
6,0,3.3,255,29140,5947,29140,5947,3.64256,0.74338,NH3,6.65
7,0,3.3,255,31227,6373,31227,6373,3.90349,0.79663,NH3,7.82
8,0,3.3,255,33300,6796,33300,6796,4.16255,0.8495,NH3,8.97
9,0,3.3,255,35358,7216,35358,7216,4.4198,0.902,NH3,10.12
10,0,3.3,255,37387,7630,37387,7630,4.67338,0.95375,NH3,11.26
11,0,3.3,255,39386,8038,39386,8038,4.92328,1.00475,NH3,12.38
12,0,3.3,255,41336,8436,41336,8436,5.16705,1.0545,NH3,13.47
13,0,3.3,255,43291,8835,43291,8835,5.41146,1.10438,NH3,14.56
14,0,3.3,255,45158,9216,45158,9216,5.6448,1.152,NH3,15.6
15,0,3.3,255,47059,9604,47059,9604,5.88245,1.2005,NH3,16.66
16,0,3.3,255,48784,9956,48784,9956,6.09805,1.2445,NH3,17.63
17,0,3.3,255,50509,10308,50509,10308,6.31365,1.2885,NH3,18.59
18,0,3.3,255,52209,10654,52209,10654,6.52616,1.33187,NH3,19.54
19,0,3.3,255,53846,10989,53846,10989,6.73079,1.37363,NH3,20.46
20,0,3.3,255,55409,11308,55409,11308,6.92615,1.4135,NH3,21.33
21,0,3.3,255,56943,11621,56943,11621,7.11789,1.45263,NH3,22.19
22,0,3.3,255,58398,11918,58398,11918,7.29978,1.48975,NH3,23.0
23,0,3.3,255,59794,12202,59794,12202,7.47431,1.52537,NH3,23.78
24,0,3.3,255,61156,12480,61156,12480,7.64459,1.56012,NH3,24.54
25,0,3.3,255,62455,12746,62455,12746,7.80693,1.59325,NH3,25.27
26,0,3.3,255,63700,13000,63700,13000,7.9625,1.625,NH3,25.97
27,0,3.3,255,64900,13244,64900,13244,8.11254,1.65562,NH3,26.64
28,0,3.3,255,66042,13478,66042,13478,8.25528,1.68475,NH3,27.27
29,0,3.3,255,67139,13702,67139,13702,8.39248,1.71275,NH3,27.89
30,0,3.3,255,68178,13914,68178,13914,8.52233,1.73925,NH3,28.47
31,0,3.3,255,69197,14122,69197,14122,8.64973,1.76525,NH3,29.04
32,0,3.3,255,70148,14316,70148,14316,8.76855,1.7895,NH3,29.57
33,0,3.3,255,71133,14516,71133,14516,8.89164,1.81462,NH3,30.12
34,0,3.3,255,72024,14698,72024,14698,9.00311,1.83737,NH3,30.62
35,0,3.3,255,72696,14836,72696,14836,9.08705,1.8545,NH3,30.99
36,0,3.3,255,73490,14998,73490,14998,9.18628,1.87475,NH3,31.44
37,0,3.3,255,74357,15175,74357,15175,9.29471,1.89688,NH3,31.92
38,0,3.3,255,75121,15330,75121,15330,9.39021,1.91637,NH3,32.35
39,0,3.3,255,75695,15448,75695,15448,9.4619,1.931,NH3,32.67
40,0,3.3,255,76307,15573,76307,15573,9.53849,1.94663,NH3,33.01
41,0,3.3,255,76876,15689,76876,15689,9.60954,1.96113,NH3,33.33
42,0,3.3,255,77537,15824,77537,15824,9.6922,1.978,NH3,33.7
43,0,3.3,255,77983,15914,77983,15914,9.74791,1.98937,NH3,33.95
44,0,3.3,255,78566,16033,78566,16033,9.82082,2.00425,NH3,34.27
45,0,3.3,255,78982,16118,78982,16118,9.87286,2.01487,NH3,34.51
46,0,3.3,255,79492,16222,79492,16222,9.93656,2.02787,NH3,34.79
47,0,3.3,255,79874,16300,79874,16300,9.98434,2.03762,NH3,35.01
48,0,3.3,255,80267,16381,80267,16381,10.03339,2.04763,NH3,35.22
49,0,3.3,255,80717,16472,80717,16472,10.08969,2.05912,NH3,35.48
50,0,3.3,255,81099,16550,81099,16550,10.13746,2.06887,NH3,35.69
51,0,3.3,255,81442,16620,81442,16620,10.18034,2.07762,NH3,35.88
52,0,3.3,255,81737,16681,81737,16681,10.21714,2.08513,NH3,36.05
53,0,3.3,255,82026,16740,82026,16740,10.25325,2.0925,NH3,36.21
54,0,3.3,255,82300,16796,82300,16796,10.28755,2.0995,NH3,36.36
55,0,3.3,255,82560,16849,82560,16849,10.32004,2.10613,NH3,36.51
56,0,3.3,255,82765,16890,82765,16890,10.34571,2.11137,NH3,36.62
57,0,3.3,255,82996,16938,82996,16938,10.37453,2.11725,NH3,36.75
58,0,3.3,255,83192,16978,83192,16978,10.39903,2.12225,NH3,36.86
59,0,3.3,255,83368,17014,83368,17014,10.42108,2.12675,NH3,36.96
60,0,3.3,255,83525,17046,83525,17046,10.44068,2.13075,NH3,37.05
61,0,3.3,255,83692,17080,83692,17080,10.4615,2.135,NH3,37.14
62,0,3.3,255,83824,17106,83824,17106,10.47801,2.13837,NH3,37.21
63,0,3.3,255,83946,17132,83946,17132,10.49335,2.1415,NH3,37.28
64,0,3.3,255,84069,17157,84069,17157,10.50869,2.14463,NH3,37.35
65,0,3.3,255,84196,17182,84196,17182,10.52456,2.14787,NH3,37.42
66,0,3.3,255,84275,17199,84275,17199,10.53441,2.14988,NH3,37.47
67,0,3.3,255,84383,17221,84383,17221,10.54789,2.15263,NH3,37.53
68,0,3.3,255,84461,17236,84461,17236,10.55764,2.15462,NH3,37.57
69,0,3.3,255,84534,17252,84534,17252,10.56685,2.1565,NH3,37.61
70,0,3.3,255,84593,17264,84593,17264,10.5742,2.158,NH3,37.64
71,0,3.3,255,84652,17276,84652,17276,10.58155,2.1595,NH3,37.68
72,0,3.3,255,84711,17288,84711,17288,10.5889,2.161,NH3,37.71
73,0,3.3,255,84735,17292,84735,17292,10.59194,2.16162,NH3,37.72
74,0,3.3,255,84784,17303,84784,17303,10.59811,2.16288,NH3,37.75
75,0,3.3,255,84823,17310,84823,17310,10.60296,2.16387,NH3,37.77
76,0,3.3,255,84833,17312,84833,17312,10.60419,2.16412,NH3,37.78
77,0,3.3,255,84868,17320,84868,17320,10.6085,2.165,NH3,37.8
78,0,3.3,255,84873,17321,84873,17321,10.60914,2.16513,NH3,37.8
79,0,3.3,255,84873,17321,84873,17321,10.60914,2.16513,NH3,37.8
80,0,3.3,255,84873,17321,84873,17321,10.60914,2.16513,NH3,37.8
81,0,3.3,255,84892,17324,84892,17324,10.61154,2.16562,NH3,37.81
82,0,3.3,255,84892,17324,84892,17324,10.61154,2.16562,NH3,37.81
83,0,3.3,255,84892,17324,84892,17324,10.61154,2.16562,NH3,37.81
84,0,3.3,255,84892,17324,84892,17324,10.61154,2.16562,NH3,37.81
85,0,3.3,255,84873,17321,84873,17321,10.60914,2.16513,NH3,37.8
86,0,3.3,255,84868,17320,84868,17320,10.6085,2.165,NH3,37.8
87,0,3.3,255,84921,17330,84921,17330,10.61521,2.16637,NH3,37.83
88,0,3.3,255,84882,17323,84882,17323,10.61036,2.16538,NH3,37.8
89,0,3.3,255,84853,17317,84853,17317,10.60669,2.16463,NH3,37.79
90,0,3.3,255,84809,17308,84809,17308,10.60115,2.1635,NH3,37.76
91,0,3.3,255,84779,17302,84779,17302,10.59748,2.16275,NH3,37.75
92,0,3.3,255,84735,17292,84735,17292,10.59194,2.16162,NH3,37.72
93,0,3.3,255,84706,17286,84706,17286,10.58826,2.16087,NH3,37.71
94,0,3.3,255,84652,17276,84652,17276,10.58155,2.1595,NH3,37.68
95,0,3.3,255,84637,17272,84637,17272,10.57969,2.15912,NH3,37.67
96,0,3.3,255,84593,17264,84593,17264,10.5742,2.158,NH3,37.64
97,0,3.3,255,84564,17258,84564,17258,10.57052,2.15725,NH3,37.63
98,0,3.3,255,84525,17250,84525,17250,10.56563,2.15625,NH3,37.6
99,0,3.3,255,84500,17245,84500,17245,10.56259,2.15563,NH3,37.59
100,0,3.3,255,84436,17232,84436,17232,10.5546,2.154,NH3,37.56
101,0,3.3,255,84407,17226,84407,17226,10.55092,2.15325,NH3,37.54
102,0,3.3,255,84373,17219,84373,17219,10.54666,2.15238,NH3,37.52
103,0,3.3,255,84343,17213,84343,17213,10.54299,2.15163,NH3,37.5
104,0,3.3,255,84319,17208,84319,17208,10.5399,2.151,NH3,37.49
105,0,3.3,255,84285,17201,84285,17201,10.53564,2.15013,NH3,37.47
106,0,3.3,255,84226,17189,84226,17189,10.52829,2.14863,NH3,37.44
107,0,3.3,255,84211,17186,84211,17186,10.52643,2.14825,NH3,37.43
108,0,3.3,255,84162,17176,84162,17176,10.5203,2.147,NH3,37.4
109,0,3.3,255,84167,17176,84167,17176,10.52089,2.14712,NH3,37.4
110,0,3.3,255,84118,17167,84118,17167,10.51481,2.14588,NH3,37.38
111,0,3.3,255,84054,17154,84054,17154,10.50683,2.14425,NH3,37.34
112,0,3.3,255,84025,17148,84025,17148,10.50315,2.1435,NH3,37.33
113,0,3.3,255,84005,17144,84005,17144,10.5007,2.143,NH3,37.31
114,0,3.3,255,83966,17136,83966,17136,10.4958,2.142,NH3,37.29
115,0,3.3,255,83946,17132,83946,17132,10.49335,2.1415,NH3,37.28
116,0,3.3,255,83912,17124,83912,17124,10.48904,2.14062,NH3,37.26
117,0,3.3,255,83858,17114,83858,17114,10.48233,2.13925,NH3,37.23
118,0,3.3,255,83819,17106,83819,17106,10.47743,2.13825,NH3,37.21
119,0,3.3,255,83785,17099,83785,17099,10.47316,2.13738,NH3,37.19
120,0,3.3,255,83746,17091,83746,17091,10.46826,2.13638,NH3,37.17
121,0,3.3,255,83706,17082,83706,17082,10.46331,2.13537,NH3,37.15
122,0,3.3,255,83662,17074,83662,17074,10.45783,2.13425,NH3,37.12
123,0,3.3,255,83643,17070,83643,17070,10.45538,2.13375,NH3,37.11
124,0,3.3,255,83603,17062,83603,17062,10.45048,2.13275,NH3,37.09
125,0,0.0,0,97808,19960,97808,19960,12.22609,2.49512,NH3,45.03
126,0,0.0,0,95559,19502,95559,19502,11.94497,2.43775,NH3,43.77
127,0,0.0,0,92683,18914,92683,18914,11.58541,2.36437,NH3,42.16
128,0,0.0,0,89871,18341,89871,18341,11.23389,2.29263,NH3,40.59
129,0,0.0,0,87190,17794,87190,17794,10.89883,2.22425,NH3,39.09
130,0,0.0,0,84588,17263,84588,17263,10.57361,2.15788,NH3,37.64
131,0,0.0,0,82080,16751,82080,16751,10.26001,2.09388,NH3,36.24
132,0,0.0,0,79664,16258,79664,16258,9.95803,2.03225,NH3,34.89
133,0,0.0,0,77322,15780,77322,15780,9.66525,1.9725,NH3,33.58
134,0,0.0,0,75126,15332,75126,15332,9.39085,1.9165,NH3,32.35
135,0,0.0,0,72926,14882,72926,14882,9.11581,1.86037,NH3,31.12
136,0,0.0,0,70908,14471,70908,14471,8.86351,1.80888,NH3,29.99
137,0,0.0,0,68933,14068,68933,14068,8.61665,1.7585,NH3,28.89
138,0,0.0,0,67036,13680,67036,13680,8.37959,1.71012,NH3,27.83
139,0,0.0,0,65223,13310,65223,13310,8.15296,1.66387,NH3,26.82
140,0,0.0,0,63445,12948,63445,12948,7.93065,1.6185,NH3,25.82
141,0,0.0,0,61818,12616,61818,12616,7.7273,1.577,NH3,24.91
142,0,0.0,0,60250,12296,60250,12296,7.5313,1.537,NH3,24.04
143,0,0.0,0,58702,11980,58702,11980,7.33775,1.4975,NH3,23.17
144,0,0.0,0,57256,11685,57256,11685,7.15709,1.46063,NH3,22.36
145,0,0.0,0,55820,11392,55820,11392,6.9776,1.424,NH3,21.56
146,0,0.0,0,54473,11117,54473,11117,6.80919,1.38963,NH3,20.81
147,0,0.0,0,53189,10855,53189,10855,6.64871,1.35688,NH3,20.09
148,0,0.0,0,51989,10610,51989,10610,6.49863,1.32625,NH3,19.42
149,0,0.0,0,50778,10362,50778,10362,6.34731,1.29537,NH3,18.74
150,0,0.0,0,49597,10122,49597,10122,6.19973,1.26525,NH3,18.08
151,0,0.0,0,48510,9900,48510,9900,6.06375,1.2375,NH3,17.48
152,0,0.0,0,47490,9692,47490,9692,5.93635,1.2115,NH3,16.91
153,0,0.0,0,46476,9484,46476,9484,5.80954,1.18562,NH3,16.34
154,0,0.0,0,45521,9290,45521,9290,5.69013,1.16125,NH3,15.8
155,0,0.0,0,44580,9098,44580,9098,5.57253,1.13725,NH3,15.28
156,0,0.0,0,43693,8916,43693,8916,5.46164,1.11462,NH3,14.78
157,0,0.0,0,42835,8742,42835,8742,5.35448,1.09275,NH3,14.3
158,0,0.0,0,42022,8576,42022,8576,5.2528,1.072,NH3,13.85
159,0,0.0,0,41238,8416,41238,8416,5.1548,1.052,NH3,13.41
160,0,0.0,0,40488,8262,40488,8262,5.06106,1.03287,NH3,12.99
161,0,0.0,0,39842,8131,39842,8131,4.98026,1.01638,NH3,12.63
162,0,0.0,0,39087,7977,39087,7977,4.88594,0.99713,NH3,12.21
163,0,0.0,0,38391,7834,38391,7834,4.79891,0.97937,NH3,11.82
164,0,0.0,0,37744,7703,37744,7703,4.71811,0.96288,NH3,11.46
165,0,0.0,0,37107,7573,37107,7573,4.63849,0.94663,NH3,11.1
166,0,0.0,0,36534,7456,36534,7456,4.5668,0.932,NH3,10.78
167,0,0.0,0,35941,7334,35941,7334,4.49266,0.91687,NH3,10.45
168,0,0.0,0,35397,7224,35397,7224,4.4247,0.903,NH3,10.15
169,0,0.0,0,34878,7118,34878,7118,4.35978,0.88975,NH3,9.86
170,0,0.0,0,34349,7010,34349,7010,4.29363,0.87625,NH3,9.56
171,0,0.0,0,33859,6910,33859,6910,4.23238,0.86375,NH3,9.29
172,0,0.0,0,33427,6822,33427,6822,4.17848,0.85275,NH3,9.05
173,0,0.0,0,32947,6724,32947,6724,4.11845,0.8405,NH3,8.78
174,0,0.0,0,32472,6626,32472,6626,4.05901,0.82837,NH3,8.51
175,0,0.0,0,32070,6544,32070,6544,4.00879,0.81812,NH3,8.29
176,0,0.0,0,31659,6461,31659,6461,3.95739,0.80763,NH3,8.06
177,0,0.0,0,31286,6384,31286,6384,3.91079,0.79812,NH3,7.85
178,0,0.0,0,30879,6302,30879,6302,3.85997,0.78775,NH3,7.62
179,0,0.0,0,30487,6222,30487,6222,3.81098,0.77775,NH3,7.4
180,0,0.0,0,30125,6148,30125,6148,3.76565,0.7685,NH3,7.2
181,0,0.0,0,29782,6078,29782,6078,3.72278,0.75975,NH3,7.01
182,0,0.0,0,29449,6010,29449,6010,3.68113,0.75125,NH3,6.82
183,0,0.0,0,29130,5945,29130,5945,3.64134,0.74313,NH3,6.64
184,0,0.0,0,28802,5878,28802,5878,3.60028,0.73475,NH3,6.46
185,0,0.0,0,28527,5822,28527,5822,3.56598,0.72775,NH3,6.31
186,0,0.0,0,28233,5762,28233,5762,3.52922,0.72025,NH3,6.14
187,0,0.0,0,27939,5702,27939,5702,3.49248,0.71275,NH3,5.98
188,0,0.0,0,27655,5644,27655,5644,3.45695,0.7055,NH3,5.82
189,0,0.0,0,27386,5589,27386,5589,3.42329,0.69863,NH3,5.67
190,0,0.0,0,27140,5538,27140,5538,3.39261,0.69237,NH3,5.53
191,0,0.0,0,26891,5488,26891,5488,3.3614,0.686,NH3,5.39
192,0,0.0,0,26665,5442,26665,5442,3.33323,0.68025,NH3,5.27
193,0,0.0,0,26440,5396,26440,5396,3.30505,0.6745,NH3,5.14
194,0,0.0,0,26205,5348,26205,5348,3.27565,0.6685,NH3,5.01
195,0,0.0,0,25984,5302,25984,5302,3.24806,0.66287,NH3,4.89
196,0,0.0,0,25803,5266,25803,5266,3.22543,0.65825,NH3,4.78
197,0,0.0,0,25583,5221,25583,5221,3.19789,0.65263,NH3,4.66
198,0,0.0,0,25387,5181,25387,5181,3.17339,0.64763,NH3,4.55
199,0,0.0,0,25181,5139,25181,5139,3.14766,0.64238,NH3,4.44
200,0,0.0,0,24994,5100,24994,5100,3.12434,0.63762,NH3,4.33
201,0,0.0,0,24843,5070,24843,5070,3.10538,0.63375,NH3,4.25
202,0,0.0,0,24627,5026,24627,5026,3.07843,0.62825,NH3,4.13
203,0,0.0,0,24456,4991,24456,4991,3.05701,0.62388,NH3,4.03
204,0,0.0,0,24358,4971,24358,4971,3.04476,0.62138,NH3,3.98
205,0,0.0,0,24127,4924,24127,4924,3.01595,0.6155,NH3,3.85
206,0,0.0,0,24000,4898,24000,4898,3.00002,0.61225,NH3,3.78
207,0,0.0,0,23853,4868,23853,4868,2.98165,0.6085,NH3,3.69
208,0,0.0,0,23686,4834,23686,4834,2.96082,0.60425,NH3,3.6
209,0,0.0,0,23554,4807,23554,4807,2.94431,0.60088,NH3,3.53
210,0,0.0,0,23407,4777,23407,4777,2.92594,0.59713,NH3,3.45
211,0,0.0,0,23265,4748,23265,4748,2.90815,0.5935,NH3,3.37
212,0,0.0,0,23133,4721,23133,4721,2.89164,0.59013,NH3,3.29
213,0,0.0,0,22990,4692,22990,4692,2.87385,0.5865,NH3,3.21
214,0,0.0,0,22868,4666,22868,4666,2.85851,0.58337,NH3,3.14
215,0,0.0,0,22765,4646,22765,4646,2.84567,0.58075,NH3,3.09
216,0,0.0,0,22677,4628,22677,4628,2.83465,0.5785,NH3,3.04
217,0,0.0,0,22540,4600,22540,4600,2.8175,0.575,NH3,2.96
218,0,0.0,0,22422,4576,22422,4576,2.8028,0.572,NH3,2.89
219,0,0.0,0,22309,4552,22309,4552,2.78869,0.56912,NH3,2.83
220,0,0.0,0,22221,4535,22221,4535,2.77771,0.56688,NH3,2.78
221,0,0.0,0,22104,4511,22104,4511,2.76301,0.56388,NH3,2.72
222,0,0.0,0,22010,4492,22010,4492,2.75135,0.5615,NH3,2.66
223,0,0.0,0,21966,4482,21966,4482,2.74581,0.56037,NH3,2.64
224,0,0.0,0,21834,4456,21834,4456,2.7293,0.557,NH3,2.57
225,0,0.0,0,21751,4439,21751,4439,2.71891,0.55488,NH3,2.52
226,0,0.0,0,21687,4426,21687,4426,2.71093,0.55325,NH3,2.48
227,0,0.0,0,21584,4405,21584,4405,2.69809,0.55063,NH3,2.43
228,0,0.0,0,21506,4389,21506,4389,2.68829,0.54863,NH3,2.38
229,0,0.0,0,21452,4378,21452,4378,2.68153,0.54725,NH3,2.35
230,0,0.0,0,21364,4360,21364,4360,2.6705,0.545,NH3,2.3
231,0,0.0,0,21285,4344,21285,4344,2.6607,0.543,NH3,2.26
232,0,0.0,0,21226,4332,21226,4332,2.65335,0.5415,NH3,2.23
233,0,0.0,0,21123,4310,21123,4310,2.64046,0.53887,NH3,2.17
234,0,0.0,0,21084,4302,21084,4302,2.63556,0.53787,NH3,2.15
235,0,0.0,0,21030,4292,21030,4292,2.62885,0.5365,NH3,2.12
236,0,0.0,0,20957,4277,20957,4277,2.61969,0.53463,NH3,2.08
237,0,0.0,0,20893,4264,20893,4264,2.6117,0.533,NH3,2.04
238,0,0.0,0,20839,4253,20839,4253,2.60499,0.53163,NH3,2.01
239,0,0.0,0,20770,4238,20770,4238,2.59636,0.52987,NH3,1.97
240,0,0.0,0,20702,4224,20702,4224,2.58779,0.52812,NH3,1.93
241,0,0.0,0,20658,4216,20658,4216,2.5823,0.527,NH3,1.91
242,0,0.0,0,20609,4206,20609,4206,2.57618,0.52575,NH3,1.88
243,0,0.0,0,20555,4195,20555,4195,2.56946,0.52438,NH3,1.85
244,0,0.0,0,20487,4181,20487,4181,2.56089,0.52263,NH3,1.81
245,0,0.0,0,20452,4174,20452,4174,2.55658,0.52175,NH3,1.79
246,0,0.0,0,20364,4156,20364,4156,2.54555,0.5195,NH3,1.74
247,0,0.0,0,20310,4145,20310,4145,2.53884,0.51813,NH3,1.71
248,0,0.0,0,20300,4142,20300,4142,2.53756,0.51787,NH3,1.71
249,0,0.0,0,20242,4131,20242,4131,2.53026,0.51638,NH3,1.68
0,0,3.3,255,17404,3552,17404,3552,2.1756,0.444,NH3,0.09
1,0,3.3,255,18688,3814,18688,3814,2.33608,0.47675,NH3,0.81
2,0,3.3,255,20570,4198,20570,4198,2.57128,0.52475,NH3,1.86
3,0,3.3,255,22608,4614,22608,4614,2.82608,0.57675,NH3,3.0
4,0,3.3,255,24641,5028,24641,5028,3.08024,0.62862,NH3,4.14
5,0,3.3,255,26710,5451,26710,5451,3.33876,0.68138,NH3,5.29
6,0,3.3,255,28782,5874,28782,5874,3.59783,0.73425,NH3,6.45
7,0,3.3,255,30850,6296,30850,6296,3.8563,0.787,NH3,7.61
8,0,3.3,255,32923,6719,32923,6719,4.11541,0.83988,NH3,8.76
9,0,3.3,255,34981,7139,34981,7139,4.37266,0.89238,NH3,9.91
10,0,3.3,255,36985,7548,36985,7548,4.62315,0.9435,NH3,11.03
11,0,3.3,255,38969,7953,38969,7953,4.87124,0.99413,NH3,12.14
12,0,3.3,255,40914,8350,40914,8350,5.11437,1.04375,NH3,13.23
13,0,3.3,255,42830,8740,42830,8740,5.35384,1.09262,NH3,14.3
14,0,3.3,255,44717,9126,44717,9126,5.58967,1.14075,NH3,15.36
15,0,3.3,255,46510,9492,46510,9492,5.81385,1.1865,NH3,16.36
16,0,3.3,255,48279,9852,48279,9852,6.03494,1.23162,NH3,17.35
17,0,3.3,255,50023,10208,50023,10208,6.25299,1.27612,NH3,18.32
18,0,3.3,255,51695,10550,51695,10550,6.46188,1.31875,NH3,19.26
19,0,3.3,255,53321,10882,53321,10882,6.66523,1.36025,NH3,20.16
20,0,3.3,255,54880,11200,54880,11200,6.86,1.4,NH3,21.04
21,0,3.3,255,56394,11509,56394,11509,7.04929,1.43863,NH3,21.88
22,0,3.3,255,57863,11808,57863,11808,7.23299,1.47612,NH3,22.7
23,0,3.3,255,59270,12096,59270,12096,7.4088,1.512,NH3,23.49
24,0,3.3,255,60607,12368,60607,12368,7.57599,1.54612,NH3,24.24
25,0,3.3,255,61901,12632,61901,12632,7.73769,1.57912,NH3,24.96
26,0,3.3,255,63161,12890,63161,12890,7.89513,1.61125,NH3,25.66
27,0,3.3,255,64346,13132,64346,13132,8.04335,1.6415,NH3,26.33
28,0,3.3,255,65464,13360,65464,13360,8.183,1.67,NH3,26.95
29,0,3.3,255,66566,13585,66566,13585,8.32084,1.69813,NH3,27.57
30,0,3.3,255,67625,13801,67625,13801,8.45314,1.72513,NH3,28.16
31,0,3.3,255,68619,14004,68619,14004,8.57745,1.7505,NH3,28.71
32,0,3.3,255,69570,14198,69570,14198,8.69628,1.77475,NH3,29.25
33,0,3.3,255,70476,14382,70476,14382,8.80956,1.79787,NH3,29.75
34,0,3.3,255,71338,14558,71338,14558,8.91736,1.81987,NH3,30.23
35,0,3.3,255,72181,14730,72181,14730,9.02271,1.84137,NH3,30.71
36,0,3.3,255,72955,14888,72955,14888,9.11949,1.86112,NH3,31.14
37,0,3.3,255,73710,15042,73710,15042,9.21381,1.88037,NH3,31.56
38,0,3.3,255,74430,15190,74430,15190,9.30387,1.89875,NH3,31.96
39,0,3.3,255,75097,15326,75097,15326,9.38718,1.91575,NH3,32.34
40,0,3.3,255,75759,15461,75759,15461,9.46989,1.93263,NH3,32.71
41,0,3.3,255,76356,15583,76356,15583,9.54461,1.94788,NH3,33.04
42,0,3.3,255,76935,15701,76935,15701,9.61689,1.96263,NH3,33.36
43,0,3.3,255,77493,15814,77493,15814,9.68666,1.97687,NH3,33.67
44,0,3.3,255,77998,15918,77998,15918,9.74977,1.98975,NH3,33.96
45,0,3.3,255,78492,16018,78492,16018,9.81161,2.00237,NH3,34.23
46,0,3.3,255,78973,16117,78973,16117,9.87169,2.01463,NH3,34.5
47,0,3.3,255,79385,16201,79385,16201,9.92314,2.02513,NH3,34.73
48,0,3.3,255,79806,16286,79806,16286,9.97576,2.03587,NH3,34.97
49,0,3.3,255,80198,16367,80198,16367,10.02481,2.04588,NH3,35.19
50,0,3.3,255,80551,16439,80551,16439,10.06891,2.05488,NH3,35.38
51,0,3.3,255,80899,16510,80899,16510,10.11238,2.06375,NH3,35.58
52,0,3.3,255,81217,16574,81217,16574,10.15216,2.07187,NH3,35.76
53,0,3.3,255,81506,16634,81506,16634,10.18833,2.07925,NH3,35.92
54,0,3.3,255,81781,16690,81781,16690,10.22263,2.08625,NH3,36.07
55,0,3.3,255,82030,16740,82030,16740,10.25384,2.09262,NH3,36.21
56,0,3.3,255,82300,16796,82300,16796,10.28755,2.0995,NH3,36.36
57,0,3.3,255,82535,16844,82535,16844,10.31695,2.1055,NH3,36.49
58,0,3.3,255,82717,16881,82717,16881,10.33964,2.11013,NH3,36.59
59,0,3.3,255,82893,16917,82893,16917,10.36169,2.11463,NH3,36.69
60,0,3.3,255,83060,16951,83060,16951,10.38251,2.11888,NH3,36.79
61,0,3.3,255,83211,16982,83211,16982,10.40147,2.12275,NH3,36.87
62,0,3.3,255,83334,17007,83334,17007,10.41681,2.12588,NH3,36.94
63,0,3.3,255,83461,17033,83461,17033,10.43274,2.12913,NH3,37.01
64,0,3.3,255,83579,17056,83579,17056,10.44739,2.13212,NH3,37.08
65,0,3.3,255,83696,17080,83696,17080,10.46209,2.13512,NH3,37.14
66,0,3.3,255,83785,17099,83785,17099,10.47316,2.13738,NH3,37.19
67,0,3.3,255,83873,17117,83873,17117,10.48419,2.13963,NH3,37.24
68,0,3.3,255,83946,17132,83946,17132,10.49335,2.1415,NH3,37.28
69,0,3.3,255,84030,17149,84030,17149,10.50379,2.14363,NH3,37.33
70,0,3.3,255,84084,17160,84084,17160,10.5105,2.145,NH3,37.36
71,0,3.3,255,84142,17172,84142,17172,10.51785,2.1465,NH3,37.39
72,0,3.3,255,84182,17180,84182,17180,10.52275,2.1475,NH3,37.41
73,0,3.3,255,84240,17192,84240,17192,10.5301,2.149,NH3,37.45
74,0,3.3,255,84294,17202,84294,17202,10.53681,2.15037,NH3,37.48
75,0,3.3,255,84304,17204,84304,17204,10.53804,2.15062,NH3,37.48
76,0,3.3,255,84343,17213,84343,17213,10.54299,2.15163,NH3,37.5
77,0,3.3,255,84368,17218,84368,17218,10.54603,2.15225,NH3,37.52
78,0,3.3,255,84387,17222,84387,17222,10.54848,2.15275,NH3,37.53
79,0,3.3,255,84412,17227,84412,17227,10.55156,2.15338,NH3,37.54
80,0,3.3,255,84427,17230,84427,17230,10.55338,2.15375,NH3,37.55
81,0,3.3,255,84432,17231,84432,17231,10.55401,2.15388,NH3,37.55
82,0,3.3,255,84436,17232,84436,17232,10.5546,2.154,NH3,37.56
83,0,3.3,255,84432,17231,84432,17231,10.55401,2.15388,NH3,37.55
84,0,3.3,255,84432,17231,84432,17231,10.55401,2.15388,NH3,37.55
85,0,3.3,255,84436,17232,84436,17232,10.5546,2.154,NH3,37.56
86,0,3.3,255,84421,17228,84421,17228,10.55274,2.15362,NH3,37.55
87,0,3.3,255,84417,17228,84417,17228,10.55215,2.1535,NH3,37.54
88,0,3.3,255,84412,17227,84412,17227,10.55156,2.15338,NH3,37.54
89,0,3.3,255,84402,17225,84402,17225,10.55034,2.15313,NH3,37.54
90,0,3.3,255,84392,17222,84392,17222,10.54906,2.15287,NH3,37.53
91,0,3.3,255,84387,17222,84387,17222,10.54848,2.15275,NH3,37.53
92,0,3.3,255,84368,17218,84368,17218,10.54603,2.15225,NH3,37.52
93,0,3.3,255,84363,17216,84363,17216,10.54539,2.15212,NH3,37.51
94,0,3.3,255,84333,17210,84333,17210,10.54171,2.15137,NH3,37.5
95,0,3.3,255,84314,17207,84314,17207,10.53931,2.15088,NH3,37.49
96,0,3.3,255,84304,17204,84304,17204,10.53804,2.15062,NH3,37.48
97,0,3.3,255,84285,17201,84285,17201,10.53564,2.15013,NH3,37.47
98,0,3.3,255,84250,17194,84250,17194,10.53133,2.14925,NH3,37.45
99,0,3.3,255,84182,17180,84182,17180,10.52275,2.1475,NH3,37.41
100,0,3.3,255,84206,17184,84206,17184,10.52579,2.14812,NH3,37.43
101,0,3.3,255,84201,17184,84201,17184,10.5252,2.148,NH3,37.42
102,0,3.3,255,84133,17170,84133,17170,10.51663,2.14625,NH3,37.39
103,0,3.3,255,84074,17158,84074,17158,10.50928,2.14475,NH3,37.35
104,0,3.3,255,84113,17166,84113,17166,10.51418,2.14575,NH3,37.37
105,0,3.3,255,84098,17163,84098,17163,10.51236,2.14538,NH3,37.37
106,0,3.3,255,84010,17144,84010,17144,10.50129,2.14312,NH3,37.32
107,0,3.3,255,84015,17146,84015,17146,10.50193,2.14325,NH3,37.32
108,0,3.3,255,84020,17146,84020,17146,10.50251,2.14337,NH3,37.32
109,0,3.3,255,83995,17142,83995,17142,10.49948,2.14275,NH3,37.31
110,0,3.3,255,83961,17135,83961,17135,10.49521,2.14188,NH3,37.29
111,0,3.3,255,83907,17124,83907,17124,10.48845,2.1405,NH3,37.26
112,0,3.3,255,83888,17120,83888,17120,10.486,2.14,NH3,37.25
113,0,3.3,255,83907,17124,83907,17124,10.48845,2.1405,NH3,37.26
114,0,3.3,255,83873,17117,83873,17117,10.48419,2.13963,NH3,37.24
115,0,3.3,255,83834,17109,83834,17109,10.47929,2.13863,NH3,37.22
116,0,3.3,255,83760,17094,83760,17094,10.47008,2.13675,NH3,37.18
117,0,3.3,255,83750,17092,83750,17092,10.46885,2.1365,NH3,37.17
118,0,3.3,255,83672,17076,83672,17076,10.45905,2.1345,NH3,37.13
119,0,3.3,255,83706,17082,83706,17082,10.46331,2.13537,NH3,37.15
120,0,3.3,255,83657,17073,83657,17073,10.45724,2.13413,NH3,37.12
121,0,3.3,255,83559,17053,83559,17053,10.44499,2.13163,NH3,37.07
122,0,3.3,255,83554,17052,83554,17052,10.44435,2.1315,NH3,37.06
123,0,3.3,255,83535,17048,83535,17048,10.4419,2.131,NH3,37.05
124,0,3.3,255,83510,17042,83510,17042,10.43881,2.13037,NH3,37.04
125,0,0.0,0,97681,19934,97681,19934,12.21016,2.49187,NH3,44.96
126,0,0.0,0,95437,19477,95437,19477,11.92969,2.43463,NH3,43.7
127,0,0.0,0,92531,18884,92531,18884,11.56645,2.3605,NH3,42.08
128,0,0.0,0,89723,18310,89723,18310,11.21546,2.28887,NH3,40.51
129,0,0.0,0,86999,17754,86999,17754,10.87491,2.21937,NH3,38.99
130,0,0.0,0,84427,17230,84427,17230,10.55338,2.15375,NH3,37.55
131,0,0.0,0,81825,16699,81825,16699,10.22816,2.08738,NH3,36.1
132,0,0.0,0,79399,16204,79399,16204,9.92495,2.0255,NH3,34.74
133,0,0.0,0,77086,15732,77086,15732,9.63585,1.9665,NH3,33.45
134,0,0.0,0,74852,15276,74852,15276,9.35655,1.9095,NH3,32.2
135,0,0.0,0,72745,14846,72745,14846,9.09318,1.85575,NH3,31.02
136,0,0.0,0,70667,14422,70667,14422,8.83348,1.80275,NH3,29.86
137,0,0.0,0,68688,14018,68688,14018,8.58603,1.75225,NH3,28.75
138,0,0.0,0,66801,13632,66801,13632,8.35019,1.70412,NH3,27.7
139,0,0.0,0,64998,13265,64998,13265,8.12484,1.65813,NH3,26.69
140,0,0.0,0,63268,12912,63268,12912,7.9086,1.614,NH3,25.72
141,0,0.0,0,61593,12570,61593,12570,7.69913,1.57125,NH3,24.79
142,0,0.0,0,60010,12246,60010,12246,7.50126,1.53087,NH3,23.9
143,0,0.0,0,58471,11932,58471,11932,7.30894,1.49162,NH3,23.04
144,0,0.0,0,56987,11630,56987,11630,7.12338,1.45375,NH3,22.21
145,0,0.0,0,55610,11349,55610,11349,6.95129,1.41863,NH3,21.44
146,0,0.0,0,54267,11074,54267,11074,6.78341,1.38437,NH3,20.69
147,0,0.0,0,53003,10817,53003,10817,6.62544,1.35213,NH3,19.99
148,0,0.0,0,51738,10558,51738,10558,6.46736,1.31987,NH3,19.28
149,0,0.0,0,50577,10322,50577,10322,6.32222,1.29025,NH3,18.63
150,0,0.0,0,49436,10089,49436,10089,6.17954,1.26113,NH3,17.99
151,0,0.0,0,48353,9868,48353,9868,6.04415,1.2335,NH3,17.39
152,0,0.0,0,47319,9657,47319,9657,5.91494,1.20713,NH3,16.81
153,0,0.0,0,46324,9454,46324,9454,5.79058,1.18175,NH3,16.25
154,0,0.0,0,45359,9256,45359,9256,5.66989,1.15712,NH3,15.71
155,0,0.0,0,44418,9064,44418,9064,5.55229,1.13312,NH3,15.19
156,0,0.0,0,43551,8888,43551,8888,5.4439,1.111,NH3,14.7
157,0,0.0,0,42693,8712,42693,8712,5.33669,1.08912,NH3,14.22
158,0,0.0,0,41870,8544,41870,8544,5.23379,1.06812,NH3,13.76
159,0,0.0,0,41071,8382,41071,8382,5.13398,1.04775,NH3,13.32
160,0,0.0,0,40327,8230,40327,8230,5.04088,1.02875,NH3,12.9
161,0,0.0,0,39621,8086,39621,8086,4.95268,1.01075,NH3,12.51
162,0,0.0,0,38910,7940,38910,7940,4.86384,0.99262,NH3,12.11
163,0,0.0,0,38229,7802,38229,7802,4.77872,0.97525,NH3,11.73
164,0,0.0,0,37612,7676,37612,7676,4.70155,0.9595,NH3,11.38
165,0,0.0,0,36946,7540,36946,7540,4.61825,0.9425,NH3,11.01
166,0,0.0,0,36372,7423,36372,7423,4.54661,0.92788,NH3,10.69
167,0,0.0,0,35794,7304,35794,7304,4.47429,0.91312,NH3,10.37
168,0,0.0,0,35235,7190,35235,7190,4.40446,0.89887,NH3,10.06
169,0,0.0,0,34706,7083,34706,7083,4.33836,0.88538,NH3,9.76
170,0,0.0,0,34211,6982,34211,6982,4.27648,0.87275,NH3,9.48
171,0,0.0,0,33707,6879,33707,6879,4.21341,0.85988,NH3,9.2
172,0,0.0,0,33231,6782,33231,6782,4.15397,0.84775,NH3,8.94
173,0,0.0,0,32776,6689,32776,6689,4.09704,0.83613,NH3,8.68
174,0,0.0,0,32344,6600,32344,6600,4.04309,0.82512,NH3,8.44
175,0,0.0,0,31894,6509,31894,6509,3.98679,0.81363,NH3,8.19
176,0,0.0,0,31487,6426,31487,6426,3.93593,0.80325,NH3,7.96
177,0,0.0,0,31095,6346,31095,6346,3.88693,0.79325,NH3,7.74
178,0,0.0,0,30698,6265,30698,6265,3.83734,0.78313,NH3,7.52
179,0,0.0,0,30340,6192,30340,6192,3.7926,0.774,NH3,7.32
180,0,0.0,0,29988,6120,29988,6120,3.7485,0.765,NH3,7.12
181,0,0.0,0,29635,6048,29635,6048,3.7044,0.756,NH3,6.93
182,0,0.0,0,29302,5980,29302,5980,3.66275,0.7475,NH3,6.74
183,0,0.0,0,28968,5912,28968,5912,3.6211,0.739,NH3,6.55
184,0,0.0,0,28655,5848,28655,5848,3.5819,0.731,NH3,6.38
185,0,0.0,0,28346,5785,28346,5785,3.54334,0.72313,NH3,6.21
186,0,0.0,0,28077,5730,28077,5730,3.50963,0.71625,NH3,6.06
187,0,0.0,0,27773,5668,27773,5668,3.47165,0.7085,NH3,5.89
188,0,0.0,0,27493,5610,27493,5610,3.43671,0.70137,NH3,5.73
189,0,0.0,0,27214,5554,27214,5554,3.40183,0.69425,NH3,5.57
190,0,0.0,0,26999,5510,26999,5510,3.37488,0.68875,NH3,5.45
191,0,0.0,0,26749,5459,26749,5459,3.34366,0.68238,NH3,5.31
192,0,0.0,0,26499,5408,26499,5408,3.3124,0.676,NH3,5.17
193,0,0.0,0,26254,5358,26254,5358,3.28178,0.66975,NH3,5.04
194,0,0.0,0,26038,5314,26038,5314,3.25483,0.66425,NH3,4.92
195,0,0.0,0,25823,5270,25823,5270,3.22788,0.65875,NH3,4.8
196,0,0.0,0,25597,5224,25597,5224,3.1997,0.653,NH3,4.67
197,0,0.0,0,25396,5182,25396,5182,3.17456,0.64787,NH3,4.56
198,0,0.0,0,25225,5148,25225,5148,3.15315,0.6435,NH3,4.46
199,0,0.0,0,25033,5108,25033,5108,3.12924,0.63862,NH3,4.35
200,0,0.0,0,24852,5072,24852,5072,3.1066,0.634,NH3,4.25
201,0,0.0,0,24637,5028,24637,5028,3.07965,0.6285,NH3,4.13
202,0,0.0,0,24480,4996,24480,4996,3.06005,0.6245,NH3,4.04
203,0,0.0,0,24309,4961,24309,4961,3.03864,0.62013,NH3,3.95
204,0,0.0,0,24147,4928,24147,4928,3.0184,0.616,NH3,3.86
205,0,0.0,0,23980,4894,23980,4894,2.99758,0.61175,NH3,3.77
206,0,0.0,0,23814,4860,23814,4860,2.97675,0.6075,NH3,3.67
207,0,0.0,0,23672,4831,23672,4831,2.95901,0.60388,NH3,3.59
208,0,0.0,0,23534,4802,23534,4802,2.94181,0.60037,NH3,3.52
209,0,0.0,0,23402,4776,23402,4776,2.9253,0.597,NH3,3.44
210,0,0.0,0,23250,4745,23250,4745,2.90634,0.59313,NH3,3.36
211,0,0.0,0,23103,4714,23103,4714,2.88791,0.58937,NH3,3.28
212,0,0.0,0,23030,4700,23030,4700,2.87875,0.5875,NH3,3.23
213,0,0.0,0,22834,4660,22834,4660,2.85425,0.5825,NH3,3.12
214,0,0.0,0,22721,4637,22721,4637,2.84019,0.57963,NH3,3.06
215,0,0.0,0,22603,4613,22603,4613,2.82549,0.57663,NH3,3.0
216,0,0.0,0,22486,4589,22486,4589,2.81079,0.57363,NH3,2.93
217,0,0.0,0,22353,4562,22353,4562,2.79423,0.57025,NH3,2.86
218,0,0.0,0,22270,4544,22270,4544,2.78379,0.56812,NH3,2.81
219,0,0.0,0,22167,4524,22167,4524,2.77095,0.5655,NH3,2.75
220,0,0.0,0,22055,4501,22055,4501,2.75689,0.56263,NH3,2.69
221,0,0.0,0,21937,4477,21937,4477,2.74219,0.55963,NH3,2.62
222,0,0.0,0,21873,4464,21873,4464,2.7342,0.558,NH3,2.59
223,0,0.0,0,21785,4446,21785,4446,2.72317,0.55575,NH3,2.54
224,0,0.0,0,21692,4427,21692,4427,2.71156,0.55338,NH3,2.49
225,0,0.0,0,21579,4404,21579,4404,2.69745,0.5505,NH3,2.42
226,0,0.0,0,21506,4389,21506,4389,2.68829,0.54863,NH3,2.38
227,0,0.0,0,21422,4372,21422,4372,2.67785,0.5465,NH3,2.34
228,0,0.0,0,21358,4358,21358,4358,2.66986,0.54487,NH3,2.3
229,0,0.0,0,21261,4339,21261,4339,2.65766,0.54238,NH3,2.25
230,0,0.0,0,21172,4320,21172,4320,2.64659,0.54012,NH3,2.2
231,0,0.0,0,21089,4304,21089,4304,2.6362,0.538,NH3,2.15
232,0,0.0,0,21015,4288,21015,4288,2.62699,0.53612,NH3,2.11
233,0,0.0,0,20952,4276,20952,4276,2.61905,0.5345,NH3,2.07
234,0,0.0,0,20893,4264,20893,4264,2.6117,0.533,NH3,2.04
235,0,0.0,0,20819,4248,20819,4248,2.60249,0.53112,NH3,2.0
236,0,0.0,0,20766,4238,20766,4238,2.59578,0.52975,NH3,1.97
237,0,0.0,0,20692,4222,20692,4222,2.58656,0.52787,NH3,1.93
238,0,0.0,0,20653,4214,20653,4214,2.58166,0.52687,NH3,1.91
239,0,0.0,0,20589,4202,20589,4202,2.57373,0.52525,NH3,1.87
240,0,0.0,0,20526,4189,20526,4189,2.56579,0.52363,NH3,1.83
241,0,0.0,0,20447,4173,20447,4173,2.55599,0.52163,NH3,1.79
242,0,0.0,0,20403,4164,20403,4164,2.55045,0.5205,NH3,1.77
243,0,0.0,0,20344,4152,20344,4152,2.5431,0.519,NH3,1.73
244,0,0.0,0,20300,4142,20300,4142,2.53756,0.51787,NH3,1.71
245,0,0.0,0,20246,4132,20246,4132,2.53085,0.5165,NH3,1.68
246,0,0.0,0,20207,4124,20207,4124,2.52595,0.5155,NH3,1.66
247,0,0.0,0,20148,4112,20148,4112,2.5186,0.514,NH3,1.62
248,0,0.0,0,20114,4105,20114,4105,2.51434,0.51313,NH3,1.6
249,0,0.0,0,20055,4092,20055,4092,2.50694,0.51162,NH3,1.57
0,0,3.3,255,17257,3522,17257,3522,2.15722,0.44025,NH3,0.01
1,0,3.3,255,18512,3778,18512,3778,2.31402,0.47225,NH3,0.71
2,0,3.3,255,20423,4168,20423,4168,2.5529,0.521,NH3,1.78
3,0,3.3,255,22427,4576,22427,4576,2.80339,0.57212,NH3,2.9
4,0,3.3,255,24460,4992,24460,4992,3.0576,0.624,NH3,4.03
5,0,3.3,255,26523,5413,26523,5413,3.31549,0.67663,NH3,5.19
6,0,3.3,255,28572,5831,28572,5831,3.57151,0.72888,NH3,6.33
7,0,3.3,255,30654,6256,30654,6256,3.8318,0.782,NH3,7.5
8,0,3.3,255,32707,6674,32707,6674,4.08841,0.83437,NH3,8.64
9,0,3.3,255,34736,7089,34736,7089,4.34204,0.88613,NH3,9.78
10,0,3.3,255,36755,7501,36755,7501,4.59439,0.93763,NH3,10.91
11,0,3.3,255,38719,7902,38719,7902,4.83998,0.98775,NH3,12.0
12,0,3.3,255,40679,8302,40679,8302,5.08498,1.03775,NH3,13.1
13,0,3.3,255,42590,8692,42590,8692,5.32385,1.0865,NH3,14.17
14,0,3.3,255,44467,9074,44467,9074,5.55841,1.13437,NH3,15.22
15,0,3.3,255,46295,9448,46295,9448,5.7869,1.181,NH3,16.24
16,0,3.3,255,48083,9813,48083,9813,6.01049,1.22663,NH3,17.24
17,0,3.3,255,49808,10164,49808,10164,6.22604,1.27062,NH3,18.2
18,0,3.3,255,51469,10504,51469,10504,6.4337,1.313,NH3,19.13
19,0,3.3,255,53116,10840,53116,10840,6.6395,1.355,NH3,20.05
20,0,3.3,255,54703,11164,54703,11164,6.83795,1.3955,NH3,20.94
21,0,3.3,255,56188,11467,56188,11467,7.02356,1.43338,NH3,21.77
22,0,3.3,255,57658,11766,57658,11766,7.20726,1.47087,NH3,22.59
23,0,3.3,255,59010,12042,59010,12042,7.37631,1.50537,NH3,23.34
24,0,3.3,255,60343,12314,60343,12314,7.54291,1.53937,NH3,24.09
25,0,3.3,255,61637,12579,61637,12579,7.70466,1.57238,NH3,24.81
26,0,3.3,255,62857,12828,62857,12828,7.85715,1.6035,NH3,25.49
27,0,3.3,255,64018,13064,64018,13064,8.00229,1.63312,NH3,26.14
28,0,3.3,255,65160,13298,65160,13298,8.14503,1.66225,NH3,26.78
29,0,3.3,255,66223,13515,66223,13515,8.27796,1.68938,NH3,27.38
30,0,3.3,255,67252,13724,67252,13724,8.40654,1.71562,NH3,27.95
31,0,3.3,255,68242,13926,68242,13926,8.53026,1.74087,NH3,28.5
32,0,3.3,255,69188,14120,69188,14120,8.6485,1.765,NH3,29.03
33,0,3.3,255,70050,14296,70050,14296,8.7563,1.787,NH3,29.51
34,0,3.3,255,70927,14474,70927,14474,8.86591,1.80937,NH3,30.0
35,0,3.3,255,71750,14643,71750,14643,8.96886,1.83038,NH3,30.47
36,0,3.3,255,72539,14804,72539,14804,9.06745,1.8505,NH3,30.91
37,0,3.3,255,73333,14966,73333,14966,9.16667,1.87075,NH3,31.35
38,0,3.3,255,74033,15108,74033,15108,9.25424,1.88862,NH3,31.74
39,0,3.3,255,74715,15248,74715,15248,9.3394,1.906,NH3,32.12
40,0,3.3,255,75342,15376,75342,15376,9.4178,1.922,NH3,32.47
41,0,3.3,255,75959,15502,75959,15502,9.49498,1.93775,NH3,32.82
42,0,3.3,255,76532,15618,76532,15618,9.56661,1.95237,NH3,33.14
43,0,3.3,255,77037,15722,77037,15722,9.62973,1.96525,NH3,33.42
44,0,3.3,255,77557,15828,77557,15828,9.69465,1.9785,NH3,33.71
45,0,3.3,255,78052,15929,78052,15929,9.75654,1.99113,NH3,33.99
46,0,3.3,255,78581,16036,78581,16036,9.82264,2.00462,NH3,34.28
47,0,3.3,255,79017,16126,79017,16126,9.87718,2.01575,NH3,34.53
48,0,3.3,255,79419,16207,79419,16207,9.9274,2.026,NH3,34.75
49,0,3.3,255,79806,16286,79806,16286,9.97576,2.03587,NH3,34.97
50,0,3.3,255,80129,16353,80129,16353,10.01624,2.04413,NH3,35.15
51,0,3.3,255,80462,16420,80462,16420,10.05784,2.05262,NH3,35.33
52,0,3.3,255,80810,16492,80810,16492,10.10135,2.0615,NH3,35.53
53,0,3.3,255,81124,16556,81124,16556,10.14055,2.0695,NH3,35.7
54,0,3.3,255,81394,16611,81394,16611,10.17426,2.07638,NH3,35.85
55,0,3.3,255,81692,16672,81692,16672,10.2116,2.084,NH3,36.02
56,0,3.3,255,81918,16718,81918,16718,10.23977,2.08975,NH3,36.15
57,0,3.3,255,82099,16754,82099,16754,10.26241,2.09437,NH3,36.25
58,0,3.3,255,82354,16806,82354,16806,10.29426,2.10087,NH3,36.39
59,0,3.3,255,82516,16840,82516,16840,10.3145,2.105,NH3,36.48
60,0,3.3,255,82663,16870,82663,16870,10.33288,2.10875,NH3,36.56
61,0,3.3,255,82829,16904,82829,16904,10.3537,2.113,NH3,36.66
62,0,3.3,255,83006,16940,83006,16940,10.37575,2.1175,NH3,36.76
63,0,3.3,255,83143,16968,83143,16968,10.3929,2.121,NH3,36.83
64,0,3.3,255,83300,17000,83300,17000,10.4125,2.125,NH3,36.92
65,0,3.3,255,83451,17030,83451,17030,10.43146,2.12887,NH3,37.0
66,0,3.3,255,83549,17050,83549,17050,10.44371,2.13137,NH3,37.06
67,0,3.3,255,83662,17074,83662,17074,10.45783,2.13425,NH3,37.12
68,0,3.3,255,83672,17076,83672,17076,10.45905,2.1345,NH3,37.13
69,0,3.3,255,83824,17106,83824,17106,10.47801,2.13837,NH3,37.21
70,0,3.3,255,83897,17122,83897,17122,10.48723,2.14025,NH3,37.25
71,0,3.3,255,83912,17124,83912,17124,10.48904,2.14062,NH3,37.26
72,0,3.3,255,83990,17140,83990,17140,10.49884,2.14262,NH3,37.31
73,0,3.3,255,84064,17156,84064,17156,10.50805,2.1445,NH3,37.35
74,0,3.3,255,84137,17170,84137,17170,10.51721,2.14637,NH3,37.39
75,0,3.3,255,84147,17172,84147,17172,10.51844,2.14662,NH3,37.39
76,0,3.3,255,84142,17172,84142,17172,10.51785,2.1465,NH3,37.39
77,0,3.3,255,84176,17178,84176,17178,10.52211,2.14737,NH3,37.41
78,0,3.3,255,84280,17200,84280,17200,10.535,2.15,NH3,37.47
79,0,3.3,255,84285,17201,84285,17201,10.53564,2.15013,NH3,37.47
80,0,3.3,255,84299,17204,84299,17204,10.53745,2.1505,NH3,37.48
81,0,3.3,255,84265,17196,84265,17196,10.53314,2.14962,NH3,37.46
82,0,3.3,255,84285,17201,84285,17201,10.53564,2.15013,NH3,37.47
83,0,3.3,255,84289,17202,84289,17202,10.53623,2.15025,NH3,37.47
84,0,3.3,255,84343,17213,84343,17213,10.54299,2.15163,NH3,37.5
85,0,3.3,255,84329,17210,84329,17210,10.54113,2.15125,NH3,37.5
86,0,3.3,255,84319,17208,84319,17208,10.5399,2.151,NH3,37.49
87,0,3.3,255,84275,17199,84275,17199,10.53441,2.14988,NH3,37.47
88,0,3.3,255,84275,17199,84275,17199,10.53441,2.14988,NH3,37.47
89,0,3.3,255,84285,17201,84285,17201,10.53564,2.15013,NH3,37.47
90,0,3.3,255,84309,17206,84309,17206,10.53868,2.15075,NH3,37.48
91,0,3.3,255,84314,17207,84314,17207,10.53931,2.15088,NH3,37.49
92,0,3.3,255,84294,17202,84294,17202,10.53681,2.15037,NH3,37.48
93,0,3.3,255,84270,17198,84270,17198,10.53378,2.14975,NH3,37.46
94,0,3.3,255,84201,17184,84201,17184,10.5252,2.148,NH3,37.42
95,0,3.3,255,84182,17180,84182,17180,10.52275,2.1475,NH3,37.41
96,0,3.3,255,84187,17181,84187,17181,10.52339,2.14763,NH3,37.42
97,0,3.3,255,84211,17186,84211,17186,10.52643,2.14825,NH3,37.43
98,0,3.3,255,84182,17180,84182,17180,10.52275,2.1475,NH3,37.41
99,0,3.3,255,84172,17178,84172,17178,10.52153,2.14725,NH3,37.41
100,0,3.3,255,84108,17164,84108,17164,10.51354,2.14562,NH3,37.37
101,0,3.3,255,84089,17161,84089,17161,10.51114,2.14513,NH3,37.36
102,0,3.3,255,84074,17158,84074,17158,10.50928,2.14475,NH3,37.35
103,0,3.3,255,84108,17164,84108,17164,10.51354,2.14562,NH3,37.37
104,0,3.3,255,84059,17155,84059,17155,10.50746,2.14438,NH3,37.34
105,0,3.3,255,84039,17150,84039,17150,10.50496,2.14387,NH3,37.33
106,0,3.3,255,84020,17146,84020,17146,10.50251,2.14337,NH3,37.32
107,0,3.3,255,83942,17131,83942,17131,10.49276,2.14138,NH3,37.28
108,0,3.3,255,83951,17132,83951,17132,10.49394,2.14162,NH3,37.28
109,0,3.3,255,83946,17132,83946,17132,10.49335,2.1415,NH3,37.28
110,0,3.3,255,83878,17118,83878,17118,10.48477,2.13975,NH3,37.24
111,0,3.3,255,83868,17116,83868,17116,10.48355,2.1395,NH3,37.24
112,0,3.3,255,83858,17114,83858,17114,10.48233,2.13925,NH3,37.23
113,0,3.3,255,83848,17112,83848,17112,10.4811,2.139,NH3,37.23
114,0,3.3,255,83765,17094,83765,17094,10.47066,2.13687,NH3,37.18
115,0,3.3,255,83785,17099,83785,17099,10.47316,2.13738,NH3,37.19
116,0,3.3,255,83726,17086,83726,17086,10.46576,2.13587,NH3,37.16
117,0,3.3,255,83755,17092,83755,17092,10.46944,2.13662,NH3,37.17
118,0,3.3,255,83711,17084,83711,17084,10.46395,2.1355,NH3,37.15
119,0,3.3,255,83623,17066,83623,17066,10.45293,2.13325,NH3,37.1
120,0,3.3,255,83613,17064,83613,17064,10.4517,2.133,NH3,37.1
121,0,3.3,255,83628,17067,83628,17067,10.45356,2.13338,NH3,37.1
122,0,3.3,255,83549,17050,83549,17050,10.44371,2.13137,NH3,37.06
123,0,3.3,255,83554,17052,83554,17052,10.44435,2.1315,NH3,37.06
124,0,3.3,255,83535,17048,83535,17048,10.4419,2.131,NH3,37.05
125,0,0.0,0,97750,19949,97750,19949,12.21879,2.49363,NH3,45.0
126,0,0.0,0,95501,19490,95501,19490,11.93763,2.43625,NH3,43.74
127,0,0.0,0,92605,18899,92605,18899,11.57566,2.36238,NH3,42.12
128,0,0.0,0,89777,18322,89777,18322,11.22222,2.29025,NH3,40.54
129,0,0.0,0,87048,17765,87048,17765,10.88109,2.22063,NH3,39.02
130,0,0.0,0,84432,17231,84432,17231,10.55401,2.15388,NH3,37.55
131,0,0.0,0,81913,16716,81913,16716,10.23914,2.08962,NH3,36.14
132,0,0.0,0,79502,16225,79502,16225,9.93784,2.02813,NH3,34.8
133,0,0.0,0,77160,15746,77160,15746,9.64501,1.96837,NH3,33.49
134,0,0.0,0,74930,15292,74930,15292,9.36635,1.9115,NH3,32.24
135,0,0.0,0,72770,14851,72770,14851,9.09626,1.85638,NH3,31.03
136,0,0.0,0,70726,14434,70726,14434,8.84083,1.80425,NH3,29.89
137,0,0.0,0,68766,14034,68766,14034,8.59583,1.75425,NH3,28.8
138,0,0.0,0,66865,13646,66865,13646,8.35818,1.70575,NH3,27.73
139,0,0.0,0,65047,13275,65047,13275,8.13096,1.65938,NH3,26.72
140,0,0.0,0,63317,12922,63317,12922,7.91473,1.61525,NH3,25.75
141,0,0.0,0,61656,12583,61656,12583,7.70711,1.57288,NH3,24.82
142,0,0.0,0,60039,12253,60039,12253,7.50499,1.53163,NH3,23.92
143,0,0.0,0,58506,11940,58506,11940,7.31325,1.4925,NH3,23.06
144,0,0.0,0,57041,11641,57041,11641,7.13014,1.45513,NH3,22.24
145,0,0.0,0,55639,11355,55639,11355,6.95496,1.41938,NH3,21.46
146,0,0.0,0,54296,11080,54296,11080,6.78709,1.38512,NH3,20.71
147,0,0.0,0,53008,10818,53008,10818,6.62603,1.35225,NH3,19.99
148,0,0.0,0,51763,10564,51763,10564,6.47045,1.3205,NH3,19.29
149,0,0.0,0,50582,10323,50582,10323,6.32286,1.29038,NH3,18.63
150,0,0.0,0,49441,10090,49441,10090,6.18013,1.26125,NH3,18.0
151,0,0.0,0,48362,9870,48362,9870,6.04537,1.23375,NH3,17.39
152,0,0.0,0,47334,9660,47334,9660,5.91675,1.2075,NH3,16.82
153,0,0.0,0,46314,9452,46314,9452,5.78935,1.1815,NH3,16.25
154,0,0.0,0,45354,9256,45354,9256,5.6693,1.157,NH3,15.71
155,0,0.0,0,44438,9069,44438,9069,5.55479,1.13363,NH3,15.2
156,0,0.0,0,43541,8886,43541,8886,5.44267,1.11075,NH3,14.7
157,0,0.0,0,42688,8712,42688,8712,5.3361,1.089,NH3,14.22
158,0,0.0,0,41870,8544,41870,8544,5.23379,1.06812,NH3,13.76
159,0,0.0,0,41081,8384,41081,8384,5.1352,1.048,NH3,13.32
160,0,0.0,0,40336,8232,40336,8232,5.0421,1.029,NH3,12.91
161,0,0.0,0,39611,8084,39611,8084,4.95145,1.0105,NH3,12.5
162,0,0.0,0,38901,7939,38901,7939,4.86266,0.99238,NH3,12.1
163,0,0.0,0,38244,7805,38244,7805,4.78059,0.97563,NH3,11.74
164,0,0.0,0,37583,7670,37583,7670,4.69788,0.95875,NH3,11.37
165,0,0.0,0,36975,7546,36975,7546,4.62193,0.94325,NH3,11.03
166,0,0.0,0,36382,7424,36382,7424,4.54779,0.92812,NH3,10.7
167,0,0.0,0,35779,7302,35779,7302,4.47248,0.91275,NH3,10.36
168,0,0.0,0,35235,7190,35235,7190,4.40446,0.89887,NH3,10.06
169,0,0.0,0,34731,7088,34731,7088,4.3414,0.886,NH3,9.77
170,0,0.0,0,34197,6979,34197,6979,4.27466,0.87238,NH3,9.48
171,0,0.0,0,33707,6879,33707,6879,4.21341,0.85988,NH3,9.2
172,0,0.0,0,33246,6785,33246,6785,4.15584,0.84813,NH3,8.94
173,0,0.0,0,32781,6690,32781,6690,4.09763,0.83625,NH3,8.68
174,0,0.0,0,32330,6598,32330,6598,4.04128,0.82475,NH3,8.43
175,0,0.0,0,31913,6512,31913,6512,3.98919,0.81412,NH3,8.2
176,0,0.0,0,31482,6424,31482,6424,3.93529,0.80312,NH3,7.96
177,0,0.0,0,31080,6342,31080,6342,3.88506,0.79287,NH3,7.73
178,0,0.0,0,30698,6265,30698,6265,3.83734,0.78313,NH3,7.52
179,0,0.0,0,30321,6188,30321,6188,3.79015,0.7735,NH3,7.31
180,0,0.0,0,29953,6113,29953,6113,3.74424,0.76413,NH3,7.1
181,0,0.0,0,29620,6044,29620,6044,3.70254,0.75562,NH3,6.92
182,0,0.0,0,29282,5976,29282,5976,3.6603,0.747,NH3,6.73
183,0,0.0,0,28953,5908,28953,5908,3.61924,0.73862,NH3,6.55
184,0,0.0,0,28650,5847,28650,5847,3.58131,0.73088,NH3,6.38
185,0,0.0,0,28341,5784,28341,5784,3.5427,0.723,NH3,6.2
186,0,0.0,0,28042,5722,28042,5722,3.50531,0.71537,NH3,6.04
187,0,0.0,0,27763,5666,27763,5666,3.47043,0.70825,NH3,5.88
188,0,0.0,0,27489,5610,27489,5610,3.43613,0.70125,NH3,5.73
189,0,0.0,0,27239,5559,27239,5559,3.40491,0.69488,NH3,5.59
190,0,0.0,0,26964,5503,26964,5503,3.37061,0.68788,NH3,5.43
191,0,0.0,0,26719,5453,26719,5453,3.33999,0.68163,NH3,5.3
192,0,0.0,0,26479,5404,26479,5404,3.30995,0.6755,NH3,5.16
193,0,0.0,0,26254,5358,26254,5358,3.28178,0.66975,NH3,5.04
194,0,0.0,0,26048,5316,26048,5316,3.25605,0.6645,NH3,4.92
195,0,0.0,0,25813,5268,25813,5268,3.22665,0.6585,NH3,4.79
196,0,0.0,0,25597,5224,25597,5224,3.1997,0.653,NH3,4.67
197,0,0.0,0,25387,5181,25387,5181,3.17339,0.64763,NH3,4.55
198,0,0.0,0,25195,5142,25195,5142,3.14948,0.64275,NH3,4.44
199,0,0.0,0,24990,5100,24990,5100,3.12375,0.6375,NH3,4.33
200,0,0.0,0,24823,5066,24823,5066,3.10292,0.63325,NH3,4.24
201,0,0.0,0,24637,5028,24637,5028,3.07965,0.6285,NH3,4.13
202,0,0.0,0,24456,4991,24456,4991,3.05701,0.62388,NH3,4.03
203,0,0.0,0,24284,4956,24284,4956,3.03555,0.6195,NH3,3.94
204,0,0.0,0,24127,4924,24127,4924,3.01595,0.6155,NH3,3.85
205,0,0.0,0,23970,4892,23970,4892,2.99635,0.6115,NH3,3.76
206,0,0.0,0,23804,4858,23804,4858,2.97553,0.60725,NH3,3.67
207,0,0.0,0,23622,4820,23622,4820,2.95284,0.60262,NH3,3.57
208,0,0.0,0,23490,4794,23490,4794,2.93633,0.59925,NH3,3.49
209,0,0.0,0,23358,4767,23358,4767,2.91981,0.59588,NH3,3.42
210,0,0.0,0,23235,4742,23235,4742,2.90448,0.59275,NH3,3.35
211,0,0.0,0,23093,4713,23093,4713,2.88674,0.58913,NH3,3.27
212,0,0.0,0,22971,4688,22971,4688,2.8714,0.586,NH3,3.2
213,0,0.0,0,22828,4658,22828,4658,2.85361,0.58237,NH3,3.12
214,0,0.0,0,22711,4634,22711,4634,2.83891,0.57937,NH3,3.06
215,0,0.0,0,22593,4610,22593,4610,2.82421,0.57637,NH3,2.99
216,0,0.0,0,22486,4589,22486,4589,2.81079,0.57363,NH3,2.93
217,0,0.0,0,22368,4565,22368,4565,2.79609,0.57063,NH3,2.86
218,0,0.0,0,22255,4542,22255,4542,2.78198,0.56775,NH3,2.8
219,0,0.0,0,22148,4520,22148,4520,2.7685,0.565,NH3,2.74
220,0,0.0,0,22050,4500,22050,4500,2.75625,0.5625,NH3,2.69
221,0,0.0,0,21942,4478,21942,4478,2.74277,0.55975,NH3,2.63
222,0,0.0,0,21854,4460,21854,4460,2.73175,0.5575,NH3,2.58
223,0,0.0,0,21751,4439,21751,4439,2.71891,0.55488,NH3,2.52
224,0,0.0,0,21667,4422,21667,4422,2.70847,0.55275,NH3,2.47
225,0,0.0,0,21579,4404,21579,4404,2.69745,0.5505,NH3,2.42
226,0,0.0,0,21491,4386,21491,4386,2.68643,0.54825,NH3,2.37
227,0,0.0,0,21398,4366,21398,4366,2.67476,0.54587,NH3,2.32
228,0,0.0,0,21310,4349,21310,4349,2.66379,0.54363,NH3,2.27
229,0,0.0,0,21226,4332,21226,4332,2.65335,0.5415,NH3,2.23
230,0,0.0,0,21153,4317,21153,4317,2.64419,0.53963,NH3,2.19
231,0,0.0,0,21079,4302,21079,4302,2.63497,0.53775,NH3,2.14
232,0,0.0,0,20991,4284,20991,4284,2.62395,0.5355,NH3,2.09
233,0,0.0,0,20942,4274,20942,4274,2.61783,0.53425,NH3,2.07
234,0,0.0,0,20874,4260,20874,4260,2.60925,0.5325,NH3,2.03
235,0,0.0,0,20819,4248,20819,4248,2.60249,0.53112,NH3,2.0
236,0,0.0,0,20736,4232,20736,4232,2.5921,0.529,NH3,1.95
237,0,0.0,0,20678,4220,20678,4220,2.58475,0.5275,NH3,1.92
238,0,0.0,0,20624,4209,20624,4209,2.57804,0.52613,NH3,1.89
239,0,0.0,0,20560,4196,20560,4196,2.57005,0.5245,NH3,1.85
240,0,0.0,0,20506,4185,20506,4185,2.56334,0.52313,NH3,1.82
241,0,0.0,0,20447,4173,20447,4173,2.55599,0.52163,NH3,1.79
242,0,0.0,0,20393,4162,20393,4162,2.54923,0.52025,NH3,1.76
243,0,0.0,0,20335,4150,20335,4150,2.54188,0.51875,NH3,1.73
244,0,0.0,0,20305,4144,20305,4144,2.5382,0.518,NH3,1.71
245,0,0.0,0,20242,4131,20242,4131,2.53026,0.51638,NH3,1.68
246,0,0.0,0,20173,4116,20173,4116,2.52164,0.51462,NH3,1.64
247,0,0.0,0,20139,4110,20139,4110,2.51738,0.51375,NH3,1.62
248,0,0.0,0,20075,4097,20075,4097,2.50944,0.51213,NH3,1.58
249,0,0.0,0,20041,4090,20041,4090,2.50513,0.51125,NH3,1.56
0,0,3.3,255,17243,3519,17243,3519,2.15541,0.43988,NH3,0.0
1,0,3.3,255,18473,3770,18473,3770,2.30913,0.47125,NH3,0.69
2,0,3.3,255,20403,4164,20403,4164,2.55045,0.5205,NH3,1.77
3,0,3.3,255,22397,4570,22397,4570,2.79971,0.57137,NH3,2.88
4,0,3.3,255,24451,4990,24451,4990,3.05638,0.62375,NH3,4.03
5,0,3.3,255,26489,5406,26489,5406,3.31117,0.67575,NH3,5.17
6,0,3.3,255,28547,5826,28547,5826,3.56842,0.72825,NH3,6.32
7,0,3.3,255,30630,6251,30630,6251,3.82876,0.78138,NH3,7.48
8,0,3.3,255,32688,6671,32688,6671,4.08601,0.83388,NH3,8.63
9,0,3.3,255,34726,7086,34726,7086,4.34076,0.88587,NH3,9.77
10,0,3.3,255,36745,7499,36745,7499,4.59316,0.93738,NH3,10.9
11,0,3.3,255,38729,7904,38729,7904,4.8412,0.988,NH3,12.01
12,0,3.3,255,40664,8298,40664,8298,5.08311,1.03737,NH3,13.09
13,0,3.3,255,42581,8690,42581,8690,5.32263,1.08625,NH3,14.16
14,0,3.3,255,44452,9072,44452,9072,5.5566,1.134,NH3,15.21
15,0,3.3,255,46275,9444,46275,9444,5.78445,1.1805,NH3,16.23
16,0,3.3,255,48069,9810,48069,9810,6.00863,1.22625,NH3,17.23
17,0,3.3,255,49788,10160,49788,10160,6.22359,1.27012,NH3,18.19
18,0,3.3,255,51494,10509,51494,10509,6.43679,1.31363,NH3,19.14
19,0,3.3,255,53125,10842,53125,10842,6.64073,1.35525,NH3,20.06
20,0,3.3,255,54664,11156,54664,11156,6.83305,1.3945,NH3,20.92
21,0,3.3,255,56173,11464,56173,11464,7.0217,1.433,NH3,21.76
22,0,3.3,255,57614,11758,57614,11758,7.20177,1.46975,NH3,22.56
23,0,3.3,255,59001,12041,59001,12041,7.37514,1.50513,NH3,23.34
24,0,3.3,255,60323,12310,60323,12310,7.54046,1.53887,NH3,24.08
25,0,3.3,255,61632,12578,61632,12578,7.70403,1.57225,NH3,24.81
26,0,3.3,255,62842,12824,62842,12824,7.85529,1.60312,NH3,25.49
27,0,3.3,255,64018,13064,64018,13064,8.00229,1.63312,NH3,26.14
28,0,3.3,255,65155,13297,65155,13297,8.14444,1.66213,NH3,26.78
29,0,3.3,255,66198,13510,66198,13510,8.27487,1.68875,NH3,27.36
30,0,3.3,255,67277,13730,67277,13730,8.40963,1.71625,NH3,27.96
31,0,3.3,255,68276,13934,68276,13934,8.53458,1.74175,NH3,28.52
32,0,3.3,255,69227,14128,69227,14128,8.6534,1.766,NH3,29.05
33,0,3.3,255,70094,14304,70094,14304,8.76179,1.78812,NH3,29.54
34,0,3.3,255,70991,14488,70991,14488,8.8739,1.811,NH3,30.04
35,0,3.3,255,71765,14646,71765,14646,8.97068,1.83075,NH3,30.47
36,0,3.3,255,72563,14808,72563,14808,9.07049,1.85112,NH3,30.92
37,0,3.3,255,73328,14964,73328,14964,9.16604,1.87062,NH3,31.35
38,0,3.3,255,74088,15120,74088,15120,9.261,1.89,NH3,31.77
39,0,3.3,255,74754,15256,74754,15256,9.3443,1.907,NH3,32.14
40,0,3.3,255,75386,15384,75386,15384,9.42329,1.92312,NH3,32.5
41,0,3.3,255,75945,15499,75945,15499,9.49316,1.93738,NH3,32.81
42,0,3.3,255,76523,15617,76523,15617,9.56544,1.95213,NH3,33.13
43,0,3.3,255,77130,15740,77130,15740,9.64134,1.96762,NH3,33.47
44,0,3.3,255,77665,15850,77665,15850,9.70813,1.98125,NH3,33.77
45,0,3.3,255,78149,15948,78149,15948,9.76874,1.99362,NH3,34.04
46,0,3.3,255,78610,16042,78610,16042,9.82631,2.00537,NH3,34.3
47,0,3.3,255,78992,16120,78992,16120,9.87409,2.01512,NH3,34.51
48,0,3.3,255,79429,16210,79429,16210,9.92863,2.02625,NH3,34.76
49,0,3.3,255,79830,16292,79830,16292,9.97885,2.0365,NH3,34.98
50,0,3.3,255,80203,16367,80203,16367,10.0254,2.046,NH3,35.19
51,0,3.3,255,80560,16440,80560,16440,10.07009,2.05512,NH3,35.39
52,0,3.3,255,80923,16515,80923,16515,10.11546,2.06438,NH3,35.59
53,0,3.3,255,81207,16573,81207,16573,10.15099,2.07163,NH3,35.75
54,0,3.3,255,81482,16629,81482,16629,10.18529,2.07863,NH3,35.9
55,0,3.3,255,81692,16672,81692,16672,10.2116,2.084,NH3,36.02
56,0,3.3,255,81942,16722,81942,16722,10.24281,2.09037,NH3,36.16
57,0,3.3,255,82197,16774,82197,16774,10.27466,2.09687,NH3,36.3
58,0,3.3,255,82447,16826,82447,16826,10.30593,2.10325,NH3,36.44
59,0,3.3,255,82633,16864,82633,16864,10.3292,2.108,NH3,36.55
60,0,3.3,255,82761,16890,82761,16890,10.34513,2.11125,NH3,36.62
61,0,3.3,255,82951,16928,82951,16928,10.36899,2.11612,NH3,36.73
62,0,3.3,255,83104,16960,83104,16960,10.388,2.12,NH3,36.81
63,0,3.3,255,83255,16990,83255,16990,10.40696,2.12387,NH3,36.9
64,0,3.3,255,83427,17026,83427,17026,10.42843,2.12825,NH3,36.99
65,0,3.3,255,83539,17048,83539,17048,10.44249,2.13112,NH3,37.05
66,0,3.3,255,83589,17059,83589,17059,10.44866,2.13238,NH3,37.08
67,0,3.3,255,83711,17084,83711,17084,10.46395,2.1355,NH3,37.15
68,0,3.3,255,83799,17102,83799,17102,10.47498,2.13775,NH3,37.2
69,0,3.3,255,83907,17124,83907,17124,10.48845,2.1405,NH3,37.26
70,0,3.3,255,84020,17146,84020,17146,10.50251,2.14337,NH3,37.32
71,0,3.3,255,84074,17158,84074,17158,10.50928,2.14475,NH3,37.35
72,0,3.3,255,84147,17172,84147,17172,10.51844,2.14662,NH3,37.39
73,0,3.3,255,84206,17184,84206,17184,10.52579,2.14812,NH3,37.43
74,0,3.3,255,84196,17182,84196,17182,10.52456,2.14787,NH3,37.42
75,0,3.3,255,84250,17194,84250,17194,10.53133,2.14925,NH3,37.45
76,0,3.3,255,84299,17204,84299,17204,10.53745,2.1505,NH3,37.48
77,0,3.3,255,84333,17210,84333,17210,10.54171,2.15137,NH3,37.5
78,0,3.3,255,84412,17227,84412,17227,10.55156,2.15338,NH3,37.54
79,0,3.3,255,84436,17232,84436,17232,10.5546,2.154,NH3,37.56
80,0,3.3,255,84441,17233,84441,17233,10.55524,2.15413,NH3,37.56
81,0,3.3,255,84412,17227,84412,17227,10.55156,2.15338,NH3,37.54
82,0,3.3,255,84432,17231,84432,17231,10.55401,2.15388,NH3,37.55
83,0,3.3,255,84456,17236,84456,17236,10.55705,2.1545,NH3,37.57
84,0,3.3,255,84510,17246,84510,17246,10.56376,2.15587,NH3,37.6
85,0,3.3,255,84500,17245,84500,17245,10.56259,2.15563,NH3,37.59
86,0,3.3,255,84505,17246,84505,17246,10.56317,2.15575,NH3,37.59
87,0,3.3,255,84490,17242,84490,17242,10.56131,2.15537,NH3,37.59
88,0,3.3,255,84432,17231,84432,17231,10.55401,2.15388,NH3,37.55
89,0,3.3,255,84432,17231,84432,17231,10.55401,2.15388,NH3,37.55
90,0,3.3,255,84456,17236,84456,17236,10.55705,2.1545,NH3,37.57
91,0,3.3,255,84436,17232,84436,17232,10.5546,2.154,NH3,37.56
92,0,3.3,255,84466,17238,84466,17238,10.55828,2.15475,NH3,37.57
93,0,3.3,255,84466,17238,84466,17238,10.55828,2.15475,NH3,37.57
94,0,3.3,255,84446,17234,84446,17234,10.55583,2.15425,NH3,37.56
95,0,3.3,255,84387,17222,84387,17222,10.54848,2.15275,NH3,37.53
96,0,3.3,255,84387,17222,84387,17222,10.54848,2.15275,NH3,37.53
97,0,3.3,255,84421,17228,84421,17228,10.55274,2.15362,NH3,37.55
98,0,3.3,255,84402,17225,84402,17225,10.55034,2.15313,NH3,37.54
99,0,3.3,255,84348,17214,84348,17214,10.54358,2.15175,NH3,37.51
100,0,3.3,255,84309,17206,84309,17206,10.53868,2.15075,NH3,37.48
101,0,3.3,255,84304,17204,84304,17204,10.53804,2.15062,NH3,37.48
102,0,3.3,255,84289,17202,84289,17202,10.53623,2.15025,NH3,37.47
103,0,3.3,255,84285,17201,84285,17201,10.53564,2.15013,NH3,37.47
104,0,3.3,255,84250,17194,84250,17194,10.53133,2.14925,NH3,37.45
105,0,3.3,255,84235,17190,84235,17190,10.52946,2.14887,NH3,37.44
106,0,3.3,255,84245,17193,84245,17193,10.53074,2.14913,NH3,37.45
107,0,3.3,255,84216,17187,84216,17187,10.52706,2.14838,NH3,37.43
108,0,3.3,255,84182,17180,84182,17180,10.52275,2.1475,NH3,37.41
109,0,3.3,255,84118,17167,84118,17167,10.51481,2.14588,NH3,37.38
110,0,3.3,255,84084,17160,84084,17160,10.5105,2.145,NH3,37.36
111,0,3.3,255,84084,17160,84084,17160,10.5105,2.145,NH3,37.36
112,0,3.3,255,84064,17156,84064,17156,10.50805,2.1445,NH3,37.35
113,0,3.3,255,84049,17152,84049,17152,10.50619,2.14412,NH3,37.34
114,0,3.3,255,84059,17155,84059,17155,10.50746,2.14438,NH3,37.34
115,0,3.3,255,84039,17150,84039,17150,10.50496,2.14387,NH3,37.33
116,0,3.3,255,84000,17143,84000,17143,10.50011,2.14288,NH3,37.31
117,0,3.3,255,83927,17128,83927,17128,10.4909,2.141,NH3,37.27
118,0,3.3,255,83917,17126,83917,17126,10.48968,2.14075,NH3,37.27
119,0,3.3,255,83902,17123,83902,17123,10.48786,2.14038,NH3,37.26
120,0,3.3,255,83868,17116,83868,17116,10.48355,2.1395,NH3,37.24
121,0,3.3,255,83848,17112,83848,17112,10.4811,2.139,NH3,37.23
122,0,3.3,255,83868,17116,83868,17116,10.48355,2.1395,NH3,37.24
123,0,3.3,255,83809,17104,83809,17104,10.4762,2.138,NH3,37.2
124,0,3.3,255,83824,17106,83824,17106,10.47801,2.13837,NH3,37.21
125,0,0.0,0,98009,20002,98009,20002,12.25122,2.50025,NH3,45.14
126,0,0.0,0,95795,19550,95795,19550,11.97438,2.44375,NH3,43.9
127,0,0.0,0,92894,18958,92894,18958,11.61177,2.36975,NH3,42.28
128,0,0.0,0,90032,18374,90032,18374,11.25408,2.29675,NH3,40.68
129,0,0.0,0,87298,17816,87298,17816,10.9123,2.227,NH3,39.15
130,0,0.0,0,84706,17286,84706,17286,10.58826,2.16087,NH3,37.71
131,0,0.0,0,82153,16766,82153,16766,10.26917,2.09575,NH3,36.28
132,0,0.0,0,79752,16276,79752,16276,9.96905,2.0345,NH3,34.94
133,0,0.0,0,77434,15803,77434,15803,9.67936,1.97538,NH3,33.64
134,0,0.0,0,75185,15344,75185,15344,9.3982,1.918,NH3,32.38
135,0,0.0,0,73024,14903,73024,14903,9.12811,1.86288,NH3,31.18
136,0,0.0,0,70986,14487,70986,14487,8.87331,1.81088,NH3,30.04
137,0,0.0,0,68987,14079,68987,14079,8.62341,1.75988,NH3,28.92
138,0,0.0,0,67124,13698,67124,13698,8.39061,1.71237,NH3,27.88
139,0,0.0,0,65277,13322,65277,13322,8.15972,1.66525,NH3,26.85
140,0,0.0,0,63567,12973,63567,12973,7.94599,1.62163,NH3,25.89
141,0,0.0,0,61862,12624,61862,12624,7.73279,1.57812,NH3,24.94
142,0,0.0,0,60275,12301,60275,12301,7.53439,1.53763,NH3,24.05
143,0,0.0,0,58731,11986,58731,11986,7.34143,1.49825,NH3,23.19
144,0,0.0,0,57266,11686,57266,11686,7.15826,1.46087,NH3,22.37
145,0,0.0,0,55869,11402,55869,11402,6.98372,1.42525,NH3,21.59
146,0,0.0,0,54522,11127,54522,11127,6.81531,1.39088,NH3,20.84
147,0,0.0,0,53228,10862,53228,10862,6.65356,1.35787,NH3,20.11
148,0,0.0,0,51998,10612,51998,10612,6.49985,1.3265,NH3,19.43
149,0,0.0,0,50778,10362,50778,10362,6.34731,1.29537,NH3,18.74
150,0,0.0,0,49651,10132,49651,10132,6.20644,1.26662,NH3,18.11
151,0,0.0,0,48544,9907,48544,9907,6.06806,1.23838,NH3,17.49
152,0,0.0,0,47544,9702,47544,9702,5.94306,1.21287,NH3,16.94
153,0,0.0,0,46520,9494,46520,9494,5.81508,1.18675,NH3,16.36
154,0,0.0,0,45535,9292,45535,9292,5.69194,1.16162,NH3,15.81
155,0,0.0,0,44599,9102,44599,9102,5.57498,1.13775,NH3,15.29
156,0,0.0,0,43722,8923,43722,8923,5.46536,1.11538,NH3,14.8
157,0,0.0,0,42870,8749,42870,8749,5.35879,1.09363,NH3,14.32
158,0,0.0,0,42061,8584,42061,8584,5.2577,1.073,NH3,13.87
159,0,0.0,0,41272,8423,41272,8423,5.15911,1.05288,NH3,13.43
160,0,0.0,0,40523,8270,40523,8270,5.06538,1.03375,NH3,13.01
161,0,0.0,0,39782,8118,39782,8118,4.97286,1.01487,NH3,12.6
162,0,0.0,0,39077,7975,39077,7975,4.88471,0.99688,NH3,12.2
163,0,0.0,0,38396,7836,38396,7836,4.79955,0.9795,NH3,11.82
164,0,0.0,0,37749,7704,37749,7704,4.7187,0.963,NH3,11.46
165,0,0.0,0,37151,7582,37151,7582,4.64398,0.94775,NH3,11.13
166,0,0.0,0,36524,7454,36524,7454,4.56557,0.93175,NH3,10.78
167,0,0.0,0,35966,7340,35966,7340,4.49575,0.9175,NH3,10.46
168,0,0.0,0,35417,7228,35417,7228,4.42715,0.9035,NH3,10.16
169,0,0.0,0,34878,7118,34878,7118,4.35978,0.88975,NH3,9.86
170,0,0.0,0,34354,7011,34354,7011,4.29426,0.87638,NH3,9.56
171,0,0.0,0,33849,6908,33849,6908,4.23115,0.8635,NH3,9.28
172,0,0.0,0,33383,6812,33383,6812,4.17294,0.85162,NH3,9.02
173,0,0.0,0,32908,6716,32908,6716,4.11355,0.8395,NH3,8.76
174,0,0.0,0,32487,6630,32487,6630,4.06088,0.82875,NH3,8.52
175,0,0.0,0,32026,6536,32026,6536,4.0033,0.817,NH3,8.26
176,0,0.0,0,31624,6454,31624,6454,3.95308,0.80675,NH3,8.04
177,0,0.0,0,31213,6370,31213,6370,3.90163,0.79625,NH3,7.81
178,0,0.0,0,30830,6292,30830,6292,3.85385,0.7865,NH3,7.59
179,0,0.0,0,30468,6218,30468,6218,3.80853,0.77725,NH3,7.39
180,0,0.0,0,30095,6142,30095,6142,3.76198,0.76775,NH3,7.18
181,0,0.0,0,29737,6068,29737,6068,3.71724,0.75862,NH3,6.98
182,0,0.0,0,29400,6000,29400,6000,3.675,0.75,NH3,6.79
183,0,0.0,0,29081,5935,29081,5935,3.63521,0.74188,NH3,6.62
184,0,0.0,0,28782,5874,28782,5874,3.59783,0.73425,NH3,6.45
185,0,0.0,0,28483,5812,28483,5812,3.56044,0.72662,NH3,6.28
186,0,0.0,0,28199,5754,28199,5754,3.52491,0.71937,NH3,6.12
187,0,0.0,0,27900,5694,27900,5694,3.48758,0.71175,NH3,5.96
188,0,0.0,0,27621,5637,27621,5637,3.45269,0.70463,NH3,5.8
189,0,0.0,0,27342,5580,27342,5580,3.41775,0.6975,NH3,5.64
190,0,0.0,0,27097,5530,27097,5530,3.38713,0.69125,NH3,5.51
191,0,0.0,0,26856,5480,26856,5480,3.35709,0.68512,NH3,5.37
192,0,0.0,0,26621,5432,26621,5432,3.32769,0.67912,NH3,5.24
193,0,0.0,0,26391,5386,26391,5386,3.29893,0.67325,NH3,5.11
194,0,0.0,0,26156,5338,26156,5338,3.26953,0.66725,NH3,4.98
195,0,0.0,0,25935,5293,25935,5293,3.24199,0.66163,NH3,4.86
196,0,0.0,0,25730,5251,25730,5251,3.21626,0.65638,NH3,4.74
197,0,0.0,0,25509,5206,25509,5206,3.18868,0.65075,NH3,4.62
198,0,0.0,0,25298,5163,25298,5163,3.16236,0.64538,NH3,4.5
199,0,0.0,0,25107,5124,25107,5124,3.13845,0.6405,NH3,4.4
200,0,0.0,0,24936,5089,24936,5089,3.11704,0.63613,NH3,4.3
201,0,0.0,0,24720,5044,24720,5044,3.09004,0.63062,NH3,4.18
202,0,0.0,0,24563,5012,24563,5012,3.07044,0.62662,NH3,4.09
203,0,0.0,0,24392,4978,24392,4978,3.04902,0.62225,NH3,4.0
204,0,0.0,0,24220,4943,24220,4943,3.02761,0.61788,NH3,3.9
205,0,0.0,0,24068,4912,24068,4912,3.0086,0.614,NH3,3.81
206,0,0.0,0,23912,4880,23912,4880,2.989,0.61,NH3,3.73
207,0,0.0,0,23745,4846,23745,4846,2.96818,0.60575,NH3,3.63
208,0,0.0,0,23632,4823,23632,4823,2.95411,0.60288,NH3,3.57
209,0,0.0,0,23480,4792,23480,4792,2.9351,0.599,NH3,3.49
210,0,0.0,0,23329,4761,23329,4761,2.91614,0.59513,NH3,3.4
211,0,0.0,0,23191,4733,23191,4733,2.89899,0.59163,NH3,3.32
212,0,0.0,0,23084,4711,23084,4711,2.88551,0.58888,NH3,3.26
213,0,0.0,0,22951,4684,22951,4684,2.86895,0.5855,NH3,3.19
214,0,0.0,0,22824,4658,22824,4658,2.85303,0.58225,NH3,3.12
215,0,0.0,0,22706,4634,22706,4634,2.83833,0.57925,NH3,3.05
216,0,0.0,0,22583,4608,22583,4608,2.82299,0.57612,NH3,2.98
217,0,0.0,0,22486,4589,22486,4589,2.81079,0.57363,NH3,2.93
218,0,0.0,0,22348,4560,22348,4560,2.79359,0.57012,NH3,2.85
219,0,0.0,0,22221,4535,22221,4535,2.77771,0.56688,NH3,2.78
220,0,0.0,0,22152,4520,22152,4520,2.76909,0.56512,NH3,2.74
221,0,0.0,0,22030,4496,22030,4496,2.7538,0.562,NH3,2.68
222,0,0.0,0,21937,4477,21937,4477,2.74219,0.55963,NH3,2.62
223,0,0.0,0,21834,4456,21834,4456,2.7293,0.557,NH3,2.57
224,0,0.0,0,21751,4439,21751,4439,2.71891,0.55488,NH3,2.52
225,0,0.0,0,21667,4422,21667,4422,2.70847,0.55275,NH3,2.47
226,0,0.0,0,21574,4403,21574,4403,2.69686,0.55038,NH3,2.42
227,0,0.0,0,21491,4386,21491,4386,2.68643,0.54825,NH3,2.37
228,0,0.0,0,21422,4372,21422,4372,2.67785,0.5465,NH3,2.34
229,0,0.0,0,21324,4352,21324,4352,2.6656,0.544,NH3,2.28
230,0,0.0,0,21266,4340,21266,4340,2.65825,0.5425,NH3,2.25
231,0,0.0,0,21187,4324,21187,4324,2.64845,0.5405,NH3,2.2
232,0,0.0,0,21099,4306,21099,4306,2.63743,0.53825,NH3,2.16
233,0,0.0,0,21021,4290,21021,4290,2.62763,0.53625,NH3,2.11
234,0,0.0,0,20991,4284,20991,4284,2.62395,0.5355,NH3,2.09
235,0,0.0,0,20879,4261,20879,4261,2.60989,0.53263,NH3,2.03
236,0,0.0,0,20825,4250,20825,4250,2.60313,0.53125,NH3,2.0
237,0,0.0,0,20770,4238,20770,4238,2.59636,0.52987,NH3,1.97
238,0,0.0,0,20722,4229,20722,4229,2.59029,0.52863,NH3,1.94
239,0,0.0,0,20648,4214,20648,4214,2.58108,0.52675,NH3,1.9
240,0,0.0,0,20589,4202,20589,4202,2.57373,0.52525,NH3,1.87
241,0,0.0,0,20526,4189,20526,4189,2.56579,0.52363,NH3,1.83
242,0,0.0,0,20447,4173,20447,4173,2.55599,0.52163,NH3,1.79
243,0,0.0,0,20413,4166,20413,4166,2.55168,0.52075,NH3,1.77
244,0,0.0,0,20369,4157,20369,4157,2.54619,0.51963,NH3,1.75
245,0,0.0,0,20310,4145,20310,4145,2.53884,0.51813,NH3,1.71
246,0,0.0,0,20261,4134,20261,4134,2.53266,0.51687,NH3,1.69
247,0,0.0,0,20207,4124,20207,4124,2.52595,0.5155,NH3,1.66
248,0,0.0,0,20193,4121,20193,4121,2.52414,0.51513,NH3,1.65
249,0,0.0,0,20119,4106,20119,4106,2.51493,0.51325,NH3,1.61
0,0,3.3,255,17306,3532,17306,3532,2.16335,0.4415,NH3,0.04
1,0,3.3,255,18561,3788,18561,3788,2.32015,0.4735,NH3,0.74
2,0,3.3,255,20487,4181,20487,4181,2.56089,0.52263,NH3,1.81
3,0,3.3,255,22496,4591,22496,4591,2.81201,0.57388,NH3,2.94
4,0,3.3,255,24539,5008,24539,5008,3.0674,0.626,NH3,4.08
5,0,3.3,255,26612,5431,26612,5431,3.32651,0.67888,NH3,5.24
6,0,3.3,255,28664,5850,28664,5850,3.58312,0.73125,NH3,6.38
7,0,3.3,255,30757,6277,30757,6277,3.84469,0.78463,NH3,7.55
8,0,3.3,255,32800,6694,32800,6694,4.10008,0.83675,NH3,8.7
9,0,3.3,255,34833,7108,34833,7108,4.35424,0.88862,NH3,9.83
10,0,3.3,255,36862,7523,36862,7523,4.60786,0.94038,NH3,10.97
11,0,3.3,255,38871,7932,38871,7932,4.85894,0.99162,NH3,12.09
12,0,3.3,255,40807,8328,40807,8328,5.1009,1.041,NH3,13.17
13,0,3.3,255,42747,8724,42747,8724,5.34345,1.0905,NH3,14.25
14,0,3.3,255,44614,9105,44614,9105,5.57684,1.13813,NH3,15.3
15,0,3.3,255,46427,9474,46427,9474,5.80341,1.18437,NH3,16.31
16,0,3.3,255,48191,9835,48191,9835,6.02396,1.22938,NH3,17.3
17,0,3.3,255,49906,10185,49906,10185,6.23834,1.27313,NH3,18.26
18,0,3.3,255,51567,10524,51567,10524,6.44595,1.3155,NH3,19.18
19,0,3.3,255,53155,10848,53155,10848,6.6444,1.356,NH3,20.07
20,0,3.3,255,54718,11166,54718,11166,6.83976,1.39587,NH3,20.95
21,0,3.3,255,56193,11468,56193,11468,7.02415,1.4335,NH3,21.77
22,0,3.3,255,57643,11764,57643,11764,7.20545,1.4705,NH3,22.58
23,0,3.3,255,59079,12057,59079,12057,7.38494,1.50713,NH3,23.38
24,0,3.3,255,60421,12330,60421,12330,7.55271,1.54137,NH3,24.13
25,0,3.3,255,61661,12584,61661,12584,7.7077,1.573,NH3,24.83
26,0,3.3,255,62950,12846,62950,12846,7.86876,1.60587,NH3,25.55
27,0,3.3,255,64136,13089,64136,13089,8.01704,1.63613,NH3,26.21
28,0,3.3,255,65223,13310,65223,13310,8.15296,1.66387,NH3,26.82
29,0,3.3,255,66360,13542,66360,13542,8.29506,1.69287,NH3,27.45
30,0,3.3,255,67389,13753,67389,13753,8.42374,1.71913,NH3,28.03
31,0,3.3,255,68349,13948,68349,13948,8.54374,1.74362,NH3,28.56
32,0,3.3,255,69310,14144,69310,14144,8.66379,1.76812,NH3,29.1
33,0,3.3,255,70221,14330,70221,14330,8.77771,1.79137,NH3,29.61
34,0,3.3,255,71133,14516,71133,14516,8.89164,1.81462,NH3,30.12
35,0,3.3,255,71941,14682,71941,14682,8.99273,1.83525,NH3,30.57
36,0,3.3,255,72725,14842,72725,14842,9.09073,1.85525,NH3,31.01
37,0,3.3,255,73455,14990,73455,14990,9.18196,1.87387,NH3,31.42
38,0,3.3,255,74156,15134,74156,15134,9.26958,1.89175,NH3,31.81
39,0,3.3,255,74906,15287,74906,15287,9.36331,1.91088,NH3,32.23
40,0,3.3,255,75528,15414,75528,15414,9.44107,1.92675,NH3,32.58
41,0,3.3,255,76136,15538,76136,15538,9.51703,1.94225,NH3,32.92
42,0,3.3,255,76655,15644,76655,15644,9.58195,1.9555,NH3,33.21
43,0,3.3,255,77233,15762,77233,15762,9.65423,1.97025,NH3,33.53
44,0,3.3,255,77806,15878,77806,15878,9.72586,1.98487,NH3,33.85
45,0,3.3,255,78302,15980,78302,15980,9.78775,1.9975,NH3,34.13
46,0,3.3,255,78737,16068,78737,16068,9.84224,2.00862,NH3,34.37
47,0,3.3,255,79193,16161,79193,16161,9.89922,2.02025,NH3,34.63
48,0,3.3,255,79561,16236,79561,16236,9.94514,2.02962,NH3,34.83
49,0,3.3,255,79953,16317,79953,16317,9.99419,2.03963,NH3,35.05
50,0,3.3,255,80330,16394,80330,16394,10.04133,2.04925,NH3,35.26
51,0,3.3,255,80722,16474,80722,16474,10.09032,2.05925,NH3,35.48
52,0,3.3,255,81041,16539,81041,16539,10.13016,2.06738,NH3,35.66
53,0,3.3,255,81335,16599,81335,16599,10.16691,2.07488,NH3,35.82
54,0,3.3,255,81589,16650,81589,16650,10.19871,2.08137,NH3,35.96
55,0,3.3,255,81859,16706,81859,16706,10.23243,2.08825,NH3,36.11
56,0,3.3,255,82099,16754,82099,16754,10.26241,2.09437,NH3,36.25
57,0,3.3,255,82388,16814,82388,16814,10.29858,2.10175,NH3,36.41
58,0,3.3,255,82599,16856,82599,16856,10.32489,2.10712,NH3,36.53
59,0,3.3,255,82810,16900,82810,16900,10.35125,2.1125,NH3,36.65
60,0,3.3,255,82927,16924,82927,16924,10.36595,2.1155,NH3,36.71
61,0,3.3,255,83167,16972,83167,16972,10.39594,2.12162,NH3,36.85
62,0,3.3,255,83294,16998,83294,16998,10.41186,2.12487,NH3,36.92
63,0,3.3,255,83461,17033,83461,17033,10.43274,2.12913,NH3,37.01
64,0,3.3,255,83549,17050,83549,17050,10.44371,2.13137,NH3,37.06
65,0,3.3,255,83731,17088,83731,17088,10.4664,2.136,NH3,37.16
66,0,3.3,255,83848,17112,83848,17112,10.4811,2.139,NH3,37.23
67,0,3.3,255,83951,17132,83951,17132,10.49394,2.14162,NH3,37.28
68,0,3.3,255,83980,17138,83980,17138,10.49761,2.14237,NH3,37.3
69,0,3.3,255,84074,17158,84074,17158,10.50928,2.14475,NH3,37.35
70,0,3.3,255,84162,17176,84162,17176,10.5203,2.147,NH3,37.4
71,0,3.3,255,84285,17201,84285,17201,10.53564,2.15013,NH3,37.47
72,0,3.3,255,84299,17204,84299,17204,10.53745,2.1505,NH3,37.48
73,0,3.3,255,84358,17216,84358,17216,10.5448,2.152,NH3,37.51
74,0,3.3,255,84466,17238,84466,17238,10.55828,2.15475,NH3,37.57
75,0,3.3,255,84515,17248,84515,17248,10.5644,2.156,NH3,37.6
76,0,3.3,255,84559,17257,84559,17257,10.56994,2.15713,NH3,37.62
77,0,3.3,255,84593,17264,84593,17264,10.5742,2.158,NH3,37.64
78,0,3.3,255,84544,17254,84544,17254,10.56808,2.15675,NH3,37.62
79,0,3.3,255,84603,17266,84603,17266,10.57542,2.15825,NH3,37.65
80,0,3.3,255,84666,17278,84666,17278,10.58336,2.15987,NH3,37.68
81,0,3.3,255,84681,17282,84681,17282,10.58523,2.16025,NH3,37.69
82,0,3.3,255,84711,17288,84711,17288,10.5889,2.161,NH3,37.71
83,0,3.3,255,84662,17278,84662,17278,10.58277,2.15975,NH3,37.68
84,0,3.3,255,84691,17284,84691,17284,10.58645,2.1605,NH3,37.7
85,0,3.3,255,84726,17291,84726,17291,10.59076,2.16138,NH3,37.72
86,0,3.3,255,84662,17278,84662,17278,10.58277,2.15975,NH3,37.68
87,0,3.3,255,84691,17284,84691,17284,10.58645,2.1605,NH3,37.7
88,0,3.3,255,84750,17296,84750,17296,10.5938,2.162,NH3,37.73
89,0,3.3,255,84750,17296,84750,17296,10.5938,2.162,NH3,37.73
90,0,3.3,255,84726,17291,84726,17291,10.59076,2.16138,NH3,37.72
91,0,3.3,255,84691,17284,84691,17284,10.58645,2.1605,NH3,37.7
92,0,3.3,255,84681,17282,84681,17282,10.58523,2.16025,NH3,37.69
93,0,3.3,255,84726,17291,84726,17291,10.59076,2.16138,NH3,37.72
94,0,3.3,255,84681,17282,84681,17282,10.58523,2.16025,NH3,37.69
95,0,3.3,255,84696,17285,84696,17285,10.58709,2.16063,NH3,37.7
96,0,3.3,255,84686,17283,84686,17283,10.58586,2.16038,NH3,37.7
97,0,3.3,255,84608,17266,84608,17266,10.57601,2.15837,NH3,37.65
98,0,3.3,255,84613,17268,84613,17268,10.57665,2.1585,NH3,37.65
99,0,3.3,255,84652,17276,84652,17276,10.58155,2.1595,NH3,37.68
100,0,3.3,255,84578,17260,84578,17260,10.57234,2.15762,NH3,37.63
101,0,3.3,255,84569,17259,84569,17259,10.57116,2.15738,NH3,37.63
102,0,3.3,255,84603,17266,84603,17266,10.57542,2.15825,NH3,37.65
103,0,3.3,255,84569,17259,84569,17259,10.57116,2.15738,NH3,37.63
104,0,3.3,255,84495,17244,84495,17244,10.56195,2.1555,NH3,37.59
105,0,3.3,255,84554,17256,84554,17256,10.5693,2.157,NH3,37.62
106,0,3.3,255,84525,17250,84525,17250,10.56563,2.15625,NH3,37.6
107,0,3.3,255,84466,17238,84466,17238,10.55828,2.15475,NH3,37.57
108,0,3.3,255,84407,17226,84407,17226,10.55092,2.15325,NH3,37.54
109,0,3.3,255,84446,17234,84446,17234,10.55583,2.15425,NH3,37.56
110,0,3.3,255,84392,17222,84392,17222,10.54906,2.15287,NH3,37.53
111,0,3.3,255,84387,17222,84387,17222,10.54848,2.15275,NH3,37.53
112,0,3.3,255,84338,17212,84338,17212,10.54235,2.1515,NH3,37.5
113,0,3.3,255,84275,17199,84275,17199,10.53441,2.14988,NH3,37.47
114,0,3.3,255,84255,17195,84255,17195,10.53196,2.14938,NH3,37.45
115,0,3.3,255,84289,17202,84289,17202,10.53623,2.15025,NH3,37.47
116,0,3.3,255,84255,17195,84255,17195,10.53196,2.14938,NH3,37.45
117,0,3.3,255,84240,17192,84240,17192,10.5301,2.149,NH3,37.45
118,0,3.3,255,84162,17176,84162,17176,10.5203,2.147,NH3,37.4
119,0,3.3,255,84162,17176,84162,17176,10.5203,2.147,NH3,37.4
120,0,3.3,255,84187,17181,84187,17181,10.52339,2.14763,NH3,37.42
121,0,3.3,255,84152,17174,84152,17174,10.51908,2.14675,NH3,37.4
122,0,3.3,255,84084,17160,84084,17160,10.5105,2.145,NH3,37.36
123,0,3.3,255,84054,17154,84054,17154,10.50683,2.14425,NH3,37.34
124,0,3.3,255,84049,17152,84049,17152,10.50619,2.14412,NH3,37.34
125,0,0.0,0,98362,20074,98362,20074,12.29533,2.50925,NH3,45.34
126,0,0.0,0,96128,19618,96128,19618,12.01603,2.45225,NH3,44.09
127,0,0.0,0,93217,19024,93217,19024,11.6522,2.378,NH3,42.46
128,0,0.0,0,90410,18451,90410,18451,11.30126,2.30638,NH3,40.89
129,0,0.0,0,87655,17888,87655,17888,10.95699,2.23612,NH3,39.35
130,0,0.0,0,85039,17355,85039,17355,10.62996,2.16938,NH3,37.89
131,0,0.0,0,82521,16841,82521,16841,10.31514,2.10513,NH3,36.48
132,0,0.0,0,80100,16347,80100,16347,10.01256,2.04338,NH3,35.13
133,0,0.0,0,77777,15872,77777,15872,9.72219,1.98412,NH3,33.83
134,0,0.0,0,75538,15416,75538,15416,9.4423,1.927,NH3,32.58
135,0,0.0,0,73382,14976,73382,14976,9.1728,1.872,NH3,31.38
136,0,0.0,0,71319,14554,71319,14554,8.91491,1.81937,NH3,30.22
137,0,0.0,0,69329,14148,69329,14148,8.66624,1.76862,NH3,29.11
138,0,0.0,0,67438,13762,67438,13762,8.42981,1.72037,NH3,28.05
139,0,0.0,0,65611,13390,65611,13390,8.20138,1.67375,NH3,27.03
140,0,0.0,0,63886,13038,63886,13038,7.98578,1.62975,NH3,26.07
141,0,0.0,0,62186,12691,62186,12691,7.77326,1.58638,NH3,25.12
142,0,0.0,0,60583,12364,60583,12364,7.57295,1.5455,NH3,24.22
143,0,0.0,0,59030,12047,59030,12047,7.37881,1.50588,NH3,23.36
144,0,0.0,0,57584,11752,57584,11752,7.1981,1.469,NH3,22.55
145,0,0.0,0,56159,11461,56159,11461,7.01989,1.43263,NH3,21.75
146,0,0.0,0,54831,11190,54831,11190,6.85388,1.39875,NH3,21.01
147,0,0.0,0,53537,10926,53537,10926,6.69218,1.36575,NH3,20.29
148,0,0.0,0,52297,10673,52297,10673,6.53724,1.33413,NH3,19.59
149,0,0.0,0,51102,10429,51102,10429,6.38779,1.30363,NH3,18.92
150,0,0.0,0,49960,10196,49960,10196,6.24505,1.2745,NH3,18.29
151,0,0.0,0,48862,9972,48862,9972,6.10785,1.2465,NH3,17.67
152,0,0.0,0,47828,9760,47828,9760,5.97859,1.22012,NH3,17.09
153,0,0.0,0,46804,9552,46804,9552,5.8506,1.194,NH3,16.52
154,0,0.0,0,45824,9352,45824,9352,5.7281,1.169,NH3,15.97
155,0,0.0,0,44893,9162,44893,9162,5.61173,1.14525,NH3,15.45
156,0,0.0,0,44016,8983,44016,8983,5.50211,1.12288,NH3,14.96
157,0,0.0,0,43144,8804,43144,8804,5.39304,1.10062,NH3,14.48
158,0,0.0,0,42311,8634,42311,8634,5.28891,1.07937,NH3,14.01
159,0,0.0,0,41522,8474,41522,8474,5.19033,1.05925,NH3,13.57
160,0,0.0,0,40782,8323,40782,8323,5.09786,1.04038,NH3,13.16
161,0,0.0,0,40033,8170,40033,8170,5.00413,1.02125,NH3,12.74
162,0,0.0,0,39341,8028,39341,8028,4.91774,1.00362,NH3,12.35
163,0,0.0,0,38661,7890,38661,7890,4.83263,0.98625,NH3,11.97
164,0,0.0,0,38014,7758,38014,7758,4.75178,0.96975,NH3,11.61
165,0,0.0,0,37392,7631,37392,7631,4.67401,0.95388,NH3,11.26
166,0,0.0,0,36804,7511,36804,7511,4.60051,0.93888,NH3,10.93
167,0,0.0,0,36216,7391,36216,7391,4.52701,0.92388,NH3,10.6
168,0,0.0,0,35632,7272,35632,7272,4.4541,0.909,NH3,10.28
169,0,0.0,0,35118,7166,35118,7166,4.38976,0.89587,NH3,9.99
170,0,0.0,0,34598,7060,34598,7060,4.32484,0.88262,NH3,9.7
171,0,0.0,0,34079,6955,34079,6955,4.25996,0.86938,NH3,9.41
172,0,0.0,0,33614,6860,33614,6860,4.20175,0.8575,NH3,9.15
173,0,0.0,0,33143,6764,33143,6764,4.14295,0.8455,NH3,8.89
174,0,0.0,0,32722,6678,32722,6678,4.09028,0.83475,NH3,8.65
175,0,0.0,0,32266,6584,32266,6584,4.03329,0.82312,NH3,8.4
176,0,0.0,0,31855,6501,31855,6501,3.98189,0.81263,NH3,8.17
177,0,0.0,0,31438,6416,31438,6416,3.9298,0.802,NH3,7.93
178,0,0.0,0,31061,6339,31061,6339,3.88266,0.79238,NH3,7.72
179,0,0.0,0,30683,6262,30683,6262,3.83548,0.78275,NH3,7.51
180,0,0.0,0,30306,6185,30306,6185,3.78834,0.77313,NH3,7.3
181,0,0.0,0,29968,6116,29968,6116,3.74605,0.7645,NH3,7.11
182,0,0.0,0,29644,6050,29644,6050,3.70562,0.75625,NH3,6.93
183,0,0.0,0,29306,5980,29306,5980,3.66334,0.74762,NH3,6.74
184,0,0.0,0,28978,5914,28978,5914,3.62233,0.73925,NH3,6.56
185,0,0.0,0,28669,5850,28669,5850,3.58371,0.73137,NH3,6.39
186,0,0.0,0,28385,5793,28385,5793,3.54824,0.72413,NH3,6.23
187,0,0.0,0,28091,5733,28091,5733,3.51149,0.71663,NH3,6.06
188,0,0.0,0,27827,5679,27827,5679,3.47841,0.70988,NH3,5.92
189,0,0.0,0,27543,5621,27543,5621,3.44289,0.70263,NH3,5.76
190,0,0.0,0,27287,5568,27287,5568,3.41099,0.69612,NH3,5.61
191,0,0.0,0,27043,5519,27043,5519,3.38041,0.68988,NH3,5.48
192,0,0.0,0,26808,5471,26808,5471,3.35101,0.68388,NH3,5.35
193,0,0.0,0,26553,5419,26553,5419,3.31916,0.67738,NH3,5.2
194,0,0.0,0,26332,5374,26332,5374,3.29157,0.67175,NH3,5.08
195,0,0.0,0,26111,5328,26111,5328,3.26399,0.66612,NH3,4.96
196,0,0.0,0,25906,5286,25906,5286,3.23826,0.66087,NH3,4.84
197,0,0.0,0,25690,5243,25690,5243,3.21136,0.65538,NH3,4.72
198,0,0.0,0,25494,5203,25494,5203,3.18686,0.65038,NH3,4.61
199,0,0.0,0,25318,5166,25318,5166,3.16476,0.64587,NH3,4.51
200,0,0.0,0,25117,5126,25117,5126,3.13968,0.64075,NH3,4.4
201,0,0.0,0,24921,5086,24921,5086,3.11518,0.63575,NH3,4.29
202,0,0.0,0,24745,5050,24745,5050,3.09313,0.63125,NH3,4.19
203,0,0.0,0,24573,5014,24573,5014,3.07166,0.62687,NH3,4.1
204,0,0.0,0,24421,4984,24421,4984,3.0527,0.623,NH3,4.01
205,0,0.0,0,24235,4946,24235,4946,3.02943,0.61825,NH3,3.91
206,0,0.0,0,24098,4918,24098,4918,3.01228,0.61475,NH3,3.83
207,0,0.0,0,23931,4884,23931,4884,2.99145,0.6105,NH3,3.74
208,0,0.0,0,23779,4852,23779,4852,2.97244,0.60662,NH3,3.65
209,0,0.0,0,23642,4825,23642,4825,2.95534,0.60313,NH3,3.58
210,0,0.0,0,23500,4796,23500,4796,2.93755,0.5995,NH3,3.5
211,0,0.0,0,23368,4769,23368,4769,2.92104,0.59613,NH3,3.42
212,0,0.0,0,23240,4743,23240,4743,2.90511,0.59288,NH3,3.35
213,0,0.0,0,23113,4717,23113,4717,2.88919,0.58963,NH3,3.28
214,0,0.0,0,22985,4690,22985,4690,2.87321,0.58637,NH3,3.21
215,0,0.0,0,22848,4663,22848,4663,2.85611,0.58288,NH3,3.13
216,0,0.0,0,22750,4642,22750,4642,2.84381,0.58037,NH3,3.08
217,0,0.0,0,22632,4618,22632,4618,2.82911,0.57737,NH3,3.01
218,0,0.0,0,22520,4596,22520,4596,2.81505,0.5745,NH3,2.95
219,0,0.0,0,22417,4575,22417,4575,2.80221,0.57188,NH3,2.89
220,0,0.0,0,22319,4554,22319,4554,2.78991,0.56937,NH3,2.84
221,0,0.0,0,22211,4533,22211,4533,2.77649,0.56663,NH3,2.78
222,0,0.0,0,22118,4514,22118,4514,2.76483,0.56425,NH3,2.72
223,0,0.0,0,22010,4492,22010,4492,2.75135,0.5615,NH3,2.66
224,0,0.0,0,21922,4474,21922,4474,2.74033,0.55925,NH3,2.62
225,0,0.0,0,21805,4450,21805,4450,2.72563,0.55625,NH3,2.55
226,0,0.0,0,21751,4439,21751,4439,2.71891,0.55488,NH3,2.52
227,0,0.0,0,21638,4416,21638,4416,2.7048,0.552,NH3,2.46
228,0,0.0,0,21569,4402,21569,4402,2.69623,0.55025,NH3,2.42
229,0,0.0,0,21481,4384,21481,4384,2.6852,0.548,NH3,2.37
230,0,0.0,0,21403,4368,21403,4368,2.6754,0.546,NH3,2.33
231,0,0.0,0,21324,4352,21324,4352,2.6656,0.544,NH3,2.28
232,0,0.0,0,21266,4340,21266,4340,2.65825,0.5425,NH3,2.25
233,0,0.0,0,21187,4324,21187,4324,2.64845,0.5405,NH3,2.2
234,0,0.0,0,21118,4310,21118,4310,2.63987,0.53875,NH3,2.17
235,0,0.0,0,21050,4296,21050,4296,2.6313,0.537,NH3,2.13
236,0,0.0,0,20981,4282,20981,4282,2.62273,0.53525,NH3,2.09
237,0,0.0,0,20908,4267,20908,4267,2.61356,0.53338,NH3,2.05
238,0,0.0,0,20874,4260,20874,4260,2.60925,0.5325,NH3,2.03
239,0,0.0,0,20795,4244,20795,4244,2.59945,0.5305,NH3,1.99
240,0,0.0,0,20736,4232,20736,4232,2.5921,0.529,NH3,1.95
241,0,0.0,0,20687,4222,20687,4222,2.58598,0.52775,NH3,1.93
242,0,0.0,0,20624,4209,20624,4209,2.57804,0.52613,NH3,1.89
243,0,0.0,0,20574,4198,20574,4198,2.57186,0.52487,NH3,1.86
244,0,0.0,0,20516,4187,20516,4187,2.56456,0.52338,NH3,1.83
245,0,0.0,0,20482,4180,20482,4180,2.56025,0.5225,NH3,1.81
246,0,0.0,0,20408,4165,20408,4165,2.55109,0.52063,NH3,1.77
247,0,0.0,0,20369,4157,20369,4157,2.54619,0.51963,NH3,1.75
248,0,0.0,0,20325,4148,20325,4148,2.54065,0.5185,NH3,1.72
249,0,0.0,0,20271,4137,20271,4137,2.53394,0.51713,NH3,1.69
0,0,3.3,255,17439,3559,17439,3559,2.17991,0.44488,NH3,0.11
1,0,3.3,255,18698,3816,18698,3816,2.3373,0.477,NH3,0.81
2,0,3.3,255,20624,4209,20624,4209,2.57804,0.52613,NH3,1.89
3,0,3.3,255,22657,4624,22657,4624,2.8322,0.578,NH3,3.03
4,0,3.3,255,24720,5044,24720,5044,3.09004,0.63062,NH3,4.18
5,0,3.3,255,26788,5467,26788,5467,3.34856,0.68338,NH3,5.33
6,0,3.3,255,28875,5892,28875,5892,3.60944,0.73662,NH3,6.5
7,0,3.3,255,30933,6312,30933,6312,3.86669,0.78912,NH3,7.65
8,0,3.3,255,33011,6737,33011,6737,4.12644,0.84213,NH3,8.81
9,0,3.3,255,35064,7156,35064,7156,4.38305,0.8945,NH3,9.96
10,0,3.3,255,37102,7572,37102,7572,4.63785,0.9465,NH3,11.1
11,0,3.3,255,39087,7977,39087,7977,4.88594,0.99713,NH3,12.21
12,0,3.3,255,41042,8376,41042,8376,5.1303,1.047,NH3,13.3
13,0,3.3,255,42963,8768,42963,8768,5.3704,1.096,NH3,14.38
14,0,3.3,255,44854,9154,44854,9154,5.60683,1.14425,NH3,15.43
15,0,3.3,255,46697,9530,46697,9530,5.83713,1.19125,NH3,16.46
16,0,3.3,255,48480,9894,48480,9894,6.06008,1.23675,NH3,17.46
17,0,3.3,255,50195,10244,50195,10244,6.27445,1.2805,NH3,18.42
18,0,3.3,255,51886,10589,51886,10589,6.48579,1.32363,NH3,19.36
19,0,3.3,255,53498,10918,53498,10918,6.68727,1.36475,NH3,20.26
20,0,3.3,255,55071,11239,55071,11239,6.88391,1.40488,NH3,21.14
21,0,3.3,255,56580,11547,56580,11547,7.07256,1.44338,NH3,21.99
22,0,3.3,255,58055,11848,58055,11848,7.2569,1.481,NH3,22.81
23,0,3.3,255,59451,12132,59451,12132,7.43144,1.51662,NH3,23.59
24,0,3.3,255,60809,12410,60809,12410,7.60113,1.55125,NH3,24.35
25,0,3.3,255,62107,12675,62107,12675,7.76346,1.58438,NH3,25.08
26,0,3.3,255,63361,12930,63361,12930,7.92021,1.61637,NH3,25.78
27,0,3.3,255,64557,13175,64557,13175,8.06971,1.64688,NH3,26.44
28,0,3.3,255,65699,13408,65699,13408,8.2124,1.676,NH3,27.08
29,0,3.3,255,66777,13628,66777,13628,8.34715,1.7035,NH3,27.69
30,0,3.3,255,67860,13849,67860,13849,8.48254,1.73113,NH3,28.29
31,0,3.3,255,68830,14047,68830,14047,8.60381,1.75588,NH3,28.83
32,0,3.3,255,69810,14246,69810,14246,8.72626,1.78087,NH3,29.38
33,0,3.3,255,70692,14426,70692,14426,8.83651,1.80337,NH3,29.87
34,0,3.3,255,71564,14605,71564,14605,8.94559,1.82563,NH3,30.36
35,0,3.3,255,72402,14776,72402,14776,9.0503,1.847,NH3,30.83
36,0,3.3,255,73206,14940,73206,14940,9.15075,1.8675,NH3,31.28
37,0,3.3,255,73941,15090,73941,15090,9.24263,1.88625,NH3,31.69
38,0,3.3,255,74680,15240,74680,15240,9.33509,1.90512,NH3,32.1
39,0,3.3,255,75367,15381,75367,15381,9.42089,1.92263,NH3,32.49
40,0,3.3,255,76018,15514,76018,15514,9.50233,1.93925,NH3,32.85
41,0,3.3,255,76626,15638,76626,15638,9.57828,1.95475,NH3,33.19
42,0,3.3,255,77204,15756,77204,15756,9.65055,1.9695,NH3,33.51
43,0,3.3,255,77738,15865,77738,15865,9.71734,1.98313,NH3,33.81
44,0,3.3,255,78253,15970,78253,15970,9.78163,1.99625,NH3,34.1
45,0,3.3,255,78743,16070,78743,16070,9.84288,2.00875,NH3,34.37
46,0,3.3,255,79233,16170,79233,16170,9.90413,2.02125,NH3,34.65
47,0,3.3,255,79664,16258,79664,16258,9.95803,2.03225,NH3,34.89
48,0,3.3,255,80071,16341,80071,16341,10.00889,2.04263,NH3,35.12
49,0,3.3,255,80458,16420,80458,16420,10.05725,2.0525,NH3,35.33
50,0,3.3,255,80840,16498,80840,16498,10.10503,2.06225,NH3,35.55
51,0,3.3,255,81178,16567,81178,16567,10.14731,2.07088,NH3,35.73
52,0,3.3,255,81496,16632,81496,16632,10.1871,2.079,NH3,35.91
53,0,3.3,255,81815,16696,81815,16696,10.22689,2.08712,NH3,36.09
54,0,3.3,255,82089,16753,82089,16753,10.26124,2.09413,NH3,36.24
55,0,3.3,255,82359,16808,82359,16808,10.2949,2.101,NH3,36.39
56,0,3.3,255,82599,16856,82599,16856,10.32489,2.10712,NH3,36.53
57,0,3.3,255,82810,16900,82810,16900,10.35125,2.1125,NH3,36.65
58,0,3.3,255,83040,16946,83040,16946,10.38001,2.11837,NH3,36.77
59,0,3.3,255,83246,16989,83246,16989,10.40579,2.12363,NH3,36.89
60,0,3.3,255,83427,17026,83427,17026,10.42843,2.12825,NH3,36.99
61,0,3.3,255,83603,17062,83603,17062,10.45048,2.13275,NH3,37.09
62,0,3.3,255,83755,17092,83755,17092,10.46944,2.13662,NH3,37.17
63,0,3.3,255,83912,17124,83912,17124,10.48904,2.14062,NH3,37.26
64,0,3.3,255,84039,17150,84039,17150,10.50496,2.14387,NH3,37.33
65,0,3.3,255,84142,17172,84142,17172,10.51785,2.1465,NH3,37.39
66,0,3.3,255,84240,17192,84240,17192,10.5301,2.149,NH3,37.45
67,0,3.3,255,84348,17214,84348,17214,10.54358,2.15175,NH3,37.51
68,0,3.3,255,84476,17240,84476,17240,10.5595,2.155,NH3,37.58
69,0,3.3,255,84544,17254,84544,17254,10.56808,2.15675,NH3,37.62
70,0,3.3,255,84623,17270,84623,17270,10.57788,2.15875,NH3,37.66
71,0,3.3,255,84686,17283,84686,17283,10.58586,2.16038,NH3,37.7
72,0,3.3,255,84755,17297,84755,17297,10.59444,2.16213,NH3,37.73
73,0,3.3,255,84823,17310,84823,17310,10.60296,2.16387,NH3,37.77
74,0,3.3,255,84873,17321,84873,17321,10.60914,2.16513,NH3,37.8
75,0,3.3,255,84917,17330,84917,17330,10.61463,2.16625,NH3,37.82
76,0,3.3,255,84966,17340,84966,17340,10.62075,2.1675,NH3,37.85
77,0,3.3,255,84990,17344,84990,17344,10.62379,2.16812,NH3,37.86
78,0,3.3,255,85039,17355,85039,17355,10.62996,2.16938,NH3,37.89
79,0,3.3,255,85044,17356,85044,17356,10.63055,2.1695,NH3,37.9
80,0,3.3,255,85078,17362,85078,17362,10.63481,2.17037,NH3,37.91
81,0,3.3,255,85088,17364,85088,17364,10.63604,2.17062,NH3,37.92
82,0,3.3,255,85122,17372,85122,17372,10.64035,2.1715,NH3,37.94
83,0,3.3,255,85122,17372,85122,17372,10.64035,2.1715,NH3,37.94
84,0,3.3,255,85113,17370,85113,17370,10.63913,2.17125,NH3,37.93
85,0,3.3,255,85132,17374,85132,17374,10.64157,2.17175,NH3,37.94
86,0,3.3,255,85137,17375,85137,17375,10.64221,2.17188,NH3,37.95
87,0,3.3,255,85132,17374,85132,17374,10.64157,2.17175,NH3,37.94
88,0,3.3,255,85132,17374,85132,17374,10.64157,2.17175,NH3,37.94
89,0,3.3,255,85127,17373,85127,17373,10.64099,2.17163,NH3,37.94
90,0,3.3,255,85127,17373,85127,17373,10.64099,2.17163,NH3,37.94
91,0,3.3,255,85117,17370,85117,17370,10.63971,2.17137,NH3,37.94
92,0,3.3,255,85107,17368,85107,17368,10.63849,2.17112,NH3,37.93
93,0,3.3,255,85098,17367,85098,17367,10.63731,2.17088,NH3,37.93
94,0,3.3,255,85064,17360,85064,17360,10.633,2.17,NH3,37.91
95,0,3.3,255,85064,17360,85064,17360,10.633,2.17,NH3,37.91
96,0,3.3,255,85039,17355,85039,17355,10.62996,2.16938,NH3,37.89
97,0,3.3,255,85034,17354,85034,17354,10.62932,2.16925,NH3,37.89
98,0,3.3,255,85024,17352,85024,17352,10.6281,2.169,NH3,37.88
99,0,3.3,255,85073,17362,85073,17362,10.63422,2.17025,NH3,37.91
100,0,3.3,255,85039,17355,85039,17355,10.62996,2.16938,NH3,37.89
101,0,3.3,255,85000,17347,85000,17347,10.62506,2.16838,NH3,37.87
102,0,3.3,255,84971,17341,84971,17341,10.62139,2.16763,NH3,37.85
103,0,3.3,255,84936,17334,84936,17334,10.61707,2.16675,NH3,37.83
104,0,3.3,255,84902,17327,84902,17327,10.61281,2.16588,NH3,37.82
105,0,3.3,255,84848,17316,84848,17316,10.60605,2.1645,NH3,37.79
106,0,3.3,255,84838,17314,84838,17314,10.60482,2.16425,NH3,37.78
107,0,3.3,255,84794,17304,84794,17304,10.59929,2.16312,NH3,37.76
108,0,3.3,255,84770,17300,84770,17300,10.59625,2.1625,NH3,37.74
109,0,3.3,255,84740,17294,84740,17294,10.59258,2.16175,NH3,37.73
110,0,3.3,255,84701,17286,84701,17286,10.58768,2.16075,NH3,37.7
111,0,3.3,255,84672,17280,84672,17280,10.584,2.16,NH3,37.69
112,0,3.3,255,84647,17274,84647,17274,10.58091,2.15937,NH3,37.67
113,0,3.3,255,84642,17274,84642,17274,10.58033,2.15925,NH3,37.67
114,0,3.3,255,84603,17266,84603,17266,10.57542,2.15825,NH3,37.65
115,0,3.3,255,84564,17258,84564,17258,10.57052,2.15725,NH3,37.63
116,0,3.3,255,84534,17252,84534,17252,10.56685,2.1565,NH3,37.61
117,0,3.3,255,84515,17248,84515,17248,10.5644,2.156,NH3,37.6
118,0,3.3,255,84466,17238,84466,17238,10.55828,2.15475,NH3,37.57
119,0,3.3,255,84441,17233,84441,17233,10.55524,2.15413,NH3,37.56
120,0,3.3,255,84427,17230,84427,17230,10.55338,2.15375,NH3,37.55
121,0,3.3,255,84383,17221,84383,17221,10.54789,2.15263,NH3,37.53
122,0,3.3,255,84358,17216,84358,17216,10.5448,2.152,NH3,37.51
123,0,3.3,255,84333,17210,84333,17210,10.54171,2.15137,NH3,37.5
124,0,3.3,255,84314,17207,84314,17207,10.53931,2.15088,NH3,37.49
125,0,0.0,0,98617,20126,98617,20126,12.32718,2.51575,NH3,45.48
126,0,0.0,0,96392,19672,96392,19672,12.0491,2.459,NH3,44.24
127,0,0.0,0,93492,19080,93492,19080,11.6865,2.385,NH3,42.62
128,0,0.0,0,90694,18509,90694,18509,11.33679,2.31363,NH3,41.05
129,0,0.0,0,87964,17952,87964,17952,10.9956,2.244,NH3,39.53
130,0,0.0,0,85353,17419,85353,17419,10.66916,2.17738,NH3,38.07
131,0,0.0,0,82824,16902,82824,16902,10.35306,2.11287,NH3,36.65
132,0,0.0,0,80384,16405,80384,16405,10.04809,2.05063,NH3,35.29
133,0,0.0,0,78091,15936,78091,15936,9.76139,1.99212,NH3,34.01
134,0,0.0,0,75846,15478,75846,15478,9.48086,1.93487,NH3,32.75
135,0,0.0,0,73690,15038,73690,15038,9.21136,1.87987,NH3,31.55
136,0,0.0,0,71628,14618,71628,14618,8.95353,1.82725,NH3,30.4
137,0,0.0,0,69648,14214,69648,14214,8.70608,1.77675,NH3,29.29
138,0,0.0,0,67752,13826,67752,13826,8.46901,1.72837,NH3,28.23
139,0,0.0,0,65924,13454,65924,13454,8.24058,1.68175,NH3,27.21
140,0,0.0,0,64175,13096,64175,13096,8.02189,1.63712,NH3,26.23
141,0,0.0,0,62499,12755,62499,12755,7.81246,1.59438,NH3,25.29
142,0,0.0,0,60897,12428,60897,12428,7.61215,1.5535,NH3,24.4
143,0,0.0,0,59338,12110,59338,12110,7.41737,1.51375,NH3,23.53
144,0,0.0,0,57873,11810,57873,11810,7.23421,1.47637,NH3,22.71
145,0,0.0,0,56448,11520,56448,11520,7.056,1.44,NH3,21.91
146,0,0.0,0,55120,11249,55120,11249,6.89004,1.40613,NH3,21.17
147,0,0.0,0,53796,10978,53796,10978,6.72461,1.37237,NH3,20.43
148,0,0.0,0,52562,10727,52562,10727,6.57031,1.34088,NH3,19.74
149,0,0.0,0,51356,10480,51356,10480,6.41959,1.31012,NH3,19.07
150,0,0.0,0,50200,10244,50200,10244,6.27504,1.28062,NH3,18.42
151,0,0.0,0,49117,10024,49117,10024,6.1397,1.253,NH3,17.82
152,0,0.0,0,48054,9807,48054,9807,6.00681,1.22588,NH3,17.22
153,0,0.0,0,47030,9598,47030,9598,5.87878,1.19975,NH3,16.65
154,0,0.0,0,46060,9400,46060,9400,5.7575,1.175,NH3,16.11
155,0,0.0,0,45114,9207,45114,9207,5.63931,1.15088,NH3,15.58
156,0,0.0,0,44212,9022,44212,9022,5.52656,1.12787,NH3,15.07
157,0,0.0,0,43379,8852,43379,8852,5.42244,1.10662,NH3,14.61
158,0,0.0,0,42551,8684,42551,8684,5.31895,1.0855,NH3,14.15
159,0,0.0,0,41753,8521,41753,8521,5.21914,1.06513,NH3,13.7
160,0,0.0,0,40998,8367,40998,8367,5.12481,1.04588,NH3,13.28
161,0,0.0,0,40258,8216,40258,8216,5.0323,1.027,NH3,12.86
162,0,0.0,0,39562,8074,39562,8074,4.94533,1.00925,NH3,12.47
163,0,0.0,0,38896,7938,38896,7938,4.86203,0.99225,NH3,12.1
164,0,0.0,0,38234,7802,38234,7802,4.77931,0.97537,NH3,11.73
165,0,0.0,0,37612,7676,37612,7676,4.70155,0.9595,NH3,11.38
166,0,0.0,0,36995,7550,36995,7550,4.62438,0.94375,NH3,11.04
167,0,0.0,0,36416,7432,36416,7432,4.5521,0.929,NH3,10.72
168,0,0.0,0,35862,7318,35862,7318,4.48286,0.91487,NH3,10.41
169,0,0.0,0,35324,7209,35324,7209,4.41554,0.90113,NH3,10.11
170,0,0.0,0,34804,7102,34804,7102,4.35056,0.88787,NH3,9.82
171,0,0.0,0,34295,6999,34295,6999,4.28691,0.87488,NH3,9.53
172,0,0.0,0,33805,6899,33805,6899,4.22566,0.86238,NH3,9.26
173,0,0.0,0,33339,6804,33339,6804,4.16745,0.8505,NH3,9.0
174,0,0.0,0,32884,6711,32884,6711,4.11051,0.83888,NH3,8.74
175,0,0.0,0,32462,6624,32462,6624,4.05779,0.82812,NH3,8.51
176,0,0.0,0,32026,6536,32026,6536,4.0033,0.817,NH3,8.26
177,0,0.0,0,31614,6452,31614,6452,3.95185,0.8065,NH3,8.03
178,0,0.0,0,31227,6373,31227,6373,3.90349,0.79663,NH3,7.82
179,0,0.0,0,30855,6296,30855,6296,3.85689,0.78712,NH3,7.61
180,0,0.0,0,30487,6222,30487,6222,3.81098,0.77775,NH3,7.4
181,0,0.0,0,30135,6150,30135,6150,3.76688,0.76875,NH3,7.21
182,0,0.0,0,29801,6082,29801,6082,3.72523,0.76025,NH3,7.02
183,0,0.0,0,29473,6015,29473,6015,3.68421,0.75188,NH3,6.84
184,0,0.0,0,29169,5953,29169,5953,3.64624,0.74413,NH3,6.67
185,0,0.0,0,28856,5889,28856,5889,3.60704,0.73613,NH3,6.49
186,0,0.0,0,28557,5828,28557,5828,3.56965,0.7285,NH3,6.32
187,0,0.0,0,28272,5770,28272,5770,3.53412,0.72125,NH3,6.16
188,0,0.0,0,28003,5714,28003,5714,3.50041,0.71437,NH3,6.01
189,0,0.0,0,27724,5658,27724,5658,3.46553,0.70725,NH3,5.86
190,0,0.0,0,27464,5605,27464,5605,3.43309,0.70063,NH3,5.71
191,0,0.0,0,27219,5554,27219,5554,3.40241,0.69437,NH3,5.58
192,0,0.0,0,26969,5504,26969,5504,3.3712,0.688,NH3,5.44
193,0,0.0,0,26719,5453,26719,5453,3.33999,0.68163,NH3,5.3
194,0,0.0,0,26474,5403,26474,5403,3.30936,0.67538,NH3,5.16
195,0,0.0,0,26258,5358,26258,5358,3.28236,0.66987,NH3,5.04
196,0,0.0,0,26077,5322,26077,5322,3.25973,0.66525,NH3,4.94
197,0,0.0,0,25818,5269,25818,5269,3.22729,0.65863,NH3,4.79
198,0,0.0,0,25636,5232,25636,5232,3.2046,0.654,NH3,4.69
199,0,0.0,0,25450,5194,25450,5194,3.18133,0.64925,NH3,4.59
200,0,0.0,0,25254,5154,25254,5154,3.15682,0.64425,NH3,4.48
201,0,0.0,0,25078,5118,25078,5118,3.13478,0.63975,NH3,4.38
202,0,0.0,0,24892,5080,24892,5080,3.1115,0.635,NH3,4.27
203,0,0.0,0,24745,5050,24745,5050,3.09313,0.63125,NH3,4.19
204,0,0.0,0,24514,5003,24514,5003,3.06436,0.62538,NH3,4.06
205,0,0.0,0,24377,4975,24377,4975,3.04721,0.62188,NH3,3.99
206,0,0.0,0,24235,4946,24235,4946,3.02943,0.61825,NH3,3.91
207,0,0.0,0,24073,4913,24073,4913,3.00924,0.61413,NH3,3.82
208,0,0.0,0,23936,4884,23936,4884,2.99204,0.61062,NH3,3.74
209,0,0.0,0,23784,4854,23784,4854,2.97308,0.60675,NH3,3.66
210,0,0.0,0,23667,4830,23667,4830,2.95838,0.60375,NH3,3.59
211,0,0.0,0,23520,4800,23520,4800,2.94,0.6,NH3,3.51
212,0,0.0,0,23392,4774,23392,4774,2.92408,0.59675,NH3,3.44
213,0,0.0,0,23265,4748,23265,4748,2.90815,0.5935,NH3,3.37
214,0,0.0,0,23128,4720,23128,4720,2.891,0.59,NH3,3.29
215,0,0.0,0,23020,4698,23020,4698,2.87753,0.58725,NH3,3.23
216,0,0.0,0,22897,4673,22897,4673,2.86224,0.58413,NH3,3.16
217,0,0.0,0,22780,4649,22780,4649,2.84754,0.58113,NH3,3.09
218,0,0.0,0,22667,4626,22667,4626,2.83343,0.57825,NH3,3.03
219,0,0.0,0,22569,4606,22569,4606,2.82118,0.57575,NH3,2.98
220,0,0.0,0,22442,4580,22442,4580,2.80525,0.5725,NH3,2.91
221,0,0.0,0,22358,4562,22358,4562,2.79481,0.57037,NH3,2.86
222,0,0.0,0,22246,4540,22246,4540,2.78075,0.5675,NH3,2.8
223,0,0.0,0,22152,4520,22152,4520,2.76909,0.56512,NH3,2.74
224,0,0.0,0,22074,4504,22074,4504,2.75929,0.56312,NH3,2.7
225,0,0.0,0,21976,4485,21976,4485,2.74709,0.56063,NH3,2.65
226,0,0.0,0,21878,4464,21878,4464,2.73479,0.55812,NH3,2.59
227,0,0.0,0,21790,4447,21790,4447,2.72381,0.55588,NH3,2.54
228,0,0.0,0,21716,4432,21716,4432,2.7146,0.554,NH3,2.5
229,0,0.0,0,21633,4415,21633,4415,2.70421,0.55188,NH3,2.45
230,0,0.0,0,21545,4397,21545,4397,2.69319,0.54963,NH3,2.4
231,0,0.0,0,21491,4386,21491,4386,2.68643,0.54825,NH3,2.37
232,0,0.0,0,21398,4366,21398,4366,2.67476,0.54587,NH3,2.32
233,0,0.0,0,21344,4356,21344,4356,2.66805,0.5445,NH3,2.29
234,0,0.0,0,21251,4336,21251,4336,2.65639,0.54212,NH3,2.24
235,0,0.0,0,21187,4324,21187,4324,2.64845,0.5405,NH3,2.2
236,0,0.0,0,21138,4314,21138,4314,2.64233,0.53925,NH3,2.18
237,0,0.0,0,21075,4301,21075,4301,2.63439,0.53763,NH3,2.14
238,0,0.0,0,20996,4285,20996,4285,2.62459,0.53563,NH3,2.1
239,0,0.0,0,20952,4276,20952,4276,2.61905,0.5345,NH3,2.07
240,0,0.0,0,20869,4259,20869,4259,2.60866,0.53238,NH3,2.03
241,0,0.0,0,20830,4251,20830,4251,2.60376,0.53138,NH3,2.0
242,0,0.0,0,20785,4242,20785,4242,2.59823,0.53025,NH3,1.98
243,0,0.0,0,20712,4227,20712,4227,2.58906,0.52838,NH3,1.94
244,0,0.0,0,20653,4214,20653,4214,2.58166,0.52687,NH3,1.91
245,0,0.0,0,20599,4204,20599,4204,2.57495,0.5255,NH3,1.88
246,0,0.0,0,20555,4195,20555,4195,2.56946,0.52438,NH3,1.85
247,0,0.0,0,20511,4186,20511,4186,2.56393,0.52325,NH3,1.83
248,0,0.0,0,20452,4174,20452,4174,2.55658,0.52175,NH3,1.79
249,0,0.0,0,20428,4169,20428,4169,2.55354,0.52113,NH3,1.78
0,0,3.3,255,17561,3584,17561,3584,2.1952,0.448,NH3,0.18
1,0,3.3,255,18830,3842,18830,3842,2.35381,0.48037,NH3,0.89
2,0,3.3,255,20776,4240,20776,4240,2.597,0.53,NH3,1.97
3,0,3.3,255,22809,4655,22809,4655,2.85121,0.58188,NH3,3.11
4,0,3.3,255,24852,5072,24852,5072,3.1066,0.634,NH3,4.25
5,0,3.3,255,26950,5500,26950,5500,3.36875,0.6875,NH3,5.43
6,0,3.3,255,29037,5926,29037,5926,3.62968,0.74075,NH3,6.59
7,0,3.3,255,31115,6350,31115,6350,3.88938,0.79375,NH3,7.75
8,0,3.3,255,33187,6773,33187,6773,4.14849,0.84663,NH3,8.91
9,0,3.3,255,35265,7197,35265,7197,4.40819,0.89963,NH3,10.07
10,0,3.3,255,37289,7610,37289,7610,4.66113,0.95125,NH3,11.2
11,0,3.3,255,39293,8019,39293,8019,4.91166,1.00238,NH3,12.32
12,0,3.3,255,41262,8420,41262,8420,5.15784,1.05262,NH3,13.42
13,0,3.3,255,43169,8810,43169,8810,5.39613,1.10125,NH3,14.49
14,0,3.3,255,45060,9196,45060,9196,5.63255,1.1495,NH3,15.55
15,0,3.3,255,46912,9574,46912,9574,5.86408,1.19675,NH3,16.58
16,0,3.3,255,48706,9940,48706,9940,6.08825,1.2425,NH3,17.58
17,0,3.3,255,50455,10297,50455,10297,6.30694,1.28713,NH3,18.56
18,0,3.3,255,52116,10636,52116,10636,6.51455,1.3295,NH3,19.49
19,0,3.3,255,53747,10968,53747,10968,6.71849,1.37112,NH3,20.4
20,0,3.3,255,55326,11291,55326,11291,6.91576,1.41138,NH3,21.29
21,0,3.3,255,56869,11606,56869,11606,7.10868,1.45075,NH3,22.15
22,0,3.3,255,58314,11900,58314,11900,7.28934,1.48762,NH3,22.96
23,0,3.3,255,59726,12189,59726,12189,7.46579,1.52363,NH3,23.74
24,0,3.3,255,61073,12464,61073,12464,7.6342,1.558,NH3,24.5
25,0,3.3,255,62371,12728,62371,12728,7.79649,1.59112,NH3,25.22
26,0,3.3,255,63616,12983,63616,12983,7.95211,1.62288,NH3,25.92
27,0,3.3,255,64841,13233,64841,13233,8.10524,1.65413,NH3,26.6
28,0,3.3,255,65963,13462,65963,13462,8.24548,1.68275,NH3,27.23
29,0,3.3,255,67046,13682,67046,13682,8.38081,1.71037,NH3,27.84
30,0,3.3,255,68100,13898,68100,13898,8.51253,1.73725,NH3,28.42
31,0,3.3,255,69085,14099,69085,14099,8.63566,1.76238,NH3,28.98
32,0,3.3,255,70064,14298,70064,14298,8.75811,1.78737,NH3,29.52
33,0,3.3,255,70981,14486,70981,14486,8.87268,1.81075,NH3,30.04
34,0,3.3,255,71834,14660,71834,14660,8.97925,1.8325,NH3,30.51
35,0,3.3,255,72667,14830,72667,14830,9.08338,1.85375,NH3,30.98
36,0,3.3,255,73446,14989,73446,14989,9.18079,1.87363,NH3,31.41
37,0,3.3,255,74229,15148,74229,15148,9.27874,1.89362,NH3,31.85
38,0,3.3,255,74945,15294,74945,15294,9.36816,1.91187,NH3,32.25
39,0,3.3,255,75606,15430,75606,15430,9.45087,1.92875,NH3,32.62
40,0,3.3,255,76278,15567,76278,15567,9.53481,1.94588,NH3,33.0
41,0,3.3,255,76876,15689,76876,15689,9.60954,1.96113,NH3,33.33
42,0,3.3,255,77473,15810,77473,15810,9.68421,1.97637,NH3,33.66
43,0,3.3,255,78022,15923,78022,15923,9.75286,1.99038,NH3,33.97
44,0,3.3,255,78556,16032,78556,16032,9.8196,2.004,NH3,34.27
45,0,3.3,255,79037,16129,79037,16129,9.87963,2.01625,NH3,34.54
46,0,3.3,255,79512,16227,79512,16227,9.93906,2.02838,NH3,34.8
47,0,3.3,255,79938,16314,79938,16314,9.99233,2.03925,NH3,35.04
48,0,3.3,255,80364,16400,80364,16400,10.04559,2.05012,NH3,35.28
49,0,3.3,255,80732,16476,80732,16476,10.09155,2.0595,NH3,35.48
50,0,3.3,255,81124,16556,81124,16556,10.14055,2.0695,NH3,35.7
51,0,3.3,255,81482,16629,81482,16629,10.18529,2.07863,NH3,35.9
52,0,3.3,255,81785,16690,81785,16690,10.22321,2.08637,NH3,36.07
53,0,3.3,255,82109,16757,82109,16757,10.26369,2.09463,NH3,36.25
54,0,3.3,255,82388,16814,82388,16814,10.29858,2.10175,NH3,36.41
55,0,3.3,255,82643,16866,82643,16866,10.33042,2.10825,NH3,36.55
56,0,3.3,255,82903,16919,82903,16919,10.36291,2.11488,NH3,36.7
57,0,3.3,255,83113,16962,83113,16962,10.38922,2.12025,NH3,36.82
58,0,3.3,255,83329,17006,83329,17006,10.41618,2.12575,NH3,36.94
59,0,3.3,255,83510,17042,83510,17042,10.43881,2.13037,NH3,37.04
60,0,3.3,255,83701,17082,83701,17082,10.46273,2.13525,NH3,37.14
61,0,3.3,255,83888,17120,83888,17120,10.486,2.14,NH3,37.25
62,0,3.3,255,84039,17150,84039,17150,10.50496,2.14387,NH3,37.33
63,0,3.3,255,84206,17184,84206,17184,10.52579,2.14812,NH3,37.43
64,0,3.3,255,84323,17208,84323,17208,10.54049,2.15112,NH3,37.49
65,0,3.3,255,84451,17234,84451,17234,10.55641,2.15437,NH3,37.56
66,0,3.3,255,84569,17259,84569,17259,10.57116,2.15738,NH3,37.63
67,0,3.3,255,84691,17284,84691,17284,10.58645,2.1605,NH3,37.7
68,0,3.3,255,84784,17303,84784,17303,10.59811,2.16288,NH3,37.75
69,0,3.3,255,84868,17320,84868,17320,10.6085,2.165,NH3,37.8
70,0,3.3,255,84946,17336,84946,17336,10.6183,2.167,NH3,37.84
71,0,3.3,255,85005,17348,85005,17348,10.62565,2.1685,NH3,37.87
72,0,3.3,255,85088,17364,85088,17364,10.63604,2.17062,NH3,37.92
73,0,3.3,255,85152,17378,85152,17378,10.64403,2.17225,NH3,37.96
74,0,3.3,255,85211,17390,85211,17390,10.65138,2.17375,NH3,37.99
75,0,3.3,255,85260,17400,85260,17400,10.6575,2.175,NH3,38.02
76,0,3.3,255,85299,17408,85299,17408,10.6624,2.176,NH3,38.04
77,0,3.3,255,85318,17412,85318,17412,10.66485,2.1765,NH3,38.05
78,0,3.3,255,85372,17422,85372,17422,10.67156,2.17787,NH3,38.08
79,0,3.3,255,85407,17430,85407,17430,10.67588,2.17875,NH3,38.1
80,0,3.3,255,85431,17434,85431,17434,10.67891,2.17937,NH3,38.11
81,0,3.3,255,85446,17438,85446,17438,10.68078,2.17975,NH3,38.12
82,0,3.3,255,85456,17440,85456,17440,10.682,2.18,NH3,38.13
83,0,3.3,255,85475,17444,85475,17444,10.68445,2.1805,NH3,38.14
84,0,3.3,255,85480,17445,85480,17445,10.68509,2.18063,NH3,38.14
85,0,3.3,255,85495,17448,85495,17448,10.6869,2.181,NH3,38.15
86,0,3.3,255,85485,17446,85485,17446,10.68568,2.18075,NH3,38.14
87,0,3.3,255,85495,17448,85495,17448,10.6869,2.181,NH3,38.15
88,0,3.3,255,85495,17448,85495,17448,10.6869,2.181,NH3,38.15
89,0,3.3,255,85480,17445,85480,17445,10.68509,2.18063,NH3,38.14
90,0,3.3,255,85490,17446,85490,17446,10.68626,2.18087,NH3,38.14
91,0,3.3,255,85495,17448,85495,17448,10.6869,2.181,NH3,38.15
92,0,3.3,255,85548,17458,85548,17458,10.69361,2.18237,NH3,38.18
93,0,3.3,255,85514,17452,85514,17452,10.68935,2.1815,NH3,38.16
94,0,3.3,255,85500,17449,85500,17449,10.68754,2.18113,NH3,38.15
95,0,3.3,255,85490,17446,85490,17446,10.68626,2.18087,NH3,38.14
96,0,3.3,255,85421,17432,85421,17432,10.67769,2.17912,NH3,38.11
97,0,3.3,255,85407,17430,85407,17430,10.67588,2.17875,NH3,38.1
98,0,3.3,255,85372,17422,85372,17422,10.67156,2.17787,NH3,38.08
99,0,3.3,255,85362,17420,85362,17420,10.67034,2.17762,NH3,38.07
100,0,3.3,255,85318,17412,85318,17412,10.66485,2.1765,NH3,38.05
101,0,3.3,255,85289,17406,85289,17406,10.66118,2.17575,NH3,38.03
102,0,3.3,255,85269,17402,85269,17402,10.65873,2.17525,NH3,38.02
103,0,3.3,255,85255,17399,85255,17399,10.65691,2.17488,NH3,38.01
104,0,3.3,255,85235,17394,85235,17394,10.65441,2.17437,NH3,38.0
105,0,3.3,255,85191,17386,85191,17386,10.64893,2.17325,NH3,37.98
106,0,3.3,255,85167,17381,85167,17381,10.64589,2.17263,NH3,37.96
107,0,3.3,255,85132,17374,85132,17374,10.64157,2.17175,NH3,37.94
108,0,3.3,255,85113,17370,85113,17370,10.63913,2.17125,NH3,37.93
109,0,3.3,255,85073,17362,85073,17362,10.63422,2.17025,NH3,37.91
110,0,3.3,255,85034,17354,85034,17354,10.62932,2.16925,NH3,37.89
111,0,3.3,255,85019,17350,85019,17350,10.62746,2.16887,NH3,37.88
112,0,3.3,255,84990,17344,84990,17344,10.62379,2.16812,NH3,37.86
113,0,3.3,255,84966,17340,84966,17340,10.62075,2.1675,NH3,37.85
114,0,3.3,255,84946,17336,84946,17336,10.6183,2.167,NH3,37.84
115,0,3.3,255,84907,17328,84907,17328,10.6134,2.166,NH3,37.82
116,0,3.3,255,84887,17324,84887,17324,10.61095,2.1655,NH3,37.81
117,0,3.3,255,84882,17323,84882,17323,10.61036,2.16538,NH3,37.8
118,0,3.3,255,84848,17316,84848,17316,10.60605,2.1645,NH3,37.79
119,0,3.3,255,84819,17310,84819,17310,10.60238,2.16375,NH3,37.77
120,0,3.3,255,84789,17304,84789,17304,10.5987,2.163,NH3,37.75
121,0,3.3,255,84760,17298,84760,17298,10.59502,2.16225,NH3,37.74
122,0,3.3,255,84730,17292,84730,17292,10.59135,2.1615,NH3,37.72
123,0,3.3,255,84711,17288,84711,17288,10.5889,2.161,NH3,37.71
124,0,3.3,255,84696,17285,84696,17285,10.58709,2.16063,NH3,37.7
125,0,0.0,0,99073,20219,99073,20219,12.38416,2.52738,NH3,45.74
126,0,0.0,0,96853,19766,96853,19766,12.10667,2.47075,NH3,44.5
127,0,0.0,0,93933,19170,93933,19170,11.74163,2.39625,NH3,42.86
128,0,0.0,0,91120,18596,91120,18596,11.39005,2.3245,NH3,41.29
129,0,0.0,0,88405,18042,88405,18042,11.05073,2.25525,NH3,39.77
130,0,0.0,0,85789,17508,85789,17508,10.72365,2.1885,NH3,38.31
131,0,0.0,0,83290,16998,83290,16998,10.41128,2.12475,NH3,36.91
132,0,0.0,0,80835,16496,80835,16496,10.10439,2.06212,NH3,35.54
133,0,0.0,0,78507,16021,78507,16021,9.81348,2.00275,NH3,34.24
134,0,0.0,0,76273,15566,76273,15566,9.53418,1.94575,NH3,32.99
135,0,0.0,0,74112,15124,74112,15124,9.26404,1.89062,NH3,31.78
136,0,0.0,0,72049,14704,72049,14704,9.0062,1.838,NH3,30.63
137,0,0.0,0,70070,14300,70070,14300,8.75875,1.7875,NH3,29.53
138,0,0.0,0,68173,13913,68173,13913,8.52174,1.73913,NH3,28.47
139,0,0.0,0,66336,13538,66336,13538,8.29203,1.69225,NH3,27.44
140,0,0.0,0,64586,13180,64586,13180,8.07334,1.64762,NH3,26.46
141,0,0.0,0,62901,12836,62901,12836,7.86264,1.60462,NH3,25.52
142,0,0.0,0,61313,12512,61313,12512,7.66419,1.56412,NH3,24.63
143,0,0.0,0,59750,12194,59750,12194,7.46883,1.52425,NH3,23.76
144,0,0.0,0,58280,11894,58280,11894,7.28508,1.48675,NH3,22.94
145,0,0.0,0,56849,11602,56849,11602,7.10623,1.45025,NH3,22.14
146,0,0.0,0,55497,11326,55497,11326,6.93718,1.41575,NH3,21.38
147,0,0.0,0,54174,11056,54174,11056,6.7718,1.382,NH3,20.64
148,0,0.0,0,52934,10803,52934,10803,6.61686,1.35038,NH3,19.95
149,0,0.0,0,51734,10558,51734,10558,6.46678,1.31975,NH3,19.28
150,0,0.0,0,50587,10324,50587,10324,6.32345,1.2905,NH3,18.64
151,0,0.0,0,49499,10102,49499,10102,6.18748,1.26275,NH3,18.03
152,0,0.0,0,48466,9891,48466,9891,6.05826,1.23638,NH3,17.45
153,0,0.0,0,47417,9676,47417,9676,5.92714,1.20962,NH3,16.86
154,0,0.0,0,46442,9478,46442,9478,5.80527,1.18475,NH3,16.32
155,0,0.0,0,45515,9288,45515,9288,5.68949,1.16112,NH3,15.8
156,0,0.0,0,44599,9102,44599,9102,5.57498,1.13775,NH3,15.29
157,0,0.0,0,43732,8925,43732,8925,5.46659,1.11563,NH3,14.81
158,0,0.0,0,42904,8756,42904,8756,5.36305,1.0945,NH3,14.34
159,0,0.0,0,42105,8592,42105,8592,5.26319,1.07412,NH3,13.9
160,0,0.0,0,41365,8442,41365,8442,5.17073,1.05525,NH3,13.48
161,0,0.0,0,40611,8288,40611,8288,5.0764,1.036,NH3,13.06
162,0,0.0,0,39920,8147,39920,8147,4.99006,1.01838,NH3,12.67
163,0,0.0,0,39204,8000,39204,8000,4.90059,1.00012,NH3,12.27
164,0,0.0,0,38557,7868,38557,7868,4.81974,0.98362,NH3,11.91
165,0,0.0,0,37926,7740,37926,7740,4.74075,0.9675,NH3,11.56
166,0,0.0,0,37323,7616,37323,7616,4.66539,0.95212,NH3,11.22
167,0,0.0,0,36730,7496,36730,7496,4.5913,0.937,NH3,10.89
168,0,0.0,0,36157,7379,36157,7379,4.51966,0.92238,NH3,10.57
169,0,0.0,0,35618,7269,35618,7269,4.45229,0.90863,NH3,10.27
170,0,0.0,0,35108,7165,35108,7165,4.38859,0.89563,NH3,9.99
171,0,0.0,0,34589,7059,34589,7059,4.32366,0.88238,NH3,9.69
172,0,0.0,0,34089,6956,34089,6956,4.26114,0.86962,NH3,9.42
173,0,0.0,0,33628,6863,33628,6863,4.20361,0.85788,NH3,9.16
174,0,0.0,0,33212,6778,33212,6778,4.15153,0.84725,NH3,8.93
175,0,0.0,0,32737,6681,32737,6681,4.09214,0.83513,NH3,8.66
176,0,0.0,0,32320,6596,32320,6596,4.04005,0.8245,NH3,8.43
177,0,0.0,0,31918,6514,31918,6514,3.98983,0.81425,NH3,8.2
178,0,0.0,0,31512,6431,31512,6431,3.93901,0.80388,NH3,7.98
179,0,0.0,0,31149,6357,31149,6357,3.89369,0.79463,NH3,7.77
180,0,0.0,0,30791,6284,30791,6284,3.84895,0.7855,NH3,7.57
181,0,0.0,0,30409,6206,30409,6206,3.80118,0.77575,NH3,7.36
182,0,0.0,0,30095,6142,30095,6142,3.76198,0.76775,NH3,7.18
183,0,0.0,0,29762,6074,29762,6074,3.72033,0.75925,NH3,7.0
184,0,0.0,0,29463,6012,29463,6012,3.68294,0.75162,NH3,6.83
185,0,0.0,0,29120,5943,29120,5943,3.64011,0.74288,NH3,6.64
186,0,0.0,0,28821,5882,28821,5882,3.60272,0.73525,NH3,6.47
187,0,0.0,0,28503,5817,28503,5817,3.56294,0.72713,NH3,6.29
188,0,0.0,0,28277,5770,28277,5770,3.53471,0.72137,NH3,6.17
189,0,0.0,0,27964,5706,27964,5706,3.49551,0.71337,NH3,5.99
190,0,0.0,0,27714,5656,27714,5656,3.4643,0.707,NH3,5.85
191,0,0.0,0,27464,5605,27464,5605,3.43309,0.70063,NH3,5.71
192,0,0.0,0,27200,5551,27200,5551,3.40001,0.69388,NH3,5.57
193,0,0.0,0,26964,5503,26964,5503,3.37061,0.68788,NH3,5.43
194,0,0.0,0,26739,5456,26739,5456,3.34239,0.68212,NH3,5.31
195,0,0.0,0,26514,5411,26514,5411,3.31426,0.67638,NH3,5.18
196,0,0.0,0,26313,5370,26313,5370,3.28913,0.67125,NH3,5.07
197,0,0.0,0,26107,5328,26107,5328,3.2634,0.666,NH3,4.95
198,0,0.0,0,25876,5280,25876,5280,3.23459,0.66012,NH3,4.83
199,0,0.0,0,25681,5241,25681,5241,3.21014,0.65513,NH3,4.72
200,0,0.0,0,25524,5209,25524,5209,3.19054,0.65113,NH3,4.63
201,0,0.0,0,25313,5166,25313,5166,3.16418,0.64575,NH3,4.51
202,0,0.0,0,25137,5130,25137,5130,3.14213,0.64125,NH3,4.41
203,0,0.0,0,24985,5099,24985,5099,3.12316,0.63738,NH3,4.33
204,0,0.0,0,24798,5060,24798,5060,3.09984,0.63262,NH3,4.22
205,0,0.0,0,24637,5028,24637,5028,3.07965,0.6285,NH3,4.13
206,0,0.0,0,24500,5000,24500,5000,3.0625,0.625,NH3,4.06
207,0,0.0,0,24333,4966,24333,4966,3.04168,0.62075,NH3,3.96
208,0,0.0,0,24166,4932,24166,4932,3.02085,0.6165,NH3,3.87
209,0,0.0,0,24014,4900,24014,4900,3.00184,0.61262,NH3,3.78
210,0,0.0,0,23897,4876,23897,4876,2.98714,0.60962,NH3,3.72
211,0,0.0,0,23745,4846,23745,4846,2.96818,0.60575,NH3,3.63
212,0,0.0,0,23612,4818,23612,4818,2.95161,0.60237,NH3,3.56
213,0,0.0,0,23471,4790,23471,4790,2.93388,0.59875,NH3,3.48
214,0,0.0,0,23333,4762,23333,4762,2.91673,0.59525,NH3,3.4
215,0,0.0,0,23235,4742,23235,4742,2.90448,0.59275,NH3,3.35
216,0,0.0,0,23113,4717,23113,4717,2.88919,0.58963,NH3,3.28
217,0,0.0,0,22995,4693,22995,4693,2.87449,0.58663,NH3,3.22
218,0,0.0,0,22897,4673,22897,4673,2.86224,0.58413,NH3,3.16
219,0,0.0,0,22780,4649,22780,4649,2.84754,0.58113,NH3,3.09
220,0,0.0,0,22667,4626,22667,4626,2.83343,0.57825,NH3,3.03
221,0,0.0,0,22564,4605,22564,4605,2.82059,0.57563,NH3,2.97
222,0,0.0,0,22476,4586,22476,4586,2.80951,0.57337,NH3,2.92
223,0,0.0,0,22387,4568,22387,4568,2.79849,0.57112,NH3,2.88
224,0,0.0,0,22280,4546,22280,4546,2.78501,0.56837,NH3,2.82
225,0,0.0,0,22201,4530,22201,4530,2.77521,0.56637,NH3,2.77
226,0,0.0,0,22104,4511,22104,4511,2.76301,0.56388,NH3,2.72
227,0,0.0,0,22020,4494,22020,4494,2.75258,0.56175,NH3,2.67
228,0,0.0,0,21932,4476,21932,4476,2.74155,0.5595,NH3,2.62
229,0,0.0,0,21854,4460,21854,4460,2.73175,0.5575,NH3,2.58
230,0,0.0,0,21770,4443,21770,4443,2.72136,0.55538,NH3,2.53
231,0,0.0,0,21697,4428,21697,4428,2.71215,0.5535,NH3,2.49
232,0,0.0,0,21603,4408,21603,4408,2.70049,0.55112,NH3,2.44
233,0,0.0,0,21540,4396,21540,4396,2.69255,0.5495,NH3,2.4
234,0,0.0,0,21481,4384,21481,4384,2.6852,0.548,NH3,2.37
235,0,0.0,0,21422,4372,21422,4372,2.67785,0.5465,NH3,2.34
236,0,0.0,0,21354,4358,21354,4358,2.66927,0.54475,NH3,2.3
237,0,0.0,0,21285,4344,21285,4344,2.6607,0.543,NH3,2.26
238,0,0.0,0,21211,4328,21211,4328,2.65149,0.54112,NH3,2.22
239,0,0.0,0,21153,4317,21153,4317,2.64419,0.53963,NH3,2.19
240,0,0.0,0,21079,4302,21079,4302,2.63497,0.53775,NH3,2.14
241,0,0.0,0,21021,4290,21021,4290,2.62763,0.53625,NH3,2.11
242,0,0.0,0,20957,4277,20957,4277,2.61969,0.53463,NH3,2.08
243,0,0.0,0,20893,4264,20893,4264,2.6117,0.533,NH3,2.04
244,0,0.0,0,20839,4253,20839,4253,2.60499,0.53163,NH3,2.01
245,0,0.0,0,20810,4246,20810,4246,2.60126,0.53087,NH3,1.99
246,0,0.0,0,20761,4237,20761,4237,2.59519,0.52963,NH3,1.97
247,0,0.0,0,20692,4222,20692,4222,2.58656,0.52787,NH3,1.93
248,0,0.0,0,20663,4217,20663,4217,2.58294,0.52713,NH3,1.91
249,0,0.0,0,20609,4206,20609,4206,2.57618,0.52575,NH3,1.88
0,0,3.3,255,17733,3619,17733,3619,2.21666,0.45238,NH3,0.27
1,0,3.3,255,19012,3880,19012,3880,2.3765,0.485,NH3,0.99
2,0,3.3,255,20966,4278,20966,4278,2.62086,0.53487,NH3,2.08
3,0,3.3,255,23024,4698,23024,4698,2.87811,0.58737,NH3,3.23
4,0,3.3,255,25107,5124,25107,5124,3.13845,0.6405,NH3,4.4
5,0,3.3,255,27204,5552,27204,5552,3.4006,0.694,NH3,5.57
6,0,3.3,255,29302,5980,29302,5980,3.66275,0.7475,NH3,6.74
7,0,3.3,255,31409,6410,31409,6410,3.92613,0.80125,NH3,7.92
8,0,3.3,255,33491,6834,33491,6834,4.18641,0.85437,NH3,9.08
9,0,3.3,255,35564,7258,35564,7258,4.44552,0.90725,NH3,10.24
10,0,3.3,255,37597,7673,37597,7673,4.69974,0.95913,NH3,11.38
11,0,3.3,255,39616,8085,39616,8085,4.95209,1.01063,NH3,12.5
12,0,3.3,255,41586,8487,41586,8487,5.19831,1.06088,NH3,13.61
13,0,3.3,255,43517,8881,43517,8881,5.43964,1.11013,NH3,14.68
14,0,3.3,255,45413,9268,45413,9268,5.67665,1.1585,NH3,15.74
15,0,3.3,255,47260,9644,47260,9644,5.90754,1.20562,NH3,16.78
16,0,3.3,255,49039,10008,49039,10008,6.1299,1.251,NH3,17.77
17,0,3.3,255,50788,10365,50788,10365,6.34859,1.29563,NH3,18.75
18,0,3.3,255,52473,10708,52473,10708,6.55924,1.33862,NH3,19.69
19,0,3.3,255,54115,11044,54115,11044,6.76445,1.3805,NH3,20.61
20,0,3.3,255,55678,11362,55678,11362,6.95981,1.42037,NH3,21.48
21,0,3.3,255,57207,11675,57207,11675,7.15096,1.45938,NH3,22.34
22,0,3.3,255,58658,11971,58658,11971,7.33226,1.49638,NH3,23.15
23,0,3.3,255,60069,12259,60069,12259,7.50866,1.53238,NH3,23.94
24,0,3.3,255,61406,12532,61406,12532,7.67585,1.5665,NH3,24.68
25,0,3.3,255,62714,12798,62714,12798,7.83936,1.59987,NH3,25.41
26,0,3.3,255,63974,13056,63974,13056,7.9968,1.632,NH3,26.12
27,0,3.3,255,65164,13298,65164,13298,8.14561,1.66237,NH3,26.78
28,0,3.3,255,66311,13532,66311,13532,8.28894,1.69162,NH3,27.42
29,0,3.3,255,67394,13754,67394,13754,8.42432,1.71925,NH3,28.03
30,0,3.3,255,68433,13966,68433,13966,8.55418,1.74575,NH3,28.61
31,0,3.3,255,69428,14169,69428,14169,8.67854,1.77113,NH3,29.17
32,0,3.3,255,70407,14368,70407,14368,8.80099,1.79612,NH3,29.71
33,0,3.3,255,71295,14550,71295,14550,8.91188,1.81875,NH3,30.21
34,0,3.3,255,72181,14730,72181,14730,9.02271,1.84137,NH3,30.71
35,0,3.3,255,73024,14903,73024,14903,9.12811,1.86288,NH3,31.18
36,0,3.3,255,73803,15062,73803,15062,9.22547,1.88275,NH3,31.61
37,0,3.3,255,74553,15214,74553,15214,9.31916,1.90187,NH3,32.03
38,0,3.3,255,75264,15360,75264,15360,9.408,1.92,NH3,32.43
39,0,3.3,255,75940,15498,75940,15498,9.49253,1.93725,NH3,32.81
40,0,3.3,255,76630,15638,76630,15638,9.57886,1.95487,NH3,33.19
41,0,3.3,255,77219,15759,77219,15759,9.65241,1.96988,NH3,33.52
42,0,3.3,255,77797,15877,77797,15877,9.72469,1.98463,NH3,33.84
43,0,3.3,255,78341,15988,78341,15988,9.79265,1.9985,NH3,34.15
44,0,3.3,255,78870,16096,78870,16096,9.8588,2.012,NH3,34.44
45,0,3.3,255,79375,16199,79375,16199,9.92191,2.02488,NH3,34.73
46,0,3.3,255,79835,16292,79835,16292,9.97944,2.03662,NH3,34.98
47,0,3.3,255,80286,16385,80286,16385,10.03584,2.04813,NH3,35.24
48,0,3.3,255,80708,16471,80708,16471,10.08851,2.05888,NH3,35.47
49,0,3.3,255,81085,16548,81085,16548,10.13565,2.0685,NH3,35.68
50,0,3.3,255,81442,16620,81442,16620,10.18034,2.07762,NH3,35.88
51,0,3.3,255,81781,16690,81781,16690,10.22263,2.08625,NH3,36.07
52,0,3.3,255,82114,16758,82114,16758,10.26427,2.09475,NH3,36.26
53,0,3.3,255,82388,16814,82388,16814,10.29858,2.10175,NH3,36.41
54,0,3.3,255,82677,16873,82677,16873,10.33474,2.10913,NH3,36.57
55,0,3.3,255,82937,16926,82937,16926,10.36717,2.11575,NH3,36.72
56,0,3.3,255,83196,16978,83196,16978,10.39961,2.12237,NH3,36.86
57,0,3.3,255,83417,17024,83417,17024,10.4272,2.128,NH3,36.99
58,0,3.3,255,83623,17066,83623,17066,10.45293,2.13325,NH3,37.1
59,0,3.3,255,83819,17106,83819,17106,10.47743,2.13825,NH3,37.21
60,0,3.3,255,84025,17148,84025,17148,10.50315,2.1435,NH3,37.33
61,0,3.3,255,84182,17180,84182,17180,10.52275,2.1475,NH3,37.41
62,0,3.3,255,84333,17210,84333,17210,10.54171,2.15137,NH3,37.5
63,0,3.3,255,84495,17244,84495,17244,10.56195,2.1555,NH3,37.59
64,0,3.3,255,84613,17268,84613,17268,10.57665,2.1585,NH3,37.65
65,0,3.3,255,84730,17292,84730,17292,10.59135,2.1615,NH3,37.72
66,0,3.3,255,84833,17312,84833,17312,10.60419,2.16412,NH3,37.78
67,0,3.3,255,84946,17336,84946,17336,10.6183,2.167,NH3,37.84
68,0,3.3,255,85049,17356,85049,17356,10.63114,2.16962,NH3,37.9
69,0,3.3,255,85127,17373,85127,17373,10.64099,2.17163,NH3,37.94
70,0,3.3,255,85211,17390,85211,17390,10.65138,2.17375,NH3,37.99
71,0,3.3,255,85274,17402,85274,17402,10.65931,2.17537,NH3,38.02
72,0,3.3,255,85353,17419,85353,17419,10.66916,2.17738,NH3,38.07
73,0,3.3,255,85451,17439,85451,17439,10.68141,2.17988,NH3,38.12
74,0,3.3,255,85480,17445,85480,17445,10.68509,2.18063,NH3,38.14
75,0,3.3,255,85519,17452,85519,17452,10.68994,2.18162,NH3,38.16
76,0,3.3,255,85554,17460,85554,17460,10.69425,2.1825,NH3,38.18
77,0,3.3,255,85583,17466,85583,17466,10.69793,2.18325,NH3,38.2
78,0,3.3,255,85588,17466,85588,17466,10.69851,2.18337,NH3,38.2
79,0,3.3,255,85598,17469,85598,17469,10.69979,2.18363,NH3,38.2
80,0,3.3,255,85627,17475,85627,17475,10.70346,2.18438,NH3,38.22
81,0,3.3,255,85627,17475,85627,17475,10.70346,2.18438,NH3,38.22
82,0,3.3,255,85637,17477,85637,17477,10.70469,2.18463,NH3,38.23
83,0,3.3,255,85652,17480,85652,17480,10.7065,2.185,NH3,38.23
84,0,3.3,255,85637,17477,85637,17477,10.70469,2.18463,NH3,38.23
85,0,3.3,255,85627,17475,85627,17475,10.70346,2.18438,NH3,38.22
86,0,3.3,255,85642,17478,85642,17478,10.70528,2.18475,NH3,38.23
87,0,3.3,255,85632,17476,85632,17476,10.70405,2.1845,NH3,38.22
88,0,3.3,255,85617,17472,85617,17472,10.70219,2.18412,NH3,38.22
89,0,3.3,255,85598,17469,85598,17469,10.69979,2.18363,NH3,38.2
90,0,3.3,255,85608,17471,85608,17471,10.70101,2.18388,NH3,38.21
91,0,3.3,255,85598,17469,85598,17469,10.69979,2.18363,NH3,38.2
92,0,3.3,255,85578,17464,85578,17464,10.69729,2.18312,NH3,38.19
93,0,3.3,255,85578,17464,85578,17464,10.69729,2.18312,NH3,38.19
94,0,3.3,255,85544,17458,85544,17458,10.69303,2.18225,NH3,38.17
95,0,3.3,255,85544,17458,85544,17458,10.69303,2.18225,NH3,38.17
96,0,3.3,255,85544,17458,85544,17458,10.69303,2.18225,NH3,38.17
97,0,3.3,255,85534,17456,85534,17456,10.6918,2.182,NH3,38.17
98,0,3.3,255,85495,17448,85495,17448,10.6869,2.181,NH3,38.15
99,0,3.3,255,85505,17450,85505,17450,10.68813,2.18125,NH3,38.15
100,0,3.3,255,85480,17445,85480,17445,10.68509,2.18063,NH3,38.14
101,0,3.3,255,85460,17440,85460,17440,10.68259,2.18012,NH3,38.13
102,0,3.3,255,85451,17439,85451,17439,10.68141,2.17988,NH3,38.12
103,0,3.3,255,85426,17434,85426,17434,10.67833,2.17925,NH3,38.11
104,0,3.3,255,85401,17428,85401,17428,10.67524,2.17862,NH3,38.09
105,0,3.3,255,85387,17426,85387,17426,10.67342,2.17825,NH3,38.09
106,0,3.3,255,85362,17420,85362,17420,10.67034,2.17762,NH3,38.07
107,0,3.3,255,85343,17417,85343,17417,10.66794,2.17713,NH3,38.06
108,0,3.3,255,85323,17413,85323,17413,10.66549,2.17663,NH3,38.05
109,0,3.3,255,85299,17408,85299,17408,10.6624,2.176,NH3,38.04
110,0,3.3,255,85274,17402,85274,17402,10.65931,2.17537,NH3,38.02
111,0,3.3,255,85269,17402,85269,17402,10.65873,2.17525,NH3,38.02
112,0,3.3,255,85240,17396,85240,17396,10.65505,2.1745,NH3,38.0
113,0,3.3,255,85220,17392,85220,17392,10.6526,2.174,NH3,37.99
114,0,3.3,255,85205,17388,85205,17388,10.65074,2.17362,NH3,37.99
115,0,3.3,255,85176,17382,85176,17382,10.64706,2.17287,NH3,37.97
116,0,3.3,255,85137,17375,85137,17375,10.64221,2.17188,NH3,37.95
117,0,3.3,255,85122,17372,85122,17372,10.64035,2.1715,NH3,37.94
118,0,3.3,255,85088,17364,85088,17364,10.63604,2.17062,NH3,37.92
119,0,3.3,255,85078,17362,85078,17362,10.63481,2.17037,NH3,37.91
120,0,3.3,255,85054,17358,85054,17358,10.63178,2.16975,NH3,37.9
121,0,3.3,255,85024,17352,85024,17352,10.6281,2.169,NH3,37.88
122,0,3.3,255,85024,17352,85024,17352,10.6281,2.169,NH3,37.88
123,0,3.3,255,85015,17350,85015,17350,10.62688,2.16875,NH3,37.88
124,0,3.3,255,84990,17344,84990,17344,10.62379,2.16812,NH3,37.86
125,0,0.0,0,99391,20284,99391,20284,12.42395,2.5355,NH3,45.91
126,0,0.0,0,97196,19836,97196,19836,12.14955,2.4795,NH3,44.69
127,0,0.0,0,94300,19245,94300,19245,11.78759,2.40563,NH3,43.07
128,0,0.0,0,91483,18670,91483,18670,11.43538,2.33375,NH3,41.49
129,0,0.0,0,88782,18118,88782,18118,11.09786,2.26487,NH3,39.98
130,0,0.0,0,86185,17588,86185,17588,10.77324,2.19862,NH3,38.53
131,0,0.0,0,83662,17074,83662,17074,10.45783,2.13425,NH3,37.12
132,0,0.0,0,81242,16580,81242,16580,10.15525,2.0725,NH3,35.77
133,0,0.0,0,78890,16100,78890,16100,9.86125,2.0125,NH3,34.46
134,0,0.0,0,76665,15646,76665,15646,9.58318,1.95575,NH3,33.21
135,0,0.0,0,74504,15205,74504,15205,9.31309,1.90063,NH3,32.0
136,0,0.0,0,72446,14785,72446,14785,9.05584,1.84813,NH3,30.85
137,0,0.0,0,70476,14382,70476,14382,8.80956,1.79787,NH3,29.75
138,0,0.0,0,68521,13984,68521,13984,8.5652,1.748,NH3,28.66
139,0,0.0,0,66703,13612,66703,13612,8.33794,1.70162,NH3,27.64
140,0,0.0,0,64949,13255,64949,13255,8.11871,1.65688,NH3,26.66
141,0,0.0,0,63283,12914,63283,12914,7.91041,1.61437,NH3,25.73
142,0,0.0,0,61661,12584,61661,12584,7.7077,1.573,NH3,24.83
143,0,0.0,0,60113,12268,60113,12268,7.51415,1.5335,NH3,23.96
144,0,0.0,0,58628,11964,58628,11964,7.32854,1.49562,NH3,23.13
145,0,0.0,0,57202,11674,57202,11674,7.15033,1.45925,NH3,22.33
146,0,0.0,0,55835,11394,55835,11394,6.97941,1.42437,NH3,21.57
147,0,0.0,0,54542,11131,54542,11131,6.81776,1.39138,NH3,20.85
148,0,0.0,0,53287,10875,53287,10875,6.66096,1.35938,NH3,20.15
149,0,0.0,0,52077,10628,52077,10628,6.50965,1.3285,NH3,19.47
150,0,0.0,0,50950,10398,50950,10398,6.36878,1.29975,NH3,18.84
151,0,0.0,0,49837,10170,49837,10170,6.22971,1.27137,NH3,18.22
152,0,0.0,0,48749,9948,48749,9948,6.09374,1.24362,NH3,17.61
153,0,0.0,0,47740,9743,47740,9743,5.96761,1.21788,NH3,17.05
154,0,0.0,0,46785,9548,46785,9548,5.84815,1.1935,NH3,16.51
155,0,0.0,0,45815,9350,45815,9350,5.72688,1.16875,NH3,15.97
156,0,0.0,0,44908,9164,44908,9164,5.61354,1.14562,NH3,15.46
157,0,0.0,0,44065,8993,44065,8993,5.50824,1.12413,NH3,14.99
158,0,0.0,0,43227,8822,43227,8822,5.40348,1.10275,NH3,14.52
159,0,0.0,0,42404,8654,42404,8654,5.30058,1.08175,NH3,14.06
160,0,0.0,0,41669,8504,41669,8504,5.2087,1.063,NH3,13.65
161,0,0.0,0,40910,8349,40910,8349,5.11379,1.04363,NH3,13.23
162,0,0.0,0,40180,8200,40180,8200,5.0225,1.025,NH3,12.82
163,0,0.0,0,39494,8060,39494,8060,4.93675,1.0075,NH3,12.44
164,0,0.0,0,38837,7926,38837,7926,4.85468,0.99075,NH3,12.07
165,0,0.0,0,38210,7798,38210,7798,4.77628,0.97475,NH3,11.72
166,0,0.0,0,37607,7674,37607,7674,4.70091,0.95937,NH3,11.38
167,0,0.0,0,37019,7554,37019,7554,4.62741,0.94437,NH3,11.05
168,0,0.0,0,36451,7439,36451,7439,4.55641,0.92988,NH3,10.74
169,0,0.0,0,35887,7324,35887,7324,4.48595,0.9155,NH3,10.42
170,0,0.0,0,35378,7220,35378,7220,4.42225,0.9025,NH3,10.14
171,0,0.0,0,34863,7115,34863,7115,4.35796,0.88938,NH3,9.85
172,0,0.0,0,34368,7014,34368,7014,4.29608,0.87675,NH3,9.57
173,0,0.0,0,33903,6919,33903,6919,4.23791,0.86488,NH3,9.31
174,0,0.0,0,33447,6826,33447,6826,4.18093,0.85325,NH3,9.06
175,0,0.0,0,33006,6736,33006,6736,4.1258,0.842,NH3,8.81
176,0,0.0,0,32570,6647,32570,6647,4.07131,0.83088,NH3,8.57
177,0,0.0,0,32163,6564,32163,6564,4.02045,0.8205,NH3,8.34
178,0,0.0,0,31786,6487,31786,6487,3.97331,0.81088,NH3,8.13
179,0,0.0,0,31399,6408,31399,6408,3.9249,0.801,NH3,7.91
180,0,0.0,0,31036,6334,31036,6334,3.87957,0.79175,NH3,7.71
181,0,0.0,0,30664,6258,30664,6258,3.83303,0.78225,NH3,7.5
182,0,0.0,0,30311,6186,30311,6186,3.78893,0.77325,NH3,7.3
183,0,0.0,0,29993,6121,29993,6121,3.74914,0.76513,NH3,7.13
184,0,0.0,0,29664,6054,29664,6054,3.70808,0.75675,NH3,6.94
185,0,0.0,0,29345,5988,29345,5988,3.66824,0.74862,NH3,6.76
186,0,0.0,0,29047,5928,29047,5928,3.6309,0.741,NH3,6.6
187,0,0.0,0,28753,5868,28753,5868,3.59415,0.7335,NH3,6.43
188,0,0.0,0,28493,5815,28493,5815,3.56171,0.72688,NH3,6.29
189,0,0.0,0,28214,5758,28214,5758,3.52678,0.71975,NH3,6.13
190,0,0.0,0,27949,5704,27949,5704,3.4937,0.713,NH3,5.98
191,0,0.0,0,27670,5647,27670,5647,3.45881,0.70588,NH3,5.83
192,0,0.0,0,27440,5600,27440,5600,3.43,0.7,NH3,5.7
193,0,0.0,0,27209,5552,27209,5552,3.40119,0.69412,NH3,5.57
194,0,0.0,0,26979,5506,26979,5506,3.37243,0.68825,NH3,5.44
195,0,0.0,0,26749,5459,26749,5459,3.34366,0.68238,NH3,5.31
196,0,0.0,0,26543,5416,26543,5416,3.31789,0.67712,NH3,5.2
197,0,0.0,0,26307,5368,26307,5368,3.28849,0.67112,NH3,5.07
198,0,0.0,0,26107,5328,26107,5328,3.2634,0.666,NH3,4.95
199,0,0.0,0,25906,5286,25906,5286,3.23826,0.66087,NH3,4.84
200,0,0.0,0,25710,5246,25710,5246,3.21376,0.65587,NH3,4.73
201,0,0.0,0,25524,5209,25524,5209,3.19054,0.65113,NH3,4.63
202,0,0.0,0,25323,5168,25323,5168,3.1654,0.646,NH3,4.52
203,0,0.0,0,25151,5133,25151,5133,3.14399,0.64163,NH3,4.42
204,0,0.0,0,24980,5098,24980,5098,3.12252,0.63725,NH3,4.32
205,0,0.0,0,24823,5066,24823,5066,3.10292,0.63325,NH3,4.24
206,0,0.0,0,24696,5040,24696,5040,3.087,0.63,NH3,4.17
207,0,0.0,0,24514,5003,24514,5003,3.06436,0.62538,NH3,4.06
208,0,0.0,0,24377,4975,24377,4975,3.04721,0.62188,NH3,3.99
209,0,0.0,0,24235,4946,24235,4946,3.02943,0.61825,NH3,3.91
210,0,0.0,0,24073,4913,24073,4913,3.00924,0.61413,NH3,3.82
211,0,0.0,0,23936,4884,23936,4884,2.99204,0.61062,NH3,3.74
212,0,0.0,0,23814,4860,23814,4860,2.97675,0.6075,NH3,3.67
213,0,0.0,0,23691,4834,23691,4834,2.96141,0.60437,NH3,3.6
214,0,0.0,0,23525,4801,23525,4801,2.94064,0.60013,NH3,3.51
215,0,0.0,0,23441,4784,23441,4784,2.9302,0.598,NH3,3.46
216,0,0.0,0,23314,4758,23314,4758,2.91428,0.59475,NH3,3.39
217,0,0.0,0,23196,4734,23196,4734,2.89958,0.59175,NH3,3.33
218,0,0.0,0,23069,4708,23069,4708,2.88365,0.5885,NH3,3.26
219,0,0.0,0,22946,4682,22946,4682,2.86831,0.58537,NH3,3.19
220,0,0.0,0,22868,4666,22868,4666,2.85851,0.58337,NH3,3.14
221,0,0.0,0,22750,4642,22750,4642,2.84381,0.58037,NH3,3.08
222,0,0.0,0,22657,4624,22657,4624,2.8322,0.578,NH3,3.03
223,0,0.0,0,22544,4600,22544,4600,2.81809,0.57512,NH3,2.96
224,0,0.0,0,22481,4588,22481,4588,2.81015,0.5735,NH3,2.93
225,0,0.0,0,22373,4566,22373,4566,2.79668,0.57075,NH3,2.87
226,0,0.0,0,22280,4546,22280,4546,2.78501,0.56837,NH3,2.82
227,0,0.0,0,22201,4530,22201,4530,2.77521,0.56637,NH3,2.77
228,0,0.0,0,22123,4514,22123,4514,2.76541,0.56437,NH3,2.73
229,0,0.0,0,22030,4496,22030,4496,2.7538,0.562,NH3,2.68
230,0,0.0,0,21966,4482,21966,4482,2.74581,0.56037,NH3,2.64
231,0,0.0,0,21888,4467,21888,4467,2.73606,0.55838,NH3,2.6
232,0,0.0,0,21790,4447,21790,4447,2.72381,0.55588,NH3,2.54
233,0,0.0,0,21726,4434,21726,4434,2.71583,0.55425,NH3,2.51
234,0,0.0,0,21653,4419,21653,4419,2.70666,0.55238,NH3,2.46
235,0,0.0,0,21555,4399,21555,4399,2.69441,0.54988,NH3,2.41
236,0,0.0,0,21510,4390,21510,4390,2.68887,0.54875,NH3,2.39
237,0,0.0,0,21427,4373,21427,4373,2.67849,0.54663,NH3,2.34
238,0,0.0,0,21383,4364,21383,4364,2.67295,0.5455,NH3,2.31
239,0,0.0,0,21315,4350,21315,4350,2.66438,0.54375,NH3,2.28
240,0,0.0,0,21271,4341,21271,4341,2.65889,0.54263,NH3,2.25
241,0,0.0,0,21211,4328,21211,4328,2.65149,0.54112,NH3,2.22
242,0,0.0,0,21158,4318,21158,4318,2.64478,0.53975,NH3,2.19
243,0,0.0,0,21089,4304,21089,4304,2.6362,0.538,NH3,2.15
244,0,0.0,0,21035,4293,21035,4293,2.62949,0.53663,NH3,2.12
245,0,0.0,0,20996,4285,20996,4285,2.62459,0.53563,NH3,2.1
246,0,0.0,0,20947,4275,20947,4275,2.61846,0.53438,NH3,2.07
247,0,0.0,0,20888,4262,20888,4262,2.61106,0.53287,NH3,2.04
248,0,0.0,0,20864,4258,20864,4258,2.60803,0.53225,NH3,2.02
249,0,0.0,0,20810,4246,20810,4246,2.60126,0.53087,NH3,1.99
0,0,3.3,255,17885,3650,17885,3650,2.23563,0.45625,NH3,0.36
1,0,3.3,255,19183,3915,19183,3915,2.39796,0.48938,NH3,1.08
2,0,3.3,255,21158,4318,21158,4318,2.64478,0.53975,NH3,2.19
3,0,3.3,255,23220,4738,23220,4738,2.90261,0.59237,NH3,3.34
4,0,3.3,255,25298,5163,25298,5163,3.16236,0.64538,NH3,4.5
5,0,3.3,255,27405,5592,27405,5592,3.42569,0.69912,NH3,5.68
6,0,3.3,255,29537,6028,29537,6028,3.69215,0.7535,NH3,6.87
7,0,3.3,255,31654,6460,31654,6460,3.95675,0.8075,NH3,8.05
8,0,3.3,255,33726,6883,33726,6883,4.21586,0.86038,NH3,9.21
9,0,3.3,255,35814,7309,35814,7309,4.47679,0.91363,NH3,10.38
10,0,3.3,255,37862,7727,37862,7727,4.73281,0.96588,NH3,11.52
11,0,3.3,255,39880,8138,39880,8138,4.98511,1.01737,NH3,12.65
12,0,3.3,255,41870,8544,41870,8544,5.23379,1.06812,NH3,13.76
13,0,3.3,255,43796,8938,43796,8938,5.47453,1.11725,NH3,14.84
14,0,3.3,255,45692,9324,45692,9324,5.71154,1.16562,NH3,15.9
15,0,3.3,255,47524,9698,47524,9698,5.94061,1.21237,NH3,16.92
16,0,3.3,255,49328,10067,49328,10067,6.16606,1.25838,NH3,17.93
17,0,3.3,255,51092,10426,51092,10426,6.38651,1.30337,NH3,18.92
18,0,3.3,255,52773,10770,52773,10770,6.59663,1.34625,NH3,19.86
19,0,3.3,255,54424,11106,54424,11106,6.80301,1.38837,NH3,20.78
20,0,3.3,255,55992,11426,55992,11426,6.99901,1.42837,NH3,21.66
21,0,3.3,255,57530,11740,57530,11740,7.19134,1.46762,NH3,22.52
22,0,3.3,255,59001,12041,59001,12041,7.37514,1.50513,NH3,23.34
23,0,3.3,255,60417,12330,60417,12330,7.55213,1.54125,NH3,24.13
24,0,3.3,255,61759,12604,61759,12604,7.71995,1.5755,NH3,24.88
25,0,3.3,255,63057,12868,63057,12868,7.88224,1.60862,NH3,25.61
26,0,3.3,255,64282,13118,64282,13118,8.03536,1.63987,NH3,26.29
27,0,3.3,255,65498,13367,65498,13367,8.18731,1.67088,NH3,26.97
28,0,3.3,255,66635,13599,66635,13599,8.32941,1.69988,NH3,27.61
29,0,3.3,255,67752,13826,67752,13826,8.46901,1.72837,NH3,28.23
30,0,3.3,255,68790,14038,68790,14038,8.59886,1.75487,NH3,28.81
31,0,3.3,255,69790,14243,69790,14243,8.72386,1.78038,NH3,29.37
32,0,3.3,255,70741,14436,70741,14436,8.84264,1.80462,NH3,29.9
33,0,3.3,255,71638,14620,71638,14620,8.95475,1.8275,NH3,30.4
34,0,3.3,255,72539,14804,72539,14804,9.06745,1.8505,NH3,30.91
35,0,3.3,255,73353,14970,73353,14970,9.16913,1.87125,NH3,31.36
36,0,3.3,255,74156,15134,74156,15134,9.26958,1.89175,NH3,31.81
37,0,3.3,255,74881,15282,74881,15282,9.36023,1.91025,NH3,32.22
38,0,3.3,255,75602,15429,75602,15429,9.45029,1.92863,NH3,32.62
39,0,3.3,255,76302,15572,76302,15572,9.53785,1.9465,NH3,33.01
40,0,3.3,255,76924,15698,76924,15698,9.61561,1.96237,NH3,33.36
41,0,3.3,255,77552,15826,77552,15826,9.69401,1.97837,NH3,33.71
42,0,3.3,255,78125,15944,78125,15944,9.7657,1.993,NH3,34.03
43,0,3.3,255,78674,16056,78674,16056,9.8343,2.007,NH3,34.33
44,0,3.3,255,79164,16155,79164,16155,9.89555,2.0195,NH3,34.61
45,0,3.3,255,79659,16257,79659,16257,9.95744,2.03213,NH3,34.89
46,0,3.3,255,80134,16354,80134,16354,10.01683,2.04425,NH3,35.15
47,0,3.3,255,80580,16445,80580,16445,10.07259,2.05563,NH3,35.4
48,0,3.3,255,80991,16528,80991,16528,10.12399,2.06612,NH3,35.63
49,0,3.3,255,81403,16612,81403,16612,10.17544,2.07662,NH3,35.86
50,0,3.3,255,81771,16688,81771,16688,10.2214,2.086,NH3,36.07
51,0,3.3,255,82138,16763,82138,16763,10.26736,2.09538,NH3,36.27
52,0,3.3,255,82452,16827,82452,16827,10.30656,2.10338,NH3,36.45
53,0,3.3,255,82770,16892,82770,16892,10.34635,2.1115,NH3,36.62
54,0,3.3,255,83050,16949,83050,16949,10.38129,2.11863,NH3,36.78
55,0,3.3,255,83285,16996,83285,16996,10.41064,2.12462,NH3,36.91
56,0,3.3,255,83564,17054,83564,17054,10.44557,2.13175,NH3,37.07
57,0,3.3,255,83824,17106,83824,17106,10.47801,2.13837,NH3,37.21
58,0,3.3,255,84015,17146,84015,17146,10.50193,2.14325,NH3,37.32
59,0,3.3,255,84226,17189,84226,17189,10.52829,2.14863,NH3,37.44
60,0,3.3,255,84397,17224,84397,17224,10.5497,2.153,NH3,37.53
61,0,3.3,255,84574,17260,84574,17260,10.57175,2.1575,NH3,37.63
62,0,3.3,255,84730,17292,84730,17292,10.59135,2.1615,NH3,37.72
63,0,3.3,255,84873,17321,84873,17321,10.60914,2.16513,NH3,37.8
64,0,3.3,255,85015,17350,85015,17350,10.62688,2.16875,NH3,37.88
65,0,3.3,255,85147,17376,85147,17376,10.64339,2.17212,NH3,37.95
66,0,3.3,255,85269,17402,85269,17402,10.65873,2.17525,NH3,38.02
67,0,3.3,255,85372,17422,85372,17422,10.67156,2.17787,NH3,38.08
68,0,3.3,255,85529,17454,85529,17454,10.69116,2.18187,NH3,38.17
69,0,3.3,255,85602,17470,85602,17470,10.70037,2.18375,NH3,38.21
70,0,3.3,255,85681,17486,85681,17486,10.71018,2.18575,NH3,38.25
71,0,3.3,255,85725,17495,85725,17495,10.71571,2.18688,NH3,38.28
72,0,3.3,255,85799,17510,85799,17510,10.72488,2.18875,NH3,38.32
73,0,3.3,255,85838,17518,85838,17518,10.72978,2.18975,NH3,38.34
74,0,3.3,255,85872,17524,85872,17524,10.73404,2.19062,NH3,38.36
75,0,3.3,255,85926,17536,85926,17536,10.7408,2.192,NH3,38.39
76,0,3.3,255,85921,17535,85921,17535,10.74021,2.19188,NH3,38.39
77,0,3.3,255,85965,17544,85965,17544,10.7457,2.193,NH3,38.41
78,0,3.3,255,85989,17548,85989,17548,10.74874,2.19362,NH3,38.42
79,0,3.3,255,86019,17554,86019,17554,10.75241,2.19437,NH3,38.44
80,0,3.3,255,86034,17558,86034,17558,10.75427,2.19475,NH3,38.45
81,0,3.3,255,86034,17558,86034,17558,10.75427,2.19475,NH3,38.45
82,0,3.3,255,86019,17554,86019,17554,10.75241,2.19437,NH3,38.44
83,0,3.3,255,86058,17562,86058,17562,10.75731,2.19537,NH3,38.46
84,0,3.3,255,86053,17562,86053,17562,10.75673,2.19525,NH3,38.46
85,0,3.3,255,86034,17558,86034,17558,10.75427,2.19475,NH3,38.45
86,0,3.3,255,86044,17560,86044,17560,10.7555,2.195,NH3,38.45
87,0,3.3,255,86058,17562,86058,17562,10.75731,2.19537,NH3,38.46
88,0,3.3,255,86029,17556,86029,17556,10.75364,2.19462,NH3,38.45
89,0,3.3,255,85995,17550,85995,17550,10.74938,2.19375,NH3,38.43
90,0,3.3,255,86004,17552,86004,17552,10.7506,2.194,NH3,38.43
91,0,3.3,255,86004,17552,86004,17552,10.7506,2.194,NH3,38.43
92,0,3.3,255,86019,17554,86019,17554,10.75241,2.19437,NH3,38.44
93,0,3.3,255,85975,17546,85975,17546,10.74693,2.19325,NH3,38.42
94,0,3.3,255,85965,17544,85965,17544,10.7457,2.193,NH3,38.41
95,0,3.3,255,85970,17545,85970,17545,10.74634,2.19313,NH3,38.41
96,0,3.3,255,85970,17545,85970,17545,10.74634,2.19313,NH3,38.41
97,0,3.3,255,85951,17541,85951,17541,10.74389,2.19263,NH3,38.4
98,0,3.3,255,85906,17532,85906,17532,10.73835,2.1915,NH3,38.38
99,0,3.3,255,85926,17536,85926,17536,10.7408,2.192,NH3,38.39
100,0,3.3,255,85931,17536,85931,17536,10.74139,2.19212,NH3,38.39
101,0,3.3,255,85936,17538,85936,17538,10.74203,2.19225,NH3,38.39
102,0,3.3,255,85911,17533,85911,17533,10.73899,2.19163,NH3,38.38
103,0,3.3,255,85882,17527,85882,17527,10.73531,2.19088,NH3,38.36
104,0,3.3,255,85877,17526,85877,17526,10.73468,2.19075,NH3,38.36
105,0,3.3,255,85857,17522,85857,17522,10.73222,2.19025,NH3,38.35
106,0,3.3,255,85842,17518,85842,17518,10.73036,2.18987,NH3,38.34
107,0,3.3,255,85813,17513,85813,17513,10.72674,2.18913,NH3,38.33
108,0,3.3,255,85794,17509,85794,17509,10.72429,2.18863,NH3,38.31
109,0,3.3,255,85755,17501,85755,17501,10.71939,2.18763,NH3,38.29
110,0,3.3,255,85740,17498,85740,17498,10.71753,2.18725,NH3,38.28
111,0,3.3,255,85735,17496,85735,17496,10.71689,2.18712,NH3,38.28
112,0,3.3,255,85740,17498,85740,17498,10.71753,2.18725,NH3,38.28
113,0,3.3,255,85705,17490,85705,17490,10.71321,2.18637,NH3,38.26
114,0,3.3,255,85705,17490,85705,17490,10.71321,2.18637,NH3,38.26
115,0,3.3,255,85686,17486,85686,17486,10.71076,2.18587,NH3,38.25
116,0,3.3,255,85666,17483,85666,17483,10.70836,2.18538,NH3,38.24
117,0,3.3,255,85657,17481,85657,17481,10.70714,2.18513,NH3,38.24
118,0,3.3,255,85608,17471,85608,17471,10.70101,2.18388,NH3,38.21
119,0,3.3,255,85598,17469,85598,17469,10.69979,2.18363,NH3,38.2
120,0,3.3,255,85524,17454,85524,17454,10.69058,2.18175,NH3,38.16
121,0,3.3,255,85598,17469,85598,17469,10.69979,2.18363,NH3,38.2
122,0,3.3,255,85563,17462,85563,17462,10.69548,2.18275,NH3,38.19
123,0,3.3,255,85563,17462,85563,17462,10.69548,2.18275,NH3,38.19
124,0,3.3,255,85465,17442,85465,17442,10.68323,2.18025,NH3,38.13
125,0,0.0,0,100062,20420,100062,20420,12.50784,2.55262,NH3,46.29
126,0,0.0,0,97877,19975,97877,19975,12.23471,2.49688,NH3,45.07
127,0,0.0,0,94996,19387,94996,19387,11.87456,2.42338,NH3,43.46
128,0,0.0,0,92193,18815,92193,18815,11.52421,2.35188,NH3,41.89
129,0,0.0,0,89469,18259,89469,18259,11.18366,2.28238,NH3,40.37
130,0,0.0,0,86862,17727,86862,17727,10.85781,2.21588,NH3,38.91
131,0,0.0,0,84353,17214,84353,17214,10.54416,2.15187,NH3,37.51
132,0,0.0,0,81923,16719,81923,16719,10.24041,2.08988,NH3,36.15
133,0,0.0,0,79590,16242,79590,16242,9.94881,2.03037,NH3,34.85
134,0,0.0,0,77351,15786,77351,15786,9.66892,1.97325,NH3,33.6
135,0,0.0,0,75185,15344,75185,15344,9.3982,1.918,NH3,32.38
136,0,0.0,0,73112,14920,73112,14920,9.13909,1.86512,NH3,31.23
137,0,0.0,0,71084,14506,71084,14506,8.88551,1.81337,NH3,30.09
138,0,0.0,0,69222,14127,69222,14127,8.65281,1.76588,NH3,29.05
139,0,0.0,0,67389,13753,67389,13753,8.42374,1.71913,NH3,28.03
140,0,0.0,0,65640,13396,65640,13396,8.20505,1.6745,NH3,27.05
141,0,0.0,0,63945,13050,63945,13050,7.99313,1.63125,NH3,26.1
142,0,0.0,0,62328,12720,62328,12720,7.791,1.59,NH3,25.2
143,0,0.0,0,60794,12407,60794,12407,7.59931,1.55088,NH3,24.34
144,0,0.0,0,59270,12096,59270,12096,7.4088,1.512,NH3,23.49
145,0,0.0,0,57873,11810,57873,11810,7.23421,1.47637,NH3,22.71
146,0,0.0,0,56491,11528,56491,11528,7.06149,1.44112,NH3,21.94
147,0,0.0,0,55178,11260,55178,11260,6.89734,1.40762,NH3,21.2
148,0,0.0,0,53919,11004,53919,11004,6.73995,1.3755,NH3,20.5
149,0,0.0,0,52699,10755,52699,10755,6.58746,1.34438,NH3,19.82
150,0,0.0,0,51538,10518,51538,10518,6.44228,1.31475,NH3,19.17
151,0,0.0,0,50435,10292,50435,10292,6.30444,1.28662,NH3,18.55
152,0,0.0,0,49347,10070,49347,10070,6.16846,1.25887,NH3,17.94
153,0,0.0,0,48343,9866,48343,9866,6.04293,1.23325,NH3,17.38
154,0,0.0,0,47329,9659,47329,9659,5.91616,1.20738,NH3,16.82
155,0,0.0,0,46373,9464,46373,9464,5.7967,1.183,NH3,16.28
156,0,0.0,0,45466,9278,45466,9278,5.68336,1.15987,NH3,15.77
157,0,0.0,0,44580,9098,44580,9098,5.57253,1.13725,NH3,15.28
158,0,0.0,0,43761,8930,43761,8930,5.47021,1.11637,NH3,14.82
159,0,0.0,0,42933,8762,42933,8762,5.36673,1.09525,NH3,14.36
160,0,0.0,0,42203,8612,42203,8612,5.27544,1.07662,NH3,13.95
161,0,0.0,0,41429,8455,41429,8455,5.17871,1.05688,NH3,13.52
162,0,0.0,0,40713,8308,40713,8308,5.08924,1.03862,NH3,13.12
163,0,0.0,0,40013,8166,40013,8166,5.00168,1.02075,NH3,12.73
164,0,0.0,0,39366,8034,39366,8034,4.92083,1.00425,NH3,12.37
165,0,0.0,0,38719,7902,38719,7902,4.83998,0.98775,NH3,12.0
166,0,0.0,0,38116,7778,38116,7778,4.76461,0.97237,NH3,11.67
167,0,0.0,0,37514,7656,37514,7656,4.6893,0.957,NH3,11.33
168,0,0.0,0,36960,7543,36960,7543,4.62011,0.94288,NH3,11.02
169,0,0.0,0,36407,7430,36407,7430,4.55088,0.92875,NH3,10.71
170,0,0.0,0,35868,7320,35868,7320,4.4835,0.915,NH3,10.41
171,0,0.0,0,35378,7220,35378,7220,4.42225,0.9025,NH3,10.14
172,0,0.0,0,34853,7113,34853,7113,4.35674,0.88913,NH3,9.84
173,0,0.0,0,34398,7020,34398,7020,4.29975,0.8775,NH3,9.59
174,0,0.0,0,33932,6924,33932,6924,4.24154,0.86562,NH3,9.33
175,0,0.0,0,33506,6838,33506,6838,4.18827,0.85475,NH3,9.09
176,0,0.0,0,33065,6748,33065,6748,4.13315,0.8435,NH3,8.84
177,0,0.0,0,32628,6658,32628,6658,4.07861,0.83237,NH3,8.6
178,0,0.0,0,32241,6580,32241,6580,4.03025,0.8225,NH3,8.38
179,0,0.0,0,31864,6503,31864,6503,3.98311,0.81288,NH3,8.17
180,0,0.0,0,31487,6426,31487,6426,3.93593,0.80325,NH3,7.96
181,0,0.0,0,31129,6352,31129,6352,3.89119,0.79412,NH3,7.76
182,0,0.0,0,30786,6283,30786,6283,3.84836,0.78538,NH3,7.57
183,0,0.0,0,30438,6212,30438,6212,3.80485,0.7765,NH3,7.38
184,0,0.0,0,30130,6149,30130,6149,3.76629,0.76863,NH3,7.2
185,0,0.0,0,29821,6086,29821,6086,3.72768,0.76075,NH3,7.03
186,0,0.0,0,29537,6028,29537,6028,3.69215,0.7535,NH3,6.87
187,0,0.0,0,29243,5968,29243,5968,3.6554,0.746,NH3,6.71
188,0,0.0,0,28934,5905,28934,5905,3.61684,0.73813,NH3,6.53
189,0,0.0,0,28650,5847,28650,5847,3.58131,0.73088,NH3,6.38
190,0,0.0,0,28405,5796,28405,5796,3.55064,0.72462,NH3,6.24
191,0,0.0,0,28126,5740,28126,5740,3.51575,0.7175,NH3,6.08
192,0,0.0,0,27861,5686,27861,5686,3.48268,0.71075,NH3,5.93
193,0,0.0,0,27631,5639,27631,5639,3.45391,0.70488,NH3,5.81
194,0,0.0,0,27440,5600,27440,5600,3.43,0.7,NH3,5.7
195,0,0.0,0,27200,5551,27200,5551,3.40001,0.69388,NH3,5.57
196,0,0.0,0,26964,5503,26964,5503,3.37061,0.68788,NH3,5.43
197,0,0.0,0,26749,5459,26749,5459,3.34366,0.68238,NH3,5.31
198,0,0.0,0,26553,5419,26553,5419,3.31916,0.67738,NH3,5.2
199,0,0.0,0,26347,5376,26347,5376,3.29339,0.67212,NH3,5.09
200,0,0.0,0,26166,5340,26166,5340,3.27075,0.6675,NH3,4.99
201,0,0.0,0,25970,5300,25970,5300,3.24625,0.6625,NH3,4.88
202,0,0.0,0,25798,5264,25798,5264,3.22479,0.65812,NH3,4.78
203,0,0.0,0,25627,5230,25627,5230,3.20338,0.65375,NH3,4.69
204,0,0.0,0,25450,5194,25450,5194,3.18133,0.64925,NH3,4.59
205,0,0.0,0,25289,5161,25289,5161,3.16114,0.64513,NH3,4.5
206,0,0.0,0,25117,5126,25117,5126,3.13968,0.64075,NH3,4.4
207,0,0.0,0,24990,5100,24990,5100,3.12375,0.6375,NH3,4.33
208,0,0.0,0,24823,5066,24823,5066,3.10292,0.63325,NH3,4.24
209,0,0.0,0,24696,5040,24696,5040,3.087,0.63,NH3,4.17
210,0,0.0,0,24548,5010,24548,5010,3.06862,0.62625,NH3,4.08
211,0,0.0,0,24406,4980,24406,4980,3.05084,0.62262,NH3,4.0
212,0,0.0,0,24284,4956,24284,4956,3.03555,0.6195,NH3,3.94
213,0,0.0,0,24142,4927,24142,4927,3.01781,0.61588,NH3,3.86
214,0,0.0,0,24039,4906,24039,4906,3.00493,0.61325,NH3,3.8
215,0,0.0,0,23912,4880,23912,4880,2.989,0.61,NH3,3.73
216,0,0.0,0,23794,4856,23794,4856,2.9743,0.607,NH3,3.66
217,0,0.0,0,23672,4831,23672,4831,2.95901,0.60388,NH3,3.59
218,0,0.0,0,23578,4812,23578,4812,2.94735,0.6015,NH3,3.54
219,0,0.0,0,23456,4786,23456,4786,2.93201,0.59837,NH3,3.47
220,0,0.0,0,23382,4772,23382,4772,2.92285,0.5965,NH3,3.43
221,0,0.0,0,23255,4746,23255,4746,2.90693,0.59325,NH3,3.36
222,0,0.0,0,23186,4732,23186,4732,2.89835,0.5915,NH3,3.32
223,0,0.0,0,23049,4704,23049,4704,2.8812,0.588,NH3,3.25
224,0,0.0,0,22981,4690,22981,4690,2.87263,0.58625,NH3,3.21
225,0,0.0,0,22858,4665,22858,4665,2.85734,0.58313,NH3,3.14
226,0,0.0,0,22804,4654,22804,4654,2.85058,0.58175,NH3,3.11
227,0,0.0,0,22687,4630,22687,4630,2.83588,0.57875,NH3,3.04
228,0,0.0,0,22613,4615,22613,4615,2.82671,0.57688,NH3,3.0
229,0,0.0,0,22544,4600,22544,4600,2.81809,0.57512,NH3,2.96
230,0,0.0,0,22490,4590,22490,4590,2.81137,0.57375,NH3,2.93
231,0,0.0,0,22397,4570,22397,4570,2.79971,0.57137,NH3,2.88
232,0,0.0,0,22329,4557,22329,4557,2.79119,0.56963,NH3,2.84
233,0,0.0,0,22251,4541,22251,4541,2.78139,0.56763,NH3,2.8
234,0,0.0,0,22191,4528,22191,4528,2.77399,0.56612,NH3,2.77
235,0,0.0,0,22128,4516,22128,4516,2.76605,0.5645,NH3,2.73
236,0,0.0,0,22089,4508,22089,4508,2.76115,0.5635,NH3,2.71
237,0,0.0,0,21995,4488,21995,4488,2.74949,0.56112,NH3,2.66
238,0,0.0,0,21976,4485,21976,4485,2.74709,0.56063,NH3,2.65
239,0,0.0,0,21878,4464,21878,4464,2.73479,0.55812,NH3,2.59
240,0,0.0,0,21834,4456,21834,4456,2.7293,0.557,NH3,2.57
241,0,0.0,0,21790,4447,21790,4447,2.72381,0.55588,NH3,2.54
242,0,0.0,0,21741,4437,21741,4437,2.71769,0.55463,NH3,2.51
243,0,0.0,0,21697,4428,21697,4428,2.71215,0.5535,NH3,2.49
244,0,0.0,0,21653,4419,21653,4419,2.70666,0.55238,NH3,2.46
245,0,0.0,0,21599,4408,21599,4408,2.6999,0.551,NH3,2.43
246,0,0.0,0,21550,4398,21550,4398,2.69378,0.54975,NH3,2.41
247,0,0.0,0,21516,4391,21516,4391,2.68951,0.54888,NH3,2.39
248,0,0.0,0,21476,4383,21476,4383,2.68461,0.54788,NH3,2.37
249,0,0.0,0,21418,4371,21418,4371,2.67726,0.54638,NH3,2.33
0,0,3.3,255,18438,3762,18438,3762,2.30481,0.47037,NH3,0.67
1,0,3.3,255,19741,4028,19741,4028,2.46774,0.50362,NH3,1.4
2,0,3.3,255,21756,4440,21756,4440,2.7195,0.555,NH3,2.52
3,0,3.3,255,23877,4873,23877,4873,2.98474,0.60913,NH3,3.71
4,0,3.3,255,26014,5309,26014,5309,3.25179,0.66363,NH3,4.9
5,0,3.3,255,28175,5750,28175,5750,3.52188,0.71875,NH3,6.11
6,0,3.3,255,30360,6196,30360,6196,3.79505,0.7745,NH3,7.33
7,0,3.3,255,32492,6631,32492,6631,4.06151,0.82888,NH3,8.52
8,0,3.3,255,34637,7068,34637,7068,4.32974,0.88362,NH3,9.72
9,0,3.3,255,36779,7506,36779,7506,4.59743,0.93825,NH3,10.92
10,0,3.3,255,38876,7934,38876,7934,4.85958,0.99175,NH3,12.09
11,0,3.3,255,40929,8352,40929,8352,5.11619,1.04412,NH3,13.24
12,0,3.3,255,42933,8762,42933,8762,5.36673,1.09525,NH3,14.36
13,0,3.3,255,44932,9170,44932,9170,5.61662,1.14625,NH3,15.48
14,0,3.3,255,46848,9560,46848,9560,5.85609,1.19512,NH3,16.55
15,0,3.3,255,48745,9948,48745,9948,6.09315,1.2435,NH3,17.61
16,0,3.3,255,50543,10314,50543,10314,6.31791,1.28937,NH3,18.61
17,0,3.3,255,52322,10678,52322,10678,6.54028,1.33475,NH3,19.61
18,0,3.3,255,54041,11028,54041,11028,6.75524,1.37862,NH3,20.57
19,0,3.3,255,55678,11362,55678,11362,6.95981,1.42037,NH3,21.48
20,0,3.3,255,57271,11688,57271,11688,7.1589,1.461,NH3,22.37
21,0,3.3,255,58829,12006,58829,12006,7.35368,1.50075,NH3,23.24
22,0,3.3,255,60284,12303,60284,12303,7.53561,1.53788,NH3,24.06
23,0,3.3,255,61695,12590,61695,12590,7.71196,1.57387,NH3,24.85
24,0,3.3,255,63057,12868,63057,12868,7.88224,1.60862,NH3,25.61
25,0,3.3,255,64346,13132,64346,13132,8.04335,1.6415,NH3,26.33
26,0,3.3,255,65571,13382,65571,13382,8.19647,1.67275,NH3,27.01
27,0,3.3,255,66747,13622,66747,13622,8.34347,1.70275,NH3,27.67
28,0,3.3,255,67879,13852,67879,13852,8.48494,1.73162,NH3,28.3
29,0,3.3,255,68952,14072,68952,14072,8.6191,1.759,NH3,28.9
30,0,3.3,255,69977,14281,69977,14281,8.74714,1.78513,NH3,29.47
31,0,3.3,255,70956,14480,70956,14480,8.86959,1.81012,NH3,30.02
32,0,3.3,255,71873,14668,71873,14668,8.98415,1.8335,NH3,30.53
33,0,3.3,255,72755,14848,72755,14848,9.0944,1.856,NH3,31.03
34,0,3.3,255,73573,15015,73573,15015,9.19671,1.87688,NH3,31.48
35,0,3.3,255,74362,15176,74362,15176,9.2953,1.897,NH3,31.92
36,0,3.3,255,75117,15330,75117,15330,9.38963,1.91625,NH3,32.35
37,0,3.3,255,75846,15478,75846,15478,9.48086,1.93487,NH3,32.75
38,0,3.3,255,76538,15620,76538,15620,9.56725,1.9525,NH3,33.14
39,0,3.3,255,77199,15755,77199,15755,9.64996,1.96938,NH3,33.51
40,0,3.3,255,77812,15880,77812,15880,9.7265,1.985,NH3,33.85
41,0,3.3,255,78370,15994,78370,15994,9.79633,1.99925,NH3,34.16
42,0,3.3,255,78899,16102,78899,16102,9.86248,2.01275,NH3,34.46
43,0,3.3,255,79438,16212,79438,16212,9.92985,2.0265,NH3,34.76
44,0,3.3,255,79953,16317,79953,16317,9.99419,2.03963,NH3,35.05
45,0,3.3,255,80379,16404,80379,16404,10.04745,2.0505,NH3,35.29
46,0,3.3,255,80825,16495,80825,16495,10.10321,2.06188,NH3,35.54
47,0,3.3,255,81251,16582,81251,16582,10.15648,2.07275,NH3,35.78
48,0,3.3,255,81619,16657,81619,16657,10.20244,2.08213,NH3,35.98
49,0,3.3,255,81977,16730,81977,16730,10.24713,2.09125,NH3,36.18
50,0,3.3,255,82305,16797,82305,16797,10.28819,2.09963,NH3,36.36
51,0,3.3,255,82604,16858,82604,16858,10.32553,2.10725,NH3,36.53
52,0,3.3,255,82898,16918,82898,16918,10.36228,2.11475,NH3,36.7
53,0,3.3,255,83182,16976,83182,16976,10.3978,2.122,NH3,36.85
54,0,3.3,255,83441,17028,83441,17028,10.43024,2.12862,NH3,37.0
55,0,3.3,255,83696,17080,83696,17080,10.46209,2.13512,NH3,37.14
56,0,3.3,255,83917,17126,83917,17126,10.48968,2.14075,NH3,37.27
57,0,3.3,255,84113,17166,84113,17166,10.51418,2.14575,NH3,37.37
58,0,3.3,255,84319,17208,84319,17208,10.5399,2.151,NH3,37.49
59,0,3.3,255,84500,17245,84500,17245,10.56259,2.15563,NH3,37.59
60,0,3.3,255,84662,17278,84662,17278,10.58277,2.15975,NH3,37.68
61,0,3.3,255,84814,17309,84814,17309,10.60179,2.16363,NH3,37.77
62,0,3.3,255,84971,17341,84971,17341,10.62139,2.16763,NH3,37.85
63,0,3.3,255,85181,17384,85181,17384,10.6477,2.173,NH3,37.97
64,0,3.3,255,85314,17411,85314,17411,10.66426,2.17638,NH3,38.05
65,0,3.3,255,85377,17424,85377,17424,10.6722,2.178,NH3,38.08
66,0,3.3,255,85465,17442,85465,17442,10.68323,2.18025,NH3,38.13
67,0,3.3,255,85554,17460,85554,17460,10.69425,2.1825,NH3,38.18
68,0,3.3,255,85622,17474,85622,17474,10.70283,2.18425,NH3,38.22
69,0,3.3,255,85710,17492,85710,17492,10.71385,2.1865,NH3,38.27
70,0,3.3,255,85779,17506,85779,17506,10.72243,2.18825,NH3,38.31
71,0,3.3,255,85833,17516,85833,17516,10.72914,2.18962,NH3,38.34
72,0,3.3,255,85901,17530,85901,17530,10.73771,2.19137,NH3,38.37
73,0,3.3,255,85936,17538,85936,17538,10.74203,2.19225,NH3,38.39
74,0,3.3,255,85980,17547,85980,17547,10.74756,2.19338,NH3,38.42
75,0,3.3,255,86029,17556,86029,17556,10.75364,2.19462,NH3,38.45
76,0,3.3,255,86063,17564,86063,17564,10.75795,2.1955,NH3,38.46
77,0,3.3,255,86098,17571,86098,17571,10.76226,2.19638,NH3,38.48
78,0,3.3,255,86127,17577,86127,17577,10.76594,2.19713,NH3,38.5
79,0,3.3,255,86205,17592,86205,17592,10.77569,2.19912,NH3,38.54
80,0,3.3,255,86235,17599,86235,17599,10.77941,2.19988,NH3,38.56
81,0,3.3,255,86254,17603,86254,17603,10.78186,2.20038,NH3,38.57
82,0,3.3,255,86244,17600,86244,17600,10.78059,2.20012,NH3,38.57
83,0,3.3,255,86303,17612,86303,17612,10.78794,2.20162,NH3,38.6
84,0,3.3,255,86279,17608,86279,17608,10.7849,2.201,NH3,38.59
85,0,3.3,255,86323,17617,86323,17617,10.79044,2.20213,NH3,38.61
86,0,3.3,255,86303,17612,86303,17612,10.78794,2.20162,NH3,38.6
87,0,3.3,255,86313,17614,86313,17614,10.78916,2.20187,NH3,38.6
88,0,3.3,255,86313,17614,86313,17614,10.78916,2.20187,NH3,38.6
89,0,3.3,255,86357,17624,86357,17624,10.7947,2.203,NH3,38.63
90,0,3.3,255,86332,17618,86332,17618,10.79161,2.20237,NH3,38.62
91,0,3.3,255,86347,17622,86347,17622,10.79348,2.20275,NH3,38.62
92,0,3.3,255,86303,17612,86303,17612,10.78794,2.20162,NH3,38.6
93,0,3.3,255,86328,17618,86328,17618,10.79102,2.20225,NH3,38.61
94,0,3.3,255,86308,17614,86308,17614,10.78858,2.20175,NH3,38.6
95,0,3.3,255,86289,17610,86289,17610,10.78613,2.20125,NH3,38.59
96,0,3.3,255,86318,17616,86318,17616,10.7898,2.202,NH3,38.61
97,0,3.3,255,86372,17626,86372,17626,10.79651,2.20337,NH3,38.64
98,0,3.3,255,86372,17626,86372,17626,10.79651,2.20337,NH3,38.64
99,0,3.3,255,86254,17603,86254,17603,10.78186,2.20038,NH3,38.57
100,0,3.3,255,86220,17596,86220,17596,10.77755,2.1995,NH3,38.55
101,0,3.3,255,86240,17600,86240,17600,10.78,2.2,NH3,38.56
102,0,3.3,255,86235,17599,86235,17599,10.77941,2.19988,NH3,38.56
103,0,3.3,255,86210,17594,86210,17594,10.77633,2.19925,NH3,38.55
104,0,3.3,255,86279,17608,86279,17608,10.7849,2.201,NH3,38.59
105,0,3.3,255,86303,17612,86303,17612,10.78794,2.20162,NH3,38.6
106,0,3.3,255,86137,17579,86137,17579,10.76716,2.19738,NH3,38.51
107,0,3.3,255,86107,17573,86107,17573,10.76349,2.19663,NH3,38.49
108,0,3.3,255,86083,17568,86083,17568,10.7604,2.196,NH3,38.48
109,0,3.3,255,86068,17565,86068,17565,10.75859,2.19563,NH3,38.47
110,0,3.3,255,86185,17588,86185,17588,10.77324,2.19862,NH3,38.53
111,0,3.3,255,86185,17588,86185,17588,10.77324,2.19862,NH3,38.53
112,0,3.3,255,86176,17586,86176,17586,10.77201,2.19837,NH3,38.53
113,0,3.3,255,86068,17565,86068,17565,10.75859,2.19563,NH3,38.47
114,0,3.3,255,86078,17567,86078,17567,10.75981,2.19588,NH3,38.47
115,0,3.3,255,86029,17556,86029,17556,10.75364,2.19462,NH3,38.45
116,0,3.3,255,86053,17562,86053,17562,10.75673,2.19525,NH3,38.46
117,0,3.3,255,86044,17560,86044,17560,10.7555,2.195,NH3,38.45
118,0,3.3,255,85965,17544,85965,17544,10.7457,2.193,NH3,38.41
119,0,3.3,255,85955,17542,85955,17542,10.74448,2.19275,NH3,38.4
120,0,3.3,255,85970,17545,85970,17545,10.74634,2.19313,NH3,38.41
121,0,3.3,255,85975,17546,85975,17546,10.74693,2.19325,NH3,38.42
122,0,3.3,255,85970,17545,85970,17545,10.74634,2.19313,NH3,38.41
123,0,3.3,255,85931,17536,85931,17536,10.74139,2.19212,NH3,38.39
124,0,3.3,255,85926,17536,85926,17536,10.7408,2.192,NH3,38.39
125,0,0.0,0,100528,20516,100528,20516,12.56605,2.5645,NH3,46.55
126,0,0.0,0,98289,20059,98289,20059,12.28616,2.50738,NH3,45.3
127,0,0.0,0,95437,19477,95437,19477,11.92969,2.43463,NH3,43.7
128,0,0.0,0,92619,18902,92619,18902,11.57748,2.36275,NH3,42.13
129,0,0.0,0,89910,18349,89910,18349,11.23879,2.29363,NH3,40.61
130,0,0.0,0,87283,17812,87283,17812,10.91044,2.22662,NH3,39.15
131,0,0.0,0,84774,17300,84774,17300,10.59684,2.16262,NH3,37.74
132,0,0.0,0,82339,16804,82339,16804,10.29245,2.1005,NH3,36.38
133,0,0.0,0,80002,16327,80002,16327,10.00031,2.04088,NH3,35.08
134,0,0.0,0,77777,15872,77777,15872,9.72219,1.98412,NH3,33.83
135,0,0.0,0,75621,15432,75621,15432,9.45269,1.92912,NH3,32.63
136,0,0.0,0,73563,15012,73563,15012,9.19544,1.87662,NH3,31.48
137,0,0.0,0,71549,14602,71549,14602,8.94373,1.82525,NH3,30.35
138,0,0.0,0,69668,14218,69668,14218,8.70852,1.77725,NH3,29.3
139,0,0.0,0,67811,13839,67811,13839,8.47641,1.72988,NH3,28.26
140,0,0.0,0,66052,13480,66052,13480,8.2565,1.685,NH3,27.28
141,0,0.0,0,64380,13138,64380,13138,8.04761,1.64237,NH3,26.35
142,0,0.0,0,62744,12804,62744,12804,7.84304,1.60062,NH3,25.43
143,0,0.0,0,61176,12484,61176,12484,7.64704,1.56062,NH3,24.55
144,0,0.0,0,59701,12184,59701,12184,7.4627,1.523,NH3,23.73
145,0,0.0,0,58261,11890,58261,11890,7.28263,1.48625,NH3,22.93
146,0,0.0,0,56883,11608,56883,11608,7.11049,1.45112,NH3,22.16
147,0,0.0,0,55590,11345,55590,11345,6.94884,1.41813,NH3,21.43
148,0,0.0,0,54306,11083,54306,11083,6.78836,1.38538,NH3,20.72
149,0,0.0,0,53106,10838,53106,10838,6.63828,1.35475,NH3,20.04
150,0,0.0,0,51945,10601,51945,10601,6.49314,1.32513,NH3,19.4
151,0,0.0,0,50832,10374,50832,10374,6.35408,1.29675,NH3,18.77
152,0,0.0,0,49774,10158,49774,10158,6.22178,1.26975,NH3,18.18
153,0,0.0,0,48760,9951,48760,9951,6.09501,1.24388,NH3,17.62
154,0,0.0,0,47770,9749,47770,9749,5.97129,1.21863,NH3,17.06
155,0,0.0,0,46800,9551,46800,9551,5.85001,1.19388,NH3,16.52
156,0,0.0,0,45873,9362,45873,9362,5.73423,1.17025,NH3,16.0
157,0,0.0,0,45011,9186,45011,9186,5.62643,1.14825,NH3,15.52
158,0,0.0,0,44188,9018,44188,9018,5.52353,1.12725,NH3,15.06
159,0,0.0,0,43370,8851,43370,8851,5.42126,1.10638,NH3,14.6
160,0,0.0,0,42586,8691,42586,8691,5.32326,1.08638,NH3,14.16
161,0,0.0,0,41836,8538,41836,8538,5.22953,1.06725,NH3,13.75
162,0,0.0,0,41150,8398,41150,8398,5.14377,1.04975,NH3,13.36
163,0,0.0,0,40469,8259,40469,8259,5.05866,1.03238,NH3,12.98
164,0,0.0,0,39753,8112,39753,8112,4.96919,1.01412,NH3,12.58
165,0,0.0,0,39111,7982,39111,7982,4.88898,0.99775,NH3,12.22
166,0,0.0,0,38499,7857,38499,7857,4.81244,0.98213,NH3,11.88
167,0,0.0,0,37911,7737,37911,7737,4.73894,0.96713,NH3,11.55
168,0,0.0,0,37357,7624,37357,7624,4.6697,0.953,NH3,11.24
169,0,0.0,0,36789,7508,36789,7508,4.59865,0.9385,NH3,10.92
170,0,0.0,0,36269,7402,36269,7402,4.53373,0.92525,NH3,10.63
171,0,0.0,0,35750,7296,35750,7296,4.4688,0.912,NH3,10.34
172,0,0.0,0,35260,7196,35260,7196,4.40755,0.8995,NH3,10.07
173,0,0.0,0,34750,7092,34750,7092,4.34385,0.8865,NH3,9.79
174,0,0.0,0,34295,6999,34295,6999,4.28691,0.87488,NH3,9.53
175,0,0.0,0,33839,6906,33839,6906,4.22992,0.86325,NH3,9.28
176,0,0.0,0,33412,6818,33412,6818,4.17661,0.85237,NH3,9.04
177,0,0.0,0,32991,6733,32991,6733,4.12399,0.84163,NH3,8.8
178,0,0.0,0,32604,6654,32604,6654,4.07558,0.83175,NH3,8.59
179,0,0.0,0,32217,6575,32217,6575,4.02721,0.82188,NH3,8.37
180,0,0.0,0,31845,6499,31845,6499,3.98066,0.81238,NH3,8.16
181,0,0.0,0,31482,6424,31482,6424,3.93529,0.80312,NH3,7.96
182,0,0.0,0,31154,6358,31154,6358,3.89427,0.79475,NH3,7.78
183,0,0.0,0,30772,6280,30772,6280,3.8465,0.785,NH3,7.56
184,0,0.0,0,30483,6221,30483,6221,3.81039,0.77763,NH3,7.4
185,0,0.0,0,30125,6148,30125,6148,3.76565,0.7685,NH3,7.2
186,0,0.0,0,29841,6090,29841,6090,3.73013,0.76125,NH3,7.04
187,0,0.0,0,29541,6028,29541,6028,3.69274,0.75362,NH3,6.87
188,0,0.0,0,29287,5977,29287,5977,3.66094,0.74713,NH3,6.73
189,0,0.0,0,29032,5924,29032,5924,3.62904,0.74062,NH3,6.59
190,0,0.0,0,28708,5858,28708,5858,3.58861,0.73237,NH3,6.41
191,0,0.0,0,28464,5809,28464,5809,3.55804,0.72613,NH3,6.27
192,0,0.0,0,28229,5761,28229,5761,3.52864,0.72013,NH3,6.14
193,0,0.0,0,27979,5710,27979,5710,3.49738,0.71375,NH3,6.0
194,0,0.0,0,27758,5665,27758,5665,3.46984,0.70813,NH3,5.88
195,0,0.0,0,27532,5618,27532,5618,3.44161,0.70237,NH3,5.75
196,0,0.0,0,27307,5573,27307,5573,3.41349,0.69663,NH3,5.63
197,0,0.0,0,27082,5527,27082,5527,3.38531,0.69088,NH3,5.5
198,0,0.0,0,26886,5487,26886,5487,3.36081,0.68588,NH3,5.39
199,0,0.0,0,26695,5448,26695,5448,3.3369,0.681,NH3,5.28
200,0,0.0,0,26484,5405,26484,5405,3.31059,0.67563,NH3,5.17
201,0,0.0,0,26293,5366,26293,5366,3.28668,0.67075,NH3,5.06
202,0,0.0,0,26117,5330,26117,5330,3.26463,0.66625,NH3,4.96
203,0,0.0,0,25926,5291,25926,5291,3.24076,0.66138,NH3,4.85
204,0,0.0,0,25774,5260,25774,5260,3.22175,0.6575,NH3,4.77
205,0,0.0,0,25602,5225,25602,5225,3.20034,0.65313,NH3,4.67
206,0,0.0,0,25435,5190,25435,5190,3.17946,0.64887,NH3,4.58
207,0,0.0,0,25278,5158,25278,5158,3.15986,0.64487,NH3,4.49
208,0,0.0,0,25132,5129,25132,5129,3.14154,0.64113,NH3,4.41
209,0,0.0,0,24994,5100,24994,5100,3.12434,0.63762,NH3,4.33
210,0,0.0,0,24837,5068,24837,5068,3.10474,0.63362,NH3,4.24
211,0,0.0,0,24690,5038,24690,5038,3.08636,0.62987,NH3,4.16
212,0,0.0,0,24563,5012,24563,5012,3.07044,0.62662,NH3,4.09
213,0,0.0,0,24441,4988,24441,4988,3.05515,0.6235,NH3,4.02
214,0,0.0,0,24313,4962,24313,4962,3.03923,0.62025,NH3,3.95
215,0,0.0,0,24157,4930,24157,4930,3.01963,0.61625,NH3,3.86
216,0,0.0,0,24068,4912,24068,4912,3.0086,0.614,NH3,3.81
217,0,0.0,0,23975,4892,23975,4892,2.99694,0.61162,NH3,3.76
218,0,0.0,0,23882,4874,23882,4874,2.98533,0.60925,NH3,3.71
219,0,0.0,0,23769,4850,23769,4850,2.97121,0.60637,NH3,3.65
220,0,0.0,0,23657,4828,23657,4828,2.95715,0.6035,NH3,3.58
221,0,0.0,0,23544,4804,23544,4804,2.94304,0.60062,NH3,3.52
222,0,0.0,0,23451,4786,23451,4786,2.93142,0.59825,NH3,3.47
223,0,0.0,0,23348,4764,23348,4764,2.91854,0.59562,NH3,3.41
224,0,0.0,0,23265,4748,23265,4748,2.90815,0.5935,NH3,3.37
225,0,0.0,0,23172,4729,23172,4729,2.89654,0.59113,NH3,3.31
226,0,0.0,0,23088,4712,23088,4712,2.8861,0.589,NH3,3.27
227,0,0.0,0,23020,4698,23020,4698,2.87753,0.58725,NH3,3.23
228,0,0.0,0,22932,4680,22932,4680,2.8665,0.585,NH3,3.18
229,0,0.0,0,22863,4666,22863,4666,2.85793,0.58325,NH3,3.14
230,0,0.0,0,22760,4645,22760,4645,2.84509,0.58063,NH3,3.08
231,0,0.0,0,22692,4631,22692,4631,2.83651,0.57888,NH3,3.05
232,0,0.0,0,22647,4622,22647,4622,2.83098,0.57775,NH3,3.02
233,0,0.0,0,22549,4602,22549,4602,2.81873,0.57525,NH3,2.97
234,0,0.0,0,22500,4592,22500,4592,2.8126,0.574,NH3,2.94
235,0,0.0,0,22447,4581,22447,4581,2.80589,0.57263,NH3,2.91
236,0,0.0,0,22378,4567,22378,4567,2.79731,0.57088,NH3,2.87
237,0,0.0,0,22314,4554,22314,4554,2.78933,0.56925,NH3,2.83
238,0,0.0,0,22251,4541,22251,4541,2.78139,0.56763,NH3,2.8
239,0,0.0,0,22182,4527,22182,4527,2.77281,0.56588,NH3,2.76
240,0,0.0,0,22138,4518,22138,4518,2.76728,0.56475,NH3,2.74
241,0,0.0,0,22084,4506,22084,4506,2.76051,0.56337,NH3,2.71
242,0,0.0,0,22035,4496,22035,4496,2.75439,0.56212,NH3,2.68
243,0,0.0,0,21991,4488,21991,4488,2.7489,0.561,NH3,2.65
244,0,0.0,0,21947,4479,21947,4479,2.74341,0.55988,NH3,2.63
245,0,0.0,0,21883,4466,21883,4466,2.73543,0.55825,NH3,2.59
246,0,0.0,0,21854,4460,21854,4460,2.73175,0.5575,NH3,2.58
247,0,0.0,0,21799,4448,21799,4448,2.72499,0.55612,NH3,2.55
248,0,0.0,0,21760,4440,21760,4440,2.72009,0.55512,NH3,2.52
249,0,0.0,0,21712,4431,21712,4431,2.71401,0.55388,NH3,2.5
0,0,3.3,255,18698,3816,18698,3816,2.3373,0.477,NH3,0.81
1,0,3.3,255,20016,4084,20016,4084,2.50204,0.51062,NH3,1.55
2,0,3.3,255,22074,4504,22074,4504,2.75929,0.56312,NH3,2.7
3,0,3.3,255,24186,4936,24186,4936,3.0233,0.617,NH3,3.88
4,0,3.3,255,26342,5376,26342,5376,3.2928,0.672,NH3,5.09
5,0,3.3,255,28537,5824,28537,5824,3.5672,0.728,NH3,6.31
6,0,3.3,255,30722,6270,30722,6270,3.84037,0.78375,NH3,7.53
7,0,3.3,255,32888,6712,32888,6712,4.1111,0.839,NH3,8.74
8,0,3.3,255,35069,7157,35069,7157,4.38369,0.89463,NH3,9.96
9,0,3.3,255,37186,7589,37186,7589,4.64829,0.94863,NH3,11.15
10,0,3.3,255,39322,8025,39322,8025,4.91534,1.00313,NH3,12.34
11,0,3.3,255,41399,8448,41399,8448,5.17499,1.05612,NH3,13.5
12,0,3.3,255,43419,8861,43419,8861,5.42739,1.10763,NH3,14.63
13,0,3.3,255,45383,9262,45383,9262,5.67298,1.15775,NH3,15.73
14,0,3.3,255,47304,9654,47304,9654,5.91308,1.20675,NH3,16.8
15,0,3.3,255,49161,10032,49161,10032,6.14519,1.25412,NH3,17.84
16,0,3.3,255,50994,10407,50994,10407,6.37431,1.30088,NH3,18.86
17,0,3.3,255,52773,10770,52773,10770,6.59663,1.34625,NH3,19.86
18,0,3.3,255,54468,11116,54468,11116,6.80855,1.3895,NH3,20.81
19,0,3.3,255,56129,11455,56129,11455,7.01621,1.43188,NH3,21.73
20,0,3.3,255,57658,11766,57658,11766,7.20726,1.47087,NH3,22.59
21,0,3.3,255,59241,12090,59241,12090,7.40513,1.51125,NH3,23.47
22,0,3.3,255,60686,12384,60686,12384,7.58579,1.54812,NH3,24.28
23,0,3.3,255,62034,12660,62034,12660,7.75425,1.5825,NH3,25.03
24,0,3.3,255,63435,12946,63435,12946,7.92943,1.61825,NH3,25.82
25,0,3.3,255,64680,13200,64680,13200,8.085,1.65,NH3,26.51
26,0,3.3,255,65959,13461,65959,13461,8.24489,1.68263,NH3,27.23
27,0,3.3,255,67081,13690,67081,13690,8.38513,1.71125,NH3,27.86
28,0,3.3,255,68242,13926,68242,13926,8.53026,1.74087,NH3,28.5
29,0,3.3,255,69295,14142,69295,14142,8.66197,1.76775,NH3,29.09
30,0,3.3,255,70285,14344,70285,14344,8.7857,1.793,NH3,29.65
31,0,3.3,255,71300,14551,71300,14551,8.91251,1.81888,NH3,30.21
32,0,3.3,255,72235,14742,72235,14742,9.02948,1.84275,NH3,30.74
33,0,3.3,255,73054,14909,73054,14909,9.13179,1.86363,NH3,31.19
34,0,3.3,255,73892,15080,73892,15080,9.2365,1.885,NH3,31.66
35,0,3.3,255,74676,15240,74676,15240,9.3345,1.905,NH3,32.1
36,0,3.3,255,75454,15398,75454,15398,9.43186,1.92487,NH3,32.54
37,0,3.3,255,76155,15542,76155,15542,9.51947,1.94275,NH3,32.93
38,0,3.3,255,76827,15679,76827,15679,9.60341,1.95988,NH3,33.3
39,0,3.3,255,77400,15796,77400,15796,9.67505,1.9745,NH3,33.62
40,0,3.3,255,78012,15920,78012,15920,9.75159,1.99012,NH3,33.96
41,0,3.3,255,78635,16047,78635,16047,9.8294,2.006,NH3,34.31
42,0,3.3,255,79159,16155,79159,16155,9.89496,2.01938,NH3,34.61
43,0,3.3,255,79624,16250,79624,16250,9.95312,2.03125,NH3,34.87
44,0,3.3,255,80115,16350,80115,16350,10.01438,2.04375,NH3,35.14
45,0,3.3,255,80605,16450,80605,16450,10.07563,2.05625,NH3,35.41
46,0,3.3,255,81041,16539,81041,16539,10.13016,2.06738,NH3,35.66
47,0,3.3,255,81432,16618,81432,16618,10.17911,2.07737,NH3,35.88
48,0,3.3,255,81800,16694,81800,16694,10.22508,2.08675,NH3,36.08
49,0,3.3,255,82104,16756,82104,16756,10.26305,2.0945,NH3,36.25
50,0,3.3,255,82481,16832,82481,16832,10.31019,2.10412,NH3,36.46
51,0,3.3,255,82829,16904,82829,16904,10.3537,2.113,NH3,36.66
52,0,3.3,255,83108,16960,83108,16960,10.38859,2.12012,NH3,36.81
53,0,3.3,255,83329,17006,83329,17006,10.41618,2.12575,NH3,36.94
54,0,3.3,255,83603,17062,83603,17062,10.45048,2.13275,NH3,37.09
55,0,3.3,255,83878,17118,83878,17118,10.48477,2.13975,NH3,37.24
56,0,3.3,255,84123,17168,84123,17168,10.5154,2.146,NH3,37.38
57,0,3.3,255,84280,17200,84280,17200,10.535,2.15,NH3,37.47
58,0,3.3,255,84456,17236,84456,17236,10.55705,2.1545,NH3,37.57
59,0,3.3,255,84647,17274,84647,17274,10.58091,2.15937,NH3,37.67
60,0,3.3,255,84809,17308,84809,17308,10.60115,2.1635,NH3,37.76
61,0,3.3,255,84946,17336,84946,17336,10.6183,2.167,NH3,37.84
62,0,3.3,255,85039,17355,85039,17355,10.62996,2.16938,NH3,37.89
63,0,3.3,255,85191,17386,85191,17386,10.64893,2.17325,NH3,37.98
64,0,3.3,255,85362,17420,85362,17420,10.67034,2.17762,NH3,38.07
65,0,3.3,255,85465,17442,85465,17442,10.68323,2.18025,NH3,38.13
66,0,3.3,255,85578,17464,85578,17464,10.69729,2.18312,NH3,38.19
67,0,3.3,255,85700,17490,85700,17490,10.71262,2.18625,NH3,38.26
68,0,3.3,255,85750,17500,85750,17500,10.71875,2.1875,NH3,38.29
69,0,3.3,255,85872,17524,85872,17524,10.73404,2.19062,NH3,38.36
70,0,3.3,255,85901,17530,85901,17530,10.73771,2.19137,NH3,38.37
71,0,3.3,255,85989,17548,85989,17548,10.74874,2.19362,NH3,38.42
72,0,3.3,255,86058,17562,86058,17562,10.75731,2.19537,NH3,38.46
73,0,3.3,255,86112,17574,86112,17574,10.76408,2.19675,NH3,38.49
74,0,3.3,255,86181,17588,86181,17588,10.77265,2.1985,NH3,38.53
75,0,3.3,255,86156,17582,86156,17582,10.76956,2.19787,NH3,38.52
76,0,3.3,255,86244,17600,86244,17600,10.78059,2.20012,NH3,38.57
77,0,3.3,255,86406,17634,86406,17634,10.80083,2.20425,NH3,38.66
78,0,3.3,255,86318,17616,86318,17616,10.7898,2.202,NH3,38.61
79,0,3.3,255,86342,17620,86342,17620,10.79284,2.20262,NH3,38.62
80,0,3.3,255,86362,17624,86362,17624,10.79529,2.20312,NH3,38.63
81,0,3.3,255,86338,17620,86338,17620,10.79225,2.2025,NH3,38.62
82,0,3.3,255,86328,17618,86328,17618,10.79102,2.20225,NH3,38.61
83,0,3.3,255,86406,17634,86406,17634,10.80083,2.20425,NH3,38.66
84,0,3.3,255,86421,17637,86421,17637,10.80269,2.20463,NH3,38.66
85,0,3.3,255,86421,17637,86421,17637,10.80269,2.20463,NH3,38.66
86,0,3.3,255,86401,17632,86401,17632,10.80019,2.20412,NH3,38.65
87,0,3.3,255,86367,17626,86367,17626,10.79593,2.20325,NH3,38.63
88,0,3.3,255,86421,17637,86421,17637,10.80269,2.20463,NH3,38.66
89,0,3.3,255,86421,17637,86421,17637,10.80269,2.20463,NH3,38.66
90,0,3.3,255,86499,17652,86499,17652,10.81244,2.20662,NH3,38.71
91,0,3.3,255,86504,17654,86504,17654,10.81308,2.20675,NH3,38.71
92,0,3.3,255,86514,17656,86514,17656,10.8143,2.207,NH3,38.72
93,0,3.3,255,86528,17658,86528,17658,10.81611,2.20737,NH3,38.72
94,0,3.3,255,86450,17643,86450,17643,10.80636,2.20538,NH3,38.68
95,0,3.3,255,86484,17650,86484,17650,10.81062,2.20625,NH3,38.7
96,0,3.3,255,86528,17658,86528,17658,10.81611,2.20737,NH3,38.72
97,0,3.3,255,86499,17652,86499,17652,10.81244,2.20662,NH3,38.71
98,0,3.3,255,86480,17649,86480,17649,10.81004,2.20613,NH3,38.7
99,0,3.3,255,86421,17637,86421,17637,10.80269,2.20463,NH3,38.66
100,0,3.3,255,86436,17640,86436,17640,10.8045,2.205,NH3,38.67
101,0,3.3,255,86460,17644,86460,17644,10.80754,2.20562,NH3,38.69
102,0,3.3,255,86445,17642,86445,17642,10.80573,2.20525,NH3,38.68
103,0,3.3,255,86445,17642,86445,17642,10.80573,2.20525,NH3,38.68
104,0,3.3,255,86357,17624,86357,17624,10.7947,2.203,NH3,38.63
105,0,3.3,255,86382,17629,86382,17629,10.79779,2.20363,NH3,38.64
106,0,3.3,255,86392,17631,86392,17631,10.79901,2.20388,NH3,38.65
107,0,3.3,255,86406,17634,86406,17634,10.80083,2.20425,NH3,38.66
108,0,3.3,255,86387,17630,86387,17630,10.79838,2.20375,NH3,38.65
109,0,3.3,255,86372,17626,86372,17626,10.79651,2.20337,NH3,38.64
110,0,3.3,255,86303,17612,86303,17612,10.78794,2.20162,NH3,38.6
111,0,3.3,255,86323,17617,86323,17617,10.79044,2.20213,NH3,38.61
112,0,3.3,255,86289,17610,86289,17610,10.78613,2.20125,NH3,38.59
113,0,3.3,255,86328,17618,86328,17618,10.79102,2.20225,NH3,38.61
114,0,3.3,255,86289,17610,86289,17610,10.78613,2.20125,NH3,38.59
115,0,3.3,255,86264,17605,86264,17605,10.78309,2.20063,NH3,38.58
116,0,3.3,255,86185,17588,86185,17588,10.77324,2.19862,NH3,38.53
117,0,3.3,255,86171,17586,86171,17586,10.77143,2.19825,NH3,38.52
118,0,3.3,255,86185,17588,86185,17588,10.77324,2.19862,NH3,38.53
119,0,3.3,255,86127,17577,86127,17577,10.76594,2.19713,NH3,38.5
120,0,3.3,255,86112,17574,86112,17574,10.76408,2.19675,NH3,38.49
121,0,3.3,255,86137,17579,86137,17579,10.76716,2.19738,NH3,38.51
122,0,3.3,255,86112,17574,86112,17574,10.76408,2.19675,NH3,38.49
123,0,3.3,255,86249,17602,86249,17602,10.78123,2.20025,NH3,38.57
124,0,3.3,255,86215,17594,86215,17594,10.77691,2.19937,NH3,38.55
125,0,0.0,0,100851,20582,100851,20582,12.60648,2.57275,NH3,46.73
126,0,0.0,0,98548,20112,98548,20112,12.3186,2.514,NH3,45.44
127,0,0.0,0,95711,19533,95711,19533,11.96399,2.44163,NH3,43.86
128,0,0.0,0,92913,18962,92913,18962,11.61423,2.37025,NH3,42.29
129,0,0.0,0,90189,18406,90189,18406,11.27368,2.30075,NH3,40.77
130,0,0.0,0,87631,17884,87631,17884,10.95395,2.2355,NH3,39.34
131,0,0.0,0,85098,17367,85098,17367,10.63731,2.17088,NH3,37.93
132,0,0.0,0,82667,16870,82667,16870,10.33346,2.10887,NH3,36.57
133,0,0.0,0,80330,16394,80330,16394,10.04133,2.04925,NH3,35.26
134,0,0.0,0,78052,15929,78052,15929,9.75654,1.99113,NH3,33.99
135,0,0.0,0,75999,15510,75999,15510,9.49988,1.93875,NH3,32.84
136,0,0.0,0,73926,15086,73926,15086,9.24076,1.88587,NH3,31.68
137,0,0.0,0,71912,14676,71912,14676,8.98905,1.8345,NH3,30.56
138,0,0.0,0,69986,14282,69986,14282,8.74831,1.78537,NH3,29.48
139,0,0.0,0,68212,13920,68212,13920,8.52659,1.74012,NH3,28.49
140,0,0.0,0,66438,13558,66438,13558,8.30486,1.69487,NH3,27.5
141,0,0.0,0,64748,13214,64748,13214,8.09358,1.65175,NH3,26.55
142,0,0.0,0,63117,12881,63117,12881,7.88964,1.61013,NH3,25.64
143,0,0.0,0,61563,12564,61563,12564,7.69545,1.5705,NH3,24.77
144,0,0.0,0,60078,12260,60078,12260,7.50984,1.53262,NH3,23.94
145,0,0.0,0,58647,11968,58647,11968,7.33099,1.49612,NH3,23.14
146,0,0.0,0,57290,11692,57290,11692,7.16135,1.4615,NH3,22.38
147,0,0.0,0,55928,11414,55928,11414,6.99108,1.42675,NH3,21.62
148,0,0.0,0,54679,11159,54679,11159,6.83491,1.39488,NH3,20.92
149,0,0.0,0,53454,10909,53454,10909,6.68179,1.36363,NH3,20.24
150,0,0.0,0,52302,10674,52302,10674,6.53782,1.33425,NH3,19.6
151,0,0.0,0,51170,10442,51170,10442,6.39631,1.30537,NH3,18.96
152,0,0.0,0,50121,10228,50121,10228,6.26524,1.27862,NH3,18.38
153,0,0.0,0,49058,10012,49058,10012,6.13235,1.2515,NH3,17.78
154,0,0.0,0,48093,9814,48093,9814,6.01166,1.22687,NH3,17.24
155,0,0.0,0,47113,9615,47113,9615,5.88921,1.20188,NH3,16.7
156,0,0.0,0,46216,9432,46216,9432,5.7771,1.179,NH3,16.19
157,0,0.0,0,45344,9254,45344,9254,5.66807,1.15675,NH3,15.71
158,0,0.0,0,44501,9082,44501,9082,5.56273,1.13525,NH3,15.24
159,0,0.0,0,43678,8914,43678,8914,5.45983,1.11425,NH3,14.78
160,0,0.0,0,42919,8759,42919,8759,5.36491,1.09488,NH3,14.35
161,0,0.0,0,42164,8605,42164,8605,5.27059,1.07563,NH3,13.93
162,0,0.0,0,41434,8456,41434,8456,5.1793,1.057,NH3,13.52
163,0,0.0,0,40743,8314,40743,8314,5.09291,1.03937,NH3,13.13
164,0,0.0,0,40086,8180,40086,8180,5.01084,1.02262,NH3,12.77
165,0,0.0,0,39430,8047,39430,8047,4.92881,1.00588,NH3,12.4
166,0,0.0,0,38813,7921,38813,7921,4.85164,0.99013,NH3,12.06
167,0,0.0,0,38200,7796,38200,7796,4.77505,0.9745,NH3,11.71
168,0,0.0,0,37641,7682,37641,7682,4.70523,0.96025,NH3,11.4
169,0,0.0,0,37087,7568,37087,7568,4.63599,0.94612,NH3,11.09
170,0,0.0,0,36554,7460,36554,7460,4.56925,0.9325,NH3,10.79
171,0,0.0,0,36034,7354,36034,7354,4.50433,0.91925,NH3,10.5
172,0,0.0,0,35539,7253,35539,7253,4.44249,0.90663,NH3,10.23
173,0,0.0,0,35039,7150,35039,7150,4.37996,0.89387,NH3,9.95
174,0,0.0,0,34594,7060,34594,7060,4.32425,0.8825,NH3,9.7
175,0,0.0,0,34128,6964,34128,6964,4.26604,0.87062,NH3,9.44
176,0,0.0,0,33712,6880,33712,6880,4.214,0.86,NH3,9.2
177,0,0.0,0,33300,6796,33300,6796,4.16255,0.8495,NH3,8.97
178,0,0.0,0,32903,6714,32903,6714,4.11291,0.83937,NH3,8.75
179,0,0.0,0,32501,6633,32501,6633,4.06274,0.82913,NH3,8.53
180,0,0.0,0,32148,6560,32148,6560,4.01859,0.82012,NH3,8.33
181,0,0.0,0,31776,6485,31776,6485,3.97209,0.81063,NH3,8.12
182,0,0.0,0,31414,6411,31414,6411,3.92676,0.80138,NH3,7.92
183,0,0.0,0,31061,6339,31061,6339,3.88266,0.79238,NH3,7.72
184,0,0.0,0,30762,6278,30762,6278,3.84527,0.78475,NH3,7.56
185,0,0.0,0,30414,6206,30414,6206,3.80176,0.77587,NH3,7.36
186,0,0.0,0,30130,6149,30130,6149,3.76629,0.76863,NH3,7.2
187,0,0.0,0,29826,6086,29826,6086,3.72826,0.76087,NH3,7.03
188,0,0.0,0,29522,6025,29522,6025,3.69034,0.75313,NH3,6.86
189,0,0.0,0,29258,5971,29258,5971,3.65726,0.74638,NH3,6.72
190,0,0.0,0,29003,5919,29003,5919,3.62541,0.73988,NH3,6.57
191,0,0.0,0,28733,5864,28733,5864,3.5917,0.733,NH3,6.42
192,0,0.0,0,28478,5812,28478,5812,3.55985,0.7265,NH3,6.28
193,0,0.0,0,28243,5764,28243,5764,3.53045,0.7205,NH3,6.15
194,0,0.0,0,28023,5719,28023,5719,3.50291,0.71488,NH3,6.03
195,0,0.0,0,27778,5669,27778,5669,3.47229,0.70863,NH3,5.89
196,0,0.0,0,27547,5622,27547,5622,3.44348,0.70275,NH3,5.76
197,0,0.0,0,27347,5581,27347,5581,3.41839,0.69763,NH3,5.65
198,0,0.0,0,27116,5534,27116,5534,3.38958,0.69175,NH3,5.52
199,0,0.0,0,26935,5496,26935,5496,3.36689,0.68712,NH3,5.42
200,0,0.0,0,26719,5453,26719,5453,3.33999,0.68163,NH3,5.3
201,0,0.0,0,26528,5414,26528,5414,3.31608,0.67675,NH3,5.19
202,0,0.0,0,26352,5378,26352,5378,3.29403,0.67225,NH3,5.09
203,0,0.0,0,26180,5342,26180,5342,3.27256,0.66787,NH3,5.0
204,0,0.0,0,25999,5306,25999,5306,3.24993,0.66325,NH3,4.89
205,0,0.0,0,25823,5270,25823,5270,3.22788,0.65875,NH3,4.8
206,0,0.0,0,25666,5238,25666,5238,3.20828,0.65475,NH3,4.71
207,0,0.0,0,25509,5206,25509,5206,3.18868,0.65075,NH3,4.62
208,0,0.0,0,25367,5177,25367,5177,3.17094,0.64713,NH3,4.54
209,0,0.0,0,25195,5142,25195,5142,3.14948,0.64275,NH3,4.44
210,0,0.0,0,25088,5120,25088,5120,3.136,0.64,NH3,4.38
211,0,0.0,0,24970,5096,24970,5096,3.1213,0.637,NH3,4.32
212,0,0.0,0,24867,5075,24867,5075,3.10846,0.63438,NH3,4.26
213,0,0.0,0,24798,5060,24798,5060,3.09984,0.63262,NH3,4.22
214,0,0.0,0,24637,5028,24637,5028,3.07965,0.6285,NH3,4.13
215,0,0.0,0,24573,5014,24573,5014,3.07166,0.62687,NH3,4.1
216,0,0.0,0,24431,4986,24431,4986,3.05393,0.62325,NH3,4.02
217,0,0.0,0,24313,4962,24313,4962,3.03923,0.62025,NH3,3.95
218,0,0.0,0,24201,4939,24201,4939,3.02516,0.61738,NH3,3.89
219,0,0.0,0,24078,4914,24078,4914,3.00983,0.61425,NH3,3.82
220,0,0.0,0,23975,4892,23975,4892,2.99694,0.61162,NH3,3.76
221,0,0.0,0,23833,4864,23833,4864,2.9792,0.608,NH3,3.68
222,0,0.0,0,23735,4844,23735,4844,2.96695,0.6055,NH3,3.63
223,0,0.0,0,23661,4828,23661,4828,2.95774,0.60362,NH3,3.59
224,0,0.0,0,23593,4815,23593,4815,2.94921,0.60188,NH3,3.55
225,0,0.0,0,23500,4796,23500,4796,2.93755,0.5995,NH3,3.5
226,0,0.0,0,23422,4780,23422,4780,2.92775,0.5975,NH3,3.45
227,0,0.0,0,23343,4764,23343,4764,2.91795,0.5955,NH3,3.41
228,0,0.0,0,23157,4726,23157,4726,2.89468,0.59075,NH3,3.31
229,0,0.0,0,23162,4727,23162,4727,2.89531,0.59088,NH3,3.31
230,0,0.0,0,23079,4710,23079,4710,2.88488,0.58875,NH3,3.26
231,0,0.0,0,23024,4698,23024,4698,2.87811,0.58737,NH3,3.23
232,0,0.0,0,22868,4666,22868,4666,2.85851,0.58337,NH3,3.14
233,0,0.0,0,22873,4668,22873,4668,2.85915,0.5835,NH3,3.15
234,0,0.0,0,22789,4650,22789,4650,2.84871,0.58137,NH3,3.1
235,0,0.0,0,22726,4638,22726,4638,2.84078,0.57975,NH3,3.06
236,0,0.0,0,22643,4621,22643,4621,2.83039,0.57763,NH3,3.02
237,0,0.0,0,22613,4615,22613,4615,2.82671,0.57688,NH3,3.0
238,0,0.0,0,22500,4592,22500,4592,2.8126,0.574,NH3,2.94
239,0,0.0,0,22510,4594,22510,4594,2.81383,0.57425,NH3,2.94
240,0,0.0,0,22442,4580,22442,4580,2.80525,0.5725,NH3,2.91
241,0,0.0,0,22387,4568,22387,4568,2.79849,0.57112,NH3,2.88
242,0,0.0,0,22285,4548,22285,4548,2.78565,0.5685,NH3,2.82
243,0,0.0,0,22304,4552,22304,4552,2.7881,0.569,NH3,2.83
244,0,0.0,0,22251,4541,22251,4541,2.78139,0.56763,NH3,2.8
245,0,0.0,0,22197,4530,22197,4530,2.77463,0.56625,NH3,2.77
246,0,0.0,0,22143,4519,22143,4519,2.76791,0.56488,NH3,2.74
247,0,0.0,0,22108,4512,22108,4512,2.7636,0.564,NH3,2.72
248,0,0.0,0,22089,4508,22089,4508,2.76115,0.5635,NH3,2.71
249,0,0.0,0,22005,4490,22005,4490,2.75071,0.56137,NH3,2.66
0,0,3.3,255,18919,3861,18919,3861,2.36489,0.48263,NH3,0.94
1,0,3.3,255,20237,4130,20237,4130,2.52963,0.51625,NH3,1.67
2,0,3.3,255,22280,4546,22280,4546,2.78501,0.56837,NH3,2.82
3,0,3.3,255,24411,4982,24411,4982,3.05148,0.62275,NH3,4.01
4,0,3.3,255,26606,5430,26606,5430,3.32587,0.67875,NH3,5.23
5,0,3.3,255,28782,5874,28782,5874,3.59783,0.73425,NH3,6.45
6,0,3.3,255,31011,6328,31011,6328,3.87649,0.79112,NH3,7.7
7,0,3.3,255,33187,6773,33187,6773,4.14849,0.84663,NH3,8.91
8,0,3.3,255,35368,7218,35368,7218,4.42103,0.90225,NH3,10.13
9,0,3.3,255,37534,7660,37534,7660,4.69175,0.9575,NH3,11.34
10,0,3.3,255,39660,8093,39660,8093,4.95758,1.01175,NH3,12.53
11,0,3.3,255,41753,8521,41753,8521,5.21914,1.06513,NH3,13.7
12,0,3.3,255,43747,8928,43747,8928,5.4684,1.116,NH3,14.81
13,0,3.3,255,45746,9336,45746,9336,5.7183,1.167,NH3,15.93
14,0,3.3,255,47671,9728,47671,9728,5.95899,1.21612,NH3,17.01
15,0,3.3,255,49563,10115,49563,10115,6.19546,1.26438,NH3,18.06
16,0,3.3,255,51401,10490,51401,10490,6.42513,1.31125,NH3,19.09
17,0,3.3,255,53091,10835,53091,10835,6.63646,1.35438,NH3,20.04
18,0,3.3,255,54885,11201,54885,11201,6.86064,1.40013,NH3,21.04
19,0,3.3,255,56516,11534,56516,11534,7.06458,1.44175,NH3,21.95
20,0,3.3,255,58045,11846,58045,11846,7.25568,1.48075,NH3,22.8
21,0,3.3,255,59726,12189,59726,12189,7.46579,1.52363,NH3,23.74
22,0,3.3,255,61048,12458,61048,12458,7.63111,1.55737,NH3,24.48
23,0,3.3,255,62484,12752,62484,12752,7.8106,1.594,NH3,25.29
24,0,3.3,255,63749,13010,63749,13010,7.96863,1.62625,NH3,25.99
25,0,3.3,255,65037,13272,65037,13272,8.12969,1.65912,NH3,26.71
26,0,3.3,255,66262,13522,66262,13522,8.28281,1.69037,NH3,27.4
27,0,3.3,255,67443,13764,67443,13764,8.43045,1.7205,NH3,28.06
28,0,3.3,255,68531,13986,68531,13986,8.56643,1.74825,NH3,28.67
29,0,3.3,255,69638,14212,69638,14212,8.70485,1.7765,NH3,29.28
30,0,3.3,255,70638,14416,70638,14416,8.8298,1.802,NH3,29.84
31,0,3.3,255,71598,14612,71598,14612,8.94985,1.8265,NH3,30.38
32,0,3.3,255,72520,14800,72520,14800,9.065,1.85,NH3,30.89
33,0,3.3,255,73323,14964,73323,14964,9.16545,1.8705,NH3,31.34
34,0,3.3,255,74186,15140,74186,15140,9.27325,1.8925,NH3,31.83
35,0,3.3,255,75038,15314,75038,15314,9.37983,1.91425,NH3,32.3
36,0,3.3,255,75724,15454,75724,15454,9.46558,1.93175,NH3,32.69
37,0,3.3,255,76474,15606,76474,15606,9.55926,1.95087,NH3,33.1
38,0,3.3,255,77071,15728,77071,15728,9.63399,1.96612,NH3,33.44
39,0,3.3,255,77719,15861,77719,15861,9.71489,1.98263,NH3,33.8
40,0,3.3,255,78370,15994,78370,15994,9.79633,1.99925,NH3,34.16
41,0,3.3,255,78944,16111,78944,16111,9.86801,2.01388,NH3,34.49
42,0,3.3,255,79409,16206,79409,16206,9.92618,2.02575,NH3,34.75
43,0,3.3,255,79943,16315,79943,16315,9.99296,2.03938,NH3,35.04
44,0,3.3,255,80462,16420,80462,16420,10.05784,2.05262,NH3,35.33
45,0,3.3,255,80864,16503,80864,16503,10.10811,2.06288,NH3,35.56
46,0,3.3,255,81330,16598,81330,16598,10.16628,2.07475,NH3,35.82
47,0,3.3,255,81732,16680,81732,16680,10.2165,2.085,NH3,36.04
48,0,3.3,255,82050,16745,82050,16745,10.25634,2.09313,NH3,36.22
49,0,3.3,255,82457,16828,82457,16828,10.30715,2.1035,NH3,36.45
50,0,3.3,255,82770,16892,82770,16892,10.34635,2.1115,NH3,36.62
51,0,3.3,255,83094,16958,83094,16958,10.38678,2.11975,NH3,36.81
52,0,3.3,255,83383,17016,83383,17016,10.42289,2.12712,NH3,36.97
53,0,3.3,255,83594,17060,83594,17060,10.44925,2.1325,NH3,37.08
54,0,3.3,255,83902,17123,83902,17123,10.48786,2.14038,NH3,37.26
55,0,3.3,255,84147,17172,84147,17172,10.51844,2.14662,NH3,37.39
56,0,3.3,255,84358,17216,84358,17216,10.5448,2.152,NH3,37.51
57,0,3.3,255,84519,17248,84519,17248,10.56499,2.15612,NH3,37.6
58,0,3.3,255,84711,17288,84711,17288,10.5889,2.161,NH3,37.71
59,0,3.3,255,84941,17335,84941,17335,10.61771,2.16688,NH3,37.84
60,0,3.3,255,85107,17368,85107,17368,10.63849,2.17112,NH3,37.93
61,0,3.3,255,85269,17402,85269,17402,10.65873,2.17525,NH3,38.02
62,0,3.3,255,85362,17420,85362,17420,10.67034,2.17762,NH3,38.07
63,0,3.3,255,85485,17446,85485,17446,10.68568,2.18075,NH3,38.14
64,0,3.3,255,85671,17484,85671,17484,10.70895,2.1855,NH3,38.25
65,0,3.3,255,85784,17507,85784,17507,10.72306,2.18838,NH3,38.31
66,0,3.3,255,85828,17516,85828,17516,10.72855,2.1895,NH3,38.33
67,0,3.3,255,85936,17538,85936,17538,10.74203,2.19225,NH3,38.39
68,0,3.3,255,86083,17568,86083,17568,10.7604,2.196,NH3,38.48
69,0,3.3,255,86156,17582,86156,17582,10.76956,2.19787,NH3,38.52
70,0,3.3,255,86220,17596,86220,17596,10.77755,2.1995,NH3,38.55
71,0,3.3,255,86264,17605,86264,17605,10.78309,2.20063,NH3,38.58
72,0,3.3,255,86318,17616,86318,17616,10.7898,2.202,NH3,38.61
73,0,3.3,255,86382,17629,86382,17629,10.79779,2.20363,NH3,38.64
74,0,3.3,255,86392,17631,86392,17631,10.79901,2.20388,NH3,38.65
75,0,3.3,255,86436,17640,86436,17640,10.8045,2.205,NH3,38.67
76,0,3.3,255,86426,17638,86426,17638,10.80328,2.20475,NH3,38.67
77,0,3.3,255,86504,17654,86504,17654,10.81308,2.20675,NH3,38.71
78,0,3.3,255,86666,17687,86666,17687,10.83331,2.21088,NH3,38.8
79,0,3.3,255,86710,17696,86710,17696,10.8388,2.212,NH3,38.83
80,0,3.3,255,86803,17714,86803,17714,10.85041,2.21437,NH3,38.88
81,0,3.3,255,86592,17672,86592,17672,10.8241,2.209,NH3,38.76
82,0,3.3,255,86651,17684,86651,17684,10.83145,2.2105,NH3,38.79
83,0,3.3,255,86793,17713,86793,17713,10.84924,2.21413,NH3,38.87
84,0,3.3,255,86735,17701,86735,17701,10.84189,2.21263,NH3,38.84
85,0,3.3,255,86739,17702,86739,17702,10.84248,2.21275,NH3,38.84
86,0,3.3,255,86656,17684,86656,17684,10.83204,2.21062,NH3,38.8
87,0,3.3,255,86705,17695,86705,17695,10.83821,2.21188,NH3,38.82
88,0,3.3,255,86857,17726,86857,17726,10.85717,2.21575,NH3,38.91
89,0,3.3,255,86842,17722,86842,17722,10.85531,2.21537,NH3,38.9
90,0,3.3,255,86847,17724,86847,17724,10.85595,2.2155,NH3,38.9
91,0,3.3,255,86798,17714,86798,17714,10.84982,2.21425,NH3,38.88
92,0,3.3,255,86798,17714,86798,17714,10.84982,2.21425,NH3,38.88
93,0,3.3,255,86867,17728,86867,17728,10.8584,2.216,NH3,38.91
94,0,3.3,255,86842,17722,86842,17722,10.85531,2.21537,NH3,38.9
95,0,3.3,255,86779,17710,86779,17710,10.84738,2.21375,NH3,38.86
96,0,3.3,255,86828,17720,86828,17720,10.8535,2.215,NH3,38.89
97,0,3.3,255,86803,17714,86803,17714,10.85041,2.21437,NH3,38.88
98,0,3.3,255,86803,17714,86803,17714,10.85041,2.21437,NH3,38.88
99,0,3.3,255,86783,17710,86783,17710,10.84796,2.21387,NH3,38.87
100,0,3.3,255,86788,17712,86788,17712,10.8486,2.214,NH3,38.87
101,0,3.3,255,86730,17700,86730,17700,10.84125,2.2125,NH3,38.84
102,0,3.3,255,86641,17682,86641,17682,10.83023,2.21025,NH3,38.79
103,0,3.3,255,86769,17708,86769,17708,10.84615,2.2135,NH3,38.86
104,0,3.3,255,86744,17702,86744,17702,10.84306,2.21287,NH3,38.85
105,0,3.3,255,86656,17684,86656,17684,10.83204,2.21062,NH3,38.8
106,0,3.3,255,86695,17693,86695,17693,10.83699,2.21163,NH3,38.82
107,0,3.3,255,86617,17676,86617,17676,10.82714,2.20962,NH3,38.77
108,0,3.3,255,86548,17663,86548,17663,10.81861,2.20788,NH3,38.74
109,0,3.3,255,86558,17664,86558,17664,10.81979,2.20812,NH3,38.74
110,0,3.3,255,86548,17663,86548,17663,10.81861,2.20788,NH3,38.74
111,0,3.3,255,86637,17681,86637,17681,10.82964,2.21013,NH3,38.79
112,0,3.3,255,86612,17676,86612,17676,10.82655,2.2095,NH3,38.77
113,0,3.3,255,86597,17672,86597,17672,10.82469,2.20912,NH3,38.76
114,0,3.3,255,86494,17652,86494,17652,10.81185,2.2065,NH3,38.71
115,0,3.3,255,86563,17666,86563,17666,10.82043,2.20825,NH3,38.74
116,0,3.3,255,86387,17630,86387,17630,10.79838,2.20375,NH3,38.65
117,0,3.3,255,86303,17612,86303,17612,10.78794,2.20162,NH3,38.6
118,0,3.3,255,86352,17623,86352,17623,10.79411,2.20288,NH3,38.63
119,0,3.3,255,86200,17592,86200,17592,10.7751,2.199,NH3,38.54
120,0,3.3,255,86185,17588,86185,17588,10.77324,2.19862,NH3,38.53
121,0,3.3,255,86220,17596,86220,17596,10.77755,2.1995,NH3,38.55
122,0,3.3,255,86254,17603,86254,17603,10.78186,2.20038,NH3,38.57
123,0,3.3,255,86107,17573,86107,17573,10.76349,2.19663,NH3,38.49
124,0,3.3,255,86421,17637,86421,17637,10.80269,2.20463,NH3,38.66
125,0,0.0,0,100822,20576,100822,20576,12.6028,2.572,NH3,46.71
126,0,0.0,0,98588,20120,98588,20120,12.3235,2.515,NH3,45.46
127,0,0.0,0,95711,19533,95711,19533,11.96399,2.44163,NH3,43.86
128,0,0.0,0,92908,18960,92908,18960,11.61359,2.37012,NH3,42.29
129,0,0.0,0,90194,18407,90194,18407,11.27431,2.30088,NH3,40.77
130,0,0.0,0,87847,17928,87847,17928,10.9809,2.241,NH3,39.46
131,0,0.0,0,85171,17382,85171,17382,10.64648,2.17275,NH3,37.97
132,0,0.0,0,82726,16882,82726,16882,10.34081,2.11037,NH3,36.6
133,0,0.0,0,80423,16413,80423,16413,10.05299,2.05163,NH3,35.31
134,0,0.0,0,78155,15950,78155,15950,9.76938,1.99375,NH3,34.04
135,0,0.0,0,76023,15515,76023,15515,9.50296,1.93938,NH3,32.85
136,0,0.0,0,74014,15105,74014,15105,9.25184,1.88813,NH3,31.73
137,0,0.0,0,71946,14682,71946,14682,8.99331,1.83537,NH3,30.57
138,0,0.0,0,70026,14291,70026,14291,8.75326,1.78638,NH3,29.5
139,0,0.0,0,68183,13914,68183,13914,8.52291,1.73937,NH3,28.47
140,0,0.0,0,66400,13551,66400,13551,8.30001,1.69388,NH3,27.47
141,0,0.0,0,64723,13208,64723,13208,8.09049,1.65112,NH3,26.54
142,0,0.0,0,63126,12882,63126,12882,7.89081,1.61037,NH3,25.64
143,0,0.0,0,61544,12560,61544,12560,7.693,1.57,NH3,24.76
144,0,0.0,0,60059,12256,60059,12256,7.50739,1.53212,NH3,23.93
145,0,0.0,0,58609,11961,58609,11961,7.32614,1.49513,NH3,23.12
146,0,0.0,0,57241,11682,57241,11682,7.15523,1.46025,NH3,22.36
147,0,0.0,0,55923,11413,55923,11413,6.99049,1.42663,NH3,21.62
148,0,0.0,0,54669,11157,54669,11157,6.83369,1.39463,NH3,20.92
149,0,0.0,0,53503,10919,53503,10919,6.68791,1.36488,NH3,20.27
150,0,0.0,0,52317,10676,52317,10676,6.53964,1.33462,NH3,19.6
151,0,0.0,0,51190,10446,51190,10446,6.39876,1.30587,NH3,18.97
152,0,0.0,0,50141,10233,50141,10233,6.26774,1.27913,NH3,18.39
153,0,0.0,0,49068,10014,49068,10014,6.13358,1.25175,NH3,17.79
154,0,0.0,0,48044,9804,48044,9804,6.00554,1.22562,NH3,17.22
155,0,0.0,0,47172,9627,47172,9627,5.89656,1.20338,NH3,16.73
156,0,0.0,0,46334,9456,46334,9456,5.7918,1.182,NH3,16.26
157,0,0.0,0,45457,9276,45457,9276,5.68214,1.15962,NH3,15.77
158,0,0.0,0,44595,9101,44595,9101,5.57439,1.13763,NH3,15.29
159,0,0.0,0,43781,8935,43781,8935,5.47271,1.11688,NH3,14.83
160,0,0.0,0,42992,8774,42992,8774,5.37407,1.09675,NH3,14.39
161,0,0.0,0,42243,8621,42243,8621,5.28039,1.07763,NH3,13.97
162,0,0.0,0,41517,8473,41517,8473,5.18974,1.05913,NH3,13.57
163,0,0.0,0,40836,8334,40836,8334,5.10458,1.04175,NH3,13.19
164,0,0.0,0,40150,8194,40150,8194,5.01883,1.02425,NH3,12.8
165,0,0.0,0,39498,8060,39498,8060,4.93734,1.00762,NH3,12.44
166,0,0.0,0,38901,7939,38901,7939,4.86266,0.99238,NH3,12.1
167,0,0.0,0,38288,7814,38288,7814,4.78608,0.97675,NH3,11.76
168,0,0.0,0,37724,7698,37724,7698,4.71561,0.96237,NH3,11.45
169,0,0.0,0,37176,7586,37176,7586,4.64701,0.94837,NH3,11.14
170,0,0.0,0,36612,7472,36612,7472,4.5766,0.934,NH3,10.83
171,0,0.0,0,36088,7365,36088,7365,4.51109,0.92063,NH3,10.53
172,0,0.0,0,35588,7262,35588,7262,4.44856,0.90787,NH3,10.25
173,0,0.0,0,35108,7165,35108,7165,4.38859,0.89563,NH3,9.99
174,0,0.0,0,34637,7068,34637,7068,4.32974,0.88362,NH3,9.72
175,0,0.0,0,34177,6975,34177,6975,4.27221,0.87188,NH3,9.46
176,0,0.0,0,33736,6884,33736,6884,4.21704,0.86062,NH3,9.22
177,0,0.0,0,33398,6816,33398,6816,4.1748,0.852,NH3,9.03
178,0,0.0,0,33070,6749,33070,6749,4.13379,0.84363,NH3,8.85
179,0,0.0,0,32550,6642,32550,6642,4.06881,0.83037,NH3,8.56
180,0,0.0,0,32212,6574,32212,6574,4.02658,0.82175,NH3,8.37
181,0,0.0,0,31806,6491,31806,6491,3.97576,0.81138,NH3,8.14
182,0,0.0,0,31835,6496,31835,6496,3.97939,0.81212,NH3,8.16
183,0,0.0,0,31119,6350,31119,6350,3.88996,0.79387,NH3,7.76
184,0,0.0,0,30781,6282,30781,6282,3.84773,0.78525,NH3,7.57
185,0,0.0,0,30473,6219,30473,6219,3.80916,0.77738,NH3,7.39
186,0,0.0,0,30164,6156,30164,6156,3.77055,0.7695,NH3,7.22
187,0,0.0,0,29870,6096,29870,6096,3.7338,0.762,NH3,7.06
188,0,0.0,0,29581,6036,29581,6036,3.69764,0.75462,NH3,6.9
189,0,0.0,0,29713,6064,29713,6064,3.7142,0.758,NH3,6.97
190,0,0.0,0,29458,6012,29458,6012,3.68235,0.7515,NH3,6.83
191,0,0.0,0,29140,5947,29140,5947,3.64256,0.74338,NH3,6.65
192,0,0.0,0,28905,5899,28905,5899,3.61316,0.73738,NH3,6.52
193,0,0.0,0,28664,5850,28664,5850,3.58312,0.73125,NH3,6.38
194,0,0.0,0,28429,5802,28429,5802,3.55373,0.72525,NH3,6.25
195,0,0.0,0,28199,5754,28199,5754,3.52491,0.71937,NH3,6.12
196,0,0.0,0,27964,5706,27964,5706,3.49551,0.71337,NH3,5.99
197,0,0.0,0,27743,5662,27743,5662,3.46798,0.70775,NH3,5.87
198,0,0.0,0,27518,5616,27518,5616,3.4398,0.702,NH3,5.74
199,0,0.0,0,27307,5573,27307,5573,3.41349,0.69663,NH3,5.63
200,0,0.0,0,27140,5538,27140,5538,3.39261,0.69237,NH3,5.53
201,0,0.0,0,26940,5498,26940,5498,3.36753,0.68725,NH3,5.42
202,0,0.0,0,26739,5456,26739,5456,3.34239,0.68212,NH3,5.31
203,0,0.0,0,26538,5416,26538,5416,3.3173,0.677,NH3,5.2
204,0,0.0,0,26386,5384,26386,5384,3.29829,0.67312,NH3,5.11
205,0,0.0,0,26205,5348,26205,5348,3.27565,0.6685,NH3,5.01
206,0,0.0,0,26087,5324,26087,5324,3.26095,0.6655,NH3,4.94
207,0,0.0,0,25911,5288,25911,5288,3.2389,0.661,NH3,4.84
208,0,0.0,0,25759,5256,25759,5256,3.21989,0.65712,NH3,4.76
209,0,0.0,0,25578,5220,25578,5220,3.19725,0.6525,NH3,4.66
210,0,0.0,0,25421,5188,25421,5188,3.17765,0.6485,NH3,4.57
211,0,0.0,0,25308,5165,25308,5165,3.16359,0.64563,NH3,4.51
212,0,0.0,0,25205,5144,25205,5144,3.1507,0.643,NH3,4.45
213,0,0.0,0,25024,5107,25024,5107,3.12806,0.63838,NH3,4.35
214,0,0.0,0,24941,5090,24941,5090,3.11763,0.63625,NH3,4.3
215,0,0.0,0,24784,5058,24784,5058,3.09803,0.63225,NH3,4.21
216,0,0.0,0,24676,5036,24676,5036,3.08455,0.6295,NH3,4.15
217,0,0.0,0,24573,5014,24573,5014,3.07166,0.62687,NH3,4.1
218,0,0.0,0,24426,4985,24426,4985,3.05334,0.62313,NH3,4.01
219,0,0.0,0,24323,4964,24323,4964,3.04045,0.6205,NH3,3.96
220,0,0.0,0,24171,4932,24171,4932,3.02144,0.61662,NH3,3.87
221,0,0.0,0,24068,4912,24068,4912,3.0086,0.614,NH3,3.81
222,0,0.0,0,23970,4892,23970,4892,2.99635,0.6115,NH3,3.76
223,0,0.0,0,23872,4872,23872,4872,2.9841,0.609,NH3,3.71
224,0,0.0,0,23774,4852,23774,4852,2.97185,0.6065,NH3,3.65
225,0,0.0,0,23676,4832,23676,4832,2.9596,0.604,NH3,3.6
226,0,0.0,0,23622,4820,23622,4820,2.95284,0.60262,NH3,3.57
227,0,0.0,0,23490,4794,23490,4794,2.93633,0.59925,NH3,3.49
228,0,0.0,0,23456,4786,23456,4786,2.93201,0.59837,NH3,3.47
229,0,0.0,0,23353,4766,23353,4766,2.91918,0.59575,NH3,3.42
230,0,0.0,0,23280,4751,23280,4751,2.91001,0.59388,NH3,3.37
231,0,0.0,0,23201,4735,23201,4735,2.90021,0.59188,NH3,3.33
232,0,0.0,0,23147,4724,23147,4724,2.89345,0.5905,NH3,3.3
233,0,0.0,0,23079,4710,23079,4710,2.88488,0.58875,NH3,3.26
234,0,0.0,0,23000,4694,23000,4694,2.87508,0.58675,NH3,3.22
235,0,0.0,0,22946,4682,22946,4682,2.86831,0.58537,NH3,3.19
236,0,0.0,0,22878,4669,22878,4669,2.85979,0.58363,NH3,3.15
237,0,0.0,0,22858,4665,22858,4665,2.85734,0.58313,NH3,3.14
238,0,0.0,0,22706,4634,22706,4634,2.83833,0.57925,NH3,3.05
239,0,0.0,0,22662,4624,22662,4624,2.83279,0.57812,NH3,3.03
240,0,0.0,0,22632,4618,22632,4618,2.82911,0.57737,NH3,3.01
241,0,0.0,0,22500,4592,22500,4592,2.8126,0.574,NH3,2.94
242,0,0.0,0,22471,4586,22471,4586,2.80893,0.57325,NH3,2.92
243,0,0.0,0,22422,4576,22422,4576,2.8028,0.572,NH3,2.89
244,0,0.0,0,22378,4567,22378,4567,2.79731,0.57088,NH3,2.87
245,0,0.0,0,22295,4550,22295,4550,2.78688,0.56875,NH3,2.82
246,0,0.0,0,22251,4541,22251,4541,2.78139,0.56763,NH3,2.8
247,0,0.0,0,22206,4532,22206,4532,2.77585,0.5665,NH3,2.77
248,0,0.0,0,22123,4514,22123,4514,2.76541,0.56437,NH3,2.73
249,0,0.0,0,22167,4524,22167,4524,2.77095,0.5655,NH3,2.75
0,0,3.3,255,19046,3887,19046,3887,2.38081,0.48588,NH3,1.01
1,0,3.3,255,20354,4154,20354,4154,2.54433,0.51925,NH3,1.74
2,0,3.3,255,22417,4575,22417,4575,2.80221,0.57188,NH3,2.89
3,0,3.3,255,24627,5026,24627,5026,3.07843,0.62825,NH3,4.13
4,0,3.3,255,26832,5476,26832,5476,3.35405,0.6845,NH3,5.36
5,0,3.3,255,29042,5927,29042,5927,3.63031,0.74088,NH3,6.59
6,0,3.3,255,31213,6370,31213,6370,3.90163,0.79625,NH3,7.81
7,0,3.3,255,33339,6804,33339,6804,4.16745,0.8505,NH3,9.0
8,0,3.3,255,35520,7249,35520,7249,4.44004,0.90613,NH3,10.22
9,0,3.3,255,37724,7698,37724,7698,4.71561,0.96237,NH3,11.45
10,0,3.3,255,39837,8130,39837,8130,4.97963,1.01625,NH3,12.63
11,0,3.3,255,41934,8558,41934,8558,5.24178,1.06975,NH3,13.8
12,0,3.3,255,44006,8980,44006,8980,5.50084,1.12262,NH3,14.96
13,0,3.3,255,46001,9388,46001,9388,5.75015,1.1735,NH3,16.07
14,0,3.3,255,47941,9784,47941,9784,5.9927,1.223,NH3,17.16
15,0,3.3,255,49759,10154,49759,10154,6.21991,1.26937,NH3,18.17
16,0,3.3,255,51616,10534,51616,10534,6.45208,1.31675,NH3,19.21
17,0,3.3,255,53248,10867,53248,10867,6.65606,1.35838,NH3,20.12
18,0,3.3,255,54909,11206,54909,11206,6.86368,1.40075,NH3,21.05
19,0,3.3,255,56810,11594,56810,11594,7.10133,1.44925,NH3,22.11
20,0,3.3,255,57648,11765,57648,11765,7.20609,1.47063,NH3,22.58
21,0,3.3,255,59177,12076,59177,12076,7.39714,1.50962,NH3,23.44
22,0,3.3,255,60632,12374,60632,12374,7.57908,1.54675,NH3,24.25
23,0,3.3,255,62053,12664,62053,12664,7.7567,1.583,NH3,25.05
24,0,3.3,255,63435,12946,63435,12946,7.92943,1.61825,NH3,25.82
25,0,3.3,255,64645,13192,64645,13192,8.08069,1.64912,NH3,26.49
26,0,3.3,255,65944,13458,65944,13458,8.24303,1.68225,NH3,27.22
27,0,3.3,255,67130,13700,67130,13700,8.39125,1.7125,NH3,27.88
28,0,3.3,255,68257,13930,68257,13930,8.53213,1.74125,NH3,28.51
29,0,3.3,255,69359,14154,69359,14154,8.66991,1.76937,NH3,29.13
30,0,3.3,255,70344,14356,70344,14356,8.79305,1.7945,NH3,29.68
31,0,3.3,255,71368,14564,71368,14564,8.92104,1.82062,NH3,30.25
32,0,3.3,255,72279,14750,72279,14750,9.03496,1.84387,NH3,30.76
33,0,3.3,255,73157,14930,73157,14930,9.14463,1.86625,NH3,31.25
34,0,3.3,255,74048,15112,74048,15112,9.2561,1.889,NH3,31.75
35,0,3.3,255,74828,15271,74828,15271,9.35351,1.90888,NH3,32.18
36,0,3.3,255,75656,15440,75656,15440,9.457,1.93,NH3,32.65
37,0,3.3,255,76381,15588,76381,15588,9.54765,1.9485,NH3,33.05
38,0,3.3,255,77071,15728,77071,15728,9.63399,1.96612,NH3,33.44
39,0,3.3,255,77738,15865,77738,15865,9.71734,1.98313,NH3,33.81
40,0,3.3,255,78365,15993,78365,15993,9.79574,1.99913,NH3,34.16
41,0,3.3,255,78953,16112,78953,16112,9.86919,2.01412,NH3,34.49
42,0,3.3,255,79517,16228,79517,16228,9.93965,2.0285,NH3,34.81
43,0,3.3,255,79992,16324,79992,16324,9.99904,2.04062,NH3,35.07
44,0,3.3,255,80531,16434,80531,16434,10.06641,2.05437,NH3,35.37
45,0,3.3,255,80967,16524,80967,16524,10.12095,2.0655,NH3,35.62
46,0,3.3,255,81394,16611,81394,16611,10.17426,2.07638,NH3,35.85
47,0,3.3,255,81835,16701,81835,16701,10.22939,2.08763,NH3,36.1
48,0,3.3,255,82246,16785,82246,16785,10.28084,2.09813,NH3,36.33
49,0,3.3,255,82599,16856,82599,16856,10.32489,2.10712,NH3,36.53
50,0,3.3,255,82976,16934,82976,16934,10.37208,2.11675,NH3,36.74
51,0,3.3,255,83339,17008,83339,17008,10.4174,2.126,NH3,36.94
52,0,3.3,255,83584,17058,83584,17058,10.44803,2.13225,NH3,37.08
53,0,3.3,255,83980,17138,83980,17138,10.49761,2.14237,NH3,37.3
54,0,3.3,255,84235,17190,84235,17190,10.52946,2.14887,NH3,37.44
55,0,3.3,255,84397,17224,84397,17224,10.5497,2.153,NH3,37.53
56,0,3.3,255,84642,17274,84642,17274,10.58033,2.15925,NH3,37.67
57,0,3.3,255,84779,17302,84779,17302,10.59748,2.16275,NH3,37.75
58,0,3.3,255,85034,17354,85034,17354,10.62932,2.16925,NH3,37.89
59,0,3.3,255,85225,17393,85225,17393,10.65324,2.17413,NH3,38.0
60,0,3.3,255,85382,17425,85382,17425,10.67284,2.17813,NH3,38.08
61,0,3.3,255,85500,17449,85500,17449,10.68754,2.18113,NH3,38.15
62,0,3.3,255,85652,17480,85652,17480,10.7065,2.185,NH3,38.23
63,0,3.3,255,85720,17494,85720,17494,10.71508,2.18675,NH3,38.27
64,0,3.3,255,85911,17533,85911,17533,10.73899,2.19163,NH3,38.38
65,0,3.3,255,85955,17542,85955,17542,10.74448,2.19275,NH3,38.4
66,0,3.3,255,86009,17553,86009,17553,10.75124,2.19413,NH3,38.43
67,0,3.3,255,86166,17585,86166,17585,10.77084,2.19813,NH3,38.52
68,0,3.3,255,86254,17603,86254,17603,10.78186,2.20038,NH3,38.57
69,0,3.3,255,86332,17618,86332,17618,10.79161,2.20237,NH3,38.62
70,0,3.3,255,86382,17629,86382,17629,10.79779,2.20363,NH3,38.64
71,0,3.3,255,86416,17636,86416,17636,10.80205,2.2045,NH3,38.66
72,0,3.3,255,86519,17657,86519,17657,10.81494,2.20713,NH3,38.72
73,0,3.3,255,86558,17664,86558,17664,10.81979,2.20812,NH3,38.74
74,0,3.3,255,86587,17670,86587,17670,10.82346,2.20887,NH3,38.76
75,0,3.3,255,86587,17670,86587,17670,10.82346,2.20887,NH3,38.76
76,0,3.3,255,86626,17678,86626,17678,10.82836,2.20987,NH3,38.78
77,0,3.3,255,86720,17698,86720,17698,10.84003,2.21225,NH3,38.83
78,0,3.3,255,86754,17704,86754,17704,10.84429,2.21312,NH3,38.85
79,0,3.3,255,86754,17704,86754,17704,10.84429,2.21312,NH3,38.85
80,0,3.3,255,86730,17700,86730,17700,10.84125,2.2125,NH3,38.84
81,0,3.3,255,86803,17714,86803,17714,10.85041,2.21437,NH3,38.88
82,0,3.3,255,86808,17716,86808,17716,10.85105,2.2145,NH3,38.88
83,0,3.3,255,86764,17707,86764,17707,10.84556,2.21338,NH3,38.86
84,0,3.3,255,86759,17706,86759,17706,10.84492,2.21325,NH3,38.85
85,0,3.3,255,86828,17720,86828,17720,10.8535,2.215,NH3,38.89
86,0,3.3,255,86773,17708,86773,17708,10.84674,2.21362,NH3,38.86
87,0,3.3,255,86823,17719,86823,17719,10.85291,2.21488,NH3,38.89
88,0,3.3,255,86808,17716,86808,17716,10.85105,2.2145,NH3,38.88
89,0,3.3,255,86749,17704,86749,17704,10.8437,2.213,NH3,38.85
90,0,3.3,255,86808,17716,86808,17716,10.85105,2.2145,NH3,38.88
91,0,3.3,255,86739,17702,86739,17702,10.84248,2.21275,NH3,38.84
92,0,3.3,255,86783,17710,86783,17710,10.84796,2.21387,NH3,38.87
93,0,3.3,255,86730,17700,86730,17700,10.84125,2.2125,NH3,38.84
94,0,3.3,255,86749,17704,86749,17704,10.8437,2.213,NH3,38.85
95,0,3.3,255,86705,17695,86705,17695,10.83821,2.21188,NH3,38.82
96,0,3.3,255,86685,17690,86685,17690,10.83571,2.21137,NH3,38.81
97,0,3.3,255,86622,17678,86622,17678,10.82778,2.20975,NH3,38.78
98,0,3.3,255,86685,17690,86685,17690,10.83571,2.21137,NH3,38.81
99,0,3.3,255,86656,17684,86656,17684,10.83204,2.21062,NH3,38.8
100,0,3.3,255,86666,17687,86666,17687,10.83331,2.21088,NH3,38.8
101,0,3.3,255,86646,17682,86646,17682,10.83081,2.21037,NH3,38.79
102,0,3.3,255,86592,17672,86592,17672,10.8241,2.209,NH3,38.76
103,0,3.3,255,86548,17663,86548,17663,10.81861,2.20788,NH3,38.74
104,0,3.3,255,86539,17661,86539,17661,10.81739,2.20763,NH3,38.73
105,0,3.3,255,86578,17669,86578,17669,10.82229,2.20863,NH3,38.75
106,0,3.3,255,86534,17660,86534,17660,10.81675,2.2075,NH3,38.73
107,0,3.3,255,86475,17648,86475,17648,10.8094,2.206,NH3,38.69
108,0,3.3,255,86430,17638,86430,17638,10.80386,2.20487,NH3,38.67
109,0,3.3,255,86455,17644,86455,17644,10.80695,2.2055,NH3,38.68
110,0,3.3,255,86455,17644,86455,17644,10.80695,2.2055,NH3,38.68
111,0,3.3,255,86430,17638,86430,17638,10.80386,2.20487,NH3,38.67
112,0,3.3,255,86367,17626,86367,17626,10.79593,2.20325,NH3,38.63
113,0,3.3,255,86392,17631,86392,17631,10.79901,2.20388,NH3,38.65
114,0,3.3,255,86377,17628,86377,17628,10.79715,2.2035,NH3,38.64
115,0,3.3,255,86284,17609,86284,17609,10.78554,2.20113,NH3,38.59
116,0,3.3,255,86294,17611,86294,17611,10.78676,2.20138,NH3,38.59
117,0,3.3,255,86210,17594,86210,17594,10.77633,2.19925,NH3,38.55
118,0,3.3,255,86240,17600,86240,17600,10.78,2.2,NH3,38.56
119,0,3.3,255,86171,17586,86171,17586,10.77143,2.19825,NH3,38.52
120,0,3.3,255,86205,17592,86205,17592,10.77569,2.19912,NH3,38.54
121,0,3.3,255,86102,17572,86102,17572,10.76285,2.1965,NH3,38.49
122,0,3.3,255,86068,17565,86068,17565,10.75859,2.19563,NH3,38.47
123,0,3.3,255,86102,17572,86102,17572,10.76285,2.1965,NH3,38.49
124,0,3.3,255,86083,17568,86083,17568,10.7604,2.196,NH3,38.48
125,0,0.0,0,100704,20552,100704,20552,12.5881,2.569,NH3,46.65
126,0,0.0,0,98494,20100,98494,20100,12.31184,2.51262,NH3,45.41
127,0,0.0,0,95613,19513,95613,19513,11.95174,2.43913,NH3,43.8
128,0,0.0,0,92796,18938,92796,18938,11.59952,2.36725,NH3,42.23
129,0,0.0,0,90076,18382,90076,18382,11.25956,2.29787,NH3,40.71
130,0,0.0,0,87474,17852,87474,17852,10.93435,2.2315,NH3,39.25
131,0,0.0,0,84956,17338,84956,17338,10.61953,2.16725,NH3,37.85
132,0,0.0,0,82535,16844,82535,16844,10.31695,2.1055,NH3,36.49
133,0,0.0,0,80183,16364,80183,16364,10.02295,2.0455,NH3,35.18
134,0,0.0,0,77939,15906,77939,15906,9.74243,1.98825,NH3,33.92
135,0,0.0,0,75768,15462,75768,15462,9.47106,1.93287,NH3,32.71
136,0,0.0,0,73686,15038,73686,15038,9.21078,1.87975,NH3,31.55
137,0,0.0,0,71701,14632,71701,14632,8.96269,1.82912,NH3,30.44
138,0,0.0,0,69776,14240,69776,14240,8.722,1.78,NH3,29.36
139,0,0.0,0,67919,13861,67919,13861,8.48989,1.73263,NH3,28.32
140,0,0.0,0,66174,13505,66174,13505,8.27184,1.68813,NH3,27.35
141,0,0.0,0,64474,13158,64474,13158,8.05927,1.64475,NH3,26.4
142,0,0.0,0,62847,12826,62847,12826,7.85593,1.60325,NH3,25.49
143,0,0.0,0,61289,12508,61289,12508,7.66115,1.5635,NH3,24.62
144,0,0.0,0,59780,12200,59780,12200,7.4725,1.525,NH3,23.77
145,0,0.0,0,58344,11907,58344,11907,7.29306,1.48838,NH3,22.97
146,0,0.0,0,56972,11627,56972,11627,7.12156,1.45338,NH3,22.21
147,0,0.0,0,55654,11358,55654,11358,6.95678,1.41975,NH3,21.47
148,0,0.0,0,54380,11098,54380,11098,6.79753,1.38725,NH3,20.76
149,0,0.0,0,53150,10846,53150,10846,6.64376,1.35587,NH3,20.07
150,0,0.0,0,52003,10612,52003,10612,6.50044,1.32662,NH3,19.43
151,0,0.0,0,50881,10384,50881,10384,6.3602,1.298,NH3,18.8
152,0,0.0,0,49798,10163,49798,10163,6.22486,1.27038,NH3,18.2
153,0,0.0,0,48755,9950,48755,9950,6.09438,1.24375,NH3,17.61
154,0,0.0,0,47779,9750,47779,9750,5.97246,1.21887,NH3,17.07
155,0,0.0,0,46809,9553,46809,9553,5.85124,1.19413,NH3,16.53
156,0,0.0,0,45927,9372,45927,9372,5.74094,1.17162,NH3,16.03
157,0,0.0,0,45026,9189,45026,9189,5.62829,1.14863,NH3,15.53
158,0,0.0,0,44158,9012,44158,9012,5.51985,1.1265,NH3,15.04
159,0,0.0,0,43374,8852,43374,8852,5.42185,1.1065,NH3,14.61
160,0,0.0,0,42576,8689,42576,8689,5.32204,1.08613,NH3,14.16
161,0,0.0,0,41816,8534,41816,8534,5.22708,1.06675,NH3,13.73
162,0,0.0,0,41096,8387,41096,8387,5.13706,1.04838,NH3,13.33
163,0,0.0,0,40395,8244,40395,8244,5.04945,1.0305,NH3,12.94
164,0,0.0,0,39729,8108,39729,8108,4.96615,1.0135,NH3,12.57
165,0,0.0,0,39072,7974,39072,7974,4.88408,0.99675,NH3,12.2
166,0,0.0,0,38474,7852,38474,7852,4.80935,0.9815,NH3,11.87
167,0,0.0,0,37862,7727,37862,7727,4.73281,0.96588,NH3,11.52
168,0,0.0,0,37279,7608,37279,7608,4.6599,0.951,NH3,11.2
169,0,0.0,0,36740,7498,36740,7498,4.59253,0.93725,NH3,10.9
170,0,0.0,0,36191,7386,36191,7386,4.52393,0.92325,NH3,10.59
171,0,0.0,0,35691,7284,35691,7284,4.46145,0.9105,NH3,10.31
172,0,0.0,0,35196,7182,35196,7182,4.39956,0.89787,NH3,10.03
173,0,0.0,0,34706,7083,34706,7083,4.33836,0.88538,NH3,9.76
174,0,0.0,0,34236,6987,34236,6987,4.27956,0.87338,NH3,9.5
175,0,0.0,0,33800,6898,33800,6898,4.22503,0.86225,NH3,9.25
176,0,0.0,0,33334,6802,33334,6802,4.16681,0.85037,NH3,8.99
177,0,0.0,0,32952,6725,32952,6725,4.11909,0.84063,NH3,8.78
178,0,0.0,0,32550,6642,32550,6642,4.06881,0.83037,NH3,8.56
179,0,0.0,0,32148,6560,32148,6560,4.01859,0.82012,NH3,8.33
180,0,0.0,0,31771,6484,31771,6484,3.97145,0.8105,NH3,8.12
181,0,0.0,0,31414,6411,31414,6411,3.92676,0.80138,NH3,7.92
182,0,0.0,0,31046,6336,31046,6336,3.8808,0.792,NH3,7.71
183,0,0.0,0,30722,6270,30722,6270,3.84037,0.78375,NH3,7.53
184,0,0.0,0,30399,6204,30399,6204,3.79995,0.7755,NH3,7.35
185,0,0.0,0,30071,6137,30071,6137,3.75894,0.76713,NH3,7.17
186,0,0.0,0,29772,6076,29772,6076,3.72155,0.7595,NH3,7.0
187,0,0.0,0,29498,6020,29498,6020,3.68725,0.7525,NH3,6.85
188,0,0.0,0,29179,5955,29179,5955,3.64746,0.74438,NH3,6.67
189,0,0.0,0,28890,5896,28890,5896,3.6113,0.737,NH3,6.51
190,0,0.0,0,28635,5844,28635,5844,3.57945,0.7305,NH3,6.37
191,0,0.0,0,28365,5788,28365,5788,3.54574,0.72362,NH3,6.22
192,0,0.0,0,28116,5738,28116,5738,3.51453,0.71725,NH3,6.08
193,0,0.0,0,27876,5689,27876,5689,3.48454,0.71113,NH3,5.94
194,0,0.0,0,27616,5636,27616,5636,3.45205,0.7045,NH3,5.8
195,0,0.0,0,27400,5592,27400,5592,3.4251,0.699,NH3,5.68
196,0,0.0,0,27195,5550,27195,5550,3.39938,0.69375,NH3,5.56
197,0,0.0,0,26959,5502,26959,5502,3.36998,0.68775,NH3,5.43
198,0,0.0,0,26759,5461,26759,5461,3.34489,0.68263,NH3,5.32
199,0,0.0,0,26563,5421,26563,5421,3.32039,0.67763,NH3,5.21
200,0,0.0,0,26347,5376,26347,5376,3.29339,0.67212,NH3,5.09
201,0,0.0,0,26161,5339,26161,5339,3.27016,0.66738,NH3,4.98
202,0,0.0,0,25965,5299,25965,5299,3.24566,0.66238,NH3,4.87
203,0,0.0,0,25818,5269,25818,5269,3.22729,0.65863,NH3,4.79
204,0,0.0,0,25636,5232,25636,5232,3.2046,0.654,NH3,4.69
205,0,0.0,0,25460,5196,25460,5196,3.18255,0.6495,NH3,4.59
206,0,0.0,0,25293,5162,25293,5162,3.16173,0.64525,NH3,4.5
207,0,0.0,0,25137,5130,25137,5130,3.14213,0.64125,NH3,4.41
208,0,0.0,0,24985,5099,24985,5099,3.12316,0.63738,NH3,4.33
209,0,0.0,0,24847,5070,24847,5070,3.10596,0.63387,NH3,4.25
210,0,0.0,0,24705,5042,24705,5042,3.08822,0.63025,NH3,4.17
211,0,0.0,0,24544,5009,24544,5009,3.06804,0.62613,NH3,4.08
212,0,0.0,0,24431,4986,24431,4986,3.05393,0.62325,NH3,4.02
213,0,0.0,0,24313,4962,24313,4962,3.03923,0.62025,NH3,3.95
214,0,0.0,0,24181,4935,24181,4935,3.02271,0.61688,NH3,3.88
215,0,0.0,0,24029,4904,24029,4904,3.0037,0.613,NH3,3.79
216,0,0.0,0,23907,4879,23907,4879,2.98841,0.60988,NH3,3.72
217,0,0.0,0,23794,4856,23794,4856,2.9743,0.607,NH3,3.66
218,0,0.0,0,23667,4830,23667,4830,2.95838,0.60375,NH3,3.59
219,0,0.0,0,23559,4808,23559,4808,2.9449,0.601,NH3,3.53
220,0,0.0,0,23441,4784,23441,4784,2.9302,0.598,NH3,3.46
221,0,0.0,0,23319,4759,23319,4759,2.91491,0.59488,NH3,3.4
222,0,0.0,0,23245,4744,23245,4744,2.9057,0.593,NH3,3.35
223,0,0.0,0,23142,4722,23142,4722,2.89281,0.59037,NH3,3.3
224,0,0.0,0,23049,4704,23049,4704,2.8812,0.588,NH3,3.25
225,0,0.0,0,22966,4687,22966,4687,2.87081,0.58588,NH3,3.2
226,0,0.0,0,22883,4670,22883,4670,2.86038,0.58375,NH3,3.15
227,0,0.0,0,22755,4644,22755,4644,2.84445,0.5805,NH3,3.08
228,0,0.0,0,22682,4629,22682,4629,2.83529,0.57863,NH3,3.04
229,0,0.0,0,22608,4614,22608,4614,2.82608,0.57675,NH3,3.0
230,0,0.0,0,22535,4599,22535,4599,2.81691,0.57488,NH3,2.96
231,0,0.0,0,22451,4582,22451,4582,2.80648,0.57275,NH3,2.91
232,0,0.0,0,22368,4565,22368,4565,2.79609,0.57063,NH3,2.86
233,0,0.0,0,22290,4549,22290,4549,2.78629,0.56863,NH3,2.82
234,0,0.0,0,22221,4535,22221,4535,2.77771,0.56688,NH3,2.78
235,0,0.0,0,22162,4522,22162,4522,2.77031,0.56537,NH3,2.75
236,0,0.0,0,22089,4508,22089,4508,2.76115,0.5635,NH3,2.71
237,0,0.0,0,22010,4492,22010,4492,2.75135,0.5615,NH3,2.66
238,0,0.0,0,21966,4482,21966,4482,2.74581,0.56037,NH3,2.64
239,0,0.0,0,21888,4467,21888,4467,2.73606,0.55838,NH3,2.6
240,0,0.0,0,21839,4456,21839,4456,2.72989,0.55712,NH3,2.57
241,0,0.0,0,21780,4445,21780,4445,2.72259,0.55563,NH3,2.54
242,0,0.0,0,21726,4434,21726,4434,2.71583,0.55425,NH3,2.51
243,0,0.0,0,21658,4420,21658,4420,2.70725,0.5525,NH3,2.47
244,0,0.0,0,21603,4408,21603,4408,2.70049,0.55112,NH3,2.44
245,0,0.0,0,21569,4402,21569,4402,2.69623,0.55025,NH3,2.42
246,0,0.0,0,21535,4395,21535,4395,2.69196,0.54938,NH3,2.4
247,0,0.0,0,21501,4388,21501,4388,2.68765,0.5485,NH3,2.38
248,0,0.0,0,21432,4374,21432,4374,2.67908,0.54675,NH3,2.34
249,0,0.0,0,21368,4360,21368,4360,2.67109,0.54512,NH3,2.31
0,0,3.3,255,18394,3754,18394,3754,2.29933,0.46925,NH3,0.64
1,0,3.3,255,19702,4020,19702,4020,2.46284,0.50262,NH3,1.37
2,0,3.3,255,21712,4431,21712,4431,2.71401,0.55388,NH3,2.5
3,0,3.3,255,23823,4862,23823,4862,2.97798,0.60775,NH3,3.68
4,0,3.3,255,25945,5294,25945,5294,3.24316,0.66187,NH3,4.86
5,0,3.3,255,28091,5733,28091,5733,3.51149,0.71663,NH3,6.06
6,0,3.3,255,30247,6173,30247,6173,3.78099,0.77163,NH3,7.27
7,0,3.3,255,32408,6614,32408,6614,4.05107,0.82675,NH3,8.48
8,0,3.3,255,34530,7046,34530,7046,4.31626,0.88087,NH3,9.66
9,0,3.3,255,36652,7480,36652,7480,4.5815,0.935,NH3,10.85
10,0,3.3,255,38719,7902,38719,7902,4.83998,0.98775,NH3,12.0
11,0,3.3,255,40763,8319,40763,8319,5.09541,1.03988,NH3,13.15
12,0,3.3,255,42777,8730,42777,8730,5.34713,1.09125,NH3,14.27
13,0,3.3,255,44776,9138,44776,9138,5.59703,1.14225,NH3,15.39
14,0,3.3,255,46657,9522,46657,9522,5.83223,1.19025,NH3,16.44
15,0,3.3,255,48514,9900,48514,9900,6.06434,1.23762,NH3,17.48
16,0,3.3,255,50298,10265,50298,10265,6.28734,1.28313,NH3,18.48
17,0,3.3,255,52047,10622,52047,10622,6.50598,1.32775,NH3,19.45
18,0,3.3,255,53743,10968,53743,10968,6.7179,1.371,NH3,20.4
19,0,3.3,255,55375,11301,55375,11301,6.92189,1.41263,NH3,21.31
20,0,3.3,255,56962,11624,56962,11624,7.12029,1.45312,NH3,22.2
21,0,3.3,255,58442,11926,58442,11926,7.30526,1.49087,NH3,23.03
22,0,3.3,255,59951,12234,59951,12234,7.49391,1.52937,NH3,23.87
23,0,3.3,255,61348,12520,61348,12520,7.6685,1.565,NH3,24.65
24,0,3.3,255,62700,12796,62700,12796,7.83755,1.5995,NH3,25.41
25,0,3.3,255,63988,13058,63988,13058,7.99861,1.63237,NH3,26.13
26,0,3.3,255,65204,13307,65204,13307,8.15056,1.66338,NH3,26.81
27,0,3.3,255,66395,13550,66395,13550,8.29938,1.69375,NH3,27.47
28,0,3.3,255,67576,13791,67576,13791,8.44701,1.72388,NH3,28.13
29,0,3.3,255,68683,14016,68683,14016,8.58539,1.75212,NH3,28.75
30,0,3.3,255,69697,14224,69697,14224,8.7122,1.778,NH3,29.32
31,0,3.3,255,70702,14429,70702,14429,8.83779,1.80363,NH3,29.88
32,0,3.3,255,71647,14622,71647,14622,8.95598,1.82775,NH3,30.41
33,0,3.3,255,72563,14808,72563,14808,9.07049,1.85112,NH3,30.92
34,0,3.3,255,73372,14974,73372,14974,9.17158,1.87175,NH3,31.37
35,0,3.3,255,74210,15144,74210,15144,9.27629,1.89312,NH3,31.84
36,0,3.3,255,75038,15314,75038,15314,9.37983,1.91425,NH3,32.3
37,0,3.3,255,75788,15467,75788,15467,9.47356,1.93338,NH3,32.72
38,0,3.3,255,76445,15601,76445,15601,9.55564,1.95013,NH3,33.09
39,0,3.3,255,77184,15752,77184,15752,9.6481,1.969,NH3,33.5
40,0,3.3,255,77797,15877,77797,15877,9.72469,1.98463,NH3,33.84
41,0,3.3,255,78429,16006,78429,16006,9.80368,2.00075,NH3,34.2
42,0,3.3,255,78992,16120,78992,16120,9.87409,2.01512,NH3,34.51
43,0,3.3,255,79541,16233,79541,16233,9.94274,2.02913,NH3,34.82
44,0,3.3,255,80002,16327,80002,16327,10.00031,2.04088,NH3,35.08
45,0,3.3,255,80551,16439,80551,16439,10.06891,2.05488,NH3,35.38
46,0,3.3,255,81011,16533,81011,16533,10.12649,2.06663,NH3,35.64
47,0,3.3,255,81413,16614,81413,16614,10.17666,2.07687,NH3,35.87
48,0,3.3,255,81795,16693,81795,16693,10.22449,2.08663,NH3,36.08
49,0,3.3,255,82212,16778,82212,16778,10.27652,2.09725,NH3,36.31
50,0,3.3,255,82594,16856,82594,16856,10.3243,2.107,NH3,36.53
51,0,3.3,255,82898,16918,82898,16918,10.36228,2.11475,NH3,36.7
52,0,3.3,255,83255,16990,83255,16990,10.40696,2.12387,NH3,36.9
53,0,3.3,255,83510,17042,83510,17042,10.43881,2.13037,NH3,37.04
54,0,3.3,255,83844,17111,83844,17111,10.48051,2.13888,NH3,37.22
55,0,3.3,255,84098,17163,84098,17163,10.51236,2.14538,NH3,37.37
56,0,3.3,255,84270,17198,84270,17198,10.53378,2.14975,NH3,37.46
57,0,3.3,255,84628,17271,84628,17271,10.57851,2.15888,NH3,37.66
58,0,3.3,255,84858,17318,84858,17318,10.60728,2.16475,NH3,37.79
59,0,3.3,255,85064,17360,85064,17360,10.633,2.17,NH3,37.91
60,0,3.3,255,85176,17382,85176,17382,10.64706,2.17287,NH3,37.97
61,0,3.3,255,85382,17425,85382,17425,10.67284,2.17813,NH3,38.08
62,0,3.3,255,85573,17464,85573,17464,10.6967,2.183,NH3,38.19
63,0,3.3,255,85744,17498,85744,17498,10.71811,2.18737,NH3,38.29
64,0,3.3,255,85838,17518,85838,17518,10.72978,2.18975,NH3,38.34
65,0,3.3,255,85985,17548,85985,17548,10.74815,2.1935,NH3,38.42
66,0,3.3,255,86137,17579,86137,17579,10.76716,2.19738,NH3,38.51
67,0,3.3,255,86185,17588,86185,17588,10.77324,2.19862,NH3,38.53
68,0,3.3,255,86298,17612,86298,17612,10.78735,2.2015,NH3,38.6
69,0,3.3,255,86392,17631,86392,17631,10.79901,2.20388,NH3,38.65
70,0,3.3,255,86416,17636,86416,17636,10.80205,2.2045,NH3,38.66
71,0,3.3,255,86484,17650,86484,17650,10.81062,2.20625,NH3,38.7
72,0,3.3,255,86607,17675,86607,17675,10.82596,2.20938,NH3,38.77
73,0,3.3,255,86661,17686,86661,17686,10.83268,2.21075,NH3,38.8
74,0,3.3,255,86695,17693,86695,17693,10.83699,2.21163,NH3,38.82
75,0,3.3,255,86720,17698,86720,17698,10.84003,2.21225,NH3,38.83
76,0,3.3,255,86764,17707,86764,17707,10.84556,2.21338,NH3,38.86
77,0,3.3,255,86847,17724,86847,17724,10.85595,2.2155,NH3,38.9
78,0,3.3,255,86862,17727,86862,17727,10.85781,2.21588,NH3,38.91
79,0,3.3,255,86950,17745,86950,17745,10.86884,2.21813,NH3,38.96
80,0,3.3,255,87004,17756,87004,17756,10.87555,2.2195,NH3,38.99
81,0,3.3,255,87043,17764,87043,17764,10.88045,2.2205,NH3,39.01
82,0,3.3,255,86984,17752,86984,17752,10.8731,2.219,NH3,38.98
83,0,3.3,255,87028,17760,87028,17760,10.87859,2.22012,NH3,39.0
84,0,3.3,255,86999,17754,86999,17754,10.87491,2.21937,NH3,38.99
85,0,3.3,255,87028,17760,87028,17760,10.87859,2.22012,NH3,39.0
86,0,3.3,255,87019,17759,87019,17759,10.87741,2.21988,NH3,39.0
87,0,3.3,255,87043,17764,87043,17764,10.88045,2.2205,NH3,39.01
88,0,3.3,255,87033,17762,87033,17762,10.87923,2.22025,NH3,39.01
89,0,3.3,255,86980,17751,86980,17751,10.87251,2.21888,NH3,38.98
90,0,3.3,255,86994,17754,86994,17754,10.87433,2.21925,NH3,38.99
91,0,3.3,255,86999,17754,86999,17754,10.87491,2.21937,NH3,38.99
92,0,3.3,255,86921,17739,86921,17739,10.86516,2.21738,NH3,38.94
93,0,3.3,255,86955,17746,86955,17746,10.86942,2.21825,NH3,38.96
94,0,3.3,255,86896,17734,86896,17734,10.86208,2.21675,NH3,38.93
95,0,3.3,255,86886,17732,86886,17732,10.86085,2.2165,NH3,38.92
96,0,3.3,255,86930,17740,86930,17740,10.86634,2.21762,NH3,38.95
97,0,3.3,255,86926,17740,86926,17740,10.86575,2.2175,NH3,38.95
98,0,3.3,255,86935,17742,86935,17742,10.86698,2.21775,NH3,38.95
99,0,3.3,255,86916,17738,86916,17738,10.86453,2.21725,NH3,38.94
100,0,3.3,255,86896,17734,86896,17734,10.86208,2.21675,NH3,38.93
101,0,3.3,255,86891,17733,86891,17733,10.86149,2.21663,NH3,38.93
102,0,3.3,255,86852,17725,86852,17725,10.85659,2.21563,NH3,38.91
103,0,3.3,255,86808,17716,86808,17716,10.85105,2.2145,NH3,38.88
104,0,3.3,255,86857,17726,86857,17726,10.85717,2.21575,NH3,38.91
105,0,3.3,255,86803,17714,86803,17714,10.85041,2.21437,NH3,38.88
106,0,3.3,255,86808,17716,86808,17716,10.85105,2.2145,NH3,38.88
107,0,3.3,255,86735,17701,86735,17701,10.84189,2.21263,NH3,38.84
108,0,3.3,255,86877,17730,86877,17730,10.85963,2.21625,NH3,38.92
109,0,3.3,255,86798,17714,86798,17714,10.84982,2.21425,NH3,38.88
110,0,3.3,255,86803,17714,86803,17714,10.85041,2.21437,NH3,38.88
111,0,3.3,255,86828,17720,86828,17720,10.8535,2.215,NH3,38.89
112,0,3.3,255,86783,17710,86783,17710,10.84796,2.21387,NH3,38.87
113,0,3.3,255,86759,17706,86759,17706,10.84492,2.21325,NH3,38.85
114,0,3.3,255,86754,17704,86754,17704,10.84429,2.21312,NH3,38.85
115,0,3.3,255,86666,17687,86666,17687,10.83331,2.21088,NH3,38.8
116,0,3.3,255,86671,17688,86671,17688,10.8339,2.211,NH3,38.8
117,0,3.3,255,86666,17687,86666,17687,10.83331,2.21088,NH3,38.8
118,0,3.3,255,86637,17681,86637,17681,10.82964,2.21013,NH3,38.79
119,0,3.3,255,86676,17689,86676,17689,10.83454,2.21113,NH3,38.81
120,0,3.3,255,86578,17669,86578,17669,10.82229,2.20863,NH3,38.75
121,0,3.3,255,86519,17657,86519,17657,10.81494,2.20713,NH3,38.72
122,0,3.3,255,86489,17650,86489,17650,10.81121,2.20637,NH3,38.7
123,0,3.3,255,86460,17644,86460,17644,10.80754,2.20562,NH3,38.69
124,0,3.3,255,86450,17643,86450,17643,10.80636,2.20538,NH3,38.68
125,0,0.0,0,101116,20636,101116,20636,12.63955,2.5795,NH3,46.88
126,0,0.0,0,98803,20164,98803,20164,12.35045,2.5205,NH3,45.59
127,0,0.0,0,95942,19580,95942,19580,11.99275,2.4475,NH3,43.99
128,0,0.0,0,93114,19003,93114,19003,11.63936,2.37538,NH3,42.41
129,0,0.0,0,90395,18448,90395,18448,11.2994,2.306,NH3,40.89
130,0,0.0,0,87773,17913,87773,17913,10.97174,2.23913,NH3,39.42
131,0,0.0,0,85279,17404,85279,17404,10.65995,2.1755,NH3,38.03
132,0,0.0,0,82859,16910,82859,16910,10.35738,2.11375,NH3,36.67
133,0,0.0,0,80507,16430,80507,16430,10.06338,2.05375,NH3,35.36
134,0,0.0,0,78306,15980,78306,15980,9.78834,1.99762,NH3,34.13
135,0,0.0,0,76106,15532,76106,15532,9.51335,1.9415,NH3,32.9
136,0,0.0,0,74048,15112,74048,15112,9.2561,1.889,NH3,31.75
137,0,0.0,0,72049,14704,72049,14704,9.0062,1.838,NH3,30.63
138,0,0.0,0,70138,14314,70138,14314,8.76733,1.78925,NH3,29.56
139,0,0.0,0,68252,13929,68252,13929,8.53154,1.74113,NH3,28.51
140,0,0.0,0,66478,13567,66478,13567,8.30981,1.69588,NH3,27.52
141,0,0.0,0,64783,13221,64783,13221,8.09789,1.65263,NH3,26.57
142,0,0.0,0,63166,12891,63166,12891,7.89576,1.61138,NH3,25.67
143,0,0.0,0,61583,12568,61583,12568,7.6979,1.571,NH3,24.78
144,0,0.0,0,60128,12271,60128,12271,7.51601,1.53388,NH3,23.97
145,0,0.0,0,58662,11972,58662,11972,7.33285,1.4965,NH3,23.15
146,0,0.0,0,57280,11690,57280,11690,7.16012,1.46125,NH3,22.38
147,0,0.0,0,55938,11416,55938,11416,6.9923,1.427,NH3,21.63
148,0,0.0,0,54684,11160,54684,11160,6.8355,1.395,NH3,20.93
149,0,0.0,0,53400,10898,53400,10898,6.67503,1.36225,NH3,20.21
150,0,0.0,0,52253,10664,52253,10664,6.5317,1.333,NH3,19.57
151,0,0.0,0,51141,10436,51141,10436,6.39264,1.30462,NH3,18.95
152,0,0.0,0,50127,10230,50127,10230,6.26588,1.27875,NH3,18.38
153,0,0.0,0,49004,10000,49004,10000,6.12559,1.25012,NH3,17.75
154,0,0.0,0,48108,9818,48108,9818,6.01353,1.22725,NH3,17.25
155,0,0.0,0,47143,9621,47143,9621,5.89289,1.20263,NH3,16.71
156,0,0.0,0,46216,9432,46216,9432,5.7771,1.179,NH3,16.19
157,0,0.0,0,45339,9253,45339,9253,5.66749,1.15663,NH3,15.7
158,0,0.0,0,44467,9074,44467,9074,5.55841,1.13437,NH3,15.22
159,0,0.0,0,43639,8906,43639,8906,5.45493,1.11325,NH3,14.75
160,0,0.0,0,42855,8746,42855,8746,5.35693,1.09325,NH3,14.31
161,0,0.0,0,42071,8586,42071,8586,5.25893,1.07325,NH3,13.88
162,0,0.0,0,41390,8446,41390,8446,5.17376,1.05587,NH3,13.5
163,0,0.0,0,40719,8310,40719,8310,5.08988,1.03875,NH3,13.12
164,0,0.0,0,40033,8170,40033,8170,5.00413,1.02125,NH3,12.74
165,0,0.0,0,39371,8035,39371,8035,4.92146,1.00438,NH3,12.37
166,0,0.0,0,38842,7927,38842,7927,4.85531,0.99088,NH3,12.07
167,0,0.0,0,38112,7778,38112,7778,4.76403,0.97225,NH3,11.66
168,0,0.0,0,37617,7677,37617,7677,4.70219,0.95963,NH3,11.39
169,0,0.0,0,37122,7576,37122,7576,4.6403,0.947,NH3,11.11
170,0,0.0,0,36583,7466,36583,7466,4.57293,0.93325,NH3,10.81
171,0,0.0,0,35941,7334,35941,7334,4.49266,0.91687,NH3,10.45
172,0,0.0,0,35436,7232,35436,7232,4.4296,0.904,NH3,10.17
173,0,0.0,0,34981,7139,34981,7139,4.37266,0.89238,NH3,9.91
174,0,0.0,0,34471,7035,34471,7035,4.30896,0.87938,NH3,9.63
175,0,0.0,0,34040,6947,34040,6947,4.25506,0.86838,NH3,9.39
176,0,0.0,0,33687,6875,33687,6875,4.21096,0.85938,NH3,9.19
177,0,0.0,0,33285,6793,33285,6793,4.16074,0.84913,NH3,8.97
178,0,0.0,0,32785,6690,32785,6690,4.09821,0.83637,NH3,8.69
179,0,0.0,0,32383,6608,32383,6608,4.04799,0.82612,NH3,8.46
180,0,0.0,0,32021,6535,32021,6535,4.00271,0.81688,NH3,8.26
181,0,0.0,0,31654,6460,31654,6460,3.95675,0.8075,NH3,8.05
182,0,0.0,0,31325,6392,31325,6392,3.91569,0.79912,NH3,7.87
183,0,0.0,0,30943,6315,30943,6315,3.86796,0.78938,NH3,7.66
184,0,0.0,0,30625,6250,30625,6250,3.82813,0.78125,NH3,7.48
185,0,0.0,0,30409,6206,30409,6206,3.80118,0.77575,NH3,7.36
186,0,0.0,0,30032,6129,30032,6129,3.75404,0.76613,NH3,7.15
187,0,0.0,0,29698,6060,29698,6060,3.71234,0.75762,NH3,6.96
188,0,0.0,0,29483,6017,29483,6017,3.68544,0.75213,NH3,6.84
189,0,0.0,0,29149,5948,29149,5948,3.64374,0.74362,NH3,6.65
190,0,0.0,0,28851,5888,28851,5888,3.6064,0.736,NH3,6.49
191,0,0.0,0,28576,5832,28576,5832,3.5721,0.729,NH3,6.33
192,0,0.0,0,28341,5784,28341,5784,3.5427,0.723,NH3,6.2
193,0,0.0,0,28062,5727,28062,5727,3.50781,0.71588,NH3,6.05
194,0,0.0,0,27851,5684,27851,5684,3.48145,0.7105,NH3,5.93
195,0,0.0,0,27645,5642,27645,5642,3.45573,0.70525,NH3,5.81
196,0,0.0,0,27391,5590,27391,5590,3.42388,0.69875,NH3,5.67
197,0,0.0,0,27175,5546,27175,5546,3.39693,0.69325,NH3,5.55
198,0,0.0,0,26950,5500,26950,5500,3.36875,0.6875,NH3,5.43
199,0,0.0,0,26744,5458,26744,5458,3.34303,0.68225,NH3,5.31
200,0,0.0,0,26553,5419,26553,5419,3.31916,0.67738,NH3,5.2
201,0,0.0,0,26357,5379,26357,5379,3.29466,0.67238,NH3,5.09
202,0,0.0,0,26161,5339,26161,5339,3.27016,0.66738,NH3,4.98
203,0,0.0,0,25994,5304,25994,5304,3.24929,0.66312,NH3,4.89
204,0,0.0,0,25827,5270,25827,5270,3.22846,0.65887,NH3,4.8
205,0,0.0,0,25627,5230,25627,5230,3.20338,0.65375,NH3,4.69
206,0,0.0,0,25465,5197,25465,5197,3.18319,0.64963,NH3,4.6
207,0,0.0,0,25293,5162,25293,5162,3.16173,0.64525,NH3,4.5
208,0,0.0,0,25186,5140,25186,5140,3.14825,0.6425,NH3,4.44
209,0,0.0,0,25009,5104,25009,5104,3.1262,0.638,NH3,4.34
210,0,0.0,0,24872,5076,24872,5076,3.10905,0.6345,NH3,4.26
211,0,0.0,0,24725,5046,24725,5046,3.09068,0.63075,NH3,4.18
212,0,0.0,0,24593,5019,24593,5019,3.07416,0.62738,NH3,4.11
213,0,0.0,0,24445,4988,24445,4988,3.05574,0.62362,NH3,4.03
214,0,0.0,0,24313,4962,24313,4962,3.03923,0.62025,NH3,3.95
215,0,0.0,0,24201,4939,24201,4939,3.02516,0.61738,NH3,3.89
216,0,0.0,0,24068,4912,24068,4912,3.0086,0.614,NH3,3.81
217,0,0.0,0,23941,4886,23941,4886,2.99268,0.61075,NH3,3.74
218,0,0.0,0,23814,4860,23814,4860,2.97675,0.6075,NH3,3.67
219,0,0.0,0,23735,4844,23735,4844,2.96695,0.6055,NH3,3.63
220,0,0.0,0,23612,4818,23612,4818,2.95161,0.60237,NH3,3.56
221,0,0.0,0,23495,4794,23495,4794,2.93691,0.59937,NH3,3.49
222,0,0.0,0,23416,4778,23416,4778,2.92711,0.59737,NH3,3.45
223,0,0.0,0,23299,4754,23299,4754,2.91241,0.59437,NH3,3.38
224,0,0.0,0,23206,4736,23206,4736,2.9008,0.592,NH3,3.33
225,0,0.0,0,23088,4712,23088,4712,2.8861,0.589,NH3,3.27
226,0,0.0,0,23024,4698,23024,4698,2.87811,0.58737,NH3,3.23
227,0,0.0,0,22917,4677,22917,4677,2.86469,0.58463,NH3,3.17
228,0,0.0,0,22824,4658,22824,4658,2.85303,0.58225,NH3,3.12
229,0,0.0,0,22750,4642,22750,4642,2.84381,0.58037,NH3,3.08
230,0,0.0,0,22672,4626,22672,4626,2.83401,0.57837,NH3,3.03
231,0,0.0,0,22583,4608,22583,4608,2.82299,0.57612,NH3,2.98
232,0,0.0,0,22549,4602,22549,4602,2.81873,0.57525,NH3,2.97
233,0,0.0,0,22490,4590,22490,4590,2.81137,0.57375,NH3,2.93
234,0,0.0,0,22383,4568,22383,4568,2.7979,0.571,NH3,2.87
235,0,0.0,0,22334,4558,22334,4558,2.79177,0.56975,NH3,2.85
236,0,0.0,0,22270,4544,22270,4544,2.78379,0.56812,NH3,2.81
237,0,0.0,0,22157,4522,22157,4522,2.76973,0.56525,NH3,2.75
238,0,0.0,0,22113,4512,22113,4512,2.76419,0.56412,NH3,2.72
239,0,0.0,0,22050,4500,22050,4500,2.75625,0.5625,NH3,2.69
240,0,0.0,0,21986,4487,21986,4487,2.74831,0.56088,NH3,2.65
241,0,0.0,0,21927,4475,21927,4475,2.74096,0.55938,NH3,2.62
242,0,0.0,0,21873,4464,21873,4464,2.7342,0.558,NH3,2.59
243,0,0.0,0,21814,4452,21814,4452,2.72685,0.5565,NH3,2.56
244,0,0.0,0,21765,4442,21765,4442,2.72073,0.55525,NH3,2.53
245,0,0.0,0,21692,4427,21692,4427,2.71156,0.55338,NH3,2.49
246,0,0.0,0,21663,4421,21663,4421,2.70789,0.55263,NH3,2.47
247,0,0.0,0,21599,4408,21599,4408,2.6999,0.551,NH3,2.43
248,0,0.0,0,21564,4400,21564,4400,2.69559,0.55012,NH3,2.42
249,0,0.0,0,21510,4390,21510,4390,2.68887,0.54875,NH3,2.39
0,0,3.3,255,18512,3778,18512,3778,2.31402,0.47225,NH3,0.71
1,0,3.3,255,19810,4043,19810,4043,2.47636,0.50538,NH3,1.44
2,0,3.3,255,21819,4453,21819,4453,2.72749,0.55663,NH3,2.56
3,0,3.3,255,23926,4883,23926,4883,2.99086,0.61038,NH3,3.74
4,0,3.3,255,26072,5320,26072,5320,3.25909,0.66512,NH3,4.93
5,0,3.3,255,28233,5762,28233,5762,3.52922,0.72025,NH3,6.14
6,0,3.3,255,30394,6203,30394,6203,3.79936,0.77538,NH3,7.35
7,0,3.3,255,32526,6638,32526,6638,4.06578,0.82975,NH3,8.54
8,0,3.3,255,34667,7075,34667,7075,4.33346,0.88438,NH3,9.74
9,0,3.3,255,36794,7509,36794,7509,4.59929,0.93863,NH3,10.93
10,0,3.3,255,38852,7929,38852,7929,4.85654,0.99113,NH3,12.08
11,0,3.3,255,41365,8442,41365,8442,5.17073,1.05525,NH3,13.48
12,0,3.3,255,43502,8878,43502,8878,5.43778,1.10975,NH3,14.68
13,0,3.3,255,45584,9303,45584,9303,5.69811,1.16288,NH3,15.84
14,0,3.3,255,46990,9590,46990,9590,5.87387,1.19875,NH3,16.63
15,0,3.3,255,48858,9971,48858,9971,6.10726,1.24638,NH3,17.67
16,0,3.3,255,50651,10336,50651,10336,6.33139,1.29212,NH3,18.67
17,0,3.3,255,52405,10695,52405,10695,6.55071,1.33688,NH3,19.65
18,0,3.3,255,54110,11042,54110,11042,6.76381,1.38037,NH3,20.61
19,0,3.3,255,55747,11377,55747,11377,6.96844,1.42213,NH3,21.52
20,0,3.3,255,57295,11692,57295,11692,7.16194,1.46162,NH3,22.39
21,0,3.3,255,59020,12044,59020,12044,7.37754,1.50562,NH3,23.35
22,0,3.3,255,60456,12338,60456,12338,7.55703,1.54225,NH3,24.15
23,0,3.3,255,61906,12634,61906,12634,7.73833,1.57925,NH3,24.96
24,0,3.3,255,63204,12898,63204,12898,7.90061,1.61237,NH3,25.69
25,0,3.3,255,64449,13153,64449,13153,8.05624,1.64413,NH3,26.38
26,0,3.3,255,65709,13410,65709,13410,8.21363,1.67625,NH3,27.09
27,0,3.3,255,66879,13648,66879,13648,8.35999,1.70612,NH3,27.74
28,0,3.3,255,68036,13884,68036,13884,8.50454,1.73562,NH3,28.39
29,0,3.3,255,69148,14112,69148,14112,8.6436,1.764,NH3,29.01
30,0,3.3,255,70251,14336,70251,14336,8.78139,1.79212,NH3,29.63
31,0,3.3,255,71240,14538,71240,14538,8.90511,1.81737,NH3,30.18
32,0,3.3,255,72142,14723,72142,14723,9.01786,1.84038,NH3,30.68
33,0,3.3,255,73078,14914,73078,14914,9.13483,1.86425,NH3,31.21
34,0,3.3,255,73931,15088,73931,15088,9.2414,1.886,NH3,31.68
35,0,3.3,255,74705,15246,74705,15246,9.33818,1.90575,NH3,32.12
36,0,3.3,255,75435,15394,75435,15394,9.42941,1.92437,NH3,32.52
37,0,3.3,255,76185,15548,76185,15548,9.52315,1.9435,NH3,32.94
38,0,3.3,255,76998,15714,76998,15714,9.62483,1.96425,NH3,33.4
39,0,3.3,255,77586,15834,77586,15834,9.69833,1.97925,NH3,33.73
40,0,3.3,255,78120,15942,78120,15942,9.76506,1.99287,NH3,34.03
41,0,3.3,255,78728,16067,78728,16067,9.84106,2.00838,NH3,34.36
42,0,3.3,255,79326,16189,79326,16189,9.91579,2.02363,NH3,34.7
43,0,3.3,255,79982,16323,79982,16323,9.99786,2.04038,NH3,35.07
44,0,3.3,255,80688,16466,80688,16466,10.08601,2.05837,NH3,35.46
45,0,3.3,255,81080,16547,81080,16547,10.13506,2.06838,NH3,35.68
46,0,3.3,255,81560,16644,81560,16644,10.19504,2.08062,NH3,35.95
47,0,3.3,255,82045,16744,82045,16744,10.2557,2.093,NH3,36.22
48,0,3.3,255,82501,16836,82501,16836,10.31264,2.10462,NH3,36.47
49,0,3.3,255,82844,16907,82844,16907,10.35556,2.11338,NH3,36.67
50,0,3.3,255,82677,16873,82677,16873,10.33474,2.10913,NH3,36.57
51,0,3.3,255,83025,16944,83025,16944,10.3782,2.118,NH3,36.77
52,0,3.3,255,83324,17004,83324,17004,10.41554,2.12562,NH3,36.93
53,0,3.3,255,83594,17060,83594,17060,10.44925,2.1325,NH3,37.08
54,0,3.3,255,84064,17156,84064,17156,10.50805,2.1445,NH3,37.35
55,0,3.3,255,84314,17207,84314,17207,10.53931,2.15088,NH3,37.49
56,0,3.3,255,84637,17272,84637,17272,10.57969,2.15912,NH3,37.67
57,0,3.3,255,84868,17320,84868,17320,10.6085,2.165,NH3,37.8
58,0,3.3,255,85059,17359,85059,17359,10.63241,2.16988,NH3,37.9
59,0,3.3,255,85093,17366,85093,17366,10.63668,2.17075,NH3,37.92
60,0,3.3,255,85314,17411,85314,17411,10.66426,2.17638,NH3,38.05
61,0,3.3,255,85456,17440,85456,17440,10.682,2.18,NH3,38.13
62,0,3.3,255,85588,17466,85588,17466,10.69851,2.18337,NH3,38.2
63,0,3.3,255,85740,17498,85740,17498,10.71753,2.18725,NH3,38.28
64,0,3.3,255,85999,17550,85999,17550,10.74996,2.19387,NH3,38.43
65,0,3.3,255,86185,17588,86185,17588,10.77324,2.19862,NH3,38.53
66,0,3.3,255,86269,17606,86269,17606,10.78368,2.20075,NH3,38.58
67,0,3.3,255,86342,17620,86342,17620,10.79284,2.20262,NH3,38.62
68,0,3.3,255,86445,17642,86445,17642,10.80573,2.20525,NH3,38.68
69,0,3.3,255,86597,17672,86597,17672,10.82469,2.20912,NH3,38.76
70,0,3.3,255,86685,17690,86685,17690,10.83571,2.21137,NH3,38.81
71,0,3.3,255,86587,17670,86587,17670,10.82346,2.20887,NH3,38.76
72,0,3.3,255,86783,17710,86783,17710,10.84796,2.21387,NH3,38.87
73,0,3.3,255,86788,17712,86788,17712,10.8486,2.214,NH3,38.87
74,0,3.3,255,86773,17708,86773,17708,10.84674,2.21362,NH3,38.86
75,0,3.3,255,86886,17732,86886,17732,10.86085,2.2165,NH3,38.92
76,0,3.3,255,86926,17740,86926,17740,10.86575,2.2175,NH3,38.95
77,0,3.3,255,86950,17745,86950,17745,10.86884,2.21813,NH3,38.96
78,0,3.3,255,86965,17748,86965,17748,10.87065,2.2185,NH3,38.97
79,0,3.3,255,87063,17768,87063,17768,10.8829,2.221,NH3,39.02
80,0,3.3,255,87082,17772,87082,17772,10.88535,2.2215,NH3,39.03
81,0,3.3,255,87063,17768,87063,17768,10.8829,2.221,NH3,39.02
82,0,3.3,255,87053,17766,87053,17766,10.88167,2.22075,NH3,39.02
83,0,3.3,255,87131,17782,87131,17782,10.89148,2.22275,NH3,39.06
84,0,3.3,255,87126,17780,87126,17780,10.89084,2.22262,NH3,39.06
85,0,3.3,255,87097,17774,87097,17774,10.88716,2.22187,NH3,39.04
86,0,3.3,255,87156,17786,87156,17786,10.89451,2.22337,NH3,39.08
87,0,3.3,255,87161,17788,87161,17788,10.89515,2.2235,NH3,39.08
88,0,3.3,255,87126,17780,87126,17780,10.89084,2.22262,NH3,39.06
89,0,3.3,255,87180,17792,87180,17792,10.8976,2.224,NH3,39.09
90,0,3.3,255,87190,17794,87190,17794,10.89883,2.22425,NH3,39.09
91,0,3.3,255,87126,17780,87126,17780,10.89084,2.22262,NH3,39.06
92,0,3.3,255,87180,17792,87180,17792,10.8976,2.224,NH3,39.09
93,0,3.3,255,87116,17778,87116,17778,10.88961,2.22237,NH3,39.05
94,0,3.3,255,87151,17786,87151,17786,10.89393,2.22325,NH3,39.07
95,0,3.3,255,87146,17785,87146,17785,10.89334,2.22313,NH3,39.07
96,0,3.3,255,87078,17771,87078,17771,10.88476,2.22138,NH3,39.03
97,0,3.3,255,87067,17768,87067,17768,10.88349,2.22112,NH3,39.03
98,0,3.3,255,87097,17774,87097,17774,10.88716,2.22187,NH3,39.04
99,0,3.3,255,87136,17783,87136,17783,10.89211,2.22288,NH3,39.06
100,0,3.3,255,87067,17768,87067,17768,10.88349,2.22112,NH3,39.03
101,0,3.3,255,87063,17768,87063,17768,10.8829,2.221,NH3,39.02
102,0,3.3,255,87048,17765,87048,17765,10.88109,2.22063,NH3,39.02
103,0,3.3,255,87038,17763,87038,17763,10.87986,2.22038,NH3,39.01
104,0,3.3,255,86960,17746,86960,17746,10.87001,2.21837,NH3,38.97
105,0,3.3,255,87033,17762,87033,17762,10.87923,2.22025,NH3,39.01
106,0,3.3,255,87019,17759,87019,17759,10.87741,2.21988,NH3,39.0
107,0,3.3,255,86930,17740,86930,17740,10.86634,2.21762,NH3,38.95
108,0,3.3,255,86940,17742,86940,17742,10.86756,2.21787,NH3,38.95
109,0,3.3,255,86867,17728,86867,17728,10.8584,2.216,NH3,38.91
110,0,3.3,255,86857,17726,86857,17726,10.85717,2.21575,NH3,38.91
111,0,3.3,255,86877,17730,86877,17730,10.85963,2.21625,NH3,38.92
112,0,3.3,255,86847,17724,86847,17724,10.85595,2.2155,NH3,38.9
113,0,3.3,255,86779,17710,86779,17710,10.84738,2.21375,NH3,38.86
114,0,3.3,255,86808,17716,86808,17716,10.85105,2.2145,NH3,38.88
115,0,3.3,255,86735,17701,86735,17701,10.84189,2.21263,NH3,38.84
116,0,3.3,255,86783,17710,86783,17710,10.84796,2.21387,NH3,38.87
117,0,3.3,255,86754,17704,86754,17704,10.84429,2.21312,NH3,38.85
118,0,3.3,255,86656,17684,86656,17684,10.83204,2.21062,NH3,38.8
119,0,3.3,255,86720,17698,86720,17698,10.84003,2.21225,NH3,38.83
120,0,3.3,255,86676,17689,86676,17689,10.83454,2.21113,NH3,38.81
121,0,3.3,255,86602,17674,86602,17674,10.82533,2.20925,NH3,38.77
122,0,3.3,255,86632,17680,86632,17680,10.829,2.21,NH3,38.78
123,0,3.3,255,86543,17662,86543,17662,10.81798,2.20775,NH3,38.73
124,0,3.3,255,86528,17658,86528,17658,10.81611,2.20737,NH3,38.72
125,0,0.0,0,101278,20669,101278,20669,12.65979,2.58363,NH3,46.97
126,0,0.0,0,99053,20214,99053,20214,12.38166,2.52687,NH3,45.72
127,0,0.0,0,96182,19629,96182,19629,12.02279,2.45363,NH3,44.12
128,0,0.0,0,93389,19059,93389,19059,11.67366,2.38238,NH3,42.56
129,0,0.0,0,90664,18503,90664,18503,11.33311,2.31288,NH3,41.04
130,0,0.0,0,88028,17964,88028,17964,11.00354,2.24562,NH3,39.56
131,0,0.0,0,85514,17452,85514,17452,10.68935,2.1815,NH3,38.16
132,0,0.0,0,83113,16962,83113,16962,10.38922,2.12025,NH3,36.82
133,0,0.0,0,80761,16482,80761,16482,10.09523,2.06025,NH3,35.5
134,0,0.0,0,78507,16021,78507,16021,9.81348,2.00275,NH3,34.24
135,0,0.0,0,76346,15580,76346,15580,9.54334,1.94762,NH3,33.03
136,0,0.0,0,74259,15154,74259,15154,9.28241,1.89437,NH3,31.87
137,0,0.0,0,72265,14748,72265,14748,9.03315,1.8435,NH3,30.75
138,0,0.0,0,70339,14355,70339,14355,8.79246,1.79438,NH3,29.68
139,0,0.0,0,68472,13974,68472,13974,8.55907,1.74675,NH3,28.63
140,0,0.0,0,66728,13618,66728,13618,8.34103,1.70225,NH3,27.66
141,0,0.0,0,65022,13270,65022,13270,8.12787,1.65875,NH3,26.7
142,0,0.0,0,63391,12936,63391,12936,7.92389,1.61712,NH3,25.79
143,0,0.0,0,61823,12617,61823,12617,7.72794,1.57713,NH3,24.92
144,0,0.0,0,60304,12307,60304,12307,7.53806,1.53838,NH3,24.07
145,0,0.0,0,58868,12014,58868,12014,7.35858,1.50175,NH3,23.26
146,0,0.0,0,57486,11732,57486,11732,7.18585,1.4665,NH3,22.49
147,0,0.0,0,56168,11462,56168,11462,7.02106,1.43287,NH3,21.76
148,0,0.0,0,54880,11200,54880,11200,6.86,1.4,NH3,21.04
149,0,0.0,0,53674,10954,53674,10954,6.70933,1.36925,NH3,20.36
150,0,0.0,0,52528,10720,52528,10720,6.566,1.34,NH3,19.72
151,0,0.0,0,51356,10480,51356,10480,6.41959,1.31012,NH3,19.07
152,0,0.0,0,50283,10262,50283,10262,6.28548,1.28275,NH3,18.47
153,0,0.0,0,49254,10052,49254,10052,6.15685,1.2565,NH3,17.89
154,0,0.0,0,48250,9846,48250,9846,6.03126,1.23087,NH3,17.33
155,0,0.0,0,47299,9653,47299,9653,5.91249,1.20663,NH3,16.8
156,0,0.0,0,46388,9467,46388,9467,5.79856,1.18338,NH3,16.29
157,0,0.0,0,45486,9282,45486,9282,5.68581,1.16037,NH3,15.79
158,0,0.0,0,44653,9112,44653,9112,5.58169,1.13912,NH3,15.32
159,0,0.0,0,43830,8945,43830,8945,5.47884,1.11813,NH3,14.86
160,0,0.0,0,43070,8790,43070,8790,5.38387,1.09875,NH3,14.44
161,0,0.0,0,42330,8638,42330,8638,5.29136,1.07987,NH3,14.02
162,0,0.0,0,41596,8489,41596,8489,5.19954,1.06113,NH3,13.61
163,0,0.0,0,40895,8346,40895,8346,5.11193,1.04325,NH3,13.22
164,0,0.0,0,40253,8214,40253,8214,5.03166,1.02687,NH3,12.86
165,0,0.0,0,39577,8076,39577,8076,4.94714,1.00962,NH3,12.48
166,0,0.0,0,38969,7953,38969,7953,4.87124,0.99413,NH3,12.14
167,0,0.0,0,38376,7832,38376,7832,4.7971,0.979,NH3,11.81
168,0,0.0,0,37749,7704,37749,7704,4.7187,0.963,NH3,11.46
169,0,0.0,0,37191,7590,37191,7590,4.64888,0.94875,NH3,11.15
170,0,0.0,0,36666,7483,36666,7483,4.58336,0.93538,NH3,10.86
171,0,0.0,0,36132,7374,36132,7374,4.51658,0.92175,NH3,10.56
172,0,0.0,0,35598,7265,35598,7265,4.44984,0.90813,NH3,10.26
173,0,0.0,0,35138,7171,35138,7171,4.39226,0.89638,NH3,10.0
174,0,0.0,0,34682,7078,34682,7078,4.33528,0.88475,NH3,9.75
175,0,0.0,0,34211,6982,34211,6982,4.27648,0.87275,NH3,9.48
176,0,0.0,0,33785,6895,33785,6895,4.22321,0.86188,NH3,9.25
177,0,0.0,0,33368,6810,33368,6810,4.17112,0.85125,NH3,9.01
178,0,0.0,0,32986,6732,32986,6732,4.12335,0.8415,NH3,8.8
179,0,0.0,0,32599,6653,32599,6653,4.07499,0.83163,NH3,8.58
180,0,0.0,0,32256,6583,32256,6583,4.03211,0.82288,NH3,8.39
181,0,0.0,0,31859,6502,31859,6502,3.98247,0.81275,NH3,8.17
182,0,0.0,0,31482,6424,31482,6424,3.93529,0.80312,NH3,7.96
183,0,0.0,0,31154,6358,31154,6358,3.89427,0.79475,NH3,7.78
184,0,0.0,0,30796,6285,30796,6285,3.84959,0.78563,NH3,7.58
185,0,0.0,0,30487,6222,30487,6222,3.81098,0.77775,NH3,7.4
186,0,0.0,0,30178,6158,30178,6158,3.77236,0.76987,NH3,7.23
187,0,0.0,0,29890,6100,29890,6100,3.73625,0.7625,NH3,7.07
188,0,0.0,0,29601,6041,29601,6041,3.70014,0.75513,NH3,6.91
189,0,0.0,0,29297,5979,29297,5979,3.66216,0.74738,NH3,6.74
190,0,0.0,0,29057,5930,29057,5930,3.63213,0.74125,NH3,6.6
191,0,0.0,0,28797,5876,28797,5876,3.59964,0.73462,NH3,6.46
192,0,0.0,0,28552,5826,28552,5826,3.56901,0.72837,NH3,6.32
193,0,0.0,0,28312,5778,28312,5778,3.53903,0.72225,NH3,6.19
194,0,0.0,0,28067,5728,28067,5728,3.5084,0.716,NH3,6.05
195,0,0.0,0,27807,5674,27807,5674,3.47591,0.70937,NH3,5.9
196,0,0.0,0,27586,5630,27586,5630,3.44837,0.70375,NH3,5.78
197,0,0.0,0,27356,5583,27356,5583,3.41961,0.69788,NH3,5.65
198,0,0.0,0,27146,5540,27146,5540,3.39325,0.6925,NH3,5.53
199,0,0.0,0,26930,5496,26930,5496,3.3663,0.687,NH3,5.41
200,0,0.0,0,26749,5459,26749,5459,3.34366,0.68238,NH3,5.31
201,0,0.0,0,26563,5421,26563,5421,3.32039,0.67763,NH3,5.21
202,0,0.0,0,26401,5388,26401,5388,3.30015,0.6735,NH3,5.12
203,0,0.0,0,26190,5344,26190,5344,3.27379,0.66812,NH3,5.0
204,0,0.0,0,26038,5314,26038,5314,3.25483,0.66425,NH3,4.92
205,0,0.0,0,25862,5278,25862,5278,3.23278,0.65975,NH3,4.82
206,0,0.0,0,25670,5238,25670,5238,3.20886,0.65487,NH3,4.71
207,0,0.0,0,25514,5206,25514,5206,3.18926,0.65087,NH3,4.62
208,0,0.0,0,25357,5174,25357,5174,3.16966,0.64687,NH3,4.54
209,0,0.0,0,25215,5146,25215,5146,3.15193,0.64325,NH3,4.46
210,0,0.0,0,25082,5118,25082,5118,3.13536,0.63987,NH3,4.38
211,0,0.0,0,24916,5084,24916,5084,3.11454,0.63562,NH3,4.29
212,0,0.0,0,24794,5060,24794,5060,3.09925,0.6325,NH3,4.22
213,0,0.0,0,24661,5033,24661,5033,3.08274,0.62913,NH3,4.15
214,0,0.0,0,24563,5012,24563,5012,3.07044,0.62662,NH3,4.09
215,0,0.0,0,24431,4986,24431,4986,3.05393,0.62325,NH3,4.02
216,0,0.0,0,24338,4967,24338,4967,3.04231,0.62088,NH3,3.97
217,0,0.0,0,24147,4928,24147,4928,3.0184,0.616,NH3,3.86
218,0,0.0,0,24029,4904,24029,4904,3.0037,0.613,NH3,3.79
219,0,0.0,0,23921,4882,23921,4882,2.99023,0.61025,NH3,3.73
220,0,0.0,0,23892,4876,23892,4876,2.98655,0.6095,NH3,3.72
221,0,0.0,0,23779,4852,23779,4852,2.97244,0.60662,NH3,3.65
222,0,0.0,0,23676,4832,23676,4832,2.9596,0.604,NH3,3.6
223,0,0.0,0,23564,4809,23564,4809,2.94554,0.60113,NH3,3.53
224,0,0.0,0,23476,4791,23476,4791,2.93451,0.59888,NH3,3.48
225,0,0.0,0,23368,4769,23368,4769,2.92104,0.59613,NH3,3.42
226,0,0.0,0,23216,4738,23216,4738,2.90203,0.59225,NH3,3.34
227,0,0.0,0,23167,4728,23167,4728,2.8959,0.591,NH3,3.31
228,0,0.0,0,23084,4711,23084,4711,2.88551,0.58888,NH3,3.26
229,0,0.0,0,23005,4695,23005,4695,2.87571,0.58688,NH3,3.22
230,0,0.0,0,22941,4682,22941,4682,2.86773,0.58525,NH3,3.18
231,0,0.0,0,22848,4663,22848,4663,2.85611,0.58288,NH3,3.13
232,0,0.0,0,22755,4644,22755,4644,2.84445,0.5805,NH3,3.08
233,0,0.0,0,22638,4620,22638,4620,2.82975,0.5775,NH3,3.02
234,0,0.0,0,22574,4607,22574,4607,2.82181,0.57588,NH3,2.98
235,0,0.0,0,22726,4638,22726,4638,2.84078,0.57975,NH3,3.06
236,0,0.0,0,22662,4624,22662,4624,2.83279,0.57812,NH3,3.03
237,0,0.0,0,22593,4610,22593,4610,2.82421,0.57637,NH3,2.99
238,0,0.0,0,22496,4591,22496,4591,2.81201,0.57388,NH3,2.94
239,0,0.0,0,22451,4582,22451,4582,2.80648,0.57275,NH3,2.91
240,0,0.0,0,22368,4565,22368,4565,2.79609,0.57063,NH3,2.86
241,0,0.0,0,22344,4560,22344,4560,2.793,0.57,NH3,2.85
242,0,0.0,0,22309,4552,22309,4552,2.78869,0.56912,NH3,2.83
243,0,0.0,0,22177,4526,22177,4526,2.77218,0.56575,NH3,2.76
244,0,0.0,0,22123,4514,22123,4514,2.76541,0.56437,NH3,2.73
245,0,0.0,0,22094,4509,22094,4509,2.76179,0.56363,NH3,2.71
246,0,0.0,0,22030,4496,22030,4496,2.7538,0.562,NH3,2.68
247,0,0.0,0,21927,4475,21927,4475,2.74096,0.55938,NH3,2.62
248,0,0.0,0,21937,4477,21937,4477,2.74219,0.55963,NH3,2.62
249,0,0.0,0,21854,4460,21854,4460,2.73175,0.5575,NH3,2.58
0,0,3.3,255,18860,3849,18860,3849,2.35754,0.48113,NH3,0.9
1,0,3.3,255,20193,4121,20193,4121,2.52414,0.51513,NH3,1.65
2,0,3.3,255,22167,4524,22167,4524,2.77095,0.5655,NH3,2.75
3,0,3.3,255,24274,4954,24274,4954,3.03432,0.61925,NH3,3.93
4,0,3.3,255,26474,5403,26474,5403,3.30936,0.67538,NH3,5.16
5,0,3.3,255,28596,5836,28596,5836,3.57455,0.7295,NH3,6.35
6,0,3.3,255,30483,6221,30483,6221,3.81039,0.77763,NH3,7.4
7,0,3.3,255,32634,6660,32634,6660,4.07925,0.8325,NH3,8.6
8,0,3.3,255,35000,7142,35000,7142,4.37506,0.89287,NH3,9.92
9,0,3.3,255,37362,7624,37362,7624,4.67029,0.95312,NH3,11.24
10,0,3.3,255,39430,8047,39430,8047,4.92881,1.00588,NH3,12.4
11,0,3.3,255,41493,8468,41493,8468,5.18665,1.0585,NH3,13.55
12,0,3.3,255,43506,8878,43506,8878,5.43836,1.10987,NH3,14.68
13,0,3.3,255,45447,9275,45447,9275,5.68096,1.15938,NH3,15.76
14,0,3.3,255,47402,9674,47402,9674,5.92532,1.20925,NH3,16.86
15,0,3.3,255,48916,9983,48916,9983,6.11461,1.24788,NH3,17.7
16,0,3.3,255,50876,10382,50876,10382,6.35956,1.29787,NH3,18.8
17,0,3.3,255,52435,10701,52435,10701,6.55439,1.33763,NH3,19.67
18,0,3.3,255,54296,11080,54296,11080,6.78709,1.38512,NH3,20.71
19,0,3.3,255,55958,11420,55958,11420,6.99475,1.4275,NH3,21.64
20,0,3.3,255,57516,11738,57516,11738,7.18953,1.46725,NH3,22.51
21,0,3.3,255,58986,12038,58986,12038,7.37328,1.50475,NH3,23.33
22,0,3.3,255,60524,12352,60524,12352,7.5656,1.544,NH3,24.19
23,0,3.3,255,61906,12634,61906,12634,7.73833,1.57925,NH3,24.96
24,0,3.3,255,63249,12908,63249,12908,7.90615,1.6135,NH3,25.71
25,0,3.3,255,64273,13117,64273,13117,8.03419,1.63963,NH3,26.29
26,0,3.3,255,65777,13424,65777,13424,8.2222,1.678,NH3,27.13
27,0,3.3,255,66914,13656,66914,13656,8.3643,1.707,NH3,27.76
28,0,3.3,255,67977,13872,67977,13872,8.49719,1.73412,NH3,28.36
29,0,3.3,255,69124,14106,69124,14106,8.64051,1.76337,NH3,29.0
30,0,3.3,255,69991,14284,69991,14284,8.74895,1.7855,NH3,29.48
31,0,3.3,255,71108,14512,71108,14512,8.8886,1.814,NH3,30.11
32,0,3.3,255,72118,14718,72118,14718,9.01478,1.83975,NH3,30.67
33,0,3.3,255,72951,14888,72951,14888,9.1189,1.861,NH3,31.14
34,0,3.3,255,73803,15062,73803,15062,9.22547,1.88275,NH3,31.61
35,0,3.3,255,74671,15239,74671,15239,9.33391,1.90488,NH3,32.1
36,0,3.3,255,75464,15400,75464,15400,9.43309,1.92512,NH3,32.54
37,0,3.3,255,76204,15552,76204,15552,9.5256,1.944,NH3,32.95
38,0,3.3,255,76738,15660,76738,15660,9.59234,1.95762,NH3,33.25
39,0,3.3,255,77508,15818,77508,15818,9.68853,1.97725,NH3,33.68
40,0,3.3,255,78111,15941,78111,15941,9.76389,1.99263,NH3,34.02
41,0,3.3,255,78728,16067,78728,16067,9.84106,2.00838,NH3,34.36
42,0,3.3,255,79311,16186,79311,16186,9.91393,2.02325,NH3,34.69
43,0,3.3,255,79776,16280,79776,16280,9.97209,2.03512,NH3,34.95
44,0,3.3,255,80301,16388,80301,16388,10.03765,2.0485,NH3,35.24
45,0,3.3,255,80815,16492,80815,16492,10.10194,2.06162,NH3,35.53
46,0,3.3,255,81305,16592,81305,16592,10.16319,2.07412,NH3,35.81
47,0,3.3,255,81810,16696,81810,16696,10.2263,2.087,NH3,36.09
48,0,3.3,255,82236,16783,82236,16783,10.27961,2.09788,NH3,36.33
49,0,3.3,255,82594,16856,82594,16856,10.3243,2.107,NH3,36.53
50,0,3.3,255,82981,16934,82981,16934,10.37266,2.11687,NH3,36.74
51,0,3.3,255,83329,17006,83329,17006,10.41618,2.12575,NH3,36.94
52,0,3.3,255,83628,17067,83628,17067,10.45356,2.13338,NH3,37.1
53,0,3.3,255,83946,17132,83946,17132,10.49335,2.1415,NH3,37.28
54,0,3.3,255,84182,17180,84182,17180,10.52275,2.1475,NH3,37.41
55,0,3.3,255,84471,17239,84471,17239,10.55891,2.15488,NH3,37.57
56,0,3.3,255,84721,17290,84721,17290,10.59013,2.16125,NH3,37.71
57,0,3.3,255,84971,17341,84971,17341,10.62139,2.16763,NH3,37.85
58,0,3.3,255,85201,17388,85201,17388,10.65015,2.1735,NH3,37.98
59,0,3.3,255,85382,17425,85382,17425,10.67284,2.17813,NH3,38.08
60,0,3.3,255,85578,17464,85578,17464,10.69729,2.18312,NH3,38.19
61,0,3.3,255,85755,17501,85755,17501,10.71939,2.18763,NH3,38.29
62,0,3.3,255,85911,17533,85911,17533,10.73899,2.19163,NH3,38.38
63,0,3.3,255,85989,17548,85989,17548,10.74874,2.19362,NH3,38.42
64,0,3.3,255,86151,17582,86151,17582,10.76898,2.19775,NH3,38.51
65,0,3.3,255,86328,17618,86328,17618,10.79102,2.20225,NH3,38.61
66,0,3.3,255,86499,17652,86499,17652,10.81244,2.20662,NH3,38.71
67,0,3.3,255,86607,17675,86607,17675,10.82596,2.20938,NH3,38.77
68,0,3.3,255,86715,17696,86715,17696,10.83939,2.21212,NH3,38.83
69,0,3.3,255,86744,17702,86744,17702,10.84306,2.21287,NH3,38.85
70,0,3.3,255,86842,17722,86842,17722,10.85531,2.21537,NH3,38.9
71,0,3.3,255,86906,17736,86906,17736,10.8633,2.217,NH3,38.94
72,0,3.3,255,86916,17738,86916,17738,10.86453,2.21725,NH3,38.94
73,0,3.3,255,86989,17753,86989,17753,10.87374,2.21913,NH3,38.98
74,0,3.3,255,87107,17777,87107,17777,10.88844,2.22213,NH3,39.05
75,0,3.3,255,87146,17785,87146,17785,10.89334,2.22313,NH3,39.07
76,0,3.3,255,87171,17790,87171,17790,10.89638,2.22375,NH3,39.08
77,0,3.3,255,87200,17796,87200,17796,10.90005,2.2245,NH3,39.1
78,0,3.3,255,87254,17806,87254,17806,10.90676,2.22587,NH3,39.13
79,0,3.3,255,87293,17815,87293,17815,10.91171,2.22688,NH3,39.15
80,0,3.3,255,87430,17842,87430,17842,10.92881,2.23037,NH3,39.23
81,0,3.3,255,87445,17846,87445,17846,10.93068,2.23075,NH3,39.24
82,0,3.3,255,87406,17838,87406,17838,10.92578,2.22975,NH3,39.22
83,0,3.3,255,87406,17838,87406,17838,10.92578,2.22975,NH3,39.22
84,0,3.3,255,87391,17835,87391,17835,10.92396,2.22938,NH3,39.21
85,0,3.3,255,87460,17849,87460,17849,10.93254,2.23113,NH3,39.25
86,0,3.3,255,87396,17836,87396,17836,10.92455,2.2295,NH3,39.21
87,0,3.3,255,87489,17855,87489,17855,10.93621,2.23188,NH3,39.26
88,0,3.3,255,87465,17850,87465,17850,10.93313,2.23125,NH3,39.25
89,0,3.3,255,87435,17844,87435,17844,10.92945,2.2305,NH3,39.23
90,0,3.3,255,87386,17834,87386,17834,10.92333,2.22925,NH3,39.2
91,0,3.3,255,87445,17846,87445,17846,10.93068,2.23075,NH3,39.24
92,0,3.3,255,87538,17864,87538,17864,10.94229,2.23312,NH3,39.29
93,0,3.3,255,87494,17856,87494,17856,10.9368,2.232,NH3,39.26
94,0,3.3,255,87543,17866,87543,17866,10.94293,2.23325,NH3,39.29
95,0,3.3,255,87509,17859,87509,17859,10.93866,2.23238,NH3,39.27
96,0,3.3,255,87489,17855,87489,17855,10.93621,2.23188,NH3,39.26
97,0,3.3,255,87543,17866,87543,17866,10.94293,2.23325,NH3,39.29
98,0,3.3,255,87504,17858,87504,17858,10.93803,2.23225,NH3,39.27
99,0,3.3,255,87445,17846,87445,17846,10.93068,2.23075,NH3,39.24
100,0,3.3,255,87401,17836,87401,17836,10.92514,2.22962,NH3,39.21
101,0,3.3,255,87469,17850,87469,17850,10.93371,2.23137,NH3,39.25
102,0,3.3,255,87327,17822,87327,17822,10.91597,2.22775,NH3,39.17
103,0,3.3,255,87435,17844,87435,17844,10.92945,2.2305,NH3,39.23
104,0,3.3,255,87401,17836,87401,17836,10.92514,2.22962,NH3,39.21
105,0,3.3,255,87332,17823,87332,17823,10.91661,2.22788,NH3,39.17
106,0,3.3,255,87312,17818,87312,17818,10.91411,2.22737,NH3,39.16
107,0,3.3,255,87323,17821,87323,17821,10.91539,2.22763,NH3,39.17
108,0,3.3,255,87234,17803,87234,17803,10.90436,2.22538,NH3,39.12
109,0,3.3,255,87205,17797,87205,17797,10.90069,2.22463,NH3,39.1
110,0,3.3,255,87210,17798,87210,17798,10.90128,2.22475,NH3,39.11
111,0,3.3,255,87126,17780,87126,17780,10.89084,2.22262,NH3,39.06
112,0,3.3,255,87122,17780,87122,17780,10.89025,2.2225,NH3,39.06
113,0,3.3,255,87166,17789,87166,17789,10.89579,2.22363,NH3,39.08
114,0,3.3,255,87180,17792,87180,17792,10.8976,2.224,NH3,39.09
115,0,3.3,255,87092,17774,87092,17774,10.88658,2.22175,NH3,39.04
116,0,3.3,255,87122,17780,87122,17780,10.89025,2.2225,NH3,39.06
117,0,3.3,255,87131,17782,87131,17782,10.89148,2.22275,NH3,39.06
118,0,3.3,255,87063,17768,87063,17768,10.8829,2.221,NH3,39.02
119,0,3.3,255,87102,17776,87102,17776,10.8878,2.222,NH3,39.05
120,0,3.3,255,87043,17764,87043,17764,10.88045,2.2205,NH3,39.01
121,0,3.3,255,87038,17763,87038,17763,10.87986,2.22038,NH3,39.01
122,0,3.3,255,87014,17758,87014,17758,10.87678,2.21975,NH3,39.0
123,0,3.3,255,86960,17746,86960,17746,10.87001,2.21837,NH3,38.97
124,0,3.3,255,86945,17744,86945,17744,10.8682,2.218,NH3,38.96
125,0,0.0,0,101787,20772,101787,20772,12.72344,2.59662,NH3,47.25
126,0,0.0,0,99597,20326,99597,20326,12.44968,2.54075,NH3,46.03
127,0,0.0,0,96633,19721,96633,19721,12.07914,2.46513,NH3,44.37
128,0,0.0,0,93771,19137,93771,19137,11.72144,2.39213,NH3,42.77
129,0,0.0,0,91100,18592,91100,18592,11.3876,2.324,NH3,41.28
130,0,0.0,0,88484,18058,88484,18058,11.06053,2.25725,NH3,39.82
131,0,0.0,0,86132,17578,86132,17578,10.76652,2.19725,NH3,38.5
132,0,0.0,0,83721,17086,83721,17086,10.46518,2.13575,NH3,37.16
133,0,0.0,0,81202,16572,81202,16572,10.15035,2.0715,NH3,35.75
134,0,0.0,0,78875,16097,78875,16097,9.85944,2.01213,NH3,34.45
135,0,0.0,0,76802,15674,76802,15674,9.60032,1.95925,NH3,33.29
136,0,0.0,0,74729,15250,74729,15250,9.34121,1.90637,NH3,32.13
137,0,0.0,0,72735,14844,72735,14844,9.09195,1.8555,NH3,31.02
138,0,0.0,0,70799,14448,70799,14448,8.84999,1.80612,NH3,29.93
139,0,0.0,0,68923,14066,68923,14066,8.61543,1.75825,NH3,28.88
140,0,0.0,0,67164,13707,67164,13707,8.39556,1.71338,NH3,27.9
141,0,0.0,0,65473,13362,65473,13362,8.18423,1.67025,NH3,26.96
142,0,0.0,0,63817,13024,63817,13024,7.9772,1.628,NH3,26.03
143,0,0.0,0,62249,12704,62249,12704,7.7812,1.588,NH3,25.15
144,0,0.0,0,60750,12398,60750,12398,7.59377,1.54975,NH3,24.32
145,0,0.0,0,59329,12108,59329,12108,7.41615,1.5135,NH3,23.52
146,0,0.0,0,57927,11822,57927,11822,7.24097,1.47775,NH3,22.74
147,0,0.0,0,56609,11553,56609,11553,7.07624,1.44413,NH3,22.0
148,0,0.0,0,55330,11292,55330,11292,6.91635,1.4115,NH3,21.29
149,0,0.0,0,54125,11046,54125,11046,6.76567,1.38075,NH3,20.61
150,0,0.0,0,52920,10800,52920,10800,6.615,1.35,NH3,19.94
151,0,0.0,0,51817,10574,51817,10574,6.47716,1.32187,NH3,19.32
152,0,0.0,0,50729,10352,50729,10352,6.34119,1.29412,NH3,18.72
153,0,0.0,0,49661,10134,49661,10134,6.20766,1.26687,NH3,18.12
154,0,0.0,0,48603,9919,48603,9919,6.07541,1.23988,NH3,17.53
155,0,0.0,0,47677,9730,47677,9730,5.95963,1.21625,NH3,17.01
156,0,0.0,0,46716,9534,46716,9534,5.83958,1.19175,NH3,16.47
157,0,0.0,0,45849,9356,45849,9356,5.73114,1.16962,NH3,15.99
158,0,0.0,0,44996,9182,44996,9182,5.62456,1.14787,NH3,15.51
159,0,0.0,0,44212,9022,44212,9022,5.52656,1.12787,NH3,15.07
160,0,0.0,0,43360,8849,43360,8849,5.42004,1.10613,NH3,14.6
161,0,0.0,0,42649,8704,42649,8704,5.3312,1.088,NH3,14.2
162,0,0.0,0,41895,8550,41895,8550,5.23688,1.06875,NH3,13.78
163,0,0.0,0,41179,8404,41179,8404,5.14745,1.0505,NH3,13.38
164,0,0.0,0,40552,8276,40552,8276,5.06905,1.0345,NH3,13.03
165,0,0.0,0,39861,8134,39861,8134,4.98266,1.01687,NH3,12.64
166,0,0.0,0,39239,8007,39239,8007,4.9049,1.001,NH3,12.29
167,0,0.0,0,38675,7892,38675,7892,4.83444,0.98662,NH3,11.98
168,0,0.0,0,38068,7769,38068,7769,4.75854,0.97113,NH3,11.64
169,0,0.0,0,37514,7656,37514,7656,4.6893,0.957,NH3,11.33
170,0,0.0,0,36985,7548,36985,7548,4.62315,0.9435,NH3,11.03
171,0,0.0,0,36456,7440,36456,7440,4.557,0.93,NH3,10.74
172,0,0.0,0,35946,7336,35946,7336,4.4933,0.917,NH3,10.45
173,0,0.0,0,35427,7230,35427,7230,4.42838,0.90375,NH3,10.16
174,0,0.0,0,34995,7142,34995,7142,4.37448,0.89275,NH3,9.92
175,0,0.0,0,34525,7046,34525,7046,4.31568,0.88075,NH3,9.66
176,0,0.0,0,34109,6961,34109,6961,4.26364,0.87013,NH3,9.43
177,0,0.0,0,33682,6874,33682,6874,4.21033,0.85925,NH3,9.19
178,0,0.0,0,33285,6793,33285,6793,4.16074,0.84913,NH3,8.97
179,0,0.0,0,32869,6708,32869,6708,4.10865,0.8385,NH3,8.73
180,0,0.0,0,32487,6630,32487,6630,4.06088,0.82875,NH3,8.52
181,0,0.0,0,32114,6554,32114,6554,4.01433,0.81925,NH3,8.31
182,0,0.0,0,31776,6485,31776,6485,3.97209,0.81063,NH3,8.12
183,0,0.0,0,31403,6408,31403,6408,3.92549,0.80112,NH3,7.91
184,0,0.0,0,31066,6340,31066,6340,3.88325,0.7925,NH3,7.73
185,0,0.0,0,30766,6278,30766,6278,3.84586,0.78487,NH3,7.56
186,0,0.0,0,30443,6213,30443,6213,3.80549,0.77663,NH3,7.38
187,0,0.0,0,30164,6156,30164,6156,3.77055,0.7695,NH3,7.22
188,0,0.0,0,29860,6094,29860,6094,3.73258,0.76175,NH3,7.05
189,0,0.0,0,29590,6038,29590,6038,3.69886,0.75487,NH3,6.9
190,0,0.0,0,29311,5982,29311,5982,3.66398,0.74775,NH3,6.75
191,0,0.0,0,29062,5931,29062,5931,3.63276,0.74138,NH3,6.61
192,0,0.0,0,28812,5880,28812,5880,3.6015,0.735,NH3,6.47
193,0,0.0,0,28547,5826,28547,5826,3.56842,0.72825,NH3,6.32
194,0,0.0,0,28316,5778,28316,5778,3.53961,0.72237,NH3,6.19
195,0,0.0,0,28081,5730,28081,5730,3.51021,0.71637,NH3,6.06
196,0,0.0,0,27856,5685,27856,5685,3.48209,0.71063,NH3,5.93
197,0,0.0,0,27616,5636,27616,5636,3.45205,0.7045,NH3,5.8
198,0,0.0,0,27410,5594,27410,5594,3.42633,0.69925,NH3,5.68
199,0,0.0,0,27214,5554,27214,5554,3.40183,0.69425,NH3,5.57
200,0,0.0,0,27033,5517,27033,5517,3.37919,0.68963,NH3,5.47
201,0,0.0,0,26812,5472,26812,5472,3.3516,0.684,NH3,5.35
202,0,0.0,0,26621,5432,26621,5432,3.32769,0.67912,NH3,5.24
203,0,0.0,0,26460,5400,26460,5400,3.3075,0.675,NH3,5.15
204,0,0.0,0,26268,5360,26268,5360,3.28359,0.67012,NH3,5.04
205,0,0.0,0,26117,5330,26117,5330,3.26463,0.66625,NH3,4.96
206,0,0.0,0,25926,5291,25926,5291,3.24076,0.66138,NH3,4.85
207,0,0.0,0,25759,5256,25759,5256,3.21989,0.65712,NH3,4.76
208,0,0.0,0,25627,5230,25627,5230,3.20338,0.65375,NH3,4.69
209,0,0.0,0,25450,5194,25450,5194,3.18133,0.64925,NH3,4.59
210,0,0.0,0,25323,5168,25323,5168,3.1654,0.646,NH3,4.52
211,0,0.0,0,25171,5137,25171,5137,3.14644,0.64213,NH3,4.43
212,0,0.0,0,25029,5108,25029,5108,3.12865,0.6385,NH3,4.35
213,0,0.0,0,24886,5078,24886,5078,3.11086,0.63487,NH3,4.27
214,0,0.0,0,24754,5052,24754,5052,3.09435,0.6315,NH3,4.2
215,0,0.0,0,24632,5027,24632,5027,3.07906,0.62838,NH3,4.13
216,0,0.0,0,24519,5004,24519,5004,3.06495,0.6255,NH3,4.07
217,0,0.0,0,24392,4978,24392,4978,3.04902,0.62225,NH3,4.0
218,0,0.0,0,24269,4953,24269,4953,3.03374,0.61913,NH3,3.93
219,0,0.0,0,24157,4930,24157,4930,3.01963,0.61625,NH3,3.86
220,0,0.0,0,24044,4907,24044,4907,3.00556,0.61338,NH3,3.8
221,0,0.0,0,23941,4886,23941,4886,2.99268,0.61075,NH3,3.74
222,0,0.0,0,23833,4864,23833,4864,2.9792,0.608,NH3,3.68
223,0,0.0,0,23730,4842,23730,4842,2.96631,0.60537,NH3,3.63
224,0,0.0,0,23637,4824,23637,4824,2.9547,0.603,NH3,3.57
225,0,0.0,0,23534,4802,23534,4802,2.94181,0.60037,NH3,3.52
226,0,0.0,0,23456,4786,23456,4786,2.93201,0.59837,NH3,3.47
227,0,0.0,0,23358,4767,23358,4767,2.91981,0.59588,NH3,3.42
228,0,0.0,0,23265,4748,23265,4748,2.90815,0.5935,NH3,3.37
229,0,0.0,0,23181,4730,23181,4730,2.89771,0.59137,NH3,3.32
230,0,0.0,0,23113,4717,23113,4717,2.88919,0.58963,NH3,3.28
231,0,0.0,0,23035,4701,23035,4701,2.87939,0.58763,NH3,3.24
232,0,0.0,0,22937,4681,22937,4681,2.86714,0.58513,NH3,3.18
233,0,0.0,0,22873,4668,22873,4668,2.85915,0.5835,NH3,3.15
234,0,0.0,0,22799,4653,22799,4653,2.84999,0.58163,NH3,3.11
235,0,0.0,0,22741,4641,22741,4641,2.84264,0.58013,NH3,3.07
236,0,0.0,0,22667,4626,22667,4626,2.83343,0.57825,NH3,3.03
237,0,0.0,0,22579,4608,22579,4608,2.8224,0.576,NH3,2.98
238,0,0.0,0,22520,4596,22520,4596,2.81505,0.5745,NH3,2.95
239,0,0.0,0,22486,4589,22486,4589,2.81079,0.57363,NH3,2.93
240,0,0.0,0,22397,4570,22397,4570,2.79971,0.57137,NH3,2.88
241,0,0.0,0,22348,4560,22348,4560,2.79359,0.57012,NH3,2.85
242,0,0.0,0,22275,4546,22275,4546,2.78443,0.56825,NH3,2.81
243,0,0.0,0,22236,4538,22236,4538,2.77953,0.56725,NH3,2.79
244,0,0.0,0,22167,4524,22167,4524,2.77095,0.5655,NH3,2.75
245,0,0.0,0,22094,4509,22094,4509,2.76179,0.56363,NH3,2.71
246,0,0.0,0,22044,4498,22044,4498,2.75561,0.56237,NH3,2.68
247,0,0.0,0,22133,4517,22133,4517,2.76669,0.56463,NH3,2.73
248,0,0.0,0,22094,4509,22094,4509,2.76179,0.56363,NH3,2.71
249,0,0.0,0,22040,4498,22040,4498,2.75503,0.56225,NH3,2.68
0,0,3.3,255,18830,3842,18830,3842,2.35381,0.48037,NH3,0.89
1,0,3.3,255,20148,4112,20148,4112,2.5186,0.514,NH3,1.62
2,0,3.3,255,22201,4530,22201,4530,2.77521,0.56637,NH3,2.77
3,0,3.3,255,24304,4960,24304,4960,3.038,0.62,NH3,3.95
4,0,3.3,255,26445,5397,26445,5397,3.30569,0.67463,NH3,5.14
5,0,3.3,255,28601,5836,28601,5836,3.57514,0.72962,NH3,6.35
6,0,3.3,255,30786,6283,30786,6283,3.84836,0.78538,NH3,7.57
7,0,3.3,255,32928,6720,32928,6720,4.116,0.84,NH3,8.77
8,0,3.3,255,35304,7205,35304,7205,4.41309,0.90063,NH3,10.09
9,0,3.3,255,37171,7586,37171,7586,4.64643,0.94825,NH3,11.14
10,0,3.3,255,39273,8015,39273,8015,4.90921,1.00188,NH3,12.31
11,0,3.3,255,41316,8432,41316,8432,5.1646,1.054,NH3,13.46
12,0,3.3,255,43350,8846,43350,8846,5.41876,1.10587,NH3,14.59
13,0,3.3,255,45310,9246,45310,9246,5.66376,1.15587,NH3,15.69
14,0,3.3,255,47221,9637,47221,9637,5.90269,1.20463,NH3,16.76
15,0,3.3,255,49088,10018,49088,10018,6.13603,1.25225,NH3,17.8
16,0,3.3,255,51170,10442,51170,10442,6.39631,1.30537,NH3,18.96
17,0,3.3,255,52635,10742,52635,10742,6.57948,1.34275,NH3,19.78
18,0,3.3,255,54654,11154,54654,11154,6.83183,1.39425,NH3,20.91
19,0,3.3,255,56002,11429,56002,11429,7.00029,1.42863,NH3,21.66
20,0,3.3,255,57863,11808,57863,11808,7.23299,1.47612,NH3,22.7
21,0,3.3,255,59088,12058,59088,12058,7.38611,1.50737,NH3,23.39
22,0,3.3,255,60515,12350,60515,12350,7.56438,1.54375,NH3,24.19
23,0,3.3,255,61926,12638,61926,12638,7.74078,1.57975,NH3,24.97
24,0,3.3,255,63254,12909,63254,12909,7.90679,1.61363,NH3,25.72
25,0,3.3,255,64557,13175,64557,13175,8.06971,1.64688,NH3,26.44
26,0,3.3,255,65831,13435,65831,13435,8.22896,1.67938,NH3,27.16
27,0,3.3,255,67022,13678,67022,13678,8.37778,1.70975,NH3,27.82
28,0,3.3,255,68100,13898,68100,13898,8.51253,1.73725,NH3,28.42
29,0,3.3,255,69246,14132,69246,14132,8.65585,1.7665,NH3,29.07
30,0,3.3,255,70246,14336,70246,14336,8.7808,1.792,NH3,29.62
31,0,3.3,255,71255,14542,71255,14542,8.90698,1.81775,NH3,30.19
32,0,3.3,255,72279,14750,72279,14750,9.03496,1.84387,NH3,30.76
33,0,3.3,255,73147,14928,73147,14928,9.1434,1.866,NH3,31.25
34,0,3.3,255,73995,15101,73995,15101,9.24939,1.88763,NH3,31.72
35,0,3.3,255,74837,15272,74837,15272,9.35469,1.90912,NH3,32.19
36,0,3.3,255,75621,15432,75621,15432,9.45269,1.92912,NH3,32.63
37,0,3.3,255,76351,15582,76351,15582,9.54398,1.94775,NH3,33.04
38,0,3.3,255,77106,15736,77106,15736,9.6383,1.967,NH3,33.46
39,0,3.3,255,77792,15876,77792,15876,9.72405,1.9845,NH3,33.84
40,0,3.3,255,78400,16000,78400,16000,9.8,2.0,NH3,34.18
41,0,3.3,255,79051,16132,79051,16132,9.88144,2.01662,NH3,34.55
42,0,3.3,255,79585,16242,79585,16242,9.94823,2.03025,NH3,34.84
43,0,3.3,255,80154,16358,80154,16358,10.01928,2.04475,NH3,35.16
44,0,3.3,255,80654,16460,80654,16460,10.08175,2.0575,NH3,35.44
45,0,3.3,255,81119,16554,81119,16554,10.13991,2.06937,NH3,35.7
46,0,3.3,255,81492,16631,81492,16631,10.18651,2.07888,NH3,35.91
47,0,3.3,255,81967,16728,81967,16728,10.2459,2.091,NH3,36.18
48,0,3.3,255,82359,16808,82359,16808,10.2949,2.101,NH3,36.39
49,0,3.3,255,82746,16887,82746,16887,10.34331,2.11088,NH3,36.61
50,0,3.3,255,83172,16974,83172,16974,10.39658,2.12175,NH3,36.85
51,0,3.3,255,83545,17050,83545,17050,10.44313,2.13125,NH3,37.06
52,0,3.3,255,83868,17116,83868,17116,10.48355,2.1395,NH3,37.24
53,0,3.3,255,84275,17199,84275,17199,10.53441,2.14988,NH3,37.47
54,0,3.3,255,84549,17254,84549,17254,10.56866,2.15687,NH3,37.62
55,0,3.3,255,84770,17300,84770,17300,10.59625,2.1625,NH3,37.74
56,0,3.3,255,84995,17346,84995,17346,10.62443,2.16825,NH3,37.87
57,0,3.3,255,85211,17390,85211,17390,10.65138,2.17375,NH3,37.99
58,0,3.3,255,85470,17443,85470,17443,10.68386,2.18038,NH3,38.13
59,0,3.3,255,85637,17477,85637,17477,10.70469,2.18463,NH3,38.23
60,0,3.3,255,85750,17500,85750,17500,10.71875,2.1875,NH3,38.29
61,0,3.3,255,85989,17548,85989,17548,10.74874,2.19362,NH3,38.42
62,0,3.3,255,86146,17580,86146,17580,10.76834,2.19762,NH3,38.51
63,0,3.3,255,86308,17614,86308,17614,10.78858,2.20175,NH3,38.6
64,0,3.3,255,86460,17644,86460,17644,10.80754,2.20562,NH3,38.69
65,0,3.3,255,86617,17676,86617,17676,10.82714,2.20962,NH3,38.77
66,0,3.3,255,86676,17689,86676,17689,10.83454,2.21113,NH3,38.81
67,0,3.3,255,86764,17707,86764,17707,10.84556,2.21338,NH3,38.86
68,0,3.3,255,86921,17739,86921,17739,10.86516,2.21738,NH3,38.94
69,0,3.3,255,87009,17757,87009,17757,10.87619,2.21963,NH3,38.99
70,0,3.3,255,87014,17758,87014,17758,10.87678,2.21975,NH3,39.0
71,0,3.3,255,87122,17780,87122,17780,10.89025,2.2225,NH3,39.06
72,0,3.3,255,87234,17803,87234,17803,10.90436,2.22538,NH3,39.12
73,0,3.3,255,87303,17817,87303,17817,10.91294,2.22713,NH3,39.16
74,0,3.3,255,87303,17817,87303,17817,10.91294,2.22713,NH3,39.16
75,0,3.3,255,87357,17828,87357,17828,10.91965,2.2285,NH3,39.19
76,0,3.3,255,87455,17848,87455,17848,10.9319,2.231,NH3,39.24
77,0,3.3,255,87474,17852,87474,17852,10.93435,2.2315,NH3,39.25
78,0,3.3,255,87494,17856,87494,17856,10.9368,2.232,NH3,39.26
79,0,3.3,255,87528,17862,87528,17862,10.94106,2.23287,NH3,39.28
80,0,3.3,255,87553,17868,87553,17868,10.94415,2.2335,NH3,39.3
81,0,3.3,255,87523,17862,87523,17862,10.94047,2.23275,NH3,39.28
82,0,3.3,255,87553,17868,87553,17868,10.94415,2.2335,NH3,39.3
83,0,3.3,255,87636,17885,87636,17885,10.95459,2.23563,NH3,39.34
84,0,3.3,255,87646,17887,87646,17887,10.95581,2.23588,NH3,39.35
85,0,3.3,255,87631,17884,87631,17884,10.95395,2.2355,NH3,39.34
86,0,3.3,255,87675,17893,87675,17893,10.95949,2.23663,NH3,39.37
87,0,3.3,255,87661,17890,87661,17890,10.95763,2.23625,NH3,39.36
88,0,3.3,255,87670,17892,87670,17892,10.95885,2.2365,NH3,39.36
89,0,3.3,255,87636,17885,87636,17885,10.95459,2.23563,NH3,39.34
90,0,3.3,255,87636,17885,87636,17885,10.95459,2.23563,NH3,39.34
91,0,3.3,255,87695,17896,87695,17896,10.96189,2.23712,NH3,39.38
92,0,3.3,255,87690,17896,87690,17896,10.9613,2.237,NH3,39.37
93,0,3.3,255,87685,17894,87685,17894,10.96066,2.23687,NH3,39.37
94,0,3.3,255,87665,17890,87665,17890,10.95821,2.23637,NH3,39.36
95,0,3.3,255,87602,17878,87602,17878,10.95028,2.23475,NH3,39.32
96,0,3.3,255,87617,17881,87617,17881,10.95214,2.23513,NH3,39.33
97,0,3.3,255,87665,17890,87665,17890,10.95821,2.23637,NH3,39.36
98,0,3.3,255,87641,17886,87641,17886,10.95518,2.23575,NH3,39.35
99,0,3.3,255,87626,17882,87626,17882,10.95331,2.23537,NH3,39.34
100,0,3.3,255,87543,17866,87543,17866,10.94293,2.23325,NH3,39.29
101,0,3.3,255,87548,17867,87548,17867,10.94356,2.23338,NH3,39.29
102,0,3.3,255,87607,17879,87607,17879,10.95091,2.23488,NH3,39.33
103,0,3.3,255,87582,17874,87582,17874,10.94782,2.23425,NH3,39.31
104,0,3.3,255,87509,17859,87509,17859,10.93866,2.23238,NH3,39.27
105,0,3.3,255,87557,17868,87557,17868,10.94474,2.23362,NH3,39.3
106,0,3.3,255,87543,17866,87543,17866,10.94293,2.23325,NH3,39.29
107,0,3.3,255,87514,17860,87514,17860,10.93925,2.2325,NH3,39.28
108,0,3.3,255,87445,17846,87445,17846,10.93068,2.23075,NH3,39.24
109,0,3.3,255,87435,17844,87435,17844,10.92945,2.2305,NH3,39.23
110,0,3.3,255,87474,17852,87474,17852,10.93435,2.2315,NH3,39.25
111,0,3.3,255,87455,17848,87455,17848,10.9319,2.231,NH3,39.24
112,0,3.3,255,87381,17832,87381,17832,10.92269,2.22912,NH3,39.2
113,0,3.3,255,87371,17830,87371,17830,10.92146,2.22887,NH3,39.2
114,0,3.3,255,87401,17836,87401,17836,10.92514,2.22962,NH3,39.21
115,0,3.3,255,87381,17832,87381,17832,10.92269,2.22912,NH3,39.2
116,0,3.3,255,87357,17828,87357,17828,10.91965,2.2285,NH3,39.19
117,0,3.3,255,87269,17810,87269,17810,10.90863,2.22625,NH3,39.14
118,0,3.3,255,87264,17809,87264,17809,10.90804,2.22613,NH3,39.14
119,0,3.3,255,87293,17815,87293,17815,10.91171,2.22688,NH3,39.15
120,0,3.3,255,87278,17812,87278,17812,10.90985,2.2265,NH3,39.14
121,0,3.3,255,87244,17804,87244,17804,10.90554,2.22562,NH3,39.12
122,0,3.3,255,87180,17792,87180,17792,10.8976,2.224,NH3,39.09
123,0,3.3,255,87166,17789,87166,17789,10.89579,2.22363,NH3,39.08
124,0,3.3,255,87146,17785,87146,17785,10.89334,2.22313,NH3,39.07
125,0,0.0,0,101944,20804,101944,20804,12.74304,2.60062,NH3,47.34
126,0,0.0,0,99759,20359,99759,20359,12.46991,2.54488,NH3,46.12
127,0,0.0,0,96887,19772,96887,19772,12.11094,2.47162,NH3,44.51
128,0,0.0,0,94099,19204,94099,19204,11.76245,2.4005,NH3,42.96
129,0,0.0,0,91399,18652,91399,18652,11.42494,2.33162,NH3,41.45
130,0,0.0,0,88797,18122,88797,18122,11.09973,2.26525,NH3,39.99
131,0,0.0,0,86289,17610,86289,17610,10.78613,2.20125,NH3,38.59
132,0,0.0,0,83873,17117,83873,17117,10.48419,2.13963,NH3,37.24
133,0,0.0,0,81501,16632,81501,16632,10.18769,2.07912,NH3,35.91
134,0,0.0,0,79262,16175,79262,16175,9.9078,2.022,NH3,34.66
135,0,0.0,0,77111,15737,77111,15737,9.63894,1.96713,NH3,33.46
136,0,0.0,0,75023,15310,75023,15310,9.37796,1.91387,NH3,32.29
137,0,0.0,0,73034,14904,73034,14904,9.12929,1.86312,NH3,31.18
138,0,0.0,0,71103,14510,71103,14510,8.88796,1.81387,NH3,30.1
139,0,0.0,0,69261,14134,69261,14134,8.65766,1.76687,NH3,29.07
140,0,0.0,0,67502,13776,67502,13776,8.4378,1.722,NH3,28.09
141,0,0.0,0,65802,13429,65802,13429,8.22529,1.67863,NH3,27.14
142,0,0.0,0,64155,13092,64155,13092,8.01944,1.63662,NH3,26.22
143,0,0.0,0,62597,12775,62597,12775,7.82471,1.59688,NH3,25.35
144,0,0.0,0,61108,12471,61108,12471,7.63851,1.55888,NH3,24.52
145,0,0.0,0,59637,12170,59637,12170,7.45471,1.52137,NH3,23.69
146,0,0.0,0,58275,11893,58275,11893,7.28449,1.48663,NH3,22.93
147,0,0.0,0,56932,11618,56932,11618,7.11661,1.45237,NH3,22.18
148,0,0.0,0,55664,11360,55664,11360,6.958,1.42,NH3,21.47
149,0,0.0,0,54429,11108,54429,11108,6.80365,1.3885,NH3,20.78
150,0,0.0,0,53238,10865,53238,10865,6.65484,1.35813,NH3,20.12
151,0,0.0,0,52106,10634,52106,10634,6.51333,1.32925,NH3,19.49
152,0,0.0,0,51033,10414,51033,10414,6.37916,1.30187,NH3,18.89
153,0,0.0,0,49980,10200,49980,10200,6.2475,1.275,NH3,18.3
154,0,0.0,0,48965,9993,48965,9993,6.12074,1.24913,NH3,17.73
155,0,0.0,0,48014,9798,48014,9798,6.00186,1.22487,NH3,17.2
156,0,0.0,0,47098,9612,47098,9612,5.88735,1.2015,NH3,16.69
157,0,0.0,0,46177,9424,46177,9424,5.7722,1.178,NH3,16.17
158,0,0.0,0,45349,9255,45349,9255,5.66871,1.15688,NH3,15.71
159,0,0.0,0,44531,9088,44531,9088,5.5664,1.136,NH3,15.25
160,0,0.0,0,43732,8925,43732,8925,5.46659,1.11563,NH3,14.81
161,0,0.0,0,42972,8770,42972,8770,5.37162,1.09625,NH3,14.38
162,0,0.0,0,42232,8618,42232,8618,5.27911,1.07737,NH3,13.97
163,0,0.0,0,41512,8472,41512,8472,5.1891,1.059,NH3,13.56
164,0,0.0,0,40861,8339,40861,8339,5.10766,1.04238,NH3,13.2
165,0,0.0,0,40180,8200,40180,8200,5.0225,1.025,NH3,12.82
166,0,0.0,0,39557,8073,39557,8073,4.94474,1.00913,NH3,12.47
167,0,0.0,0,38945,7948,38945,7948,4.86815,0.9935,NH3,12.13
168,0,0.0,0,38347,7826,38347,7826,4.79343,0.97825,NH3,11.8
169,0,0.0,0,37784,7711,37784,7711,4.72301,0.96388,NH3,11.48
170,0,0.0,0,37240,7600,37240,7600,4.655,0.95,NH3,11.18
171,0,0.0,0,36701,7490,36701,7490,4.58763,0.93625,NH3,10.88
172,0,0.0,0,36225,7392,36225,7392,4.52819,0.92412,NH3,10.61
173,0,0.0,0,35721,7290,35721,7290,4.46513,0.91125,NH3,10.33
174,0,0.0,0,35260,7196,35260,7196,4.40755,0.8995,NH3,10.07
175,0,0.0,0,34809,7104,34809,7104,4.3512,0.888,NH3,9.82
176,0,0.0,0,34383,7017,34383,7017,4.29794,0.87713,NH3,9.58
177,0,0.0,0,33932,6924,33932,6924,4.24154,0.86562,NH3,9.33
178,0,0.0,0,33530,6842,33530,6842,4.19131,0.85537,NH3,9.1
179,0,0.0,0,33114,6758,33114,6758,4.13928,0.84475,NH3,8.87
180,0,0.0,0,32761,6686,32761,6686,4.09518,0.83575,NH3,8.67
181,0,0.0,0,32389,6610,32389,6610,4.04863,0.82625,NH3,8.47
182,0,0.0,0,32040,6538,32040,6538,4.00511,0.81737,NH3,8.27
183,0,0.0,0,31678,6464,31678,6464,3.95979,0.80812,NH3,8.07
184,0,0.0,0,31340,6396,31340,6396,3.91755,0.7995,NH3,7.88
185,0,0.0,0,31017,6330,31017,6330,3.87713,0.79125,NH3,7.7
186,0,0.0,0,30713,6268,30713,6268,3.83915,0.7835,NH3,7.53
187,0,0.0,0,30389,6202,30389,6202,3.79873,0.77525,NH3,7.35
188,0,0.0,0,30110,6145,30110,6145,3.76384,0.76813,NH3,7.19
189,0,0.0,0,29821,6086,29821,6086,3.72768,0.76075,NH3,7.03
190,0,0.0,0,29547,6030,29547,6030,3.69338,0.75375,NH3,6.88
191,0,0.0,0,29282,5976,29282,5976,3.6603,0.747,NH3,6.73
192,0,0.0,0,29042,5927,29042,5927,3.63031,0.74088,NH3,6.59
193,0,0.0,0,28772,5872,28772,5872,3.5966,0.734,NH3,6.44
194,0,0.0,0,28532,5823,28532,5823,3.56661,0.72788,NH3,6.31
195,0,0.0,0,28287,5772,28287,5772,3.53594,0.72162,NH3,6.17
196,0,0.0,0,28077,5730,28077,5730,3.50963,0.71625,NH3,6.06
197,0,0.0,0,27866,5687,27866,5687,3.48331,0.71088,NH3,5.94
198,0,0.0,0,27645,5642,27645,5642,3.45573,0.70525,NH3,5.81
199,0,0.0,0,27440,5600,27440,5600,3.43,0.7,NH3,5.7
200,0,0.0,0,27229,5557,27229,5557,3.40369,0.69463,NH3,5.58
201,0,0.0,0,27038,5518,27038,5518,3.37977,0.68975,NH3,5.47
202,0,0.0,0,26847,5479,26847,5479,3.35591,0.68488,NH3,5.37
203,0,0.0,0,26680,5445,26680,5445,3.33509,0.68063,NH3,5.27
204,0,0.0,0,26503,5408,26503,5408,3.31299,0.67612,NH3,5.18
205,0,0.0,0,26303,5368,26303,5368,3.2879,0.671,NH3,5.06
206,0,0.0,0,26156,5338,26156,5338,3.26953,0.66725,NH3,4.98
207,0,0.0,0,25984,5302,25984,5302,3.24806,0.66287,NH3,4.89
208,0,0.0,0,25837,5272,25837,5272,3.22969,0.65912,NH3,4.8
209,0,0.0,0,25666,5238,25666,5238,3.20828,0.65475,NH3,4.71
210,0,0.0,0,25543,5213,25543,5213,3.19299,0.65163,NH3,4.64
211,0,0.0,0,25387,5181,25387,5181,3.17339,0.64763,NH3,4.55
212,0,0.0,0,25259,5155,25259,5155,3.15746,0.64438,NH3,4.48
213,0,0.0,0,25117,5126,25117,5126,3.13968,0.64075,NH3,4.4
214,0,0.0,0,24975,5097,24975,5097,3.12194,0.63713,NH3,4.32
215,0,0.0,0,24872,5076,24872,5076,3.10905,0.6345,NH3,4.26
216,0,0.0,0,24764,5054,24764,5054,3.09558,0.63175,NH3,4.2
217,0,0.0,0,24617,5024,24617,5024,3.0772,0.628,NH3,4.12
218,0,0.0,0,24494,4998,24494,4998,3.06186,0.62487,NH3,4.05
219,0,0.0,0,24387,4977,24387,4977,3.04844,0.62213,NH3,3.99
220,0,0.0,0,24274,4954,24274,4954,3.03432,0.61925,NH3,3.93
221,0,0.0,0,24157,4930,24157,4930,3.01963,0.61625,NH3,3.86
222,0,0.0,0,24049,4908,24049,4908,3.00615,0.6135,NH3,3.8
223,0,0.0,0,23951,4888,23951,4888,2.9939,0.611,NH3,3.75
224,0,0.0,0,23848,4866,23848,4866,2.98101,0.60837,NH3,3.69
225,0,0.0,0,23769,4850,23769,4850,2.97121,0.60637,NH3,3.65
226,0,0.0,0,23627,4822,23627,4822,2.95348,0.60275,NH3,3.57
227,0,0.0,0,23515,4799,23515,4799,2.93941,0.59988,NH3,3.51
228,0,0.0,0,23431,4782,23431,4782,2.92898,0.59775,NH3,3.46
229,0,0.0,0,23338,4762,23338,4762,2.91731,0.59537,NH3,3.41
230,0,0.0,0,23280,4751,23280,4751,2.91001,0.59388,NH3,3.37
231,0,0.0,0,23186,4732,23186,4732,2.89835,0.5915,NH3,3.32
232,0,0.0,0,23128,4720,23128,4720,2.891,0.59,NH3,3.29
233,0,0.0,0,23039,4702,23039,4702,2.87998,0.58775,NH3,3.24
234,0,0.0,0,22966,4687,22966,4687,2.87081,0.58588,NH3,3.2
235,0,0.0,0,22892,4672,22892,4672,2.8616,0.584,NH3,3.16
236,0,0.0,0,22814,4656,22814,4656,2.8518,0.582,NH3,3.11
237,0,0.0,0,22760,4645,22760,4645,2.84509,0.58063,NH3,3.08
238,0,0.0,0,22701,4633,22701,4633,2.83774,0.57913,NH3,3.05
239,0,0.0,0,22647,4622,22647,4622,2.83098,0.57775,NH3,3.02
240,0,0.0,0,22579,4608,22579,4608,2.8224,0.576,NH3,2.98
241,0,0.0,0,22500,4592,22500,4592,2.8126,0.574,NH3,2.94
242,0,0.0,0,22456,4583,22456,4583,2.80711,0.57288,NH3,2.91
243,0,0.0,0,22383,4568,22383,4568,2.7979,0.571,NH3,2.87
244,0,0.0,0,22319,4554,22319,4554,2.78991,0.56937,NH3,2.84
245,0,0.0,0,22280,4546,22280,4546,2.78501,0.56837,NH3,2.82
246,0,0.0,0,22236,4538,22236,4538,2.77953,0.56725,NH3,2.79
247,0,0.0,0,22182,4527,22182,4527,2.77281,0.56588,NH3,2.76
248,0,0.0,0,22123,4514,22123,4514,2.76541,0.56437,NH3,2.73
249,0,0.0,0,22074,4504,22074,4504,2.75929,0.56312,NH3,2.7
0,0,3.3,255,18967,3870,18967,3870,2.37096,0.48387,NH3,0.96
1,0,3.3,255,20305,4144,20305,4144,2.5382,0.518,NH3,1.71
2,0,3.3,255,22353,4562,22353,4562,2.79423,0.57025,NH3,2.86
3,0,3.3,255,24490,4998,24490,4998,3.06128,0.62475,NH3,4.05
4,0,3.3,255,26656,5440,26656,5440,3.332,0.68,NH3,5.26
5,0,3.3,255,28826,5883,28826,5883,3.60336,0.73538,NH3,6.47
6,0,3.3,255,31036,6334,31036,6334,3.87957,0.79175,NH3,7.71
7,0,3.3,255,33168,6769,33168,6769,4.14604,0.84613,NH3,8.9
8,0,3.3,255,35309,7206,35309,7206,4.41368,0.90075,NH3,10.1
9,0,3.3,255,37426,7638,37426,7638,4.67828,0.95475,NH3,11.28
10,0,3.3,255,39523,8066,39523,8066,4.94043,1.00825,NH3,12.45
11,0,3.3,255,41586,8487,41586,8487,5.19831,1.06088,NH3,13.61
12,0,3.3,255,43610,8900,43610,8900,5.45125,1.1125,NH3,14.74
13,0,3.3,255,45535,9292,45535,9292,5.69194,1.16162,NH3,15.81
14,0,3.3,255,47510,9696,47510,9696,5.9388,1.212,NH3,16.92
15,0,3.3,255,49382,10078,49382,10078,6.17277,1.25975,NH3,17.96
16,0,3.3,255,51244,10458,51244,10458,6.40553,1.30725,NH3,19.0
17,0,3.3,255,52978,10812,52978,10812,6.62235,1.3515,NH3,19.97
18,0,3.3,255,54674,11158,54674,11158,6.83427,1.39475,NH3,20.92
19,0,3.3,255,56315,11493,56315,11493,7.03949,1.43663,NH3,21.84
20,0,3.3,255,57873,11810,57873,11810,7.23421,1.47637,NH3,22.71
21,0,3.3,255,59324,12106,59324,12106,7.41551,1.51337,NH3,23.52
22,0,3.3,255,60794,12407,60794,12407,7.59931,1.55088,NH3,24.34
23,0,3.3,255,62141,12682,62141,12682,7.76773,1.58525,NH3,25.09
24,0,3.3,255,63626,12984,63626,12984,7.95329,1.62312,NH3,25.92
25,0,3.3,255,64880,13240,64880,13240,8.11009,1.65512,NH3,26.63
26,0,3.3,255,66154,13500,66154,13500,8.26934,1.68762,NH3,27.34
27,0,3.3,255,67257,13726,67257,13726,8.40718,1.71575,NH3,27.95
28,0,3.3,255,68374,13954,68374,13954,8.54683,1.74425,NH3,28.58
29,0,3.3,255,69462,14176,69462,14176,8.6828,1.772,NH3,29.19
30,0,3.3,255,70525,14393,70525,14393,8.81574,1.79913,NH3,29.78
31,0,3.3,255,71559,14604,71559,14604,8.94495,1.8255,NH3,30.36
32,0,3.3,255,72525,14801,72525,14801,9.06564,1.85013,NH3,30.9
33,0,3.3,255,73436,14987,73436,14987,9.17956,1.87338,NH3,31.41
34,0,3.3,255,74215,15146,74215,15146,9.27693,1.89325,NH3,31.84
35,0,3.3,255,75053,15317,75053,15317,9.38169,1.91463,NH3,32.31
36,0,3.3,255,75886,15487,75886,15487,9.48581,1.93588,NH3,32.78
37,0,3.3,255,76621,15637,76621,15637,9.57769,1.95463,NH3,33.19
38,0,3.3,255,77341,15784,77341,15784,9.6677,1.973,NH3,33.59
39,0,3.3,255,77954,15909,77954,15909,9.74429,1.98863,NH3,33.93
40,0,3.3,255,78605,16042,78605,16042,9.82573,2.00525,NH3,34.3
41,0,3.3,255,79282,16180,79282,16180,9.91025,2.0225,NH3,34.67
42,0,3.3,255,79840,16294,79840,16294,9.98008,2.03675,NH3,34.99
43,0,3.3,255,80389,16406,80389,16406,10.04867,2.05075,NH3,35.29
44,0,3.3,255,80874,16504,80874,16504,10.10929,2.06312,NH3,35.56
45,0,3.3,255,81364,16605,81364,16605,10.17059,2.07563,NH3,35.84
46,0,3.3,255,81888,16712,81888,16712,10.2361,2.089,NH3,36.13
47,0,3.3,255,82324,16800,82324,16800,10.29059,2.10012,NH3,36.37
48,0,3.3,255,82712,16880,82712,16880,10.339,2.11,NH3,36.59
49,0,3.3,255,83064,16952,83064,16952,10.3831,2.119,NH3,36.79
50,0,3.3,255,83466,17034,83466,17034,10.43332,2.12925,NH3,37.01
51,0,3.3,255,83853,17112,83853,17112,10.48169,2.13912,NH3,37.23
52,0,3.3,255,84172,17178,84172,17178,10.52153,2.14725,NH3,37.41
53,0,3.3,255,84476,17240,84476,17240,10.5595,2.155,NH3,37.58
54,0,3.3,255,84755,17297,84755,17297,10.59444,2.16213,NH3,37.73
55,0,3.3,255,85019,17350,85019,17350,10.62746,2.16887,NH3,37.88
56,0,3.3,255,85196,17387,85196,17387,10.64956,2.17338,NH3,37.98
57,0,3.3,255,85436,17436,85436,17436,10.67955,2.1795,NH3,38.11
58,0,3.3,255,85666,17483,85666,17483,10.70836,2.18538,NH3,38.24
59,0,3.3,255,85926,17536,85926,17536,10.7408,2.192,NH3,38.39
60,0,3.3,255,86127,17577,86127,17577,10.76594,2.19713,NH3,38.5
61,0,3.3,255,86244,17600,86244,17600,10.78059,2.20012,NH3,38.57
62,0,3.3,255,86455,17644,86455,17644,10.80695,2.2055,NH3,38.68
63,0,3.3,255,86568,17667,86568,17667,10.82106,2.20838,NH3,38.75
64,0,3.3,255,86705,17695,86705,17695,10.83821,2.21188,NH3,38.82
65,0,3.3,255,86867,17728,86867,17728,10.8584,2.216,NH3,38.91
66,0,3.3,255,86950,17745,86950,17745,10.86884,2.21813,NH3,38.96
67,0,3.3,255,87082,17772,87082,17772,10.88535,2.2215,NH3,39.03
68,0,3.3,255,87249,17806,87249,17806,10.90618,2.22575,NH3,39.13
69,0,3.3,255,87347,17826,87347,17826,10.91843,2.22825,NH3,39.18
70,0,3.3,255,87421,17841,87421,17841,10.92764,2.23013,NH3,39.22
71,0,3.3,255,87484,17854,87484,17854,10.93558,2.23175,NH3,39.26
72,0,3.3,255,87474,17852,87474,17852,10.93435,2.2315,NH3,39.25
73,0,3.3,255,87577,17873,87577,17873,10.94724,2.23413,NH3,39.31
74,0,3.3,255,87695,17896,87695,17896,10.96189,2.23712,NH3,39.38
75,0,3.3,255,87734,17905,87734,17905,10.96684,2.23813,NH3,39.4
76,0,3.3,255,87739,17906,87739,17906,10.96743,2.23825,NH3,39.4
77,0,3.3,255,87832,17925,87832,17925,10.97909,2.24063,NH3,39.45
78,0,3.3,255,87851,17928,87851,17928,10.98149,2.24112,NH3,39.46
79,0,3.3,255,87851,17928,87851,17928,10.98149,2.24112,NH3,39.46
80,0,3.3,255,87935,17946,87935,17946,10.99193,2.24325,NH3,39.51
81,0,3.3,255,87945,17948,87945,17948,10.99315,2.2435,NH3,39.52
82,0,3.3,255,88190,17998,88190,17998,11.02378,2.24975,NH3,39.65
83,0,3.3,255,88121,17984,88121,17984,11.0152,2.248,NH3,39.61
84,0,3.3,255,88150,17990,88150,17990,11.01887,2.24875,NH3,39.63
85,0,3.3,255,88102,17980,88102,17980,11.01275,2.2475,NH3,39.6
86,0,3.3,255,88155,17990,88155,17990,11.01946,2.24887,NH3,39.63
87,0,3.3,255,88141,17988,88141,17988,11.01765,2.2485,NH3,39.63
88,0,3.3,255,88126,17984,88126,17984,11.01579,2.24812,NH3,39.62
89,0,3.3,255,88180,17996,88180,17996,11.02255,2.2495,NH3,39.65
90,0,3.3,255,88175,17995,88175,17995,11.02196,2.24938,NH3,39.65
91,0,3.3,255,88121,17984,88121,17984,11.0152,2.248,NH3,39.61
92,0,3.3,255,88052,17970,88052,17970,11.00662,2.24625,NH3,39.58
93,0,3.3,255,88180,17996,88180,17996,11.02255,2.2495,NH3,39.65
94,0,3.3,255,88170,17994,88170,17994,11.02133,2.24925,NH3,39.64
95,0,3.3,255,88165,17992,88165,17992,11.02069,2.24912,NH3,39.64
96,0,3.3,255,88155,17990,88155,17990,11.01946,2.24887,NH3,39.63
97,0,3.3,255,88107,17981,88107,17981,11.01339,2.24763,NH3,39.61
98,0,3.3,255,88102,17980,88102,17980,11.01275,2.2475,NH3,39.6
99,0,3.3,255,88146,17989,88146,17989,11.01829,2.24863,NH3,39.63
100,0,3.3,255,87994,17958,87994,17958,10.99927,2.24475,NH3,39.54
101,0,3.3,255,87994,17958,87994,17958,10.99927,2.24475,NH3,39.54
102,0,3.3,255,87989,17957,87989,17957,10.99869,2.24463,NH3,39.54
103,0,3.3,255,87925,17944,87925,17944,10.9907,2.243,NH3,39.51
104,0,3.3,255,87964,17952,87964,17952,10.9956,2.244,NH3,39.53
105,0,3.3,255,87960,17951,87960,17951,10.99501,2.24388,NH3,39.52
106,0,3.3,255,87866,17932,87866,17932,10.98335,2.2415,NH3,39.47
107,0,3.3,255,87920,17943,87920,17943,10.99011,2.24288,NH3,39.5
108,0,3.3,255,87891,17937,87891,17937,10.98644,2.24213,NH3,39.49
109,0,3.3,255,87822,17922,87822,17922,10.97781,2.24037,NH3,39.45
110,0,3.3,255,87812,17920,87812,17920,10.97659,2.24012,NH3,39.44
111,0,3.3,255,87851,17928,87851,17928,10.98149,2.24112,NH3,39.46
112,0,3.3,255,87832,17925,87832,17925,10.97909,2.24063,NH3,39.45
113,0,3.3,255,87798,17918,87798,17918,10.97478,2.23975,NH3,39.43
114,0,3.3,255,87764,17911,87764,17911,10.97051,2.23888,NH3,39.42
115,0,3.3,255,87876,17934,87876,17934,10.98458,2.24175,NH3,39.48
116,0,3.3,255,87832,17925,87832,17925,10.97909,2.24063,NH3,39.45
117,0,3.3,255,87827,17924,87827,17924,10.97845,2.2405,NH3,39.45
118,0,3.3,255,87783,17914,87783,17914,10.97291,2.23937,NH3,39.43
119,0,3.3,255,87764,17911,87764,17911,10.97051,2.23888,NH3,39.42
120,0,3.3,255,87680,17894,87680,17894,10.96007,2.23675,NH3,39.37
121,0,3.3,255,87543,17866,87543,17866,10.94293,2.23325,NH3,39.29
122,0,3.3,255,87523,17862,87523,17862,10.94047,2.23275,NH3,39.28
123,0,3.3,255,87557,17868,87557,17868,10.94474,2.23362,NH3,39.3
124,0,3.3,255,87553,17868,87553,17868,10.94415,2.2335,NH3,39.3
125,0,0.0,0,102346,20887,102346,20887,12.79331,2.61088,NH3,47.57
126,0,0.0,0,100097,20428,100097,20428,12.51215,2.5535,NH3,46.31
127,0,0.0,0,97309,19859,97309,19859,12.16366,2.48238,NH3,44.75
128,0,0.0,0,94466,19278,94466,19278,11.80836,2.40987,NH3,43.16
129,0,0.0,0,91806,18736,91806,18736,11.4758,2.342,NH3,41.67
130,0,0.0,0,89209,18206,89209,18206,11.15118,2.27575,NH3,40.22
131,0,0.0,0,86710,17696,86710,17696,10.8388,2.212,NH3,38.83
132,0,0.0,0,84255,17195,84255,17195,10.53196,2.14938,NH3,37.45
133,0,0.0,0,81903,16714,81903,16714,10.23791,2.08937,NH3,36.14
134,0,0.0,0,79630,16251,79630,16251,9.95376,2.03138,NH3,34.87
135,0,0.0,0,77459,15808,77459,15808,9.6824,1.976,NH3,33.66
136,0,0.0,0,75376,15382,75376,15382,9.42206,1.92287,NH3,32.49
137,0,0.0,0,73377,14974,73377,14974,9.17216,1.87187,NH3,31.37
138,0,0.0,0,71451,14582,71451,14582,8.93148,1.82275,NH3,30.3
139,0,0.0,0,69609,14206,69609,14206,8.70118,1.77575,NH3,29.27
140,0,0.0,0,67830,13842,67830,13842,8.47881,1.73037,NH3,28.27
141,0,0.0,0,66115,13493,66115,13493,8.26449,1.68663,NH3,27.32
142,0,0.0,0,64498,13163,64498,13163,8.06236,1.64538,NH3,26.41
143,0,0.0,0,62920,12840,62920,12840,7.86509,1.60512,NH3,25.53
144,0,0.0,0,61421,12535,61421,12535,7.67771,1.56688,NH3,24.69
145,0,0.0,0,59980,12240,59980,12240,7.49759,1.53012,NH3,23.89
146,0,0.0,0,58574,11954,58574,11954,7.32183,1.49425,NH3,23.1
147,0,0.0,0,57251,11684,57251,11684,7.15645,1.4605,NH3,22.36
148,0,0.0,0,55982,11425,55982,11425,6.99784,1.42813,NH3,21.65
149,0,0.0,0,54752,11174,54752,11174,6.84408,1.39675,NH3,20.96
150,0,0.0,0,53561,10930,53561,10930,6.69521,1.36637,NH3,20.3
151,0,0.0,0,52449,10704,52449,10704,6.5562,1.338,NH3,19.68
152,0,0.0,0,51332,10476,51332,10476,6.41655,1.3095,NH3,19.05
153,0,0.0,0,50288,10262,50288,10262,6.28606,1.28287,NH3,18.47
154,0,0.0,0,49288,10058,49288,10058,6.16111,1.25737,NH3,17.91
155,0,0.0,0,48284,9854,48284,9854,6.03557,1.23175,NH3,17.35
156,0,0.0,0,47378,9669,47378,9669,5.92229,1.20863,NH3,16.84
157,0,0.0,0,46476,9484,46476,9484,5.80954,1.18562,NH3,16.34
158,0,0.0,0,45619,9310,45619,9310,5.70238,1.16375,NH3,15.86
159,0,0.0,0,44810,9144,44810,9144,5.60129,1.14312,NH3,15.41
160,0,0.0,0,44006,8980,44006,8980,5.50084,1.12262,NH3,14.96
161,0,0.0,0,43247,8826,43247,8826,5.40593,1.10325,NH3,14.53
162,0,0.0,0,42512,8676,42512,8676,5.31405,1.0845,NH3,14.12
163,0,0.0,0,41772,8525,41772,8525,5.22159,1.06563,NH3,13.71
164,0,0.0,0,41130,8394,41130,8394,5.14133,1.04925,NH3,13.35
165,0,0.0,0,40464,8258,40464,8258,5.05802,1.03225,NH3,12.98
166,0,0.0,0,39851,8132,39851,8132,4.98144,1.01662,NH3,12.64
167,0,0.0,0,39229,8006,39229,8006,4.90368,1.00075,NH3,12.29
168,0,0.0,0,38636,7884,38636,7884,4.82954,0.98562,NH3,11.96
169,0,0.0,0,38068,7769,38068,7769,4.75854,0.97113,NH3,11.64
170,0,0.0,0,37543,7662,37543,7662,4.69298,0.95775,NH3,11.35
171,0,0.0,0,37000,7551,37000,7551,4.62501,0.94388,NH3,11.04
172,0,0.0,0,36485,7446,36485,7446,4.56067,0.93075,NH3,10.75
173,0,0.0,0,35995,7346,35995,7346,4.49943,0.91825,NH3,10.48
174,0,0.0,0,35520,7249,35520,7249,4.44004,0.90613,NH3,10.22
175,0,0.0,0,35069,7157,35069,7157,4.38369,0.89463,NH3,9.96
176,0,0.0,0,34643,7070,34643,7070,4.33038,0.88375,NH3,9.72
177,0,0.0,0,34197,6979,34197,6979,4.27466,0.87238,NH3,9.48
178,0,0.0,0,33785,6895,33785,6895,4.22321,0.86188,NH3,9.25
179,0,0.0,0,33393,6815,33393,6815,4.17421,0.85188,NH3,9.03
180,0,0.0,0,33011,6737,33011,6737,4.12644,0.84213,NH3,8.81
181,0,0.0,0,32634,6660,32634,6660,4.07925,0.8325,NH3,8.6
182,0,0.0,0,32276,6586,32276,6586,4.03451,0.82337,NH3,8.4
183,0,0.0,0,31928,6516,31928,6516,3.99105,0.8145,NH3,8.21
184,0,0.0,0,31580,6445,31580,6445,3.94759,0.80563,NH3,8.01
185,0,0.0,0,31252,6378,31252,6378,3.90653,0.79725,NH3,7.83
186,0,0.0,0,30943,6315,30943,6315,3.86796,0.78938,NH3,7.66
187,0,0.0,0,30625,6250,30625,6250,3.82813,0.78125,NH3,7.48
188,0,0.0,0,30350,6194,30350,6194,3.79383,0.77425,NH3,7.33
189,0,0.0,0,30046,6132,30046,6132,3.75585,0.7665,NH3,7.16
190,0,0.0,0,29767,6075,29767,6075,3.72096,0.75938,NH3,7.0
191,0,0.0,0,29512,6022,29512,6022,3.68906,0.75287,NH3,6.86
192,0,0.0,0,29262,5972,29262,5972,3.65785,0.7465,NH3,6.72
193,0,0.0,0,29013,5921,29013,5921,3.62664,0.74013,NH3,6.58
194,0,0.0,0,28777,5873,28777,5873,3.59724,0.73413,NH3,6.45
195,0,0.0,0,28532,5823,28532,5823,3.56661,0.72788,NH3,6.31
196,0,0.0,0,28292,5774,28292,5774,3.53658,0.72175,NH3,6.18
197,0,0.0,0,28072,5729,28072,5729,3.50904,0.71613,NH3,6.05
198,0,0.0,0,27851,5684,27851,5684,3.48145,0.7105,NH3,5.93
199,0,0.0,0,27645,5642,27645,5642,3.45573,0.70525,NH3,5.81
200,0,0.0,0,27444,5600,27444,5600,3.43059,0.70012,NH3,5.7
201,0,0.0,0,27248,5560,27248,5560,3.40609,0.69512,NH3,5.59
202,0,0.0,0,27067,5524,27067,5524,3.38345,0.6905,NH3,5.49
203,0,0.0,0,26906,5491,26906,5491,3.36326,0.68638,NH3,5.4
204,0,0.0,0,26705,5450,26705,5450,3.33813,0.68125,NH3,5.29
205,0,0.0,0,26518,5412,26518,5412,3.31485,0.6765,NH3,5.18
206,0,0.0,0,26381,5384,26381,5384,3.2977,0.673,NH3,5.11
207,0,0.0,0,26214,5350,26214,5350,3.27687,0.66875,NH3,5.01
208,0,0.0,0,26043,5315,26043,5315,3.25546,0.66438,NH3,4.92
209,0,0.0,0,25891,5284,25891,5284,3.23645,0.6605,NH3,4.83
210,0,0.0,0,25734,5252,25734,5252,3.21685,0.6565,NH3,4.75
211,0,0.0,0,25573,5219,25573,5219,3.19666,0.65238,NH3,4.66
212,0,0.0,0,25431,5190,25431,5190,3.17888,0.64875,NH3,4.58
213,0,0.0,0,25303,5164,25303,5164,3.16295,0.6455,NH3,4.51
214,0,0.0,0,25161,5134,25161,5134,3.14516,0.64187,NH3,4.43
215,0,0.0,0,25014,5105,25014,5105,3.12684,0.63813,NH3,4.34
216,0,0.0,0,24926,5086,24926,5086,3.11576,0.63587,NH3,4.29
217,0,0.0,0,24789,5059,24789,5059,3.09866,0.63238,NH3,4.22
218,0,0.0,0,24661,5033,24661,5033,3.08274,0.62913,NH3,4.15
219,0,0.0,0,24548,5010,24548,5010,3.06862,0.62625,NH3,4.08
220,0,0.0,0,24445,4988,24445,4988,3.05574,0.62362,NH3,4.03
221,0,0.0,0,24338,4967,24338,4967,3.04231,0.62088,NH3,3.97
222,0,0.0,0,24235,4946,24235,4946,3.02943,0.61825,NH3,3.91
223,0,0.0,0,24117,4922,24117,4922,3.01472,0.61525,NH3,3.84
224,0,0.0,0,24010,4900,24010,4900,3.00125,0.6125,NH3,3.78
225,0,0.0,0,23936,4884,23936,4884,2.99204,0.61062,NH3,3.74
226,0,0.0,0,23818,4860,23818,4860,2.97734,0.60762,NH3,3.68
227,0,0.0,0,23755,4848,23755,4848,2.9694,0.606,NH3,3.64
228,0,0.0,0,23681,4833,23681,4833,2.96024,0.60413,NH3,3.6
229,0,0.0,0,23568,4810,23568,4810,2.94612,0.60125,NH3,3.54
230,0,0.0,0,23490,4794,23490,4794,2.93633,0.59925,NH3,3.49
231,0,0.0,0,23422,4780,23422,4780,2.92775,0.5975,NH3,3.45
232,0,0.0,0,23338,4762,23338,4762,2.91731,0.59537,NH3,3.41
233,0,0.0,0,23260,4746,23260,4746,2.90751,0.59337,NH3,3.36
234,0,0.0,0,23172,4729,23172,4729,2.89654,0.59113,NH3,3.31
235,0,0.0,0,23093,4713,23093,4713,2.88674,0.58913,NH3,3.27
236,0,0.0,0,23030,4700,23030,4700,2.87875,0.5875,NH3,3.23
237,0,0.0,0,22971,4688,22971,4688,2.8714,0.586,NH3,3.2
238,0,0.0,0,22912,4676,22912,4676,2.86405,0.5845,NH3,3.17
239,0,0.0,0,22839,4661,22839,4661,2.85489,0.58263,NH3,3.13
240,0,0.0,0,22770,4647,22770,4647,2.84631,0.58088,NH3,3.09
241,0,0.0,0,22721,4637,22721,4637,2.84019,0.57963,NH3,3.06
242,0,0.0,0,22647,4622,22647,4622,2.83098,0.57775,NH3,3.02
243,0,0.0,0,22598,4612,22598,4612,2.82485,0.5765,NH3,2.99
244,0,0.0,0,22535,4599,22535,4599,2.81691,0.57488,NH3,2.96
245,0,0.0,0,22476,4586,22476,4586,2.80951,0.57337,NH3,2.92
246,0,0.0,0,22412,4574,22412,4574,2.80158,0.57175,NH3,2.89
247,0,0.0,0,22368,4565,22368,4565,2.79609,0.57063,NH3,2.86
248,0,0.0,0,22329,4557,22329,4557,2.79119,0.56963,NH3,2.84
249,0,0.0,0,22280,4546,22280,4546,2.78501,0.56837,NH3,2.82
0,0,3.3,255,19173,3912,19173,3912,2.39669,0.48912,NH3,1.08
1,0,3.3,255,20487,4181,20487,4181,2.56089,0.52263,NH3,1.81
2,0,3.3,255,22525,4597,22525,4597,2.81569,0.57463,NH3,2.95
3,0,3.3,255,24661,5033,24661,5033,3.08274,0.62913,NH3,4.15
4,0,3.3,255,26817,5472,26817,5472,3.35219,0.68412,NH3,5.35
5,0,3.3,255,28983,5915,28983,5915,3.62296,0.73938,NH3,6.56
6,0,3.3,255,31164,6360,31164,6360,3.8955,0.795,NH3,7.78
7,0,3.3,255,33320,6800,33320,6800,4.165,0.85,NH3,8.99
8,0,3.3,255,35470,7238,35470,7238,4.43386,0.90487,NH3,10.19
9,0,3.3,255,37592,7672,37592,7672,4.6991,0.959,NH3,11.37
10,0,3.3,255,39690,8100,39690,8100,4.96125,1.0125,NH3,12.55
11,0,3.3,255,41733,8516,41733,8516,5.21664,1.06462,NH3,13.69
12,0,3.3,255,43776,8934,43776,8934,5.47208,1.11675,NH3,14.83
13,0,3.3,255,45721,9330,45721,9330,5.71521,1.16637,NH3,15.92
14,0,3.3,255,47637,9722,47637,9722,5.95472,1.21525,NH3,16.99
15,0,3.3,255,49495,10101,49495,10101,6.18689,1.26263,NH3,18.03
16,0,3.3,255,51268,10462,51268,10462,6.40856,1.30787,NH3,19.02
17,0,3.3,255,53013,10819,53013,10819,6.62666,1.35238,NH3,19.99
18,0,3.3,255,54718,11166,54718,11166,6.83976,1.39587,NH3,20.95
19,0,3.3,255,56330,11496,56330,11496,7.0413,1.437,NH3,21.85
20,0,3.3,255,57893,11814,57893,11814,7.23666,1.47687,NH3,22.72
21,0,3.3,255,59461,12134,59461,12134,7.43266,1.51687,NH3,23.6
22,0,3.3,255,60907,12430,60907,12430,7.61338,1.55375,NH3,24.4
23,0,3.3,255,62279,12710,62279,12710,7.78488,1.58875,NH3,25.17
24,0,3.3,255,63646,12989,63646,12989,7.95579,1.62363,NH3,25.94
25,0,3.3,255,64954,13256,64954,13256,8.1193,1.657,NH3,26.67
26,0,3.3,255,66154,13500,66154,13500,8.26934,1.68762,NH3,27.34
27,0,3.3,255,67355,13746,67355,13746,8.41943,1.71825,NH3,28.01
28,0,3.3,255,68516,13983,68516,13983,8.56461,1.74788,NH3,28.66
29,0,3.3,255,69599,14204,69599,14204,8.69995,1.7755,NH3,29.26
30,0,3.3,255,70643,14416,70643,14416,8.83039,1.80212,NH3,29.85
31,0,3.3,255,71588,14610,71588,14610,8.94862,1.82625,NH3,30.37
32,0,3.3,255,72529,14802,72529,14802,9.06623,1.85025,NH3,30.9
33,0,3.3,255,73509,15002,73509,15002,9.18873,1.87525,NH3,31.45
34,0,3.3,255,74377,15179,74377,15179,9.29716,1.89738,NH3,31.93
35,0,3.3,255,75205,15348,75205,15348,9.40065,1.9185,NH3,32.4
36,0,3.3,255,76008,15512,76008,15512,9.5011,1.939,NH3,32.84
37,0,3.3,255,76783,15670,76783,15670,9.59788,1.95875,NH3,33.28
38,0,3.3,255,77434,15803,77434,15803,9.67936,1.97538,NH3,33.64
39,0,3.3,255,78135,15946,78135,15946,9.76693,1.99325,NH3,34.03
40,0,3.3,255,78777,16077,78777,16077,9.84719,2.00963,NH3,34.39
41,0,3.3,255,79419,16207,79419,16207,9.9274,2.026,NH3,34.75
42,0,3.3,255,80007,16328,80007,16328,10.0009,2.041,NH3,35.08
43,0,3.3,255,80560,16440,80560,16440,10.07009,2.05512,NH3,35.39
44,0,3.3,255,81080,16547,81080,16547,10.13506,2.06838,NH3,35.68
45,0,3.3,255,81570,16646,81570,16646,10.19626,2.08087,NH3,35.95
46,0,3.3,255,82040,16742,82040,16742,10.25506,2.09287,NH3,36.22
47,0,3.3,255,82491,16835,82491,16835,10.31146,2.10438,NH3,36.47
48,0,3.3,255,82859,16910,82859,16910,10.35738,2.11375,NH3,36.67
49,0,3.3,255,83270,16994,83270,16994,10.40883,2.12425,NH3,36.9
50,0,3.3,255,83662,17074,83662,17074,10.45783,2.13425,NH3,37.12
51,0,3.3,255,84064,17156,84064,17156,10.50805,2.1445,NH3,37.35
52,0,3.3,255,84387,17222,84387,17222,10.54848,2.15275,NH3,37.53
53,0,3.3,255,84711,17288,84711,17288,10.5889,2.161,NH3,37.71
54,0,3.3,255,84985,17344,84985,17344,10.6232,2.168,NH3,37.86
55,0,3.3,255,85201,17388,85201,17388,10.65015,2.1735,NH3,37.98
56,0,3.3,255,85470,17443,85470,17443,10.68386,2.18038,NH3,38.13
57,0,3.3,255,85710,17492,85710,17492,10.71385,2.1865,NH3,38.27
58,0,3.3,255,85980,17547,85980,17547,10.74756,2.19338,NH3,38.42
59,0,3.3,255,86205,17592,86205,17592,10.77569,2.19912,NH3,38.54
60,0,3.3,255,86328,17618,86328,17618,10.79102,2.20225,NH3,38.61
61,0,3.3,255,86543,17662,86543,17662,10.81798,2.20775,NH3,38.73
62,0,3.3,255,86661,17686,86661,17686,10.83268,2.21075,NH3,38.8
63,0,3.3,255,86813,17716,86813,17716,10.85164,2.21462,NH3,38.88
64,0,3.3,255,86975,17750,86975,17750,10.87188,2.21875,NH3,38.97
65,0,3.3,255,87122,17780,87122,17780,10.89025,2.2225,NH3,39.06
66,0,3.3,255,87278,17812,87278,17812,10.90985,2.2265,NH3,39.14
67,0,3.3,255,87386,17834,87386,17834,10.92333,2.22925,NH3,39.2
68,0,3.3,255,87484,17854,87484,17854,10.93558,2.23175,NH3,39.26
69,0,3.3,255,87533,17864,87533,17864,10.9417,2.233,NH3,39.29
70,0,3.3,255,87621,17882,87621,17882,10.95273,2.23525,NH3,39.34
71,0,3.3,255,87724,17902,87724,17902,10.96556,2.23787,NH3,39.39
72,0,3.3,255,87851,17928,87851,17928,10.98149,2.24112,NH3,39.46
73,0,3.3,255,87915,17942,87915,17942,10.98948,2.24275,NH3,39.5
74,0,3.3,255,87960,17951,87960,17951,10.99501,2.24388,NH3,39.52
75,0,3.3,255,87984,17956,87984,17956,10.99805,2.2445,NH3,39.54
76,0,3.3,255,88077,17975,88077,17975,11.00971,2.24688,NH3,39.59
77,0,3.3,255,88121,17984,88121,17984,11.0152,2.248,NH3,39.61
78,0,3.3,255,88116,17983,88116,17983,11.01461,2.24788,NH3,39.61
79,0,3.3,255,88155,17990,88155,17990,11.01946,2.24887,NH3,39.63
80,0,3.3,255,88258,18012,88258,18012,11.03235,2.2515,NH3,39.69
81,0,3.3,255,88268,18014,88268,18014,11.03358,2.25175,NH3,39.7
82,0,3.3,255,88288,18018,88288,18018,11.03603,2.25225,NH3,39.71
83,0,3.3,255,88312,18022,88312,18022,11.03906,2.25287,NH3,39.72
84,0,3.3,255,88283,18016,88283,18016,11.03539,2.25212,NH3,39.71
85,0,3.3,255,88292,18018,88292,18018,11.03661,2.25237,NH3,39.71
86,0,3.3,255,88337,18028,88337,18028,11.04215,2.2535,NH3,39.74
87,0,3.3,255,88366,18034,88366,18034,11.04583,2.25425,NH3,39.75
88,0,3.3,255,88361,18033,88361,18033,11.04524,2.25413,NH3,39.75
89,0,3.3,255,88351,18030,88351,18030,11.04396,2.25387,NH3,39.74
90,0,3.3,255,88366,18034,88366,18034,11.04583,2.25425,NH3,39.75
91,0,3.3,255,88366,18034,88366,18034,11.04583,2.25425,NH3,39.75
92,0,3.3,255,88292,18018,88292,18018,11.03661,2.25237,NH3,39.71
93,0,3.3,255,88303,18021,88303,18021,11.03789,2.25263,NH3,39.72
94,0,3.3,255,88371,18035,88371,18035,11.04646,2.25438,NH3,39.75
95,0,3.3,255,88361,18033,88361,18033,11.04524,2.25413,NH3,39.75
96,0,3.3,255,88347,18030,88347,18030,11.04338,2.25375,NH3,39.74
97,0,3.3,255,88278,18016,88278,18016,11.0348,2.252,NH3,39.7
98,0,3.3,255,88288,18018,88288,18018,11.03603,2.25225,NH3,39.71
99,0,3.3,255,88317,18024,88317,18024,11.0397,2.253,NH3,39.72
100,0,3.3,255,88322,18024,88322,18024,11.04029,2.25312,NH3,39.73
101,0,3.3,255,88303,18021,88303,18021,11.03789,2.25263,NH3,39.72
102,0,3.3,255,88283,18016,88283,18016,11.03539,2.25212,NH3,39.71
103,0,3.3,255,88224,18004,88224,18004,11.02804,2.25062,NH3,39.67
104,0,3.3,255,88224,18004,88224,18004,11.02804,2.25062,NH3,39.67
105,0,3.3,255,88249,18010,88249,18010,11.03113,2.25125,NH3,39.69
106,0,3.3,255,88229,18006,88229,18006,11.02868,2.25075,NH3,39.68
107,0,3.3,255,88205,18001,88205,18001,11.02564,2.25013,NH3,39.66
108,0,3.3,255,88131,17986,88131,17986,11.01643,2.24825,NH3,39.62
109,0,3.3,255,88111,17982,88111,17982,11.01398,2.24775,NH3,39.61
110,0,3.3,255,88146,17989,88146,17989,11.01829,2.24863,NH3,39.63
111,0,3.3,255,88131,17986,88131,17986,11.01643,2.24825,NH3,39.62
112,0,3.3,255,88082,17976,88082,17976,11.0103,2.247,NH3,39.59
113,0,3.3,255,88018,17963,88018,17963,11.00236,2.24538,NH3,39.56
114,0,3.3,255,88008,17960,88008,17960,11.00109,2.24512,NH3,39.55
115,0,3.3,255,88033,17966,88033,17966,11.00418,2.24575,NH3,39.57
116,0,3.3,255,88008,17960,88008,17960,11.00109,2.24512,NH3,39.55
117,0,3.3,255,87979,17954,87979,17954,10.99741,2.24437,NH3,39.54
118,0,3.3,255,87915,17942,87915,17942,10.98948,2.24275,NH3,39.5
119,0,3.3,255,87901,17939,87901,17939,10.98766,2.24238,NH3,39.49
120,0,3.3,255,87930,17945,87930,17945,10.99134,2.24313,NH3,39.51
121,0,3.3,255,87896,17938,87896,17938,10.98703,2.24225,NH3,39.49
122,0,3.3,255,87866,17932,87866,17932,10.98335,2.2415,NH3,39.47
123,0,3.3,255,87842,17926,87842,17926,10.98026,2.24087,NH3,39.46
124,0,3.3,255,87783,17914,87783,17914,10.97291,2.23937,NH3,39.43
125,0,0.0,0,102694,20958,102694,20958,12.83677,2.61975,NH3,47.76
126,0,0.0,0,100484,20507,100484,20507,12.56056,2.56338,NH3,46.52
127,0,0.0,0,97632,19925,97632,19925,12.20409,2.49063,NH3,44.93
128,0,0.0,0,94859,19359,94859,19359,11.85741,2.41988,NH3,43.38
129,0,0.0,0,92164,18809,92164,18809,11.52054,2.35113,NH3,41.87
130,0,0.0,0,89576,18280,89576,18280,11.19709,2.28512,NH3,40.43
131,0,0.0,0,87063,17768,87063,17768,10.8829,2.221,NH3,39.02
132,0,0.0,0,84642,17274,84642,17274,10.58033,2.15925,NH3,37.67
133,0,0.0,0,82300,16796,82300,16796,10.28755,2.0995,NH3,36.36
134,0,0.0,0,80046,16335,80046,16335,10.0058,2.042,NH3,35.1
135,0,0.0,0,77890,15896,77890,15896,9.7363,1.987,NH3,33.9
136,0,0.0,0,75797,15468,75797,15468,9.47474,1.93362,NH3,32.73
137,0,0.0,0,73818,15064,73818,15064,9.22729,1.88312,NH3,31.62
138,0,0.0,0,71892,14672,71892,14672,8.9866,1.834,NH3,30.54
139,0,0.0,0,70021,14290,70021,14290,8.75263,1.78625,NH3,29.5
140,0,0.0,0,68247,13928,68247,13928,8.5309,1.741,NH3,28.51
141,0,0.0,0,66551,13582,66551,13582,8.31898,1.69775,NH3,27.56
142,0,0.0,0,64900,13244,64900,13244,8.11254,1.65562,NH3,26.64
143,0,0.0,0,63347,12928,63347,12928,7.9184,1.616,NH3,25.77
144,0,0.0,0,61828,12618,61828,12618,7.72853,1.57725,NH3,24.92
145,0,0.0,0,60353,12317,60353,12317,7.54419,1.53963,NH3,24.09
146,0,0.0,0,58981,12037,58981,12037,7.37269,1.50463,NH3,23.33
147,0,0.0,0,57638,11762,57638,11762,7.20481,1.47037,NH3,22.58
148,0,0.0,0,56359,11502,56359,11502,7.04498,1.43775,NH3,21.86
149,0,0.0,0,55125,11250,55125,11250,6.89063,1.40625,NH3,21.17
150,0,0.0,0,53939,11008,53939,11008,6.7424,1.376,NH3,20.51
151,0,0.0,0,52802,10776,52802,10776,6.6003,1.347,NH3,19.87
152,0,0.0,0,51719,10554,51719,10554,6.46491,1.31937,NH3,19.27
153,0,0.0,0,50661,10339,50661,10339,6.33266,1.29238,NH3,18.68
154,0,0.0,0,49661,10134,49661,10134,6.20766,1.26687,NH3,18.12
155,0,0.0,0,48676,9934,48676,9934,6.08458,1.24175,NH3,17.57
156,0,0.0,0,47735,9742,47735,9742,5.96698,1.21775,NH3,17.04
157,0,0.0,0,46853,9562,46853,9562,5.85672,1.19525,NH3,16.55
158,0,0.0,0,45991,9386,45991,9386,5.74892,1.17325,NH3,16.07
159,0,0.0,0,45172,9218,45172,9218,5.64661,1.15237,NH3,15.61
160,0,0.0,0,44369,9054,44369,9054,5.54616,1.13187,NH3,15.16
161,0,0.0,0,43600,8898,43600,8898,5.45003,1.11225,NH3,14.73
162,0,0.0,0,42845,8744,42845,8744,5.3557,1.093,NH3,14.31
163,0,0.0,0,42130,8598,42130,8598,5.26628,1.07475,NH3,13.91
164,0,0.0,0,41463,8462,41463,8462,5.18297,1.05775,NH3,13.54
165,0,0.0,0,40797,8326,40797,8326,5.09968,1.04075,NH3,13.16
166,0,0.0,0,40165,8196,40165,8196,5.02064,1.02462,NH3,12.81
167,0,0.0,0,39562,8074,39562,8074,4.94533,1.00925,NH3,12.47
168,0,0.0,0,38969,7953,38969,7953,4.87124,0.99413,NH3,12.14
169,0,0.0,0,38381,7833,38381,7833,4.79774,0.97913,NH3,11.81
170,0,0.0,0,37837,7722,37837,7722,4.72973,0.96525,NH3,11.51
171,0,0.0,0,37313,7615,37313,7615,4.66421,0.95188,NH3,11.22
172,0,0.0,0,36774,7504,36774,7504,4.59679,0.93812,NH3,10.92
173,0,0.0,0,36284,7405,36284,7405,4.53559,0.92563,NH3,10.64
174,0,0.0,0,35819,7310,35819,7310,4.47738,0.91375,NH3,10.38
175,0,0.0,0,35353,7214,35353,7214,4.41916,0.90187,NH3,10.12
176,0,0.0,0,34907,7124,34907,7124,4.36345,0.8905,NH3,9.87
177,0,0.0,0,34471,7035,34471,7035,4.30896,0.87938,NH3,9.63
178,0,0.0,0,34079,6955,34079,6955,4.25996,0.86938,NH3,9.41
179,0,0.0,0,33672,6872,33672,6872,4.2091,0.859,NH3,9.18
180,0,0.0,0,33300,6796,33300,6796,4.16255,0.8495,NH3,8.97
181,0,0.0,0,32918,6718,32918,6718,4.11477,0.83975,NH3,8.76
182,0,0.0,0,32536,6640,32536,6640,4.067,0.83,NH3,8.55
183,0,0.0,0,32202,6572,32202,6572,4.02535,0.8215,NH3,8.36
184,0,0.0,0,31864,6503,31864,6503,3.98311,0.81288,NH3,8.17
185,0,0.0,0,31546,6438,31546,6438,3.94328,0.80475,NH3,7.99
186,0,0.0,0,31218,6371,31218,6371,3.90226,0.79638,NH3,7.81
187,0,0.0,0,30899,6306,30899,6306,3.86243,0.78825,NH3,7.63
188,0,0.0,0,30620,6249,30620,6249,3.82754,0.78113,NH3,7.48
189,0,0.0,0,30331,6190,30331,6190,3.79138,0.77375,NH3,7.31
190,0,0.0,0,30061,6134,30061,6134,3.75766,0.76687,NH3,7.16
191,0,0.0,0,29792,6080,29792,6080,3.724,0.76,NH3,7.01
192,0,0.0,0,29537,6028,29537,6028,3.69215,0.7535,NH3,6.87
193,0,0.0,0,29267,5972,29267,5972,3.65844,0.74662,NH3,6.72
194,0,0.0,0,29017,5922,29017,5922,3.62723,0.74025,NH3,6.58
195,0,0.0,0,28787,5875,28787,5875,3.59846,0.73438,NH3,6.45
196,0,0.0,0,28581,5833,28581,5833,3.57274,0.72913,NH3,6.34
197,0,0.0,0,28346,5785,28346,5785,3.54334,0.72313,NH3,6.21
198,0,0.0,0,28120,5738,28120,5738,3.51511,0.71737,NH3,6.08
199,0,0.0,0,27905,5695,27905,5695,3.48821,0.71188,NH3,5.96
200,0,0.0,0,27704,5654,27704,5654,3.46308,0.70675,NH3,5.85
201,0,0.0,0,27513,5615,27513,5615,3.43921,0.70188,NH3,5.74
202,0,0.0,0,27322,5576,27322,5576,3.4153,0.697,NH3,5.63
203,0,0.0,0,27136,5538,27136,5538,3.39203,0.69225,NH3,5.53
204,0,0.0,0,26974,5504,26974,5504,3.37179,0.68812,NH3,5.44
205,0,0.0,0,26798,5469,26798,5469,3.34979,0.68363,NH3,5.34
206,0,0.0,0,26636,5436,26636,5436,3.32955,0.6795,NH3,5.25
207,0,0.0,0,26455,5399,26455,5399,3.30691,0.67488,NH3,5.15
208,0,0.0,0,26288,5365,26288,5365,3.28609,0.67063,NH3,5.06
209,0,0.0,0,26136,5334,26136,5334,3.26708,0.66675,NH3,4.97
210,0,0.0,0,25984,5302,25984,5302,3.24806,0.66287,NH3,4.89
211,0,0.0,0,25813,5268,25813,5268,3.22665,0.6585,NH3,4.79
212,0,0.0,0,25656,5236,25656,5236,3.20705,0.6545,NH3,4.7
213,0,0.0,0,25534,5211,25534,5211,3.19176,0.65138,NH3,4.63
214,0,0.0,0,25406,5185,25406,5185,3.17584,0.64813,NH3,4.56
215,0,0.0,0,25264,5156,25264,5156,3.15805,0.6445,NH3,4.48
216,0,0.0,0,25142,5131,25142,5131,3.14276,0.64138,NH3,4.41
217,0,0.0,0,25029,5108,25029,5108,3.12865,0.6385,NH3,4.35
218,0,0.0,0,24921,5086,24921,5086,3.11518,0.63575,NH3,4.29
219,0,0.0,0,24789,5059,24789,5059,3.09866,0.63238,NH3,4.22
220,0,0.0,0,24676,5036,24676,5036,3.08455,0.6295,NH3,4.15
221,0,0.0,0,24578,5016,24578,5016,3.0723,0.627,NH3,4.1
222,0,0.0,0,24460,4992,24460,4992,3.0576,0.624,NH3,4.03
223,0,0.0,0,24362,4972,24362,4972,3.04535,0.6215,NH3,3.98
224,0,0.0,0,24274,4954,24274,4954,3.03432,0.61925,NH3,3.93
225,0,0.0,0,24162,4931,24162,4931,3.02026,0.61638,NH3,3.87
226,0,0.0,0,24073,4913,24073,4913,3.00924,0.61413,NH3,3.82
227,0,0.0,0,23966,4891,23966,4891,2.99576,0.61138,NH3,3.76
228,0,0.0,0,23877,4873,23877,4873,2.98474,0.60913,NH3,3.71
229,0,0.0,0,23814,4860,23814,4860,2.97675,0.6075,NH3,3.67
230,0,0.0,0,23706,4838,23706,4838,2.96328,0.60475,NH3,3.61
231,0,0.0,0,23622,4820,23622,4820,2.95284,0.60262,NH3,3.57
232,0,0.0,0,23549,4806,23549,4806,2.94368,0.60075,NH3,3.52
233,0,0.0,0,23500,4796,23500,4796,2.93755,0.5995,NH3,3.5
234,0,0.0,0,23397,4775,23397,4775,2.92471,0.59688,NH3,3.44
235,0,0.0,0,23319,4759,23319,4759,2.91491,0.59488,NH3,3.4
236,0,0.0,0,23250,4745,23250,4745,2.90634,0.59313,NH3,3.36
237,0,0.0,0,23181,4730,23181,4730,2.89771,0.59137,NH3,3.32
238,0,0.0,0,23137,4722,23137,4722,2.89223,0.59025,NH3,3.29
239,0,0.0,0,23064,4706,23064,4706,2.88301,0.58837,NH3,3.25
240,0,0.0,0,23024,4698,23024,4698,2.87811,0.58737,NH3,3.23
241,0,0.0,0,22902,4674,22902,4674,2.86283,0.58425,NH3,3.16
242,0,0.0,0,22843,4662,22843,4662,2.85548,0.58275,NH3,3.13
243,0,0.0,0,22789,4650,22789,4650,2.84871,0.58137,NH3,3.1
244,0,0.0,0,22755,4644,22755,4644,2.84445,0.5805,NH3,3.08
245,0,0.0,0,22682,4629,22682,4629,2.83529,0.57863,NH3,3.04
246,0,0.0,0,22632,4618,22632,4618,2.82911,0.57737,NH3,3.01
247,0,0.0,0,22569,4606,22569,4606,2.82118,0.57575,NH3,2.98
248,0,0.0,0,22535,4599,22535,4599,2.81691,0.57488,NH3,2.96
249,0,0.0,0,22471,4586,22471,4586,2.80893,0.57325,NH3,2.92
0,0,3.3,255,19310,3940,19310,3940,2.41384,0.49262,NH3,1.16
1,0,3.3,255,20663,4217,20663,4217,2.58294,0.52713,NH3,1.91
2,0,3.3,255,22745,4642,22745,4642,2.84323,0.58025,NH3,3.08
3,0,3.3,255,24882,5078,24882,5078,3.11028,0.63475,NH3,4.27
4,0,3.3,255,27057,5522,27057,5522,3.38223,0.69025,NH3,5.49
5,0,3.3,255,29262,5972,29262,5972,3.65785,0.7465,NH3,6.72
6,0,3.3,255,31467,6422,31467,6422,3.93348,0.80275,NH3,7.95
7,0,3.3,255,33643,6866,33643,6866,4.20542,0.85825,NH3,9.17
8,0,3.3,255,35804,7307,35804,7307,4.47556,0.91338,NH3,10.37
9,0,3.3,255,37945,7744,37945,7744,4.7432,0.968,NH3,11.57
10,0,3.3,255,40037,8170,40037,8170,5.00471,1.02137,NH3,12.74
11,0,3.3,255,42120,8596,42120,8596,5.26505,1.0745,NH3,13.9
12,0,3.3,255,44163,9012,44163,9012,5.52044,1.12662,NH3,15.05
13,0,3.3,255,46162,9420,46162,9420,5.77034,1.17762,NH3,16.16
14,0,3.3,255,48063,9808,48063,9808,6.00799,1.22612,NH3,17.23
15,0,3.3,255,49945,10192,49945,10192,6.24319,1.27412,NH3,18.28
16,0,3.3,255,51734,10558,51734,10558,6.46678,1.31975,NH3,19.28
17,0,3.3,255,53483,10914,53483,10914,6.68541,1.36437,NH3,20.26
18,0,3.3,255,55174,11260,55174,11260,6.89675,1.4075,NH3,21.2
19,0,3.3,255,56815,11595,56815,11595,7.10196,1.44938,NH3,22.12
20,0,3.3,255,58383,11914,58383,11914,7.29791,1.48937,NH3,22.99
21,0,3.3,255,59897,12224,59897,12224,7.4872,1.528,NH3,23.84
22,0,3.3,255,61362,12522,61362,12522,7.67031,1.56537,NH3,24.66
23,0,3.3,255,62744,12804,62744,12804,7.84304,1.60062,NH3,25.43
24,0,3.3,255,64087,13079,64087,13079,8.01091,1.63488,NH3,26.18
25,0,3.3,255,65424,13352,65424,13352,8.1781,1.669,NH3,26.93
26,0,3.3,255,66664,13605,66664,13605,8.33309,1.70063,NH3,27.62
27,0,3.3,255,67791,13835,67791,13835,8.47396,1.72938,NH3,28.25
28,0,3.3,255,68947,14070,68947,14070,8.61846,1.75887,NH3,28.9
29,0,3.3,255,70064,14298,70064,14298,8.75811,1.78737,NH3,29.52
30,0,3.3,255,71103,14510,71103,14510,8.88796,1.81387,NH3,30.1
31,0,3.3,255,72059,14706,72059,14706,9.00742,1.83825,NH3,30.64
32,0,3.3,255,73014,14900,73014,14900,9.12684,1.86262,NH3,31.17
33,0,3.3,255,73960,15094,73960,15094,9.24507,1.88675,NH3,31.7
34,0,3.3,255,74754,15256,74754,15256,9.3443,1.907,NH3,32.14
35,0,3.3,255,75646,15438,75646,15438,9.45578,1.92975,NH3,32.64
36,0,3.3,255,76425,15596,76425,15596,9.55314,1.94962,NH3,33.08
37,0,3.3,255,77150,15744,77150,15744,9.64379,1.96812,NH3,33.48
38,0,3.3,255,77826,15882,77826,15882,9.72831,1.98537,NH3,33.86
39,0,3.3,255,78507,16021,78507,16021,9.81348,2.00275,NH3,34.24
40,0,3.3,255,79189,16161,79189,16161,9.89864,2.02013,NH3,34.62
41,0,3.3,255,79796,16285,79796,16285,9.97459,2.03563,NH3,34.96
42,0,3.3,255,80335,16394,80335,16394,10.04191,2.04937,NH3,35.26
43,0,3.3,255,80884,16507,80884,16507,10.11056,2.06338,NH3,35.57
44,0,3.3,255,81447,16622,81447,16622,10.18098,2.07775,NH3,35.88
45,0,3.3,255,81947,16724,81947,16724,10.24345,2.0905,NH3,36.16
46,0,3.3,255,82403,16817,82403,16817,10.30044,2.10213,NH3,36.42
47,0,3.3,255,82785,16894,82785,16894,10.34816,2.11187,NH3,36.63
48,0,3.3,255,83221,16984,83221,16984,10.4027,2.123,NH3,36.88
49,0,3.3,255,83662,17074,83662,17074,10.45783,2.13425,NH3,37.12
50,0,3.3,255,84030,17149,84030,17149,10.50379,2.14363,NH3,37.33
51,0,3.3,255,84343,17213,84343,17213,10.54299,2.15163,NH3,37.5
52,0,3.3,255,84657,17277,84657,17277,10.58219,2.15963,NH3,37.68
53,0,3.3,255,85010,17349,85010,17349,10.62629,2.16863,NH3,37.88
54,0,3.3,255,85294,17407,85294,17407,10.66181,2.17588,NH3,38.03
55,0,3.3,255,85490,17446,85490,17446,10.68626,2.18087,NH3,38.14
56,0,3.3,255,85759,17502,85759,17502,10.71997,2.18775,NH3,38.29
57,0,3.3,255,86044,17560,86044,17560,10.7555,2.195,NH3,38.45
58,0,3.3,255,86254,17603,86254,17603,10.78186,2.20038,NH3,38.57
59,0,3.3,255,86475,17648,86475,17648,10.8094,2.206,NH3,38.69
60,0,3.3,255,86617,17676,86617,17676,10.82714,2.20962,NH3,38.77
61,0,3.3,255,86773,17708,86773,17708,10.84674,2.21362,NH3,38.86
62,0,3.3,255,87004,17756,87004,17756,10.87555,2.2195,NH3,38.99
63,0,3.3,255,87146,17785,87146,17785,10.89334,2.22313,NH3,39.07
64,0,3.3,255,87229,17802,87229,17802,10.90372,2.22525,NH3,39.12
65,0,3.3,255,87367,17830,87367,17830,10.92088,2.22875,NH3,39.19
66,0,3.3,255,87788,17916,87788,17916,10.97355,2.2395,NH3,39.43
67,0,3.3,255,87910,17940,87910,17940,10.98884,2.24262,NH3,39.5
68,0,3.3,255,87808,17920,87808,17920,10.976,2.24,NH3,39.44
69,0,3.3,255,87910,17940,87910,17940,10.98884,2.24262,NH3,39.5
70,0,3.3,255,87881,17934,87881,17934,10.98516,2.24187,NH3,39.48
71,0,3.3,255,87979,17954,87979,17954,10.99741,2.24437,NH3,39.54
72,0,3.3,255,88052,17970,88052,17970,11.00662,2.24625,NH3,39.58
73,0,3.3,255,88107,17981,88107,17981,11.01339,2.24763,NH3,39.61
74,0,3.3,255,88107,17981,88107,17981,11.01339,2.24763,NH3,39.61
75,0,3.3,255,88175,17995,88175,17995,11.02196,2.24938,NH3,39.65
76,0,3.3,255,88283,18016,88283,18016,11.03539,2.25212,NH3,39.71
77,0,3.3,255,88307,18022,88307,18022,11.03848,2.25275,NH3,39.72
78,0,3.3,255,88351,18030,88351,18030,11.04396,2.25387,NH3,39.74
79,0,3.3,255,88341,18028,88341,18028,11.04274,2.25362,NH3,39.74
80,0,3.3,255,88376,18036,88376,18036,11.04705,2.2545,NH3,39.76
81,0,3.3,255,88459,18053,88459,18053,11.05749,2.25663,NH3,39.8
82,0,3.3,255,88479,18056,88479,18056,11.05989,2.25712,NH3,39.81
83,0,3.3,255,88489,18059,88489,18059,11.06116,2.25738,NH3,39.82
84,0,3.3,255,88508,18062,88508,18062,11.06356,2.25787,NH3,39.83
85,0,3.3,255,88518,18065,88518,18065,11.06484,2.25813,NH3,39.84
86,0,3.3,255,88513,18064,88513,18064,11.0642,2.258,NH3,39.83
87,0,3.3,255,88445,18050,88445,18050,11.05563,2.25625,NH3,39.8
88,0,3.3,255,88479,18056,88479,18056,11.05989,2.25712,NH3,39.81
89,0,3.3,255,88494,18060,88494,18060,11.06175,2.2575,NH3,39.82
90,0,3.3,255,88528,18067,88528,18067,11.06606,2.25838,NH3,39.84
91,0,3.3,255,88523,18066,88523,18066,11.06542,2.25825,NH3,39.84
92,0,3.3,255,88508,18062,88508,18062,11.06356,2.25787,NH3,39.83
93,0,3.3,255,88469,18054,88469,18054,11.05866,2.25687,NH3,39.81
94,0,3.3,255,88474,18056,88474,18056,11.0593,2.257,NH3,39.81
95,0,3.3,255,88508,18062,88508,18062,11.06356,2.25787,NH3,39.83
96,0,3.3,255,88503,18062,88503,18062,11.06298,2.25775,NH3,39.83
97,0,3.3,255,88489,18059,88489,18059,11.06116,2.25738,NH3,39.82
98,0,3.3,255,88425,18046,88425,18046,11.05318,2.25575,NH3,39.78
99,0,3.3,255,88435,18048,88435,18048,11.0544,2.256,NH3,39.79
100,0,3.3,255,88401,18041,88401,18041,11.05014,2.25513,NH3,39.77
101,0,3.3,255,88420,18045,88420,18045,11.05259,2.25563,NH3,39.78
102,0,3.3,255,88381,18036,88381,18036,11.04764,2.25462,NH3,39.76
103,0,3.3,255,88356,18032,88356,18032,11.0446,2.254,NH3,39.75
104,0,3.3,255,88351,18030,88351,18030,11.04396,2.25387,NH3,39.74
105,0,3.3,255,88415,18044,88415,18044,11.05195,2.2555,NH3,39.78
106,0,3.3,255,88322,18024,88322,18024,11.04029,2.25312,NH3,39.73
107,0,3.3,255,88317,18024,88317,18024,11.0397,2.253,NH3,39.72
108,0,3.3,255,88356,18032,88356,18032,11.0446,2.254,NH3,39.75
109,0,3.3,255,88337,18028,88337,18028,11.04215,2.2535,NH3,39.74
110,0,3.3,255,88322,18024,88322,18024,11.04029,2.25312,NH3,39.73
111,0,3.3,255,88214,18003,88214,18003,11.02686,2.25038,NH3,39.67
112,0,3.3,255,88194,17998,88194,17998,11.02436,2.24987,NH3,39.66
113,0,3.3,255,88249,18010,88249,18010,11.03113,2.25125,NH3,39.69
114,0,3.3,255,88219,18004,88219,18004,11.02745,2.2505,NH3,39.67
115,0,3.3,255,88160,17992,88160,17992,11.0201,2.249,NH3,39.64
116,0,3.3,255,88116,17983,88116,17983,11.01461,2.24788,NH3,39.61
117,0,3.3,255,88170,17994,88170,17994,11.02133,2.24925,NH3,39.64
118,0,3.3,255,88107,17981,88107,17981,11.01339,2.24763,NH3,39.61
119,0,3.3,255,88136,17986,88136,17986,11.01701,2.24837,NH3,39.62
120,0,3.3,255,88067,17972,88067,17972,11.00844,2.24662,NH3,39.58
121,0,3.3,255,88092,17978,88092,17978,11.01153,2.24725,NH3,39.6
122,0,3.3,255,88058,17971,88058,17971,11.00726,2.24638,NH3,39.58
123,0,3.3,255,88062,17972,88062,17972,11.00785,2.2465,NH3,39.58
124,0,3.3,255,87998,17958,87998,17958,10.99986,2.24487,NH3,39.55
125,0,0.0,0,102963,21013,102963,21013,12.87049,2.62663,NH3,47.91
126,0,0.0,0,100734,20558,100734,20558,12.59178,2.56975,NH3,46.66
127,0,0.0,0,97907,19981,97907,19981,12.23839,2.49763,NH3,45.08
128,0,0.0,0,95143,19417,95143,19417,11.89294,2.42713,NH3,43.54
129,0,0.0,0,92423,18862,92423,18862,11.55297,2.35775,NH3,42.02
130,0,0.0,0,89846,18336,89846,18336,11.2308,2.292,NH3,40.58
131,0,0.0,0,87323,17821,87323,17821,10.91539,2.22763,NH3,39.17
132,0,0.0,0,84926,17332,84926,17332,10.61585,2.1665,NH3,37.83
133,0,0.0,0,82565,16850,82565,16850,10.32063,2.10625,NH3,36.51
134,0,0.0,0,80320,16392,80320,16392,10.0401,2.049,NH3,35.25
135,0,0.0,0,78174,15954,78174,15954,9.77183,1.99425,NH3,34.06
136,0,0.0,0,76057,15522,76057,15522,9.50723,1.94025,NH3,32.87
137,0,0.0,0,74058,15114,74058,15114,9.25733,1.88925,NH3,31.75
138,0,0.0,0,72152,14724,72152,14724,9.01904,1.84062,NH3,30.69
139,0,0.0,0,70295,14346,70295,14346,8.78693,1.79325,NH3,29.65
140,0,0.0,0,68551,13990,68551,13990,8.56888,1.74875,NH3,28.68
141,0,0.0,0,66830,13638,66830,13638,8.35386,1.70487,NH3,27.72
142,0,0.0,0,65179,13302,65179,13302,8.14748,1.66275,NH3,26.79
143,0,0.0,0,63602,12980,63602,12980,7.95025,1.6225,NH3,25.91
144,0,0.0,0,62117,12676,62117,12676,7.76464,1.58462,NH3,25.08
145,0,0.0,0,60632,12374,60632,12374,7.57908,1.54675,NH3,24.25
146,0,0.0,0,59211,12084,59211,12084,7.40145,1.5105,NH3,23.46
147,0,0.0,0,57883,11813,57883,11813,7.23549,1.47663,NH3,22.71
148,0,0.0,0,56644,11560,56644,11560,7.0805,1.445,NH3,22.02
149,0,0.0,0,55384,11303,55384,11303,6.92311,1.41288,NH3,21.32
150,0,0.0,0,54208,11063,54208,11063,6.77611,1.38288,NH3,20.66
151,0,0.0,0,53042,10824,53042,10824,6.63029,1.35312,NH3,20.01
152,0,0.0,0,51964,10605,51964,10605,6.49559,1.32563,NH3,19.41
153,0,0.0,0,50930,10394,50930,10394,6.36633,1.29925,NH3,18.83
154,0,0.0,0,49916,10186,49916,10186,6.23951,1.27337,NH3,18.26
155,0,0.0,0,48916,9983,48916,9983,6.11461,1.24788,NH3,17.7
156,0,0.0,0,48005,9797,48005,9797,6.00069,1.22463,NH3,17.19
157,0,0.0,0,47074,9606,47074,9606,5.88426,1.20087,NH3,16.67
158,0,0.0,0,46246,9438,46246,9438,5.78078,1.17975,NH3,16.21
159,0,0.0,0,45359,9256,45359,9256,5.66989,1.15712,NH3,15.71
160,0,0.0,0,44604,9102,44604,9102,5.57556,1.13787,NH3,15.29
161,0,0.0,0,43796,8938,43796,8938,5.47453,1.11725,NH3,14.84
162,0,0.0,0,43076,8791,43076,8791,5.38451,1.09888,NH3,14.44
163,0,0.0,0,42341,8641,42341,8641,5.29264,1.08013,NH3,14.03
164,0,0.0,0,41659,8502,41659,8502,5.20748,1.06275,NH3,13.65
165,0,0.0,0,40978,8362,40978,8362,5.12231,1.04537,NH3,13.27
166,0,0.0,0,40371,8239,40371,8239,5.04641,1.02988,NH3,12.93
167,0,0.0,0,39738,8109,39738,8109,4.96737,1.01375,NH3,12.57
168,0,0.0,0,39156,7991,39156,7991,4.89451,0.99888,NH3,12.25
169,0,0.0,0,38587,7875,38587,7875,4.82346,0.98438,NH3,11.93
170,0,0.0,0,38033,7762,38033,7762,4.75422,0.97025,NH3,11.62
171,0,0.0,0,37475,7648,37475,7648,4.6844,0.956,NH3,11.31
172,0,0.0,0,36970,7544,36970,7544,4.62129,0.94312,NH3,11.03
173,0,0.0,0,36499,7448,36499,7448,4.56249,0.93112,NH3,10.76
174,0,0.0,0,36029,7352,36029,7352,4.50369,0.91912,NH3,10.5
175,0,0.0,0,35544,7254,35544,7254,4.44308,0.90675,NH3,10.23
176,0,0.0,0,35103,7164,35103,7164,4.38795,0.8955,NH3,9.98
177,0,0.0,0,34686,7078,34686,7078,4.33586,0.88487,NH3,9.75
178,0,0.0,0,34260,6992,34260,6992,4.2826,0.874,NH3,9.51
179,0,0.0,0,33849,6908,33849,6908,4.23115,0.8635,NH3,9.28
180,0,0.0,0,33457,6828,33457,6828,4.18215,0.8535,NH3,9.06
181,0,0.0,0,33080,6751,33080,6751,4.13501,0.84388,NH3,8.85
182,0,0.0,0,32727,6679,32727,6679,4.09091,0.83488,NH3,8.65
183,0,0.0,0,32374,6607,32374,6607,4.04681,0.82588,NH3,8.46
184,0,0.0,0,32011,6533,32011,6533,4.00149,0.81663,NH3,8.25
185,0,0.0,0,31722,6474,31722,6474,3.96533,0.80925,NH3,8.09
186,0,0.0,0,31394,6407,31394,6407,3.92431,0.80088,NH3,7.91
187,0,0.0,0,31115,6350,31115,6350,3.88938,0.79375,NH3,7.75
188,0,0.0,0,30791,6284,30791,6284,3.84895,0.7855,NH3,7.57
189,0,0.0,0,30502,6225,30502,6225,3.81284,0.77813,NH3,7.41
190,0,0.0,0,30252,6174,30252,6174,3.78158,0.77175,NH3,7.27
191,0,0.0,0,29953,6113,29953,6113,3.74424,0.76413,NH3,7.1
192,0,0.0,0,29713,6064,29713,6064,3.7142,0.758,NH3,6.97
193,0,0.0,0,29429,6006,29429,6006,3.67868,0.75075,NH3,6.81
194,0,0.0,0,29228,5964,29228,5964,3.65354,0.74562,NH3,6.7
195,0,0.0,0,28978,5914,28978,5914,3.62233,0.73925,NH3,6.56
196,0,0.0,0,28718,5860,28718,5860,3.58984,0.73262,NH3,6.41
197,0,0.0,0,28493,5815,28493,5815,3.56171,0.72688,NH3,6.29
198,0,0.0,0,28277,5770,28277,5770,3.53471,0.72137,NH3,6.17
199,0,0.0,0,28091,5733,28091,5733,3.51149,0.71663,NH3,6.06
200,0,0.0,0,27910,5696,27910,5696,3.4888,0.712,NH3,5.96
201,0,0.0,0,27699,5653,27699,5653,3.46249,0.70663,NH3,5.84
202,0,0.0,0,27483,5608,27483,5608,3.43549,0.70112,NH3,5.72
203,0,0.0,0,27302,5572,27302,5572,3.41285,0.6965,NH3,5.62
204,0,0.0,0,27097,5530,27097,5530,3.38713,0.69125,NH3,5.51
205,0,0.0,0,26940,5498,26940,5498,3.36753,0.68725,NH3,5.42
206,0,0.0,0,26768,5463,26768,5463,3.34611,0.68288,NH3,5.32
207,0,0.0,0,26606,5430,26606,5430,3.32587,0.67875,NH3,5.23
208,0,0.0,0,26464,5400,26464,5400,3.30809,0.67512,NH3,5.15
209,0,0.0,0,26298,5366,26298,5366,3.28726,0.67087,NH3,5.06
210,0,0.0,0,26141,5334,26141,5334,3.26766,0.66687,NH3,4.97
211,0,0.0,0,25989,5304,25989,5304,3.2487,0.663,NH3,4.89
212,0,0.0,0,25827,5270,25827,5270,3.22846,0.65887,NH3,4.8
213,0,0.0,0,25710,5246,25710,5246,3.21376,0.65587,NH3,4.73
214,0,0.0,0,25538,5212,25538,5212,3.19235,0.6515,NH3,4.64
215,0,0.0,0,25406,5185,25406,5185,3.17584,0.64813,NH3,4.56
216,0,0.0,0,25289,5161,25289,5161,3.16114,0.64513,NH3,4.5
217,0,0.0,0,25146,5132,25146,5132,3.14335,0.6415,NH3,4.42
218,0,0.0,0,25063,5115,25063,5115,3.13296,0.63938,NH3,4.37
219,0,0.0,0,25009,5104,25009,5104,3.1262,0.638,NH3,4.34
220,0,0.0,0,24837,5068,24837,5068,3.10474,0.63362,NH3,4.24
221,0,0.0,0,24715,5044,24715,5044,3.08945,0.6305,NH3,4.18
222,0,0.0,0,24637,5028,24637,5028,3.07965,0.6285,NH3,4.13
223,0,0.0,0,24554,5011,24554,5011,3.06926,0.62638,NH3,4.09
224,0,0.0,0,24456,4991,24456,4991,3.05701,0.62388,NH3,4.03
225,0,0.0,0,24343,4968,24343,4968,3.0429,0.621,NH3,3.97
226,0,0.0,0,24255,4950,24255,4950,3.03188,0.61875,NH3,3.92
227,0,0.0,0,24162,4931,24162,4931,3.02026,0.61638,NH3,3.87
228,0,0.0,0,24103,4919,24103,4919,3.01291,0.61488,NH3,3.83
229,0,0.0,0,24039,4906,24039,4906,3.00493,0.61325,NH3,3.8
230,0,0.0,0,23931,4884,23931,4884,2.99145,0.6105,NH3,3.74
231,0,0.0,0,23857,4868,23857,4868,2.98224,0.60862,NH3,3.7
232,0,0.0,0,23774,4852,23774,4852,2.97185,0.6065,NH3,3.65
233,0,0.0,0,23661,4828,23661,4828,2.95774,0.60362,NH3,3.59
234,0,0.0,0,23603,4817,23603,4817,2.95044,0.60213,NH3,3.55
235,0,0.0,0,23510,4798,23510,4798,2.93878,0.59975,NH3,3.5
236,0,0.0,0,23441,4784,23441,4784,2.9302,0.598,NH3,3.46
237,0,0.0,0,23368,4769,23368,4769,2.92104,0.59613,NH3,3.42
238,0,0.0,0,23329,4761,23329,4761,2.91614,0.59513,NH3,3.4
239,0,0.0,0,23250,4745,23250,4745,2.90634,0.59313,NH3,3.36
240,0,0.0,0,23157,4726,23157,4726,2.89468,0.59075,NH3,3.31
241,0,0.0,0,23142,4722,23142,4722,2.89281,0.59037,NH3,3.3
242,0,0.0,0,23064,4706,23064,4706,2.88301,0.58837,NH3,3.25
243,0,0.0,0,22981,4690,22981,4690,2.87263,0.58625,NH3,3.21
244,0,0.0,0,22946,4682,22946,4682,2.86831,0.58537,NH3,3.19
245,0,0.0,0,22888,4671,22888,4671,2.86101,0.58388,NH3,3.15
246,0,0.0,0,22819,4657,22819,4657,2.85244,0.58213,NH3,3.12
247,0,0.0,0,22780,4649,22780,4649,2.84754,0.58113,NH3,3.09
248,0,0.0,0,22726,4638,22726,4638,2.84078,0.57975,NH3,3.06
249,0,0.0,0,22682,4629,22682,4629,2.83529,0.57863,NH3,3.04
0,0,3.3,255,19487,3976,19487,3976,2.43589,0.49712,NH3,1.25
1,0,3.3,255,20874,4260,20874,4260,2.60925,0.5325,NH3,2.03
2,0,3.3,255,22932,4680,22932,4680,2.8665,0.585,NH3,3.18
3,0,3.3,255,25082,5118,25082,5118,3.13536,0.63987,NH3,4.38
4,0,3.3,255,27263,5564,27263,5564,3.40795,0.6955,NH3,5.6
5,0,3.3,255,29463,6012,29463,6012,3.68294,0.75162,NH3,6.83
6,0,3.3,255,31663,6462,31663,6462,3.95798,0.80775,NH3,8.06
7,0,3.3,255,33864,6911,33864,6911,4.23301,0.86388,NH3,9.29
8,0,3.3,255,36029,7352,36029,7352,4.50369,0.91912,NH3,10.5
9,0,3.3,255,38171,7790,38171,7790,4.77138,0.97375,NH3,11.7
10,0,3.3,255,40287,8222,40287,8222,5.03597,1.02775,NH3,12.88
11,0,3.3,255,42355,8644,42355,8644,5.29445,1.0805,NH3,14.04
12,0,3.3,255,44384,9058,44384,9058,5.54802,1.13225,NH3,15.17
13,0,3.3,255,46368,9462,46368,9462,5.79606,1.18287,NH3,16.28
14,0,3.3,255,48304,9858,48304,9858,6.03803,1.23225,NH3,17.36
15,0,3.3,255,50239,10253,50239,10253,6.27999,1.28163,NH3,18.44
16,0,3.3,255,51998,10612,51998,10612,6.49985,1.3265,NH3,19.43
17,0,3.3,255,53738,10967,53738,10967,6.71731,1.37088,NH3,20.4
18,0,3.3,255,55433,11313,55433,11313,6.92924,1.41413,NH3,21.35
19,0,3.3,255,57065,11646,57065,11646,7.13318,1.45575,NH3,22.26
20,0,3.3,255,58638,11967,58638,11967,7.32981,1.49588,NH3,23.14
21,0,3.3,255,60113,12268,60113,12268,7.51415,1.5335,NH3,23.96
22,0,3.3,255,61627,12576,61627,12576,7.70339,1.57212,NH3,24.81
23,0,3.3,255,63019,12861,63019,12861,7.87739,1.60763,NH3,25.58
24,0,3.3,255,64415,13146,64415,13146,8.05193,1.64325,NH3,26.37
25,0,3.3,255,65718,13412,65718,13412,8.21485,1.6765,NH3,27.09
26,0,3.3,255,66924,13658,66924,13658,8.36552,1.70725,NH3,27.77
27,0,3.3,255,68066,13891,68066,13891,8.50826,1.73638,NH3,28.41
28,0,3.3,255,69222,14127,69222,14127,8.65281,1.76588,NH3,29.05
29,0,3.3,255,70354,14358,70354,14358,8.79428,1.79475,NH3,29.68
30,0,3.3,255,71358,14563,71358,14563,8.91986,1.82038,NH3,30.25
31,0,3.3,255,72343,14764,72343,14764,9.04295,1.8455,NH3,30.8
32,0,3.3,255,73304,14960,73304,14960,9.163,1.87,NH3,31.33
33,0,3.3,255,74210,15144,74210,15144,9.27629,1.89312,NH3,31.84
34,0,3.3,255,75068,15320,75068,15320,9.3835,1.915,NH3,32.32
35,0,3.3,255,75842,15478,75842,15478,9.48028,1.93475,NH3,32.75
36,0,3.3,255,76641,15641,76641,15641,9.58014,1.95513,NH3,33.2
37,0,3.3,255,77400,15796,77400,15796,9.67505,1.9745,NH3,33.62
38,0,3.3,255,78145,15948,78145,15948,9.76815,1.9935,NH3,34.04
39,0,3.3,255,78835,16088,78835,16088,9.85449,2.01112,NH3,34.43
40,0,3.3,255,79423,16208,79423,16208,9.92799,2.02612,NH3,34.75
41,0,3.3,255,80051,16336,80051,16336,10.00639,2.04212,NH3,35.1
42,0,3.3,255,80668,16463,80668,16463,10.08361,2.05788,NH3,35.45
43,0,3.3,255,81217,16574,81217,16574,10.15216,2.07187,NH3,35.76
44,0,3.3,255,81717,16676,81717,16676,10.21464,2.08462,NH3,36.04
45,0,3.3,255,82143,16764,82143,16764,10.26795,2.0955,NH3,36.27
46,0,3.3,255,82623,16862,82623,16862,10.32798,2.10775,NH3,36.54
47,0,3.3,255,83118,16963,83118,16963,10.38986,2.12038,NH3,36.82
48,0,3.3,255,83510,17042,83510,17042,10.43881,2.13037,NH3,37.04
49,0,3.3,255,83912,17124,83912,17124,10.48904,2.14062,NH3,37.26
50,0,3.3,255,84240,17192,84240,17192,10.5301,2.149,NH3,37.45
51,0,3.3,255,84559,17257,84559,17257,10.56994,2.15713,NH3,37.62
52,0,3.3,255,84960,17338,84960,17338,10.62011,2.16737,NH3,37.85
53,0,3.3,255,85264,17400,85264,17400,10.65809,2.17512,NH3,38.02
54,0,3.3,255,85514,17452,85514,17452,10.68935,2.1815,NH3,38.16
55,0,3.3,255,85769,17504,85769,17504,10.7212,2.188,NH3,38.3
56,0,3.3,255,86009,17553,86009,17553,10.75124,2.19413,NH3,38.43
57,0,3.3,255,86269,17606,86269,17606,10.78368,2.20075,NH3,38.58
58,0,3.3,255,86499,17652,86499,17652,10.81244,2.20662,NH3,38.71
59,0,3.3,255,86651,17684,86651,17684,10.83145,2.2105,NH3,38.79
60,0,3.3,255,86837,17722,86837,17722,10.85473,2.21525,NH3,38.9
61,0,3.3,255,87053,17766,87053,17766,10.88167,2.22075,NH3,39.02
62,0,3.3,255,87229,17802,87229,17802,10.90372,2.22525,NH3,39.12
63,0,3.3,255,87357,17828,87357,17828,10.91965,2.2285,NH3,39.19
64,0,3.3,255,87440,17844,87440,17844,10.93004,2.23062,NH3,39.23
65,0,3.3,255,87543,17866,87543,17866,10.94293,2.23325,NH3,39.29
66,0,3.3,255,87729,17904,87729,17904,10.9662,2.238,NH3,39.4
67,0,3.3,255,87856,17930,87856,17930,10.98212,2.24125,NH3,39.47
68,0,3.3,255,87862,17931,87862,17931,10.98276,2.24138,NH3,39.47
69,0,3.3,255,87935,17946,87935,17946,10.99193,2.24325,NH3,39.51
70,0,3.3,255,88048,17969,88048,17969,11.00604,2.24613,NH3,39.57
71,0,3.3,255,88131,17986,88131,17986,11.01643,2.24825,NH3,39.62
72,0,3.3,255,88288,18018,88288,18018,11.03603,2.25225,NH3,39.71
73,0,3.3,255,88341,18028,88341,18028,11.04274,2.25362,NH3,39.74
74,0,3.3,255,88401,18041,88401,18041,11.05014,2.25513,NH3,39.77
75,0,3.3,255,88386,18038,88386,18038,11.04828,2.25475,NH3,39.76
76,0,3.3,255,88435,18048,88435,18048,11.0544,2.256,NH3,39.79
77,0,3.3,255,88537,18068,88537,18068,11.06724,2.25862,NH3,39.85
78,0,3.3,255,88557,18073,88557,18073,11.06974,2.25913,NH3,39.86
79,0,3.3,255,88596,18080,88596,18080,11.07459,2.26012,NH3,39.88
80,0,3.3,255,88587,18079,88587,18079,11.07341,2.25988,NH3,39.88
81,0,3.3,255,88626,18086,88626,18086,11.07826,2.26087,NH3,39.9
82,0,3.3,255,88660,18094,88660,18094,11.08258,2.26175,NH3,39.92
83,0,3.3,255,88655,18092,88655,18092,11.08194,2.26162,NH3,39.91
84,0,3.3,255,88699,18102,88699,18102,11.08748,2.26275,NH3,39.94
85,0,3.3,255,88655,18092,88655,18092,11.08194,2.26162,NH3,39.91
86,0,3.3,255,88665,18094,88665,18094,11.08316,2.26187,NH3,39.92
87,0,3.3,255,88744,18111,88744,18111,11.09301,2.26388,NH3,39.96
88,0,3.3,255,88744,18111,88744,18111,11.09301,2.26388,NH3,39.96
89,0,3.3,255,88748,18112,88748,18112,11.0936,2.264,NH3,39.97
90,0,3.3,255,88670,18096,88670,18096,11.0838,2.262,NH3,39.92
91,0,3.3,255,88699,18102,88699,18102,11.08748,2.26275,NH3,39.94
92,0,3.3,255,88734,18109,88734,18109,11.09179,2.26363,NH3,39.96
93,0,3.3,255,88734,18109,88734,18109,11.09179,2.26363,NH3,39.96
94,0,3.3,255,88709,18104,88709,18104,11.0887,2.263,NH3,39.94
95,0,3.3,255,88670,18096,88670,18096,11.0838,2.262,NH3,39.92
96,0,3.3,255,88724,18106,88724,18106,11.09051,2.26337,NH3,39.95
97,0,3.3,255,88626,18086,88626,18086,11.07826,2.26087,NH3,39.9
98,0,3.3,255,88616,18085,88616,18085,11.07709,2.26063,NH3,39.89
99,0,3.3,255,88548,18071,88548,18071,11.06851,2.25888,NH3,39.85
100,0,3.3,255,88548,18071,88548,18071,11.06851,2.25888,NH3,39.85
101,0,3.3,255,88582,18078,88582,18078,11.07278,2.25975,NH3,39.87
102,0,3.3,255,88582,18078,88582,18078,11.07278,2.25975,NH3,39.87
103,0,3.3,255,88498,18060,88498,18060,11.06234,2.25762,NH3,39.83
104,0,3.3,255,88494,18060,88494,18060,11.06175,2.2575,NH3,39.82
105,0,3.3,255,88528,18067,88528,18067,11.06606,2.25838,NH3,39.84
106,0,3.3,255,88523,18066,88523,18066,11.06542,2.25825,NH3,39.84
107,0,3.3,255,88449,18050,88449,18050,11.05621,2.25637,NH3,39.8
108,0,3.3,255,88425,18046,88425,18046,11.05318,2.25575,NH3,39.78
109,0,3.3,255,88420,18045,88420,18045,11.05259,2.25563,NH3,39.78
110,0,3.3,255,88445,18050,88445,18050,11.05563,2.25625,NH3,39.8
111,0,3.3,255,88435,18048,88435,18048,11.0544,2.256,NH3,39.79
112,0,3.3,255,88356,18032,88356,18032,11.0446,2.254,NH3,39.75
113,0,3.3,255,88337,18028,88337,18028,11.04215,2.2535,NH3,39.74
114,0,3.3,255,88435,18048,88435,18048,11.0544,2.256,NH3,39.79
115,0,3.3,255,88405,18042,88405,18042,11.05073,2.25525,NH3,39.77
116,0,3.3,255,88327,18026,88327,18026,11.04093,2.25325,NH3,39.73
117,0,3.3,255,88312,18022,88312,18022,11.03906,2.25287,NH3,39.72
118,0,3.3,255,88332,18027,88332,18027,11.04156,2.25338,NH3,39.73
119,0,3.3,255,88322,18024,88322,18024,11.04029,2.25312,NH3,39.73
120,0,3.3,255,88298,18020,88298,18020,11.03725,2.2525,NH3,39.71
121,0,3.3,255,88209,18002,88209,18002,11.02623,2.25025,NH3,39.66
122,0,3.3,255,88200,18000,88200,18000,11.025,2.25,NH3,39.66
123,0,3.3,255,88249,18010,88249,18010,11.03113,2.25125,NH3,39.69
124,0,3.3,255,88200,18000,88200,18000,11.025,2.25,NH3,39.66
125,0,0.0,0,103076,21036,103076,21036,12.88455,2.6295,NH3,47.97
126,0,0.0,0,100944,20600,100944,20600,12.61809,2.57512,NH3,46.78
127,0,0.0,0,98171,20035,98171,20035,12.27146,2.50438,NH3,45.23
128,0,0.0,0,95334,19456,95334,19456,11.9168,2.432,NH3,43.65
129,0,0.0,0,92712,18920,92712,18920,11.58909,2.36512,NH3,42.18
130,0,0.0,0,90071,18382,90071,18382,11.25898,2.29775,NH3,40.7
131,0,0.0,0,87567,17870,87567,17870,10.94596,2.23387,NH3,39.31
132,0,0.0,0,85152,17378,85152,17378,10.64403,2.17225,NH3,37.96
133,0,0.0,0,82707,16879,82707,16879,10.33841,2.10988,NH3,36.59
134,0,0.0,0,80501,16428,80501,16428,10.06274,2.05362,NH3,35.36
135,0,0.0,0,78321,15984,78321,15984,9.7902,1.998,NH3,34.14
136,0,0.0,0,76381,15588,76381,15588,9.54765,1.9485,NH3,33.05
137,0,0.0,0,74396,15182,74396,15182,9.29956,1.89787,NH3,31.94
138,0,0.0,0,72412,14778,72412,14778,9.05153,1.84725,NH3,30.83
139,0,0.0,0,70545,14397,70545,14397,8.81819,1.79963,NH3,29.79
140,0,0.0,0,68820,14044,68820,14044,8.60254,1.75562,NH3,28.83
141,0,0.0,0,67130,13700,67130,13700,8.39125,1.7125,NH3,27.88
142,0,0.0,0,65483,13364,65483,13364,8.18545,1.6705,NH3,26.96
143,0,0.0,0,63901,13041,63901,13041,7.98764,1.63013,NH3,26.08
144,0,0.0,0,62328,12720,62328,12720,7.791,1.59,NH3,25.2
145,0,0.0,0,60965,12442,60965,12442,7.62073,1.55525,NH3,24.44
146,0,0.0,0,59574,12158,59574,12158,7.44678,1.51975,NH3,23.66
147,0,0.0,0,58206,11878,58206,11878,7.27586,1.48487,NH3,22.9
148,0,0.0,0,56894,11611,56894,11611,7.11176,1.45138,NH3,22.16
149,0,0.0,0,55707,11368,55707,11368,6.96349,1.42112,NH3,21.5
150,0,0.0,0,54493,11121,54493,11121,6.81164,1.39013,NH3,20.82
151,0,0.0,0,53366,10891,53366,10891,6.67076,1.36138,NH3,20.19
152,0,0.0,0,52273,10668,52273,10668,6.53415,1.3335,NH3,19.58
153,0,0.0,0,51190,10446,51190,10446,6.39876,1.30587,NH3,18.97
154,0,0.0,0,50195,10244,50195,10244,6.27445,1.2805,NH3,18.42
155,0,0.0,0,49210,10042,49210,10042,6.15131,1.25537,NH3,17.87
156,0,0.0,0,48279,9852,48279,9852,6.03494,1.23162,NH3,17.35
157,0,0.0,0,47363,9666,47363,9666,5.92043,1.20825,NH3,16.83
158,0,0.0,0,46476,9484,46476,9484,5.80954,1.18562,NH3,16.34
159,0,0.0,0,45672,9320,45672,9320,5.70909,1.16512,NH3,15.89
160,0,0.0,0,44869,9157,44869,9157,5.60869,1.14463,NH3,15.44
161,0,0.0,0,44104,9000,44104,9000,5.51309,1.12512,NH3,15.01
162,0,0.0,0,43389,8855,43389,8855,5.42371,1.10688,NH3,14.61
163,0,0.0,0,42639,8702,42639,8702,5.32998,1.08775,NH3,14.19
164,0,0.0,0,41944,8560,41944,8560,5.243,1.07,NH3,13.81
165,0,0.0,0,41267,8422,41267,8422,5.15848,1.05275,NH3,13.43
166,0,0.0,0,40611,8288,40611,8288,5.0764,1.036,NH3,13.06
167,0,0.0,0,40008,8164,40008,8164,5.00104,1.02062,NH3,12.72
168,0,0.0,0,39415,8044,39415,8044,4.92695,1.0055,NH3,12.39
169,0,0.0,0,38852,7929,38852,7929,4.85654,0.99113,NH3,12.08
170,0,0.0,0,38278,7812,38278,7812,4.78485,0.9765,NH3,11.76
171,0,0.0,0,37769,7708,37769,7708,4.72115,0.9635,NH3,11.47
172,0,0.0,0,37293,7610,37293,7610,4.66171,0.95137,NH3,11.21
173,0,0.0,0,36755,7501,36755,7501,4.59439,0.93763,NH3,10.91
174,0,0.0,0,36260,7400,36260,7400,4.5325,0.925,NH3,10.63
175,0,0.0,0,35804,7307,35804,7307,4.47556,0.91338,NH3,10.37
176,0,0.0,0,35373,7219,35373,7219,4.42166,0.90238,NH3,10.13
177,0,0.0,0,34922,7126,34922,7126,4.36526,0.89087,NH3,9.88
178,0,0.0,0,34510,7043,34510,7043,4.31386,0.88038,NH3,9.65
179,0,0.0,0,34035,6946,34035,6946,4.25443,0.86825,NH3,9.39
180,0,0.0,0,33692,6876,33692,6876,4.21155,0.8595,NH3,9.19
181,0,0.0,0,33339,6804,33339,6804,4.16745,0.8505,NH3,9.0
182,0,0.0,0,32962,6727,32962,6727,4.12031,0.84088,NH3,8.79
183,0,0.0,0,32643,6662,32643,6662,4.08047,0.83275,NH3,8.61
184,0,0.0,0,32232,6578,32232,6578,4.02903,0.82225,NH3,8.38
185,0,0.0,0,31918,6514,31918,6514,3.98983,0.81425,NH3,8.2
186,0,0.0,0,31624,6454,31624,6454,3.95308,0.80675,NH3,8.04
187,0,0.0,0,31237,6375,31237,6375,3.90471,0.79688,NH3,7.82
188,0,0.0,0,30968,6320,30968,6320,3.871,0.79,NH3,7.67
189,0,0.0,0,30674,6260,30674,6260,3.83425,0.7825,NH3,7.51
190,0,0.0,0,30404,6205,30404,6205,3.80059,0.77563,NH3,7.36
191,0,0.0,0,30120,6147,30120,6147,3.76506,0.76838,NH3,7.2
192,0,0.0,0,29850,6092,29850,6092,3.73135,0.7615,NH3,7.05
193,0,0.0,0,29620,6044,29620,6044,3.70254,0.75562,NH3,6.92
194,0,0.0,0,29351,5990,29351,5990,3.66888,0.74875,NH3,6.77
195,0,0.0,0,29125,5944,29125,5944,3.6407,0.743,NH3,6.64
196,0,0.0,0,28910,5900,28910,5900,3.61375,0.7375,NH3,6.52
197,0,0.0,0,28674,5852,28674,5852,3.58435,0.7315,NH3,6.39
198,0,0.0,0,28464,5809,28464,5809,3.55804,0.72613,NH3,6.27
199,0,0.0,0,28219,5759,28219,5759,3.52741,0.71988,NH3,6.13
200,0,0.0,0,28033,5721,28033,5721,3.50414,0.71513,NH3,6.03
201,0,0.0,0,27817,5677,27817,5677,3.47719,0.70963,NH3,5.91
202,0,0.0,0,27626,5638,27626,5638,3.45328,0.70475,NH3,5.8
203,0,0.0,0,27440,5600,27440,5600,3.43,0.7,NH3,5.7
204,0,0.0,0,27263,5564,27263,5564,3.40795,0.6955,NH3,5.6
205,0,0.0,0,27077,5526,27077,5526,3.38468,0.69075,NH3,5.5
206,0,0.0,0,26895,5488,26895,5488,3.36199,0.68612,NH3,5.39
207,0,0.0,0,26763,5462,26763,5462,3.34547,0.68275,NH3,5.32
208,0,0.0,0,26558,5420,26558,5420,3.31975,0.6775,NH3,5.21
209,0,0.0,0,26425,5392,26425,5392,3.30319,0.67412,NH3,5.13
210,0,0.0,0,26264,5360,26264,5360,3.283,0.67,NH3,5.04
211,0,0.0,0,26136,5334,26136,5334,3.26708,0.66675,NH3,4.97
212,0,0.0,0,25960,5298,25960,5298,3.24503,0.66225,NH3,4.87
213,0,0.0,0,25847,5275,25847,5275,3.23096,0.65938,NH3,4.81
214,0,0.0,0,25685,5242,25685,5242,3.21073,0.65525,NH3,4.72
215,0,0.0,0,25558,5216,25558,5216,3.1948,0.652,NH3,4.65
216,0,0.0,0,25440,5192,25440,5192,3.1801,0.649,NH3,4.58
217,0,0.0,0,25303,5164,25303,5164,3.16295,0.6455,NH3,4.51
218,0,0.0,0,25195,5142,25195,5142,3.14948,0.64275,NH3,4.44
219,0,0.0,0,25082,5118,25082,5118,3.13536,0.63987,NH3,4.38
220,0,0.0,0,24965,5094,24965,5094,3.12066,0.63687,NH3,4.32
221,0,0.0,0,24857,5073,24857,5073,3.10724,0.63413,NH3,4.26
222,0,0.0,0,24754,5052,24754,5052,3.09435,0.6315,NH3,4.2
223,0,0.0,0,24632,5027,24632,5027,3.07906,0.62838,NH3,4.13
224,0,0.0,0,24519,5004,24519,5004,3.06495,0.6255,NH3,4.07
225,0,0.0,0,24411,4982,24411,4982,3.05148,0.62275,NH3,4.01
226,0,0.0,0,24338,4967,24338,4967,3.04231,0.62088,NH3,3.97
227,0,0.0,0,24249,4948,24249,4948,3.03124,0.61862,NH3,3.92
228,0,0.0,0,24162,4931,24162,4931,3.02026,0.61638,NH3,3.87
229,0,0.0,0,24078,4914,24078,4914,3.00983,0.61425,NH3,3.82
230,0,0.0,0,24010,4900,24010,4900,3.00125,0.6125,NH3,3.78
231,0,0.0,0,23917,4881,23917,4881,2.98964,0.61013,NH3,3.73
232,0,0.0,0,23843,4866,23843,4866,2.98042,0.60825,NH3,3.69
233,0,0.0,0,23760,4849,23760,4849,2.97004,0.60613,NH3,3.64
234,0,0.0,0,23667,4830,23667,4830,2.95838,0.60375,NH3,3.59
235,0,0.0,0,23598,4816,23598,4816,2.9498,0.602,NH3,3.55
236,0,0.0,0,23510,4798,23510,4798,2.93878,0.59975,NH3,3.5
237,0,0.0,0,23446,4785,23446,4785,2.93084,0.59813,NH3,3.47
238,0,0.0,0,23368,4769,23368,4769,2.92104,0.59613,NH3,3.42
239,0,0.0,0,23314,4758,23314,4758,2.91428,0.59475,NH3,3.39
240,0,0.0,0,23220,4738,23220,4738,2.90261,0.59237,NH3,3.34
241,0,0.0,0,23157,4726,23157,4726,2.89468,0.59075,NH3,3.31
242,0,0.0,0,23123,4719,23123,4719,2.89041,0.58988,NH3,3.29
243,0,0.0,0,23059,4706,23059,4706,2.88243,0.58825,NH3,3.25
244,0,0.0,0,22985,4690,22985,4690,2.87321,0.58637,NH3,3.21
245,0,0.0,0,22941,4682,22941,4682,2.86773,0.58525,NH3,3.18
246,0,0.0,0,22883,4670,22883,4670,2.86038,0.58375,NH3,3.15
247,0,0.0,0,22848,4663,22848,4663,2.85611,0.58288,NH3,3.13
248,0,0.0,0,22770,4647,22770,4647,2.84631,0.58088,NH3,3.09
249,0,0.0,0,22731,4639,22731,4639,2.84141,0.57988,NH3,3.07
0,0,3.3,255,19541,3988,19541,3988,2.44265,0.4985,NH3,1.28
1,0,3.3,255,20883,4262,20883,4262,2.61048,0.53275,NH3,2.03
2,0,3.3,255,22990,4692,22990,4692,2.87385,0.5865,NH3,3.21
3,0,3.3,255,25142,5131,25142,5131,3.14276,0.64138,NH3,4.41
4,0,3.3,255,27312,5574,27312,5574,3.41407,0.69675,NH3,5.63
5,0,3.3,255,29512,6022,29512,6022,3.68906,0.75287,NH3,6.86
6,0,3.3,255,31722,6474,31722,6474,3.96533,0.80925,NH3,8.09
7,0,3.3,255,33913,6921,33913,6921,4.23914,0.86513,NH3,9.32
8,0,3.3,255,36113,7370,36113,7370,4.51413,0.92125,NH3,10.55
9,0,3.3,255,38195,7794,38195,7794,4.77441,0.97437,NH3,11.71
10,0,3.3,255,40336,8232,40336,8232,5.0421,1.029,NH3,12.91
11,0,3.3,255,42389,8650,42389,8650,5.29871,1.08137,NH3,14.05
12,0,3.3,255,44423,9066,44423,9066,5.55293,1.13325,NH3,15.19
13,0,3.3,255,46383,9466,46383,9466,5.79793,1.18325,NH3,16.29
14,0,3.3,255,48308,9858,48308,9858,6.03861,1.23237,NH3,17.36
15,0,3.3,255,50200,10244,50200,10244,6.27504,1.28062,NH3,18.42
16,0,3.3,255,52043,10621,52043,10621,6.50539,1.32763,NH3,19.45
17,0,3.3,255,53767,10973,53767,10973,6.72099,1.37163,NH3,20.41
18,0,3.3,255,55477,11322,55477,11322,6.93473,1.41525,NH3,21.37
19,0,3.3,255,57094,11652,57094,11652,7.13685,1.4565,NH3,22.27
20,0,3.3,255,58658,11971,58658,11971,7.33226,1.49638,NH3,23.15
21,0,3.3,255,60172,12280,60172,12280,7.5215,1.535,NH3,23.99
22,0,3.3,255,61597,12570,61597,12570,7.69971,1.57137,NH3,24.79
23,0,3.3,255,63004,12858,63004,12858,7.87553,1.60725,NH3,25.58
24,0,3.3,255,64395,13142,64395,13142,8.04948,1.64275,NH3,26.35
25,0,3.3,255,65684,13404,65684,13404,8.21054,1.67562,NH3,27.07
26,0,3.3,255,66909,13654,66909,13654,8.36366,1.70687,NH3,27.76
27,0,3.3,255,68085,13894,68085,13894,8.51066,1.73687,NH3,28.42
28,0,3.3,255,69178,14118,69178,14118,8.64728,1.76475,NH3,29.03
29,0,3.3,255,70305,14348,70305,14348,8.78815,1.7935,NH3,29.66
30,0,3.3,255,71334,14558,71334,14558,8.91678,1.81975,NH3,30.23
31,0,3.3,255,72265,14748,72265,14748,9.03315,1.8435,NH3,30.75
32,0,3.3,255,73264,14952,73264,14952,9.1581,1.869,NH3,31.31
33,0,3.3,255,74137,15130,74137,15130,9.26713,1.89125,NH3,31.8
34,0,3.3,255,75072,15320,75072,15320,9.38409,1.91512,NH3,32.32
35,0,3.3,255,75846,15478,75846,15478,9.48086,1.93487,NH3,32.75
36,0,3.3,255,76616,15636,76616,15636,9.57705,1.9545,NH3,33.18
37,0,3.3,255,77405,15797,77405,15797,9.67569,1.97463,NH3,33.63
38,0,3.3,255,78101,15939,78101,15939,9.76266,1.99238,NH3,34.01
39,0,3.3,255,78737,16068,78737,16068,9.84224,2.00862,NH3,34.37
40,0,3.3,255,79414,16207,79414,16207,9.92681,2.02588,NH3,34.75
41,0,3.3,255,80036,16334,80036,16334,10.00458,2.04175,NH3,35.1
42,0,3.3,255,80590,16446,80590,16446,10.07376,2.05587,NH3,35.41
43,0,3.3,255,81095,16550,81095,16550,10.13688,2.06875,NH3,35.69
44,0,3.3,255,81673,16668,81673,16668,10.20915,2.0835,NH3,36.01
45,0,3.3,255,82128,16760,82128,16760,10.26609,2.09512,NH3,36.27
46,0,3.3,255,82560,16849,82560,16849,10.32004,2.10613,NH3,36.51
47,0,3.3,255,82996,16938,82996,16938,10.37453,2.11725,NH3,36.75
48,0,3.3,255,83441,17028,83441,17028,10.43024,2.12862,NH3,37.0
49,0,3.3,255,83794,17100,83794,17100,10.47434,2.13762,NH3,37.2
50,0,3.3,255,84182,17180,84182,17180,10.52275,2.1475,NH3,37.41
51,0,3.3,255,84559,17257,84559,17257,10.56994,2.15713,NH3,37.62
52,0,3.3,255,84887,17324,84887,17324,10.61095,2.1655,NH3,37.81
53,0,3.3,255,85171,17382,85171,17382,10.64648,2.17275,NH3,37.97
54,0,3.3,255,85426,17434,85426,17434,10.67833,2.17925,NH3,38.11
55,0,3.3,255,85715,17492,85715,17492,10.71444,2.18662,NH3,38.27
56,0,3.3,255,85970,17545,85970,17545,10.74634,2.19313,NH3,38.41
57,0,3.3,255,86210,17594,86210,17594,10.77633,2.19925,NH3,38.55
58,0,3.3,255,86416,17636,86416,17636,10.80205,2.2045,NH3,38.66
59,0,3.3,255,86592,17672,86592,17672,10.8241,2.209,NH3,38.76
60,0,3.3,255,86793,17713,86793,17713,10.84924,2.21413,NH3,38.87
61,0,3.3,255,87014,17758,87014,17758,10.87678,2.21975,NH3,39.0
62,0,3.3,255,87146,17785,87146,17785,10.89334,2.22313,NH3,39.07
63,0,3.3,255,87298,17816,87298,17816,10.9123,2.227,NH3,39.15
64,0,3.3,255,87391,17835,87391,17835,10.92396,2.22938,NH3,39.21
65,0,3.3,255,87528,17862,87528,17862,10.94106,2.23287,NH3,39.28
66,0,3.3,255,87690,17896,87690,17896,10.9613,2.237,NH3,39.37
67,0,3.3,255,87798,17918,87798,17918,10.97478,2.23975,NH3,39.43
68,0,3.3,255,87906,17940,87906,17940,10.98825,2.2425,NH3,39.49
69,0,3.3,255,87945,17948,87945,17948,10.99315,2.2435,NH3,39.52
70,0,3.3,255,88087,17977,88087,17977,11.01094,2.24713,NH3,39.6
71,0,3.3,255,88160,17992,88160,17992,11.0201,2.249,NH3,39.64
72,0,3.3,255,88224,18004,88224,18004,11.02804,2.25062,NH3,39.67
73,0,3.3,255,88244,18009,88244,18009,11.03054,2.25113,NH3,39.68
74,0,3.3,255,88312,18022,88312,18022,11.03906,2.25287,NH3,39.72
75,0,3.3,255,88430,18047,88430,18047,11.05381,2.25588,NH3,39.79
76,0,3.3,255,88445,18050,88445,18050,11.05563,2.25625,NH3,39.8
77,0,3.3,255,88543,18070,88543,18070,11.06788,2.25875,NH3,39.85
78,0,3.3,255,88494,18060,88494,18060,11.06175,2.2575,NH3,39.82
79,0,3.3,255,88552,18072,88552,18072,11.0691,2.259,NH3,39.86
80,0,3.3,255,88611,18084,88611,18084,11.07645,2.2605,NH3,39.89
81,0,3.3,255,88650,18092,88650,18092,11.08135,2.2615,NH3,39.91
82,0,3.3,255,88655,18092,88655,18092,11.08194,2.26162,NH3,39.91
83,0,3.3,255,88621,18086,88621,18086,11.07767,2.26075,NH3,39.89
84,0,3.3,255,88660,18094,88660,18094,11.08258,2.26175,NH3,39.92
85,0,3.3,255,88724,18106,88724,18106,11.09051,2.26337,NH3,39.95
86,0,3.3,255,88734,18109,88734,18109,11.09179,2.26363,NH3,39.96
87,0,3.3,255,88748,18112,88748,18112,11.0936,2.264,NH3,39.97
88,0,3.3,255,88704,18103,88704,18103,11.08811,2.26288,NH3,39.94
89,0,3.3,255,88704,18103,88704,18103,11.08811,2.26288,NH3,39.94
90,0,3.3,255,88768,18116,88768,18116,11.09605,2.2645,NH3,39.98
91,0,3.3,255,88753,18112,88753,18112,11.09419,2.26412,NH3,39.97
92,0,3.3,255,88709,18104,88709,18104,11.0887,2.263,NH3,39.94
93,0,3.3,255,88758,18114,88758,18114,11.09483,2.26425,NH3,39.97
94,0,3.3,255,88660,18094,88660,18094,11.08258,2.26175,NH3,39.92
95,0,3.3,255,88694,18100,88694,18100,11.08684,2.26262,NH3,39.94
96,0,3.3,255,88724,18106,88724,18106,11.09051,2.26337,NH3,39.95
97,0,3.3,255,88601,18082,88601,18082,11.07523,2.26025,NH3,39.88
98,0,3.3,255,88582,18078,88582,18078,11.07278,2.25975,NH3,39.87
99,0,3.3,255,88601,18082,88601,18082,11.07523,2.26025,NH3,39.88
100,0,3.3,255,88616,18085,88616,18085,11.07709,2.26063,NH3,39.89
101,0,3.3,255,88621,18086,88621,18086,11.07767,2.26075,NH3,39.89
102,0,3.3,255,88572,18076,88572,18076,11.07155,2.2595,NH3,39.87
103,0,3.3,255,88503,18062,88503,18062,11.06298,2.25775,NH3,39.83
104,0,3.3,255,88489,18059,88489,18059,11.06116,2.25738,NH3,39.82
105,0,3.3,255,88537,18068,88537,18068,11.06724,2.25862,NH3,39.85
106,0,3.3,255,88508,18062,88508,18062,11.06356,2.25787,NH3,39.83
107,0,3.3,255,88508,18062,88508,18062,11.06356,2.25787,NH3,39.83
108,0,3.3,255,88464,18054,88464,18054,11.05808,2.25675,NH3,39.81
109,0,3.3,255,88449,18050,88449,18050,11.05621,2.25637,NH3,39.8
110,0,3.3,255,88503,18062,88503,18062,11.06298,2.25775,NH3,39.83
111,0,3.3,255,88528,18067,88528,18067,11.06606,2.25838,NH3,39.84
112,0,3.3,255,88479,18056,88479,18056,11.05989,2.25712,NH3,39.81
113,0,3.3,255,88449,18050,88449,18050,11.05621,2.25637,NH3,39.8
114,0,3.3,255,88361,18033,88361,18033,11.04524,2.25413,NH3,39.75
115,0,3.3,255,88351,18030,88351,18030,11.04396,2.25387,NH3,39.74
116,0,3.3,255,88391,18039,88391,18039,11.04891,2.25488,NH3,39.77
117,0,3.3,255,88307,18022,88307,18022,11.03848,2.25275,NH3,39.72
118,0,3.3,255,88263,18013,88263,18013,11.03299,2.25163,NH3,39.69
119,0,3.3,255,88253,18010,88253,18010,11.03171,2.25137,NH3,39.69
120,0,3.3,255,88258,18012,88258,18012,11.03235,2.2515,NH3,39.69
121,0,3.3,255,88249,18010,88249,18010,11.03113,2.25125,NH3,39.69
122,0,3.3,255,88146,17989,88146,17989,11.01829,2.24863,NH3,39.63
123,0,3.3,255,88146,17989,88146,17989,11.01829,2.24863,NH3,39.63
124,0,3.3,255,88180,17996,88180,17996,11.02255,2.2495,NH3,39.65
125,0,0.0,0,103051,21030,103051,21030,12.88146,2.62887,NH3,47.96
126,0,0.0,0,100905,20592,100905,20592,12.61319,2.57412,NH3,46.76
127,0,0.0,0,98053,20010,98053,20010,12.25671,2.50137,NH3,45.17
128,0,0.0,0,95285,19446,95285,19446,11.91068,2.43075,NH3,43.62
129,0,0.0,0,92619,18902,92619,18902,11.57748,2.36275,NH3,42.13
130,0,0.0,0,90037,18375,90037,18375,11.25471,2.29688,NH3,40.69
131,0,0.0,0,87538,17864,87538,17864,10.94229,2.23312,NH3,39.29
132,0,0.0,0,85122,17372,85122,17372,10.64035,2.1715,NH3,37.94
133,0,0.0,0,82819,16902,82819,16902,10.35248,2.11275,NH3,36.65
134,0,0.0,0,80575,16444,80575,16444,10.07195,2.0555,NH3,35.4
135,0,0.0,0,78453,16010,78453,16010,9.80671,2.00137,NH3,34.21
136,0,0.0,0,76361,15584,76361,15584,9.5452,1.948,NH3,33.04
137,0,0.0,0,74382,15180,74382,15180,9.29775,1.8975,NH3,31.94
138,0,0.0,0,72480,14792,72480,14792,9.0601,1.849,NH3,30.87
139,0,0.0,0,70609,14410,70609,14410,8.82613,1.80125,NH3,29.83
140,0,0.0,0,68820,14044,68820,14044,8.60254,1.75562,NH3,28.83
141,0,0.0,0,67139,13702,67139,13702,8.39248,1.71275,NH3,27.89
142,0,0.0,0,65503,13368,65503,13368,8.1879,1.671,NH3,26.97
143,0,0.0,0,63925,13046,63925,13046,7.99068,1.63075,NH3,26.09
144,0,0.0,0,62406,12736,62406,12736,7.8008,1.592,NH3,25.24
145,0,0.0,0,60956,12440,60956,12440,7.6195,1.555,NH3,24.43
146,0,0.0,0,59579,12159,59579,12159,7.44741,1.51988,NH3,23.66
147,0,0.0,0,58226,11882,58226,11882,7.27831,1.48537,NH3,22.91
148,0,0.0,0,56957,11624,56957,11624,7.1197,1.453,NH3,22.2
149,0,0.0,0,55718,11371,55718,11371,6.96476,1.42138,NH3,21.5
150,0,0.0,0,54542,11131,54542,11131,6.81776,1.39138,NH3,20.85
151,0,0.0,0,53385,10894,53385,10894,6.67316,1.36187,NH3,20.2
152,0,0.0,0,52317,10676,52317,10676,6.53964,1.33462,NH3,19.6
153,0,0.0,0,51263,10462,51263,10462,6.40798,1.30775,NH3,19.01
154,0,0.0,0,50264,10258,50264,10258,6.28303,1.28225,NH3,18.46
155,0,0.0,0,49298,10060,49298,10060,6.16234,1.25762,NH3,17.92
156,0,0.0,0,48362,9870,48362,9870,6.04537,1.23375,NH3,17.39
157,0,0.0,0,47481,9690,47481,9690,5.93513,1.21125,NH3,16.9
158,0,0.0,0,46618,9514,46618,9514,5.82733,1.18925,NH3,16.42
159,0,0.0,0,45770,9340,45770,9340,5.72134,1.16762,NH3,15.94
160,0,0.0,0,44957,9175,44957,9175,5.61971,1.14688,NH3,15.49
161,0,0.0,0,44178,9016,44178,9016,5.5223,1.127,NH3,15.05
162,0,0.0,0,43448,8867,43448,8867,5.43106,1.10838,NH3,14.65
163,0,0.0,0,42708,8716,42708,8716,5.33855,1.0895,NH3,14.23
164,0,0.0,0,42042,8580,42042,8580,5.25525,1.0725,NH3,13.86
165,0,0.0,0,41365,8442,41365,8442,5.17073,1.05525,NH3,13.48
166,0,0.0,0,40709,8308,40709,8308,5.08865,1.0385,NH3,13.12
167,0,0.0,0,40106,8185,40106,8185,5.01334,1.02313,NH3,12.78
168,0,0.0,0,39508,8063,39508,8063,4.93861,1.00788,NH3,12.44
169,0,0.0,0,38940,7947,38940,7947,4.86756,0.99338,NH3,12.13
170,0,0.0,0,38376,7832,38376,7832,4.7971,0.979,NH3,11.81
171,0,0.0,0,37872,7729,37872,7729,4.73404,0.96613,NH3,11.53
172,0,0.0,0,37328,7618,37328,7618,4.66603,0.95225,NH3,11.23
173,0,0.0,0,36872,7525,36872,7525,4.60909,0.94063,NH3,10.97
174,0,0.0,0,36397,7428,36397,7428,4.54965,0.9285,NH3,10.71
175,0,0.0,0,35911,7328,35911,7328,4.48899,0.91612,NH3,10.43
176,0,0.0,0,35461,7237,35461,7237,4.43269,0.90463,NH3,10.18
177,0,0.0,0,35020,7147,35020,7147,4.37756,0.89338,NH3,9.94
178,0,0.0,0,34608,7062,34608,7062,4.32606,0.88287,NH3,9.71
179,0,0.0,0,34192,6978,34192,6978,4.27402,0.87225,NH3,9.47
180,0,0.0,0,33819,6902,33819,6902,4.22748,0.86275,NH3,9.26
181,0,0.0,0,33427,6822,33427,6822,4.17848,0.85275,NH3,9.05
182,0,0.0,0,33060,6746,33060,6746,4.13251,0.84337,NH3,8.84
183,0,0.0,0,32722,6678,32722,6678,4.09028,0.83475,NH3,8.65
184,0,0.0,0,32393,6610,32393,6610,4.04921,0.82637,NH3,8.47
185,0,0.0,0,32055,6542,32055,6542,4.00698,0.81775,NH3,8.28
186,0,0.0,0,31727,6475,31727,6475,3.96596,0.80938,NH3,8.1
187,0,0.0,0,31414,6411,31414,6411,3.92676,0.80138,NH3,7.92
188,0,0.0,0,31124,6352,31124,6352,3.8906,0.794,NH3,7.76
189,0,0.0,0,30835,6293,30835,6293,3.85449,0.78663,NH3,7.6
190,0,0.0,0,30561,6237,30561,6237,3.82019,0.77963,NH3,7.44
191,0,0.0,0,30272,6178,30272,6178,3.78403,0.77225,NH3,7.28
192,0,0.0,0,30017,6126,30017,6126,3.75218,0.76575,NH3,7.14
193,0,0.0,0,29782,6078,29782,6078,3.72278,0.75975,NH3,7.01
194,0,0.0,0,29493,6019,29493,6019,3.68666,0.75238,NH3,6.85
195,0,0.0,0,29267,5972,29267,5972,3.65844,0.74662,NH3,6.72
196,0,0.0,0,29032,5924,29032,5924,3.62904,0.74062,NH3,6.59
197,0,0.0,0,28802,5878,28802,5878,3.60028,0.73475,NH3,6.46
198,0,0.0,0,28576,5832,28576,5832,3.5721,0.729,NH3,6.33
199,0,0.0,0,28361,5788,28361,5788,3.54515,0.7235,NH3,6.21
200,0,0.0,0,28180,5751,28180,5751,3.52251,0.71888,NH3,6.11
201,0,0.0,0,27988,5712,27988,5712,3.4986,0.714,NH3,6.01
202,0,0.0,0,27783,5670,27783,5670,3.47288,0.70875,NH3,5.89
203,0,0.0,0,27592,5631,27592,5631,3.44901,0.70388,NH3,5.78
204,0,0.0,0,27405,5592,27405,5592,3.42569,0.69912,NH3,5.68
205,0,0.0,0,27239,5559,27239,5559,3.40491,0.69488,NH3,5.59
206,0,0.0,0,27057,5522,27057,5522,3.38223,0.69025,NH3,5.49
207,0,0.0,0,26881,5486,26881,5486,3.36017,0.68575,NH3,5.39
208,0,0.0,0,26729,5455,26729,5455,3.34121,0.68188,NH3,5.3
209,0,0.0,0,26587,5426,26587,5426,3.32343,0.67825,NH3,5.22
210,0,0.0,0,26460,5400,26460,5400,3.3075,0.675,NH3,5.15
211,0,0.0,0,26303,5368,26303,5368,3.2879,0.671,NH3,5.06
212,0,0.0,0,26141,5334,26141,5334,3.26766,0.66687,NH3,4.97
213,0,0.0,0,26018,5310,26018,5310,3.25237,0.66375,NH3,4.9
214,0,0.0,0,25872,5280,25872,5280,3.234,0.66,NH3,4.82
215,0,0.0,0,25725,5250,25725,5250,3.21563,0.65625,NH3,4.74
216,0,0.0,0,25607,5226,25607,5226,3.20093,0.65325,NH3,4.67
217,0,0.0,0,25460,5196,25460,5196,3.18255,0.6495,NH3,4.59
218,0,0.0,0,25352,5174,25352,5174,3.16908,0.64675,NH3,4.53
219,0,0.0,0,25249,5153,25249,5153,3.15624,0.64413,NH3,4.48
220,0,0.0,0,25132,5129,25132,5129,3.14154,0.64113,NH3,4.41
221,0,0.0,0,25014,5105,25014,5105,3.12684,0.63813,NH3,4.34
222,0,0.0,0,24897,5081,24897,5081,3.11214,0.63513,NH3,4.28
223,0,0.0,0,24837,5068,24837,5068,3.10474,0.63362,NH3,4.24
224,0,0.0,0,24715,5044,24715,5044,3.08945,0.6305,NH3,4.18
225,0,0.0,0,24588,5018,24588,5018,3.07353,0.62725,NH3,4.11
226,0,0.0,0,24494,4998,24494,4998,3.06186,0.62487,NH3,4.05
227,0,0.0,0,24421,4984,24421,4984,3.0527,0.623,NH3,4.01
228,0,0.0,0,24313,4962,24313,4962,3.03923,0.62025,NH3,3.95
229,0,0.0,0,24225,4944,24225,4944,3.0282,0.618,NH3,3.9
230,0,0.0,0,24162,4931,24162,4931,3.02026,0.61638,NH3,3.87
231,0,0.0,0,24078,4914,24078,4914,3.00983,0.61425,NH3,3.82
232,0,0.0,0,23990,4896,23990,4896,2.9988,0.612,NH3,3.77
233,0,0.0,0,23912,4880,23912,4880,2.989,0.61,NH3,3.73
234,0,0.0,0,23833,4864,23833,4864,2.9792,0.608,NH3,3.68
235,0,0.0,0,23745,4846,23745,4846,2.96818,0.60575,NH3,3.63
236,0,0.0,0,23701,4836,23701,4836,2.96264,0.60462,NH3,3.61
237,0,0.0,0,23612,4818,23612,4818,2.95161,0.60237,NH3,3.56
238,0,0.0,0,23539,4804,23539,4804,2.94245,0.6005,NH3,3.52
239,0,0.0,0,23456,4786,23456,4786,2.93201,0.59837,NH3,3.47
240,0,0.0,0,23412,4778,23412,4778,2.92652,0.59725,NH3,3.45
241,0,0.0,0,23348,4764,23348,4764,2.91854,0.59562,NH3,3.41
242,0,0.0,0,23280,4751,23280,4751,2.91001,0.59388,NH3,3.37
243,0,0.0,0,23220,4738,23220,4738,2.90261,0.59237,NH3,3.34
244,0,0.0,0,23172,4729,23172,4729,2.89654,0.59113,NH3,3.31
245,0,0.0,0,23118,4718,23118,4718,2.88978,0.58975,NH3,3.28
246,0,0.0,0,23059,4706,23059,4706,2.88243,0.58825,NH3,3.25
247,0,0.0,0,23005,4695,23005,4695,2.87571,0.58688,NH3,3.22
248,0,0.0,0,22976,4689,22976,4689,2.87204,0.58613,NH3,3.2
249,0,0.0,0,22912,4676,22912,4676,2.86405,0.5845,NH3,3.17
0,0,3.3,255,19693,4019,19693,4019,2.46166,0.50238,NH3,1.37
1,0,3.3,255,21055,4296,21055,4296,2.63189,0.53712,NH3,2.13
2,0,3.3,255,23108,4716,23108,4716,2.88855,0.5895,NH3,3.28
3,0,3.3,255,25239,5150,25239,5150,3.15496,0.64387,NH3,4.47
4,0,3.3,255,27400,5592,27400,5592,3.4251,0.699,NH3,5.68
5,0,3.3,255,29610,6043,29610,6043,3.70136,0.75538,NH3,6.91
6,0,3.3,255,31776,6485,31776,6485,3.97209,0.81063,NH3,8.12
7,0,3.3,255,34020,6943,34020,6943,4.25261,0.86788,NH3,9.38
8,0,3.3,255,36078,7363,36078,7363,4.50986,0.92038,NH3,10.53
9,0,3.3,255,38156,7786,38156,7786,4.76951,0.97337,NH3,11.69
10,0,3.3,255,40199,8204,40199,8204,5.02495,1.0255,NH3,12.83
11,0,3.3,255,42183,8608,42183,8608,5.27299,1.07612,NH3,13.94
12,0,3.3,255,44139,9008,44139,9008,5.5174,1.126,NH3,15.03
13,0,3.3,255,46069,9402,46069,9402,5.75873,1.17525,NH3,16.11
14,0,3.3,255,47922,9780,47922,9780,5.99025,1.2225,NH3,17.15
15,0,3.3,255,49759,10154,49759,10154,6.21991,1.26937,NH3,18.17
16,0,3.3,255,51553,10521,51553,10521,6.44414,1.31513,NH3,19.18
17,0,3.3,255,53248,10867,53248,10867,6.65606,1.35838,NH3,20.12
18,0,3.3,255,54840,11192,54840,11192,6.8551,1.399,NH3,21.01
19,0,3.3,255,56443,11519,56443,11519,7.05541,1.43988,NH3,21.91
20,0,3.3,255,58011,11839,58011,11839,7.25141,1.47988,NH3,22.79
21,0,3.3,255,59451,12132,59451,12132,7.43144,1.51662,NH3,23.59
22,0,3.3,255,61005,12450,61005,12450,7.62563,1.55625,NH3,24.46
23,0,3.3,255,62293,12712,62293,12712,7.78669,1.58912,NH3,25.18
24,0,3.3,255,63562,12972,63562,12972,7.94535,1.6215,NH3,25.89
25,0,3.3,255,64817,13228,64817,13228,8.10215,1.6535,NH3,26.59
26,0,3.3,255,66100,13490,66100,13490,8.26262,1.68625,NH3,27.31
27,0,3.3,255,67252,13724,67252,13724,8.40654,1.71562,NH3,27.95
28,0,3.3,255,68355,13950,68355,13950,8.54438,1.74375,NH3,28.57
29,0,3.3,255,69433,14170,69433,14170,8.67913,1.77125,NH3,29.17
30,0,3.3,255,70403,14368,70403,14368,8.8004,1.796,NH3,29.71
31,0,3.3,255,71427,14576,71427,14576,8.92839,1.82212,NH3,30.28
32,0,3.3,255,72309,14756,72309,14756,9.03864,1.84462,NH3,30.78
33,0,3.3,255,73245,14948,73245,14948,9.15565,1.8685,NH3,31.3
34,0,3.3,255,74127,15128,74127,15128,9.2659,1.891,NH3,31.79
35,0,3.3,255,74915,15288,74915,15288,9.36449,1.91112,NH3,32.23
36,0,3.3,255,75626,15434,75626,15434,9.45332,1.92925,NH3,32.63
37,0,3.3,255,76430,15598,76430,15598,9.55378,1.94975,NH3,33.08
38,0,3.3,255,77091,15733,77091,15733,9.63649,1.96663,NH3,33.45
39,0,3.3,255,77802,15878,77802,15878,9.72527,1.98475,NH3,33.85
40,0,3.3,255,78439,16008,78439,16008,9.8049,2.001,NH3,34.2
41,0,3.3,255,79042,16131,79042,16131,9.88026,2.01638,NH3,34.54
42,0,3.3,255,79605,16245,79605,16245,9.95068,2.03075,NH3,34.86
43,0,3.3,255,80139,16355,80139,16355,10.01746,2.04438,NH3,35.15
44,0,3.3,255,80619,16452,80619,16452,10.07744,2.05662,NH3,35.42
45,0,3.3,255,81144,16560,81144,16560,10.143,2.07,NH3,35.72
46,0,3.3,255,81580,16649,81580,16649,10.19754,2.08113,NH3,35.96
47,0,3.3,255,82045,16744,82045,16744,10.2557,2.093,NH3,36.22
48,0,3.3,255,82403,16817,82403,16817,10.30044,2.10213,NH3,36.42
49,0,3.3,255,82859,16910,82859,16910,10.35738,2.11375,NH3,36.67
50,0,3.3,255,83207,16981,83207,16981,10.40089,2.12263,NH3,36.87
51,0,3.3,255,83539,17048,83539,17048,10.44249,2.13112,NH3,37.05
52,0,3.3,255,83863,17114,83863,17114,10.48291,2.13937,NH3,37.23
53,0,3.3,255,84235,17190,84235,17190,10.52946,2.14887,NH3,37.44
54,0,3.3,255,84515,17248,84515,17248,10.5644,2.156,NH3,37.6
55,0,3.3,255,84799,17306,84799,17306,10.59993,2.16325,NH3,37.76
56,0,3.3,255,85005,17348,85005,17348,10.62565,2.1685,NH3,37.87
57,0,3.3,255,85274,17402,85274,17402,10.65931,2.17537,NH3,38.02
58,0,3.3,255,85563,17462,85563,17462,10.69548,2.18275,NH3,38.19
59,0,3.3,255,85784,17507,85784,17507,10.72306,2.18838,NH3,38.31
60,0,3.3,255,85965,17544,85965,17544,10.7457,2.193,NH3,38.41
61,0,3.3,255,86117,17574,86117,17574,10.76466,2.19687,NH3,38.49
62,0,3.3,255,86308,17614,86308,17614,10.78858,2.20175,NH3,38.6
63,0,3.3,255,86543,17662,86543,17662,10.81798,2.20775,NH3,38.73
64,0,3.3,255,86681,17690,86681,17690,10.83513,2.21125,NH3,38.81
65,0,3.3,255,86833,17721,86833,17721,10.85414,2.21513,NH3,38.89
66,0,3.3,255,86935,17742,86935,17742,10.86698,2.21775,NH3,38.95
67,0,3.3,255,87107,17777,87107,17777,10.88844,2.22213,NH3,39.05
68,0,3.3,255,87210,17798,87210,17798,10.90128,2.22475,NH3,39.11
69,0,3.3,255,87234,17803,87234,17803,10.90436,2.22538,NH3,39.12
70,0,3.3,255,87396,17836,87396,17836,10.92455,2.2295,NH3,39.21
71,0,3.3,255,87528,17862,87528,17862,10.94106,2.23287,NH3,39.28
72,0,3.3,255,87612,17880,87612,17880,10.9515,2.235,NH3,39.33
73,0,3.3,255,87670,17892,87670,17892,10.95885,2.2365,NH3,39.36
74,0,3.3,255,87764,17911,87764,17911,10.97051,2.23888,NH3,39.42
75,0,3.3,255,87886,17936,87886,17936,10.9858,2.242,NH3,39.48
76,0,3.3,255,87979,17954,87979,17954,10.99741,2.24437,NH3,39.54
77,0,3.3,255,87954,17950,87954,17950,10.99437,2.24375,NH3,39.52
78,0,3.3,255,88023,17964,88023,17964,11.00295,2.2455,NH3,39.56
79,0,3.3,255,88102,17980,88102,17980,11.01275,2.2475,NH3,39.6
80,0,3.3,255,88107,17981,88107,17981,11.01339,2.24763,NH3,39.61
81,0,3.3,255,88200,18000,88200,18000,11.025,2.25,NH3,39.66
82,0,3.3,255,88239,18008,88239,18008,11.0299,2.251,NH3,39.68
83,0,3.3,255,88268,18014,88268,18014,11.03358,2.25175,NH3,39.7
84,0,3.3,255,88307,18022,88307,18022,11.03848,2.25275,NH3,39.72
85,0,3.3,255,88268,18014,88268,18014,11.03358,2.25175,NH3,39.7
86,0,3.3,255,88288,18018,88288,18018,11.03603,2.25225,NH3,39.71
87,0,3.3,255,88356,18032,88356,18032,11.0446,2.254,NH3,39.75
88,0,3.3,255,88405,18042,88405,18042,11.05073,2.25525,NH3,39.77
89,0,3.3,255,88312,18022,88312,18022,11.03906,2.25287,NH3,39.72
90,0,3.3,255,88337,18028,88337,18028,11.04215,2.2535,NH3,39.74
91,0,3.3,255,88366,18034,88366,18034,11.04583,2.25425,NH3,39.75
92,0,3.3,255,88347,18030,88347,18030,11.04338,2.25375,NH3,39.74
93,0,3.3,255,88381,18036,88381,18036,11.04764,2.25462,NH3,39.76
94,0,3.3,255,88405,18042,88405,18042,11.05073,2.25525,NH3,39.77
95,0,3.3,255,88435,18048,88435,18048,11.0544,2.256,NH3,39.79
96,0,3.3,255,88351,18030,88351,18030,11.04396,2.25387,NH3,39.74
97,0,3.3,255,88425,18046,88425,18046,11.05318,2.25575,NH3,39.78
98,0,3.3,255,88376,18036,88376,18036,11.04705,2.2545,NH3,39.76
99,0,3.3,255,88366,18034,88366,18034,11.04583,2.25425,NH3,39.75
100,0,3.3,255,88283,18016,88283,18016,11.03539,2.25212,NH3,39.71
101,0,3.3,255,88062,17972,88062,17972,11.00785,2.2465,NH3,39.58
102,0,3.3,255,88160,17992,88160,17992,11.0201,2.249,NH3,39.64
103,0,3.3,255,88263,18013,88263,18013,11.03299,2.25163,NH3,39.69
104,0,3.3,255,88249,18010,88249,18010,11.03113,2.25125,NH3,39.69
105,0,3.3,255,88356,18032,88356,18032,11.0446,2.254,NH3,39.75
106,0,3.3,255,88376,18036,88376,18036,11.04705,2.2545,NH3,39.76
107,0,3.3,255,88454,18052,88454,18052,11.05685,2.2565,NH3,39.8
108,0,3.3,255,88567,18074,88567,18074,11.07091,2.25937,NH3,39.86
109,0,3.3,255,88631,18088,88631,18088,11.0789,2.261,NH3,39.9
110,0,3.3,255,88616,18085,88616,18085,11.07709,2.26063,NH3,39.89
111,0,3.3,255,88655,18092,88655,18092,11.08194,2.26162,NH3,39.91
112,0,3.3,255,88778,18118,88778,18118,11.09727,2.26475,NH3,39.98
113,0,3.3,255,88807,18124,88807,18124,11.10095,2.2655,NH3,40.0
114,0,3.3,255,88827,18128,88827,18128,11.1034,2.266,NH3,40.01
115,0,3.3,255,88782,18118,88782,18118,11.09786,2.26487,NH3,39.98
116,0,3.3,255,88802,18123,88802,18123,11.10036,2.26538,NH3,40.0
117,0,3.3,255,88871,18137,88871,18137,11.10894,2.26713,NH3,40.03
118,0,3.3,255,88920,18146,88920,18146,11.11501,2.26837,NH3,40.06
119,0,3.3,255,88949,18152,88949,18152,11.11869,2.26912,NH3,40.08
120,0,3.3,255,88915,18146,88915,18146,11.11443,2.26825,NH3,40.06
121,0,3.3,255,88871,18137,88871,18137,11.10894,2.26713,NH3,40.03
122,0,3.3,255,88915,18146,88915,18146,11.11443,2.26825,NH3,40.06
123,0,3.3,255,88959,18155,88959,18155,11.11996,2.26938,NH3,40.08
124,0,3.3,255,88989,18161,88989,18161,11.12364,2.27013,NH3,40.1
125,0,0.0,0,104242,21274,104242,21274,13.03033,2.65925,NH3,48.63
126,0,0.0,0,102081,20832,102081,20832,12.76019,2.60412,NH3,47.42
127,0,0.0,0,99239,20253,99239,20253,12.40499,2.53163,NH3,45.83
128,0,0.0,0,96456,19684,96456,19684,12.05704,2.46062,NH3,44.27
129,0,0.0,0,93780,19138,93780,19138,11.72261,2.39237,NH3,42.78
130,0,0.0,0,91198,18612,91198,18612,11.39985,2.3265,NH3,41.33
131,0,0.0,0,88704,18103,88704,18103,11.08811,2.26288,NH3,39.94
132,0,0.0,0,86269,17606,86269,17606,10.78368,2.20075,NH3,38.58
133,0,0.0,0,83971,17137,83971,17137,10.49644,2.14213,NH3,37.3
134,0,0.0,0,81663,16666,81663,16666,10.20793,2.08325,NH3,36.01
135,0,0.0,0,79507,16226,79507,16226,9.93843,2.02825,NH3,34.8
136,0,0.0,0,77425,15801,77425,15801,9.67814,1.97513,NH3,33.64
137,0,0.0,0,75420,15392,75420,15392,9.4276,1.924,NH3,32.52
138,0,0.0,0,73465,14993,73465,14993,9.18324,1.87413,NH3,31.42
139,0,0.0,0,71608,14614,71608,14614,8.95108,1.82675,NH3,30.39
140,0,0.0,0,69829,14250,69829,14250,8.72871,1.78137,NH3,29.39
141,0,0.0,0,68168,13912,68168,13912,8.5211,1.739,NH3,28.46
142,0,0.0,0,66458,13563,66458,13563,8.30736,1.69538,NH3,27.51
143,0,0.0,0,64880,13240,64880,13240,8.11009,1.65512,NH3,26.63
144,0,0.0,0,63347,12928,63347,12928,7.9184,1.616,NH3,25.77
145,0,0.0,0,61896,12632,61896,12632,7.7371,1.579,NH3,24.96
146,0,0.0,0,60466,12340,60466,12340,7.55825,1.5425,NH3,24.16
147,0,0.0,0,59108,12063,59108,12063,7.38861,1.50788,NH3,23.4
148,0,0.0,0,57854,11807,57854,11807,7.23181,1.47588,NH3,22.7
149,0,0.0,0,56589,11548,56589,11548,7.07374,1.44362,NH3,21.99
150,0,0.0,0,55413,11308,55413,11308,6.92674,1.41362,NH3,21.33
151,0,0.0,0,54228,11067,54228,11067,6.77856,1.38338,NH3,20.67
152,0,0.0,0,53120,10840,53120,10840,6.64009,1.35512,NH3,20.05
153,0,0.0,0,52072,10627,52072,10627,6.50906,1.32838,NH3,19.47
154,0,0.0,0,51018,10412,51018,10412,6.37735,1.3015,NH3,18.88
155,0,0.0,0,50029,10210,50029,10210,6.25363,1.27625,NH3,18.32
156,0,0.0,0,49117,10024,49117,10024,6.1397,1.253,NH3,17.82
157,0,0.0,0,48167,9830,48167,9830,6.02088,1.22875,NH3,17.28
158,0,0.0,0,47314,9656,47314,9656,5.9143,1.207,NH3,16.81
159,0,0.0,0,46471,9484,46471,9484,5.80895,1.1855,NH3,16.34
160,0,0.0,0,45648,9316,45648,9316,5.70605,1.1645,NH3,15.88
161,0,0.0,0,44893,9162,44893,9162,5.61173,1.14525,NH3,15.45
162,0,0.0,0,44139,9008,44139,9008,5.5174,1.126,NH3,15.03
163,0,0.0,0,43414,8860,43414,8860,5.42675,1.1075,NH3,14.63
164,0,0.0,0,42684,8711,42684,8711,5.33551,1.08888,NH3,14.22
165,0,0.0,0,42032,8578,42032,8578,5.25403,1.07225,NH3,13.85
166,0,0.0,0,41385,8446,41385,8446,5.17318,1.05575,NH3,13.49
167,0,0.0,0,40758,8318,40758,8318,5.09478,1.03975,NH3,13.14
168,0,0.0,0,40160,8196,40160,8196,5.02005,1.0245,NH3,12.81
169,0,0.0,0,39552,8071,39552,8071,4.9441,1.009,NH3,12.47
170,0,0.0,0,38989,7956,38989,7956,4.87364,0.99462,NH3,12.15
171,0,0.0,0,38455,7848,38455,7848,4.8069,0.981,NH3,11.86
172,0,0.0,0,37940,7743,37940,7743,4.74261,0.96788,NH3,11.57
173,0,0.0,0,37431,7639,37431,7639,4.67891,0.95488,NH3,11.28
174,0,0.0,0,36931,7536,36931,7536,4.61639,0.94212,NH3,11.0
175,0,0.0,0,36485,7446,36485,7446,4.56067,0.93075,NH3,10.75
176,0,0.0,0,36029,7352,36029,7352,4.50369,0.91912,NH3,10.5
177,0,0.0,0,35593,7264,35593,7264,4.4492,0.908,NH3,10.26
178,0,0.0,0,35138,7171,35138,7171,4.39226,0.89638,NH3,10.0
179,0,0.0,0,34736,7089,34736,7089,4.34204,0.88613,NH3,9.78
180,0,0.0,0,34363,7012,34363,7012,4.29544,0.87662,NH3,9.57
181,0,0.0,0,33986,6936,33986,6936,4.2483,0.867,NH3,9.36
182,0,0.0,0,33623,6862,33623,6862,4.20298,0.85775,NH3,9.16
183,0,0.0,0,33241,6784,33241,6784,4.1552,0.848,NH3,8.94
184,0,0.0,0,32918,6718,32918,6718,4.11477,0.83975,NH3,8.76
185,0,0.0,0,32560,6645,32560,6645,4.07009,0.83063,NH3,8.56
186,0,0.0,0,32256,6583,32256,6583,4.03211,0.82288,NH3,8.39
187,0,0.0,0,31933,6517,31933,6517,3.99169,0.81463,NH3,8.21
188,0,0.0,0,31659,6461,31659,6461,3.95739,0.80763,NH3,8.06
189,0,0.0,0,31340,6396,31340,6396,3.91755,0.7995,NH3,7.88
190,0,0.0,0,31085,6344,31085,6344,3.8857,0.793,NH3,7.74
191,0,0.0,0,30791,6284,30791,6284,3.84895,0.7855,NH3,7.57
192,0,0.0,0,30517,6228,30517,6228,3.81465,0.7785,NH3,7.42
193,0,0.0,0,30272,6178,30272,6178,3.78403,0.77225,NH3,7.28
194,0,0.0,0,30012,6124,30012,6124,3.75154,0.76562,NH3,7.14
195,0,0.0,0,29801,6082,29801,6082,3.72523,0.76025,NH3,7.02
196,0,0.0,0,29556,6032,29556,6032,3.6946,0.754,NH3,6.88
197,0,0.0,0,29316,5983,29316,5983,3.66461,0.74788,NH3,6.75
198,0,0.0,0,29218,5963,29218,5963,3.65236,0.74538,NH3,6.69
199,0,0.0,0,28964,5911,28964,5911,3.62051,0.73888,NH3,6.55
200,0,0.0,0,28748,5866,28748,5866,3.59351,0.73337,NH3,6.43
201,0,0.0,0,28464,5809,28464,5809,3.55804,0.72613,NH3,6.27
202,0,0.0,0,28292,5774,28292,5774,3.53658,0.72175,NH3,6.18
203,0,0.0,0,28096,5734,28096,5734,3.51208,0.71675,NH3,6.07
204,0,0.0,0,27920,5698,27920,5698,3.49003,0.71225,NH3,5.97
205,0,0.0,0,27728,5658,27728,5658,3.46611,0.70737,NH3,5.86
206,0,0.0,0,27586,5630,27586,5630,3.44837,0.70375,NH3,5.78
207,0,0.0,0,27415,5594,27415,5594,3.42691,0.69937,NH3,5.69
208,0,0.0,0,27253,5562,27253,5562,3.40673,0.69525,NH3,5.6
209,0,0.0,0,27087,5528,27087,5528,3.3859,0.691,NH3,5.5
210,0,0.0,0,26930,5496,26930,5496,3.3663,0.687,NH3,5.41
211,0,0.0,0,26793,5468,26793,5468,3.34915,0.6835,NH3,5.34
212,0,0.0,0,26656,5440,26656,5440,3.332,0.68,NH3,5.26
213,0,0.0,0,26509,5410,26509,5410,3.31363,0.67625,NH3,5.18
214,0,0.0,0,26376,5383,26376,5383,3.29711,0.67288,NH3,5.1
215,0,0.0,0,26258,5358,26258,5358,3.28236,0.66987,NH3,5.04
216,0,0.0,0,26122,5331,26122,5331,3.26526,0.66638,NH3,4.96
217,0,0.0,0,25999,5306,25999,5306,3.24993,0.66325,NH3,4.89
218,0,0.0,0,25891,5284,25891,5284,3.23645,0.6605,NH3,4.83
219,0,0.0,0,25774,5260,25774,5260,3.22175,0.6575,NH3,4.77
220,0,0.0,0,25656,5236,25656,5236,3.20705,0.6545,NH3,4.7
221,0,0.0,0,25548,5214,25548,5214,3.19358,0.65175,NH3,4.64
222,0,0.0,0,25455,5195,25455,5195,3.18196,0.64938,NH3,4.59
223,0,0.0,0,25333,5170,25333,5170,3.16663,0.64625,NH3,4.52
224,0,0.0,0,25235,5150,25235,5150,3.15438,0.64375,NH3,4.47
225,0,0.0,0,25151,5133,25151,5133,3.14399,0.64163,NH3,4.42
226,0,0.0,0,25068,5116,25068,5116,3.13355,0.6395,NH3,4.37
227,0,0.0,0,24970,5096,24970,5096,3.1213,0.637,NH3,4.32
228,0,0.0,0,24892,5080,24892,5080,3.1115,0.635,NH3,4.27
229,0,0.0,0,24789,5059,24789,5059,3.09866,0.63238,NH3,4.22
230,0,0.0,0,24725,5046,24725,5046,3.09068,0.63075,NH3,4.18
231,0,0.0,0,24651,5030,24651,5030,3.08146,0.62887,NH3,4.14
232,0,0.0,0,24573,5014,24573,5014,3.07166,0.62687,NH3,4.1
233,0,0.0,0,24500,5000,24500,5000,3.0625,0.625,NH3,4.06
234,0,0.0,0,24416,4983,24416,4983,3.05211,0.62288,NH3,4.01
235,0,0.0,0,24353,4970,24353,4970,3.04413,0.62125,NH3,3.97
236,0,0.0,0,24279,4955,24279,4955,3.03496,0.61938,NH3,3.93
237,0,0.0,0,24225,4944,24225,4944,3.0282,0.618,NH3,3.9
238,0,0.0,0,24157,4930,24157,4930,3.01963,0.61625,NH3,3.86
239,0,0.0,0,24078,4914,24078,4914,3.00983,0.61425,NH3,3.82
240,0,0.0,0,24049,4908,24049,4908,3.00615,0.6135,NH3,3.8
241,0,0.0,0,23975,4892,23975,4892,2.99694,0.61162,NH3,3.76
242,0,0.0,0,23912,4880,23912,4880,2.989,0.61,NH3,3.73
243,0,0.0,0,23863,4870,23863,4870,2.98288,0.60875,NH3,3.7
244,0,0.0,0,23828,4863,23828,4863,2.97861,0.60788,NH3,3.68
245,0,0.0,0,23760,4849,23760,4849,2.97004,0.60613,NH3,3.64
246,0,0.0,0,23701,4836,23701,4836,2.96264,0.60462,NH3,3.61
247,0,0.0,0,23652,4826,23652,4826,2.95651,0.60337,NH3,3.58
248,0,0.0,0,23598,4816,23598,4816,2.9498,0.602,NH3,3.55
249,0,0.0,0,23554,4807,23554,4807,2.94431,0.60088,NH3,3.53
0,0,3.3,255,20227,4128,20227,4128,2.5284,0.516,NH3,1.67
1,0,3.3,255,21648,4418,21648,4418,2.70603,0.55225,NH3,2.46
2,0,3.3,255,23814,4860,23814,4860,2.97675,0.6075,NH3,3.67
3,0,3.3,255,26082,5323,26082,5323,3.26036,0.66538,NH3,4.94
4,0,3.3,255,28356,5786,28356,5786,3.54451,0.72337,NH3,6.21
5,0,3.3,255,30639,6253,30639,6253,3.82999,0.78163,NH3,7.49
6,0,3.3,255,32923,6719,32923,6719,4.11541,0.83988,NH3,8.76
7,0,3.3,255,35201,7184,35201,7184,4.4002,0.898,NH3,10.04
8,0,3.3,255,37450,7642,37450,7642,4.68131,0.95537,NH3,11.29
9,0,3.3,255,39675,8096,39675,8096,4.95939,1.01212,NH3,12.54
10,0,3.3,255,41851,8541,41851,8541,5.23139,1.06763,NH3,13.75
11,0,3.3,255,43972,8974,43972,8974,5.49658,1.12175,NH3,14.94
12,0,3.3,255,46094,9407,46094,9407,5.76181,1.17588,NH3,16.13
13,0,3.3,255,48127,9822,48127,9822,6.01598,1.22775,NH3,17.26
14,0,3.3,255,50127,10230,50127,10230,6.26588,1.27875,NH3,18.38
15,0,3.3,255,52092,10631,52092,10631,6.51151,1.32888,NH3,19.48
16,0,3.3,255,53934,11006,53934,11006,6.74176,1.37587,NH3,20.51
17,0,3.3,255,55703,11368,55703,11368,6.9629,1.421,NH3,21.5
18,0,3.3,255,57433,11721,57433,11721,7.17914,1.46513,NH3,22.46
19,0,3.3,255,59098,12060,59098,12060,7.38734,1.50762,NH3,23.39
20,0,3.3,255,60696,12387,60696,12387,7.58706,1.54838,NH3,24.29
21,0,3.3,255,62220,12698,62220,12698,7.77753,1.58725,NH3,25.14
22,0,3.3,255,63660,12992,63660,12992,7.9576,1.624,NH3,25.94
23,0,3.3,255,65106,13287,65106,13287,8.13831,1.66088,NH3,26.75
24,0,3.3,255,66483,13568,66483,13568,8.3104,1.696,NH3,27.52
25,0,3.3,255,67718,13820,67718,13820,8.46475,1.7275,NH3,28.21
26,0,3.3,255,68962,14074,68962,14074,8.62033,1.75925,NH3,28.91
27,0,3.3,255,70163,14319,70163,14319,8.77041,1.78988,NH3,29.58
28,0,3.3,255,71280,14547,71280,14547,8.91006,1.81838,NH3,30.2
29,0,3.3,255,72328,14760,72328,14760,9.04109,1.84512,NH3,30.79
30,0,3.3,255,73343,14968,73343,14968,9.1679,1.871,NH3,31.36
31,0,3.3,255,74318,15166,74318,15166,9.28976,1.89587,NH3,31.9
32,0,3.3,255,75220,15351,75220,15351,9.40251,1.91888,NH3,32.4
33,0,3.3,255,76057,15522,76057,15522,9.50723,1.94025,NH3,32.87
34,0,3.3,255,76895,15692,76895,15692,9.61194,1.96162,NH3,33.34
35,0,3.3,255,77708,15858,77708,15858,9.71361,1.98237,NH3,33.8
36,0,3.3,255,78409,16001,78409,16001,9.80123,2.00025,NH3,34.19
37,0,3.3,255,79174,16158,79174,16158,9.89678,2.01975,NH3,34.61
38,0,3.3,255,79830,16292,79830,16292,9.97885,2.0365,NH3,34.98
39,0,3.3,255,80458,16420,80458,16420,10.05725,2.0525,NH3,35.33
40,0,3.3,255,81026,16536,81026,16536,10.1283,2.067,NH3,35.65
41,0,3.3,255,81634,16660,81634,16660,10.20425,2.0825,NH3,35.99
42,0,3.3,255,82167,16768,82167,16768,10.27099,2.09612,NH3,36.29
43,0,3.3,255,82648,16867,82648,16867,10.33106,2.10838,NH3,36.56
44,0,3.3,255,83133,16966,83133,16966,10.39168,2.12075,NH3,36.83
45,0,3.3,255,83603,17062,83603,17062,10.45048,2.13275,NH3,37.09
46,0,3.3,255,84025,17148,84025,17148,10.50315,2.1435,NH3,37.33
47,0,3.3,255,84432,17231,84432,17231,10.55401,2.15388,NH3,37.55
48,0,3.3,255,84779,17302,84779,17302,10.59748,2.16275,NH3,37.75
49,0,3.3,255,85142,17376,85142,17376,10.6428,2.172,NH3,37.95
50,0,3.3,255,85441,17437,85441,17437,10.68019,2.17963,NH3,38.12
51,0,3.3,255,85755,17501,85755,17501,10.71939,2.18763,NH3,38.29
52,0,3.3,255,86073,17566,86073,17566,10.75918,2.19575,NH3,38.47
53,0,3.3,255,86332,17618,86332,17618,10.79161,2.20237,NH3,38.62
54,0,3.3,255,86543,17662,86543,17662,10.81798,2.20775,NH3,38.73
55,0,3.3,255,86779,17710,86779,17710,10.84738,2.21375,NH3,38.86
56,0,3.3,255,86975,17750,86975,17750,10.87188,2.21875,NH3,38.97
57,0,3.3,255,87220,17800,87220,17800,10.9025,2.225,NH3,39.11
58,0,3.3,255,87381,17832,87381,17832,10.92269,2.22912,NH3,39.2
59,0,3.3,255,87621,17882,87621,17882,10.95273,2.23525,NH3,39.34
60,0,3.3,255,87753,17908,87753,17908,10.96924,2.23862,NH3,39.41
61,0,3.3,255,87925,17944,87925,17944,10.9907,2.243,NH3,39.51
62,0,3.3,255,88058,17971,88058,17971,11.00726,2.24638,NH3,39.58
63,0,3.3,255,88170,17994,88170,17994,11.02133,2.24925,NH3,39.64
64,0,3.3,255,88341,18028,88341,18028,11.04274,2.25362,NH3,39.74
65,0,3.3,255,88410,18042,88410,18042,11.05131,2.25537,NH3,39.78
66,0,3.3,255,88572,18076,88572,18076,11.07155,2.2595,NH3,39.87
67,0,3.3,255,88665,18094,88665,18094,11.08316,2.26187,NH3,39.92
68,0,3.3,255,88694,18100,88694,18100,11.08684,2.26262,NH3,39.94
69,0,3.3,255,88778,18118,88778,18118,11.09727,2.26475,NH3,39.98
70,0,3.3,255,88856,18134,88856,18134,11.10708,2.26675,NH3,40.03
71,0,3.3,255,89003,18164,89003,18164,11.12545,2.2705,NH3,40.11
72,0,3.3,255,89052,18174,89052,18174,11.13157,2.27175,NH3,40.14
73,0,3.3,255,89042,18172,89042,18172,11.13035,2.2715,NH3,40.13
74,0,3.3,255,89101,18184,89101,18184,11.1377,2.273,NH3,40.16
75,0,3.3,255,89150,18194,89150,18194,11.14382,2.27425,NH3,40.19
76,0,3.3,255,89233,18210,89233,18210,11.15421,2.27637,NH3,40.24
77,0,3.3,255,89287,18222,89287,18222,11.16098,2.27775,NH3,40.27
78,0,3.3,255,89336,18232,89336,18232,11.1671,2.279,NH3,40.29
79,0,3.3,255,89332,18231,89332,18231,11.16651,2.27888,NH3,40.29
80,0,3.3,255,89307,18226,89307,18226,11.16343,2.27825,NH3,40.28
81,0,3.3,255,89346,18234,89346,18234,11.16833,2.27925,NH3,40.3
82,0,3.3,255,89405,18246,89405,18246,11.17568,2.28075,NH3,40.33
83,0,3.3,255,89430,18251,89430,18251,11.17876,2.28138,NH3,40.35
84,0,3.3,255,89439,18253,89439,18253,11.17999,2.28163,NH3,40.35
85,0,3.3,255,89371,18239,89371,18239,11.17141,2.27988,NH3,40.31
86,0,3.3,255,89376,18240,89376,18240,11.172,2.28,NH3,40.32
87,0,3.3,255,89410,18246,89410,18246,11.17626,2.28087,NH3,40.34
88,0,3.3,255,89444,18254,89444,18254,11.18058,2.28175,NH3,40.35
89,0,3.3,255,89459,18257,89459,18257,11.18244,2.28213,NH3,40.36
90,0,3.3,255,89444,18254,89444,18254,11.18058,2.28175,NH3,40.35
91,0,3.3,255,89395,18244,89395,18244,11.17445,2.2805,NH3,40.33
92,0,3.3,255,89390,18242,89390,18242,11.17381,2.28037,NH3,40.32
93,0,3.3,255,89400,18245,89400,18245,11.17509,2.28063,NH3,40.33
94,0,3.3,255,89449,18254,89449,18254,11.18116,2.28187,NH3,40.36
95,0,3.3,255,89390,18242,89390,18242,11.17381,2.28037,NH3,40.32
96,0,3.3,255,89361,18236,89361,18236,11.17014,2.27962,NH3,40.31
97,0,3.3,255,89366,18238,89366,18238,11.17078,2.27975,NH3,40.31
98,0,3.3,255,89395,18244,89395,18244,11.17445,2.2805,NH3,40.33
99,0,3.3,255,89400,18245,89400,18245,11.17509,2.28063,NH3,40.33
100,0,3.3,255,89371,18239,89371,18239,11.17141,2.27988,NH3,40.31
101,0,3.3,255,89351,18234,89351,18234,11.16891,2.27937,NH3,40.3
102,0,3.3,255,89292,18222,89292,18222,11.16156,2.27787,NH3,40.27
103,0,3.3,255,89268,18218,89268,18218,11.15853,2.27725,NH3,40.26
104,0,3.3,255,89321,18228,89321,18228,11.16524,2.27862,NH3,40.29
105,0,3.3,255,89292,18222,89292,18222,11.16156,2.27787,NH3,40.27
106,0,3.3,255,89258,18216,89258,18216,11.1573,2.277,NH3,40.25
107,0,3.3,255,89233,18210,89233,18210,11.15421,2.27637,NH3,40.24
108,0,3.3,255,89180,18200,89180,18200,11.1475,2.275,NH3,40.21
109,0,3.3,255,89160,18196,89160,18196,11.14505,2.2745,NH3,40.2
110,0,3.3,255,89214,18207,89214,18207,11.15181,2.27588,NH3,40.23
111,0,3.3,255,89189,18202,89189,18202,11.14873,2.27525,NH3,40.21
112,0,3.3,255,89165,18196,89165,18196,11.14564,2.27462,NH3,40.2
113,0,3.3,255,89145,18193,89145,18193,11.14324,2.27413,NH3,40.19
114,0,3.3,255,89062,18176,89062,18176,11.1328,2.272,NH3,40.14
115,0,3.3,255,89047,18172,89047,18172,11.13094,2.27162,NH3,40.13
116,0,3.3,255,89091,18182,89091,18182,11.13648,2.27275,NH3,40.16
117,0,3.3,255,89082,18180,89082,18180,11.13525,2.2725,NH3,40.15
118,0,3.3,255,89062,18176,89062,18176,11.1328,2.272,NH3,40.14
119,0,3.3,255,89023,18168,89023,18168,11.1279,2.271,NH3,40.12
120,0,3.3,255,88984,18160,88984,18160,11.123,2.27,NH3,40.1
121,0,3.3,255,88905,18144,88905,18144,11.1132,2.268,NH3,40.05
122,0,3.3,255,88886,18140,88886,18140,11.11075,2.2675,NH3,40.04
123,0,3.3,255,88959,18155,88959,18155,11.11996,2.26938,NH3,40.08
124,0,3.3,255,88935,18150,88935,18150,11.11688,2.26875,NH3,40.07
125,0,0.0,0,104041,21233,104041,21233,13.00524,2.65413,NH3,48.51
126,0,0.0,0,101836,20783,101836,20783,12.72961,2.59788,NH3,47.28
127,0,0.0,0,99023,20208,99023,20208,12.37799,2.52612,NH3,45.71
128,0,0.0,0,96260,19644,96260,19644,12.03254,2.45562,NH3,44.16
129,0,0.0,0,93560,19094,93560,19094,11.69508,2.38675,NH3,42.65
130,0,0.0,0,90963,18564,90963,18564,11.37045,2.3205,NH3,41.2
131,0,0.0,0,88420,18045,88420,18045,11.05259,2.25563,NH3,39.78
132,0,0.0,0,86019,17554,86019,17554,10.75241,2.19437,NH3,38.44
133,0,0.0,0,83682,17078,83682,17078,10.46028,2.13475,NH3,37.13
134,0,0.0,0,81398,16612,81398,16612,10.17485,2.0765,NH3,35.86
135,0,0.0,0,79257,16175,79257,16175,9.90721,2.02188,NH3,34.66
136,0,0.0,0,77155,15746,77155,15746,9.64443,1.96825,NH3,33.49
137,0,0.0,0,75112,15329,75112,15329,9.38904,1.91613,NH3,32.34
138,0,0.0,0,73201,14939,73201,14939,9.15016,1.86738,NH3,31.28
139,0,0.0,0,71348,14560,71348,14560,8.91859,1.82012,NH3,30.24
140,0,0.0,0,69536,14191,69536,14191,8.69201,1.77388,NH3,29.23
141,0,0.0,0,67850,13846,67850,13846,8.48126,1.73087,NH3,28.28
142,0,0.0,0,66179,13506,66179,13506,8.27243,1.68825,NH3,27.35
143,0,0.0,0,64586,13180,64586,13180,8.07334,1.64762,NH3,26.46
144,0,0.0,0,63048,12867,63048,12867,7.88106,1.60838,NH3,25.6
145,0,0.0,0,61597,12570,61597,12570,7.69971,1.57137,NH3,24.79
146,0,0.0,0,60177,12281,60177,12281,7.52214,1.53513,NH3,24.0
147,0,0.0,0,58829,12006,58829,12006,7.35368,1.50075,NH3,23.24
148,0,0.0,0,57550,11744,57550,11744,7.19379,1.46812,NH3,22.53
149,0,0.0,0,56296,11489,56296,11489,7.03704,1.43613,NH3,21.83
150,0,0.0,0,55090,11243,55090,11243,6.88636,1.40538,NH3,21.15
151,0,0.0,0,53919,11004,53919,11004,6.73995,1.3755,NH3,20.5
152,0,0.0,0,52831,10782,52831,10782,6.60398,1.34775,NH3,19.89
153,0,0.0,0,51753,10562,51753,10562,6.46922,1.32025,NH3,19.29
154,0,0.0,0,50754,10358,50754,10358,6.34428,1.29475,NH3,18.73
155,0,0.0,0,49779,10159,49779,10159,6.22241,1.26988,NH3,18.18
156,0,0.0,0,48833,9966,48833,9966,6.10417,1.24575,NH3,17.66
157,0,0.0,0,47907,9776,47907,9776,5.98839,1.22212,NH3,17.14
158,0,0.0,0,47059,9604,47059,9604,5.88245,1.2005,NH3,16.66
159,0,0.0,0,46187,9426,46187,9426,5.77343,1.17825,NH3,16.18
160,0,0.0,0,45374,9260,45374,9260,5.67175,1.1575,NH3,15.72
161,0,0.0,0,44595,9101,44595,9101,5.57439,1.13763,NH3,15.29
162,0,0.0,0,43840,8946,43840,8946,5.48001,1.11837,NH3,14.87
163,0,0.0,0,43129,8802,43129,8802,5.39123,1.10025,NH3,14.47
164,0,0.0,0,42434,8660,42434,8660,5.30425,1.0825,NH3,14.08
165,0,0.0,0,41787,8528,41787,8528,5.2234,1.066,NH3,13.72
166,0,0.0,0,41140,8396,41140,8396,5.14255,1.0495,NH3,13.36
167,0,0.0,0,40488,8262,40488,8262,5.06106,1.03287,NH3,12.99
168,0,0.0,0,39886,8140,39886,8140,4.98575,1.0175,NH3,12.66
169,0,0.0,0,39317,8023,39317,8023,4.9147,1.003,NH3,12.34
170,0,0.0,0,38773,7913,38773,7913,4.84674,0.98913,NH3,12.03
171,0,0.0,0,38195,7794,38195,7794,4.77441,0.97437,NH3,11.71
172,0,0.0,0,37676,7689,37676,7689,4.70954,0.96113,NH3,11.42
173,0,0.0,0,37176,7586,37176,7586,4.64701,0.94837,NH3,11.14
174,0,0.0,0,36710,7492,36710,7492,4.58885,0.9365,NH3,10.88
175,0,0.0,0,36220,7392,36220,7392,4.5276,0.924,NH3,10.61
176,0,0.0,0,35794,7304,35794,7304,4.47429,0.91312,NH3,10.37
177,0,0.0,0,35348,7214,35348,7214,4.41858,0.90175,NH3,10.12
178,0,0.0,0,34907,7124,34907,7124,4.36345,0.8905,NH3,9.87
179,0,0.0,0,34501,7041,34501,7041,4.31264,0.88013,NH3,9.65
180,0,0.0,0,34133,6966,34133,6966,4.26668,0.87075,NH3,9.44
181,0,0.0,0,33731,6884,33731,6884,4.21645,0.8605,NH3,9.22
182,0,0.0,0,33364,6809,33364,6809,4.17054,0.85113,NH3,9.01
183,0,0.0,0,32996,6734,32996,6734,4.12458,0.84175,NH3,8.8
184,0,0.0,0,32673,6668,32673,6668,4.08415,0.8335,NH3,8.62
185,0,0.0,0,32340,6600,32340,6600,4.0425,0.825,NH3,8.44
186,0,0.0,0,32011,6533,32011,6533,4.00149,0.81663,NH3,8.25
187,0,0.0,0,31717,6472,31717,6472,3.96469,0.80912,NH3,8.09
188,0,0.0,0,31418,6412,31418,6412,3.92735,0.8015,NH3,7.92
189,0,0.0,0,31134,6354,31134,6354,3.89183,0.79425,NH3,7.76
190,0,0.0,0,30850,6296,30850,6296,3.8563,0.787,NH3,7.61
191,0,0.0,0,30566,6238,30566,6238,3.82078,0.77975,NH3,7.45
192,0,0.0,0,30277,6179,30277,6179,3.78466,0.77238,NH3,7.28
193,0,0.0,0,30032,6129,30032,6129,3.75404,0.76613,NH3,7.15
194,0,0.0,0,29786,6078,29786,6078,3.72336,0.75987,NH3,7.01
195,0,0.0,0,29551,6030,29551,6030,3.69396,0.75387,NH3,6.88
196,0,0.0,0,29336,5987,29336,5987,3.66706,0.74838,NH3,6.76
197,0,0.0,0,29091,5937,29091,5937,3.63644,0.74213,NH3,6.62
198,0,0.0,0,28890,5896,28890,5896,3.6113,0.737,NH3,6.51
199,0,0.0,0,28669,5850,28669,5850,3.58371,0.73137,NH3,6.39
200,0,0.0,0,28483,5812,28483,5812,3.56044,0.72662,NH3,6.28
201,0,0.0,0,28263,5768,28263,5768,3.5329,0.721,NH3,6.16
202,0,0.0,0,28052,5725,28052,5725,3.50659,0.71563,NH3,6.04
203,0,0.0,0,27885,5690,27885,5690,3.48571,0.71137,NH3,5.95
204,0,0.0,0,27694,5652,27694,5652,3.46185,0.7065,NH3,5.84
205,0,0.0,0,27513,5615,27513,5615,3.43921,0.70188,NH3,5.74
206,0,0.0,0,27351,5582,27351,5582,3.41898,0.69775,NH3,5.65
207,0,0.0,0,27204,5552,27204,5552,3.4006,0.694,NH3,5.57
208,0,0.0,0,27028,5516,27028,5516,3.37855,0.6895,NH3,5.47
209,0,0.0,0,26871,5484,26871,5484,3.35895,0.6855,NH3,5.38
210,0,0.0,0,26729,5455,26729,5455,3.34121,0.68188,NH3,5.3
211,0,0.0,0,26567,5422,26567,5422,3.32098,0.67775,NH3,5.21
212,0,0.0,0,26445,5397,26445,5397,3.30569,0.67463,NH3,5.14
213,0,0.0,0,26298,5366,26298,5366,3.28726,0.67087,NH3,5.06
214,0,0.0,0,26151,5336,26151,5336,3.26889,0.66712,NH3,4.98
215,0,0.0,0,26038,5314,26038,5314,3.25483,0.66425,NH3,4.92
216,0,0.0,0,25921,5290,25921,5290,3.24013,0.66125,NH3,4.85
217,0,0.0,0,25769,5259,25769,5259,3.22116,0.65738,NH3,4.77
218,0,0.0,0,25700,5245,25700,5245,3.21259,0.65563,NH3,4.73
219,0,0.0,0,25543,5213,25543,5213,3.19299,0.65163,NH3,4.64
220,0,0.0,0,25426,5189,25426,5189,3.17829,0.64863,NH3,4.57
221,0,0.0,0,25342,5172,25342,5172,3.16785,0.6465,NH3,4.53
222,0,0.0,0,25235,5150,25235,5150,3.15438,0.64375,NH3,4.47
223,0,0.0,0,25132,5129,25132,5129,3.14154,0.64113,NH3,4.41
224,0,0.0,0,25039,5110,25039,5110,3.12988,0.63875,NH3,4.36
225,0,0.0,0,24926,5086,24926,5086,3.11576,0.63587,NH3,4.29
226,0,0.0,0,24837,5068,24837,5068,3.10474,0.63362,NH3,4.24
227,0,0.0,0,24735,5048,24735,5048,3.0919,0.631,NH3,4.19
228,0,0.0,0,24671,5035,24671,5035,3.08396,0.62938,NH3,4.15
229,0,0.0,0,24573,5014,24573,5014,3.07166,0.62687,NH3,4.1
230,0,0.0,0,24494,4998,24494,4998,3.06186,0.62487,NH3,4.05
231,0,0.0,0,24421,4984,24421,4984,3.0527,0.623,NH3,4.01
232,0,0.0,0,24333,4966,24333,4966,3.04168,0.62075,NH3,3.96
233,0,0.0,0,24249,4948,24249,4948,3.03124,0.61862,NH3,3.92
234,0,0.0,0,24215,4942,24215,4942,3.02698,0.61775,NH3,3.9
235,0,0.0,0,24137,4926,24137,4926,3.01718,0.61575,NH3,3.85
236,0,0.0,0,24068,4912,24068,4912,3.0086,0.614,NH3,3.81
237,0,0.0,0,23975,4892,23975,4892,2.99694,0.61162,NH3,3.76
238,0,0.0,0,23926,4883,23926,4883,2.99086,0.61038,NH3,3.74
239,0,0.0,0,23877,4873,23877,4873,2.98474,0.60913,NH3,3.71
240,0,0.0,0,23774,4852,23774,4852,2.97185,0.6065,NH3,3.65
241,0,0.0,0,23725,4842,23725,4842,2.96572,0.60525,NH3,3.62
242,0,0.0,0,23657,4828,23657,4828,2.95715,0.6035,NH3,3.58
243,0,0.0,0,23642,4825,23642,4825,2.95534,0.60313,NH3,3.58
244,0,0.0,0,23573,4810,23573,4810,2.94671,0.60137,NH3,3.54
245,0,0.0,0,23539,4804,23539,4804,2.94245,0.6005,NH3,3.52
246,0,0.0,0,23465,4788,23465,4788,2.93324,0.59862,NH3,3.48
247,0,0.0,0,23426,4780,23426,4780,2.92834,0.59762,NH3,3.46
248,0,0.0,0,23402,4776,23402,4776,2.9253,0.597,NH3,3.44
249,0,0.0,0,23358,4767,23358,4767,2.91981,0.59588,NH3,3.42
0,0,3.3,255,20046,4091,20046,4091,2.50576,0.51138,NH3,1.57
1,0,3.3,255,21471,4382,21471,4382,2.68397,0.54775,NH3,2.36
2,0,3.3,255,23622,4820,23622,4820,2.95284,0.60262,NH3,3.57
3,0,3.3,255,25872,5280,25872,5280,3.234,0.66,NH3,4.82
4,0,3.3,255,28150,5745,28150,5745,3.51884,0.71813,NH3,6.1
5,0,3.3,255,30448,6214,30448,6214,3.80608,0.77675,NH3,7.38
6,0,3.3,255,32727,6679,32727,6679,4.09091,0.83488,NH3,8.65
7,0,3.3,255,34991,7141,34991,7141,4.37389,0.89263,NH3,9.92
8,0,3.3,255,37289,7610,37289,7610,4.66113,0.95125,NH3,11.2
9,0,3.3,255,39494,8060,39494,8060,4.93675,1.0075,NH3,12.44
10,0,3.3,255,41699,8510,41699,8510,5.21238,1.06375,NH3,13.67
11,0,3.3,255,43849,8948,43849,8948,5.48124,1.11862,NH3,14.87
12,0,3.3,255,45918,9371,45918,9371,5.73976,1.17138,NH3,16.03
13,0,3.3,255,47980,9792,47980,9792,5.9976,1.224,NH3,17.18
14,0,3.3,255,49985,10201,49985,10201,6.24814,1.27513,NH3,18.3
15,0,3.3,255,51900,10592,51900,10592,6.4876,1.324,NH3,19.37
16,0,3.3,255,53772,10974,53772,10974,6.72158,1.37175,NH3,20.42
17,0,3.3,255,55570,11340,55570,11340,6.94634,1.41762,NH3,21.42
18,0,3.3,255,57364,11707,57364,11707,7.17056,1.46338,NH3,22.42
19,0,3.3,255,58990,12038,58990,12038,7.37386,1.50487,NH3,23.33
20,0,3.3,255,60612,12370,60612,12370,7.57662,1.54625,NH3,24.24
21,0,3.3,255,62127,12679,62127,12679,7.76591,1.58488,NH3,25.09
22,0,3.3,255,63606,12980,63606,12980,7.95084,1.62262,NH3,25.91
23,0,3.3,255,65008,13266,65008,13266,8.12601,1.65837,NH3,26.7
24,0,3.3,255,66346,13540,66346,13540,8.29325,1.6925,NH3,27.44
25,0,3.3,255,67659,13808,67659,13808,8.4574,1.726,NH3,28.18
26,0,3.3,255,68874,14056,68874,14056,8.6093,1.757,NH3,28.86
27,0,3.3,255,69966,14278,69966,14278,8.74586,1.78487,NH3,29.47
28,0,3.3,255,71108,14512,71108,14512,8.8886,1.814,NH3,30.11
29,0,3.3,255,72226,14740,72226,14740,9.02825,1.8425,NH3,30.73
30,0,3.3,255,73191,14936,73191,14936,9.14889,1.86712,NH3,31.27
31,0,3.3,255,74151,15132,74151,15132,9.26894,1.89162,NH3,31.81
32,0,3.3,255,75072,15320,75072,15320,9.38409,1.91512,NH3,32.32
33,0,3.3,255,75896,15489,75896,15489,9.48704,1.93613,NH3,32.78
34,0,3.3,255,76704,15654,76704,15654,9.58807,1.95675,NH3,33.23
35,0,3.3,255,77567,15830,77567,15830,9.69588,1.97875,NH3,33.72
36,0,3.3,255,78253,15970,78253,15970,9.78163,1.99625,NH3,34.1
37,0,3.3,255,78973,16117,78973,16117,9.87169,2.01463,NH3,34.5
38,0,3.3,255,79585,16242,79585,16242,9.94823,2.03025,NH3,34.84
39,0,3.3,255,80217,16370,80217,16370,10.02721,2.04637,NH3,35.2
40,0,3.3,255,80820,16494,80820,16494,10.10257,2.06175,NH3,35.53
41,0,3.3,255,81413,16614,81413,16614,10.17666,2.07687,NH3,35.87
42,0,3.3,255,81898,16714,81898,16714,10.23733,2.08925,NH3,36.14
43,0,3.3,255,82403,16817,82403,16817,10.30044,2.10213,NH3,36.42
44,0,3.3,255,82908,16920,82908,16920,10.3635,2.115,NH3,36.7
45,0,3.3,255,83358,17012,83358,17012,10.41985,2.1265,NH3,36.95
46,0,3.3,255,83750,17092,83750,17092,10.46885,2.1365,NH3,37.17
47,0,3.3,255,84113,17166,84113,17166,10.51418,2.14575,NH3,37.37
48,0,3.3,255,84466,17238,84466,17238,10.55828,2.15475,NH3,37.57
49,0,3.3,255,84838,17314,84838,17314,10.60482,2.16425,NH3,37.78
50,0,3.3,255,85205,17388,85205,17388,10.65074,2.17362,NH3,37.99
51,0,3.3,255,85514,17452,85514,17452,10.68935,2.1815,NH3,38.16
52,0,3.3,255,85789,17508,85789,17508,10.72365,2.1885,NH3,38.31
53,0,3.3,255,86004,17552,86004,17552,10.7506,2.194,NH3,38.43
54,0,3.3,255,86284,17609,86284,17609,10.78554,2.20113,NH3,38.59
55,0,3.3,255,86548,17663,86548,17663,10.81861,2.20788,NH3,38.74
56,0,3.3,255,86764,17707,86764,17707,10.84556,2.21338,NH3,38.86
57,0,3.3,255,86994,17754,86994,17754,10.87433,2.21925,NH3,38.99
58,0,3.3,255,87122,17780,87122,17780,10.89025,2.2225,NH3,39.06
59,0,3.3,255,87352,17827,87352,17827,10.91906,2.22838,NH3,39.19
60,0,3.3,255,87548,17867,87548,17867,10.94356,2.23338,NH3,39.29
61,0,3.3,255,87705,17899,87705,17899,10.96316,2.23738,NH3,39.38
62,0,3.3,255,87773,17913,87773,17913,10.97174,2.23913,NH3,39.42
63,0,3.3,255,87920,17943,87920,17943,10.99011,2.24288,NH3,39.5
64,0,3.3,255,88087,17977,88087,17977,11.01094,2.24713,NH3,39.6
65,0,3.3,255,88219,18004,88219,18004,11.02745,2.2505,NH3,39.67
66,0,3.3,255,88327,18026,88327,18026,11.04093,2.25325,NH3,39.73
67,0,3.3,255,88386,18038,88386,18038,11.04828,2.25475,NH3,39.76
68,0,3.3,255,88474,18056,88474,18056,11.0593,2.257,NH3,39.81
69,0,3.3,255,88587,18079,88587,18079,11.07341,2.25988,NH3,39.88
70,0,3.3,255,88635,18088,88635,18088,11.07949,2.26112,NH3,39.9
71,0,3.3,255,88724,18106,88724,18106,11.09051,2.26337,NH3,39.95
72,0,3.3,255,88773,18117,88773,18117,11.09669,2.26463,NH3,39.98
73,0,3.3,255,88802,18123,88802,18123,11.10036,2.26538,NH3,40.0
74,0,3.3,255,88866,18136,88866,18136,11.1083,2.267,NH3,40.03
75,0,3.3,255,88959,18155,88959,18155,11.11996,2.26938,NH3,40.08
76,0,3.3,255,89003,18164,89003,18164,11.12545,2.2705,NH3,40.11
77,0,3.3,255,89047,18172,89047,18172,11.13094,2.27162,NH3,40.13
78,0,3.3,255,89087,18181,89087,18181,11.13589,2.27263,NH3,40.15
79,0,3.3,255,89057,18175,89057,18175,11.13221,2.27188,NH3,40.14
80,0,3.3,255,89111,18186,89111,18186,11.13893,2.27325,NH3,40.17
81,0,3.3,255,89170,18198,89170,18198,11.14628,2.27475,NH3,40.2
82,0,3.3,255,89165,18196,89165,18196,11.14564,2.27462,NH3,40.2
83,0,3.3,255,89204,18204,89204,18204,11.15054,2.27562,NH3,40.22
84,0,3.3,255,89145,18193,89145,18193,11.14324,2.27413,NH3,40.19
85,0,3.3,255,89204,18204,89204,18204,11.15054,2.27562,NH3,40.22
86,0,3.3,255,89214,18207,89214,18207,11.15181,2.27588,NH3,40.23
87,0,3.3,255,89292,18222,89292,18222,11.16156,2.27787,NH3,40.27
88,0,3.3,255,89283,18221,89283,18221,11.16039,2.27763,NH3,40.26
89,0,3.3,255,89283,18221,89283,18221,11.16039,2.27763,NH3,40.26
90,0,3.3,255,89229,18210,89229,18210,11.15363,2.27625,NH3,40.23
91,0,3.3,255,89243,18213,89243,18213,11.15549,2.27663,NH3,40.24
92,0,3.3,255,89248,18214,89248,18214,11.15607,2.27675,NH3,40.24
93,0,3.3,255,89336,18232,89336,18232,11.1671,2.279,NH3,40.29
94,0,3.3,255,89297,18224,89297,18224,11.1622,2.278,NH3,40.27
95,0,3.3,255,89283,18221,89283,18221,11.16039,2.27763,NH3,40.26
96,0,3.3,255,89180,18200,89180,18200,11.1475,2.275,NH3,40.21
97,0,3.3,255,89106,18184,89106,18184,11.13829,2.27312,NH3,40.17
98,0,3.3,255,89170,18198,89170,18198,11.14628,2.27475,NH3,40.2
99,0,3.3,255,89214,18207,89214,18207,11.15181,2.27588,NH3,40.23
100,0,3.3,255,89229,18210,89229,18210,11.15363,2.27625,NH3,40.23
101,0,3.3,255,89194,18202,89194,18202,11.14931,2.27537,NH3,40.21
102,0,3.3,255,89155,18195,89155,18195,11.14446,2.27438,NH3,40.19
103,0,3.3,255,89140,18192,89140,18192,11.1426,2.274,NH3,40.18
104,0,3.3,255,89140,18192,89140,18192,11.1426,2.274,NH3,40.18
105,0,3.3,255,89194,18202,89194,18202,11.14931,2.27537,NH3,40.21
106,0,3.3,255,89145,18193,89145,18193,11.14324,2.27413,NH3,40.19
107,0,3.3,255,89131,18190,89131,18190,11.14138,2.27375,NH3,40.18
108,0,3.3,255,89106,18184,89106,18184,11.13829,2.27312,NH3,40.17
109,0,3.3,255,89087,18181,89087,18181,11.13589,2.27263,NH3,40.15
110,0,3.3,255,89111,18186,89111,18186,11.13893,2.27325,NH3,40.17
111,0,3.3,255,89126,18189,89126,18189,11.14079,2.27363,NH3,40.18
112,0,3.3,255,89106,18184,89106,18184,11.13829,2.27312,NH3,40.17
113,0,3.3,255,89042,18172,89042,18172,11.13035,2.2715,NH3,40.13
114,0,3.3,255,89047,18172,89047,18172,11.13094,2.27162,NH3,40.13
115,0,3.3,255,89076,18178,89076,18178,11.13461,2.27237,NH3,40.15
116,0,3.3,255,89033,18170,89033,18170,11.12913,2.27125,NH3,40.12
117,0,3.3,255,89013,18166,89013,18166,11.12668,2.27075,NH3,40.11
118,0,3.3,255,88944,18152,88944,18152,11.1181,2.269,NH3,40.08
119,0,3.3,255,88925,18148,88925,18148,11.11565,2.2685,NH3,40.06
120,0,3.3,255,88978,18158,88978,18158,11.12236,2.26987,NH3,40.09
121,0,3.3,255,88954,18154,88954,18154,11.11932,2.26925,NH3,40.08
122,0,3.3,255,88925,18148,88925,18148,11.11565,2.2685,NH3,40.06
123,0,3.3,255,88851,18132,88851,18132,11.10644,2.26662,NH3,40.02
124,0,3.3,255,88837,18130,88837,18130,11.10463,2.26625,NH3,40.01
125,0,0.0,0,103963,21216,103963,21216,12.99539,2.65212,NH3,48.47
126,0,0.0,0,101831,20782,101831,20782,12.72898,2.59775,NH3,47.28
127,0,0.0,0,98985,20201,98985,20201,12.37314,2.52513,NH3,45.69
128,0,0.0,0,96221,19637,96221,19637,12.02769,2.45463,NH3,44.14
129,0,0.0,0,93531,19088,93531,19088,11.6914,2.386,NH3,42.64
130,0,0.0,0,90958,18562,90958,18562,11.36981,2.32037,NH3,41.2
131,0,0.0,0,88401,18041,88401,18041,11.05014,2.25513,NH3,39.77
132,0,0.0,0,86014,17554,86014,17554,10.75183,2.19425,NH3,38.44
133,0,0.0,0,83623,17066,83623,17066,10.45293,2.13325,NH3,37.1
134,0,0.0,0,81394,16611,81394,16611,10.17426,2.07638,NH3,35.85
135,0,0.0,0,79213,16166,79213,16166,9.90168,2.02075,NH3,34.64
136,0,0.0,0,77091,15733,77091,15733,9.63649,1.96663,NH3,33.45
137,0,0.0,0,75092,15324,75092,15324,9.38654,1.91562,NH3,32.33
138,0,0.0,0,73171,14932,73171,14932,9.14644,1.86662,NH3,31.26
139,0,0.0,0,71309,14553,71309,14553,8.91374,1.81913,NH3,30.22
140,0,0.0,0,69486,14180,69486,14180,8.68584,1.77262,NH3,29.2
141,0,0.0,0,67801,13836,67801,13836,8.47514,1.72962,NH3,28.26
142,0,0.0,0,66154,13500,66154,13500,8.26934,1.68762,NH3,27.34
143,0,0.0,0,64577,13179,64577,13179,8.07216,1.64738,NH3,26.46
144,0,0.0,0,63019,12861,63019,12861,7.87739,1.60763,NH3,25.58
145,0,0.0,0,61588,12569,61588,12569,7.69854,1.57113,NH3,24.79
146,0,0.0,0,60166,12278,60166,12278,7.52086,1.53487,NH3,23.99
147,0,0.0,0,58804,12000,58804,12000,7.35059,1.50012,NH3,23.23
148,0,0.0,0,57526,11740,57526,11740,7.19075,1.4675,NH3,22.51
149,0,0.0,0,56261,11482,56261,11482,7.03273,1.43525,NH3,21.81
150,0,0.0,0,55090,11243,55090,11243,6.88636,1.40538,NH3,21.15
151,0,0.0,0,53939,11008,53939,11008,6.7424,1.376,NH3,20.51
152,0,0.0,0,52816,10778,52816,10778,6.60211,1.34737,NH3,19.88
153,0,0.0,0,51753,10562,51753,10562,6.46922,1.32025,NH3,19.29
154,0,0.0,0,50710,10349,50710,10349,6.33879,1.29363,NH3,18.71
155,0,0.0,0,49754,10154,49754,10154,6.21933,1.26925,NH3,18.17
156,0,0.0,0,48789,9957,48789,9957,6.09869,1.24463,NH3,17.63
157,0,0.0,0,47878,9771,47878,9771,5.98476,1.22138,NH3,17.12
158,0,0.0,0,47015,9595,47015,9595,5.87696,1.19938,NH3,16.64
159,0,0.0,0,46158,9420,46158,9420,5.76975,1.1775,NH3,16.16
160,0,0.0,0,45339,9253,45339,9253,5.66749,1.15663,NH3,15.7
161,0,0.0,0,44565,9095,44565,9095,5.57071,1.13688,NH3,15.27
162,0,0.0,0,43825,8944,43825,8944,5.4782,1.118,NH3,14.86
163,0,0.0,0,43114,8798,43114,8798,5.38936,1.09987,NH3,14.46
164,0,0.0,0,42419,8657,42419,8657,5.30244,1.08213,NH3,14.07
165,0,0.0,0,41728,8516,41728,8516,5.21605,1.0645,NH3,13.69
166,0,0.0,0,41111,8390,41111,8390,5.13888,1.04875,NH3,13.34
167,0,0.0,0,40459,8256,40459,8256,5.05739,1.03212,NH3,12.98
168,0,0.0,0,39886,8140,39886,8140,4.98575,1.0175,NH3,12.66
169,0,0.0,0,39288,8018,39288,8018,4.91103,1.00225,NH3,12.32
170,0,0.0,0,38739,7906,38739,7906,4.84243,0.98825,NH3,12.01
171,0,0.0,0,38185,7793,38185,7793,4.77324,0.97413,NH3,11.71
172,0,0.0,0,37661,7686,37661,7686,4.70768,0.96075,NH3,11.41
173,0,0.0,0,37151,7582,37151,7582,4.64398,0.94775,NH3,11.13
174,0,0.0,0,36710,7492,36710,7492,4.58885,0.9365,NH3,10.88
175,0,0.0,0,36230,7394,36230,7394,4.52883,0.92425,NH3,10.61
176,0,0.0,0,35775,7301,35775,7301,4.47189,0.91263,NH3,10.36
177,0,0.0,0,35338,7212,35338,7212,4.41735,0.9015,NH3,10.11
178,0,0.0,0,34907,7124,34907,7124,4.36345,0.8905,NH3,9.87
179,0,0.0,0,34505,7042,34505,7042,4.31323,0.88025,NH3,9.65
180,0,0.0,0,34123,6964,34123,6964,4.26545,0.8705,NH3,9.43
181,0,0.0,0,33741,6886,33741,6886,4.21768,0.86075,NH3,9.22
182,0,0.0,0,33378,6812,33378,6812,4.17235,0.8515,NH3,9.02
183,0,0.0,0,33016,6738,33016,6738,4.12703,0.84225,NH3,8.82
184,0,0.0,0,32643,6662,32643,6662,4.08047,0.83275,NH3,8.61
185,0,0.0,0,32315,6594,32315,6594,4.03941,0.82437,NH3,8.42
186,0,0.0,0,31987,6528,31987,6528,3.9984,0.816,NH3,8.24
187,0,0.0,0,31683,6466,31683,6466,3.96043,0.80825,NH3,8.07
188,0,0.0,0,31389,6406,31389,6406,3.92368,0.80075,NH3,7.91
189,0,0.0,0,31119,6350,31119,6350,3.88996,0.79387,NH3,7.76
190,0,0.0,0,30835,6293,30835,6293,3.85449,0.78663,NH3,7.6
191,0,0.0,0,30570,6238,30570,6238,3.82136,0.77987,NH3,7.45
192,0,0.0,0,30277,6179,30277,6179,3.78466,0.77238,NH3,7.28
193,0,0.0,0,30042,6131,30042,6131,3.75526,0.76638,NH3,7.15
194,0,0.0,0,29786,6078,29786,6078,3.72336,0.75987,NH3,7.01
195,0,0.0,0,29561,6033,29561,6033,3.69524,0.75413,NH3,6.89
196,0,0.0,0,29302,5980,29302,5980,3.66275,0.7475,NH3,6.74
197,0,0.0,0,29086,5936,29086,5936,3.6358,0.742,NH3,6.62
198,0,0.0,0,28875,5892,28875,5892,3.60944,0.73662,NH3,6.5
199,0,0.0,0,28664,5850,28664,5850,3.58312,0.73125,NH3,6.38
200,0,0.0,0,28439,5804,28439,5804,3.55495,0.7255,NH3,6.26
201,0,0.0,0,28258,5767,28258,5767,3.53231,0.72088,NH3,6.16
202,0,0.0,0,28037,5722,28037,5722,3.50473,0.71525,NH3,6.03
203,0,0.0,0,27866,5687,27866,5687,3.48331,0.71088,NH3,5.94
204,0,0.0,0,27675,5648,27675,5648,3.4594,0.706,NH3,5.83
205,0,0.0,0,27513,5615,27513,5615,3.43921,0.70188,NH3,5.74
206,0,0.0,0,27342,5580,27342,5580,3.41775,0.6975,NH3,5.64
207,0,0.0,0,27175,5546,27175,5546,3.39693,0.69325,NH3,5.55
208,0,0.0,0,27048,5520,27048,5520,3.381,0.69,NH3,5.48
209,0,0.0,0,26866,5483,26866,5483,3.35836,0.68538,NH3,5.38
210,0,0.0,0,26714,5452,26714,5452,3.33935,0.6815,NH3,5.29
211,0,0.0,0,26572,5423,26572,5423,3.32161,0.67788,NH3,5.21
212,0,0.0,0,26411,5390,26411,5390,3.30138,0.67375,NH3,5.12
213,0,0.0,0,26288,5365,26288,5365,3.28609,0.67063,NH3,5.06
214,0,0.0,0,26175,5342,26175,5342,3.27197,0.66775,NH3,4.99
215,0,0.0,0,26023,5310,26023,5310,3.25296,0.66387,NH3,4.91
216,0,0.0,0,25901,5286,25901,5286,3.23767,0.66075,NH3,4.84
217,0,0.0,0,25769,5259,25769,5259,3.22116,0.65738,NH3,4.77
218,0,0.0,0,25646,5234,25646,5234,3.20583,0.65425,NH3,4.7
219,0,0.0,0,25543,5213,25543,5213,3.19299,0.65163,NH3,4.64
220,0,0.0,0,25440,5192,25440,5192,3.1801,0.649,NH3,4.58
221,0,0.0,0,25342,5172,25342,5172,3.16785,0.6465,NH3,4.53
222,0,0.0,0,25225,5148,25225,5148,3.15315,0.6435,NH3,4.46
223,0,0.0,0,25107,5124,25107,5124,3.13845,0.6405,NH3,4.4
224,0,0.0,0,25004,5102,25004,5102,3.12556,0.63787,NH3,4.34
225,0,0.0,0,24926,5086,24926,5086,3.11576,0.63587,NH3,4.29
226,0,0.0,0,24808,5062,24808,5062,3.10106,0.63287,NH3,4.23
227,0,0.0,0,24745,5050,24745,5050,3.09313,0.63125,NH3,4.19
228,0,0.0,0,24641,5028,24641,5028,3.08024,0.62862,NH3,4.14
229,0,0.0,0,24558,5012,24558,5012,3.06985,0.6265,NH3,4.09
230,0,0.0,0,24451,4990,24451,4990,3.05638,0.62375,NH3,4.03
231,0,0.0,0,24367,4972,24367,4972,3.04594,0.62162,NH3,3.98
232,0,0.0,0,24304,4960,24304,4960,3.038,0.62,NH3,3.95
233,0,0.0,0,24235,4946,24235,4946,3.02943,0.61825,NH3,3.91
234,0,0.0,0,24152,4929,24152,4929,3.01904,0.61613,NH3,3.86
235,0,0.0,0,24078,4914,24078,4914,3.00983,0.61425,NH3,3.82
236,0,0.0,0,24039,4906,24039,4906,3.00493,0.61325,NH3,3.8
237,0,0.0,0,23946,4887,23946,4887,2.99331,0.61088,NH3,3.75
238,0,0.0,0,23887,4875,23887,4875,2.98596,0.60938,NH3,3.71
239,0,0.0,0,23848,4866,23848,4866,2.98101,0.60837,NH3,3.69
240,0,0.0,0,23769,4850,23769,4850,2.97121,0.60637,NH3,3.65
241,0,0.0,0,23701,4836,23701,4836,2.96264,0.60462,NH3,3.61
242,0,0.0,0,23657,4828,23657,4828,2.95715,0.6035,NH3,3.58
243,0,0.0,0,23583,4812,23583,4812,2.94794,0.60162,NH3,3.54
244,0,0.0,0,23529,4802,23529,4802,2.94122,0.60025,NH3,3.51
245,0,0.0,0,23471,4790,23471,4790,2.93388,0.59875,NH3,3.48
246,0,0.0,0,23407,4777,23407,4777,2.92594,0.59713,NH3,3.45
247,0,0.0,0,23373,4770,23373,4770,2.92163,0.59625,NH3,3.43
248,0,0.0,0,23314,4758,23314,4758,2.91428,0.59475,NH3,3.39
249,0,0.0,0,23255,4746,23255,4746,2.90693,0.59325,NH3,3.36
0,0,3.3,255,19992,4080,19992,4080,2.499,0.51,NH3,1.54
1,0,3.3,255,21393,4366,21393,4366,2.67417,0.54575,NH3,2.32
2,0,3.3,255,23554,4807,23554,4807,2.94431,0.60088,NH3,3.53
3,0,3.3,255,25813,5268,25813,5268,3.22665,0.6585,NH3,4.79
4,0,3.3,255,28101,5735,28101,5735,3.51271,0.71688,NH3,6.07
5,0,3.3,255,30374,6198,30374,6198,3.79686,0.77487,NH3,7.34
6,0,3.3,255,32663,6666,32663,6666,4.08293,0.83325,NH3,8.62
7,0,3.3,255,34932,7129,34932,7129,4.36654,0.89113,NH3,9.89
8,0,3.3,255,37200,7592,37200,7592,4.6501,0.949,NH3,11.15
9,0,3.3,255,39401,8041,39401,8041,4.92514,1.00513,NH3,12.38
10,0,3.3,255,41605,8490,41605,8490,5.20071,1.06137,NH3,13.62
11,0,3.3,255,43752,8929,43752,8929,5.46904,1.11613,NH3,14.82
12,0,3.3,255,45839,9355,45839,9355,5.72996,1.16938,NH3,15.98
13,0,3.3,255,47858,9766,47858,9766,5.98226,1.22087,NH3,17.11
14,0,3.3,255,49877,10179,49877,10179,6.23466,1.27238,NH3,18.24
15,0,3.3,255,51797,10570,51797,10570,6.47471,1.32137,NH3,19.31
16,0,3.3,255,53611,10941,53611,10941,6.70139,1.36763,NH3,20.33
17,0,3.3,255,55443,11314,55443,11314,6.93041,1.41437,NH3,21.35
18,0,3.3,255,57168,11666,57168,11666,7.14601,1.45837,NH3,22.31
19,0,3.3,255,58775,11994,58775,11994,7.34691,1.49937,NH3,23.21
20,0,3.3,255,60412,12329,60412,12329,7.55154,1.54113,NH3,24.13
21,0,3.3,255,61926,12638,61926,12638,7.74078,1.57975,NH3,24.97
22,0,3.3,255,63445,12948,63445,12948,7.93065,1.6185,NH3,25.82
23,0,3.3,255,64895,13244,64895,13244,8.11195,1.6555,NH3,26.63
24,0,3.3,255,66218,13514,66218,13514,8.27732,1.68925,NH3,27.37
25,0,3.3,255,67527,13781,67527,13781,8.44089,1.72263,NH3,28.1
26,0,3.3,255,68722,14025,68722,14025,8.59034,1.75313,NH3,28.77
27,0,3.3,255,69869,14259,69869,14259,8.73366,1.78238,NH3,29.41
28,0,3.3,255,70991,14488,70991,14488,8.8739,1.811,NH3,30.04
29,0,3.3,255,72113,14717,72113,14717,9.01419,1.83963,NH3,30.67
30,0,3.3,255,73044,14907,73044,14907,9.13056,1.86338,NH3,31.19
31,0,3.3,255,74019,15106,74019,15106,9.25243,1.88825,NH3,31.73
32,0,3.3,255,74945,15294,74945,15294,9.36816,1.91187,NH3,32.25
33,0,3.3,255,75822,15474,75822,15474,9.47783,1.93425,NH3,32.74
34,0,3.3,255,76636,15640,76636,15640,9.5795,1.955,NH3,33.2
35,0,3.3,255,77420,15800,77420,15800,9.6775,1.975,NH3,33.63
36,0,3.3,255,78071,15932,78071,15932,9.75894,1.99162,NH3,34.0
37,0,3.3,255,78757,16073,78757,16073,9.84474,2.00913,NH3,34.38
38,0,3.3,255,79443,16213,79443,16213,9.93049,2.02663,NH3,34.76
39,0,3.3,255,80110,16349,80110,16349,10.01379,2.04363,NH3,35.14
40,0,3.3,255,80717,16472,80717,16472,10.08969,2.05912,NH3,35.48
41,0,3.3,255,81256,16582,81256,16582,10.15706,2.07287,NH3,35.78
42,0,3.3,255,81771,16688,81771,16688,10.2214,2.086,NH3,36.07
43,0,3.3,255,82334,16803,82334,16803,10.29186,2.10038,NH3,36.38
44,0,3.3,255,82878,16914,82878,16914,10.35983,2.11425,NH3,36.68
45,0,3.3,255,83294,16998,83294,16998,10.41186,2.12487,NH3,36.92
46,0,3.3,255,83735,17088,83735,17088,10.46699,2.13612,NH3,37.16
47,0,3.3,255,84064,17156,84064,17156,10.50805,2.1445,NH3,37.35
48,0,3.3,255,84436,17232,84436,17232,10.5546,2.154,NH3,37.56
49,0,3.3,255,84848,17316,84848,17316,10.60605,2.1645,NH3,37.79
50,0,3.3,255,85191,17386,85191,17386,10.64893,2.17325,NH3,37.98
51,0,3.3,255,85485,17446,85485,17446,10.68568,2.18075,NH3,38.14
52,0,3.3,255,85764,17503,85764,17503,10.72061,2.18788,NH3,38.3
53,0,3.3,255,85980,17547,85980,17547,10.74756,2.19338,NH3,38.42
54,0,3.3,255,86249,17602,86249,17602,10.78123,2.20025,NH3,38.57
55,0,3.3,255,86553,17664,86553,17664,10.8192,2.208,NH3,38.74
56,0,3.3,255,86744,17702,86744,17702,10.84306,2.21287,NH3,38.85
57,0,3.3,255,86950,17745,86950,17745,10.86884,2.21813,NH3,38.96
58,0,3.3,255,87122,17780,87122,17780,10.89025,2.2225,NH3,39.06
59,0,3.3,255,87269,17810,87269,17810,10.90863,2.22625,NH3,39.14
60,0,3.3,255,87445,17846,87445,17846,10.93068,2.23075,NH3,39.24
61,0,3.3,255,87617,17881,87617,17881,10.95214,2.23513,NH3,39.33
62,0,3.3,255,87778,17914,87778,17914,10.97233,2.23925,NH3,39.42
63,0,3.3,255,87910,17940,87910,17940,10.98884,2.24262,NH3,39.5
64,0,3.3,255,87960,17951,87960,17951,10.99501,2.24388,NH3,39.52
65,0,3.3,255,88072,17974,88072,17974,11.00908,2.24675,NH3,39.59
66,0,3.3,255,88244,18009,88244,18009,11.03054,2.25113,NH3,39.68
67,0,3.3,255,88356,18032,88356,18032,11.0446,2.254,NH3,39.75
68,0,3.3,255,88430,18047,88430,18047,11.05381,2.25588,NH3,39.79
69,0,3.3,255,88494,18060,88494,18060,11.06175,2.2575,NH3,39.82
70,0,3.3,255,88513,18064,88513,18064,11.0642,2.258,NH3,39.83
71,0,3.3,255,88582,18078,88582,18078,11.07278,2.25975,NH3,39.87
72,0,3.3,255,88719,18106,88719,18106,11.08993,2.26325,NH3,39.95
73,0,3.3,255,88748,18112,88748,18112,11.0936,2.264,NH3,39.97
74,0,3.3,255,88802,18123,88802,18123,11.10036,2.26538,NH3,40.0
75,0,3.3,255,88846,18132,88846,18132,11.10585,2.2665,NH3,40.02
76,0,3.3,255,88832,18129,88832,18129,11.10404,2.26613,NH3,40.01
77,0,3.3,255,88876,18138,88876,18138,11.10953,2.26725,NH3,40.04
78,0,3.3,255,88944,18152,88944,18152,11.1181,2.269,NH3,40.08
79,0,3.3,255,88989,18161,88989,18161,11.12364,2.27013,NH3,40.1
80,0,3.3,255,88959,18155,88959,18155,11.11996,2.26938,NH3,40.08
81,0,3.3,255,88984,18160,88984,18160,11.123,2.27,NH3,40.1
82,0,3.3,255,89028,18169,89028,18169,11.12854,2.27113,NH3,40.12
83,0,3.3,255,89037,18170,89037,18170,11.12971,2.27137,NH3,40.13
84,0,3.3,255,89052,18174,89052,18174,11.13157,2.27175,NH3,40.14
85,0,3.3,255,89003,18164,89003,18164,11.12545,2.2705,NH3,40.11
86,0,3.3,255,89037,18170,89037,18170,11.12971,2.27137,NH3,40.13
87,0,3.3,255,89101,18184,89101,18184,11.1377,2.273,NH3,40.16
88,0,3.3,255,89091,18182,89091,18182,11.13648,2.27275,NH3,40.16
89,0,3.3,255,89067,18176,89067,18176,11.13339,2.27212,NH3,40.14
90,0,3.3,255,89057,18175,89057,18175,11.13221,2.27188,NH3,40.14
91,0,3.3,255,89008,18164,89008,18164,11.12604,2.27062,NH3,40.11
92,0,3.3,255,89008,18164,89008,18164,11.12604,2.27062,NH3,40.11
93,0,3.3,255,89062,18176,89062,18176,11.1328,2.272,NH3,40.14
94,0,3.3,255,89042,18172,89042,18172,11.13035,2.2715,NH3,40.13
95,0,3.3,255,89042,18172,89042,18172,11.13035,2.2715,NH3,40.13
96,0,3.3,255,88978,18158,88978,18158,11.12236,2.26987,NH3,40.09
97,0,3.3,255,88978,18158,88978,18158,11.12236,2.26987,NH3,40.09
98,0,3.3,255,88998,18163,88998,18163,11.12486,2.27038,NH3,40.11
99,0,3.3,255,89008,18164,89008,18164,11.12604,2.27062,NH3,40.11
100,0,3.3,255,88969,18157,88969,18157,11.12119,2.26963,NH3,40.09
101,0,3.3,255,88900,18143,88900,18143,11.11261,2.26788,NH3,40.05
102,0,3.3,255,88890,18140,88890,18140,11.11134,2.26762,NH3,40.04
103,0,3.3,255,88949,18152,88949,18152,11.11869,2.26912,NH3,40.08
104,0,3.3,255,88915,18146,88915,18146,11.11443,2.26825,NH3,40.06
105,0,3.3,255,88886,18140,88886,18140,11.11075,2.2675,NH3,40.04
106,0,3.3,255,88832,18129,88832,18129,11.10404,2.26613,NH3,40.01
107,0,3.3,255,88807,18124,88807,18124,11.10095,2.2655,NH3,40.0
108,0,3.3,255,88837,18130,88837,18130,11.10463,2.26625,NH3,40.01
109,0,3.3,255,88837,18130,88837,18130,11.10463,2.26625,NH3,40.01
110,0,3.3,255,88812,18124,88812,18124,11.10154,2.26562,NH3,40.0
111,0,3.3,255,88773,18117,88773,18117,11.09669,2.26463,NH3,39.98
112,0,3.3,255,88714,18105,88714,18105,11.08934,2.26313,NH3,39.95
113,0,3.3,255,88694,18100,88694,18100,11.08684,2.26262,NH3,39.94
114,0,3.3,255,88694,18100,88694,18100,11.08684,2.26262,NH3,39.94
115,0,3.3,255,88675,18097,88675,18097,11.08444,2.26213,NH3,39.92
116,0,3.3,255,88660,18094,88660,18094,11.08258,2.26175,NH3,39.92
117,0,3.3,255,88582,18078,88582,18078,11.07278,2.25975,NH3,39.87
118,0,3.3,255,88567,18074,88567,18074,11.07091,2.25937,NH3,39.86
119,0,3.3,255,88601,18082,88601,18082,11.07523,2.26025,NH3,39.88
120,0,3.3,255,88577,18077,88577,18077,11.07219,2.25963,NH3,39.87
121,0,3.3,255,88552,18072,88552,18072,11.0691,2.259,NH3,39.86
122,0,3.3,255,88474,18056,88474,18056,11.0593,2.257,NH3,39.81
123,0,3.3,255,88464,18054,88464,18054,11.05808,2.25675,NH3,39.81
124,0,3.3,255,88445,18050,88445,18050,11.05563,2.25625,NH3,39.8
125,0,0.0,0,103488,21120,103488,21120,12.936,2.64,NH3,48.2
126,0,0.0,0,101307,20675,101307,20675,12.66346,2.58438,NH3,46.98
127,0,0.0,0,98431,20088,98431,20088,12.3039,2.511,NH3,45.38
128,0,0.0,0,95633,19516,95633,19516,11.95414,2.43962,NH3,43.81
129,0,0.0,0,92908,18960,92908,18960,11.61359,2.37012,NH3,42.29
130,0,0.0,0,90292,18426,90292,18426,11.28651,2.30337,NH3,40.83
131,0,0.0,0,87764,17911,87764,17911,10.97051,2.23888,NH3,39.42
132,0,0.0,0,85353,17419,85353,17419,10.66916,2.17738,NH3,38.07
133,0,0.0,0,82986,16936,82986,16936,10.3733,2.117,NH3,36.74
134,0,0.0,0,80717,16472,80717,16472,10.08969,2.05912,NH3,35.48
135,0,0.0,0,78566,16033,78566,16033,9.82082,2.00425,NH3,34.27
136,0,0.0,0,76449,15602,76449,15602,9.55623,1.95025,NH3,33.09
137,0,0.0,0,74465,15196,74465,15196,9.30814,1.89962,NH3,31.98
138,0,0.0,0,72549,14806,72549,14806,9.06868,1.85075,NH3,30.91
139,0,0.0,0,70648,14418,70648,14418,8.83103,1.80225,NH3,29.85
140,0,0.0,0,68830,14047,68830,14047,8.60381,1.75588,NH3,28.83
141,0,0.0,0,67130,13700,67130,13700,8.39125,1.7125,NH3,27.88
142,0,0.0,0,65513,13370,65513,13370,8.18913,1.67125,NH3,26.98
143,0,0.0,0,63896,13040,63896,13040,7.987,1.63,NH3,26.07
144,0,0.0,0,62371,12728,62371,12728,7.79649,1.59112,NH3,25.22
145,0,0.0,0,60911,12430,60911,12430,7.61396,1.55387,NH3,24.41
146,0,0.0,0,59500,12143,59500,12143,7.43761,1.51788,NH3,23.62
147,0,0.0,0,58153,11868,58153,11868,7.26915,1.4835,NH3,22.87
148,0,0.0,0,56869,11606,56869,11606,7.10868,1.45075,NH3,22.15
149,0,0.0,0,55600,11346,55600,11346,6.95001,1.41837,NH3,21.44
150,0,0.0,0,54414,11105,54414,11105,6.80184,1.38813,NH3,20.78
151,0,0.0,0,53297,10877,53297,10877,6.66219,1.35963,NH3,20.15
152,0,0.0,0,52189,10650,52189,10650,6.52371,1.33137,NH3,19.53
153,0,0.0,0,51092,10426,51092,10426,6.38651,1.30337,NH3,18.92
154,0,0.0,0,50087,10222,50087,10222,6.26098,1.27775,NH3,18.36
155,0,0.0,0,49117,10024,49117,10024,6.1397,1.253,NH3,17.82
156,0,0.0,0,48167,9830,48167,9830,6.02088,1.22875,NH3,17.28
157,0,0.0,0,47270,9647,47270,9647,5.90881,1.20588,NH3,16.78
158,0,0.0,0,46403,9470,46403,9470,5.80038,1.18375,NH3,16.3
159,0,0.0,0,45570,9300,45570,9300,5.69625,1.1625,NH3,15.83
160,0,0.0,0,44737,9130,44737,9130,5.59213,1.14125,NH3,15.37
161,0,0.0,0,43982,8976,43982,8976,5.4978,1.122,NH3,14.94
162,0,0.0,0,43242,8824,43242,8824,5.40529,1.10312,NH3,14.53
163,0,0.0,0,42487,8670,42487,8670,5.31096,1.08387,NH3,14.11
164,0,0.0,0,41816,8534,41816,8534,5.22708,1.06675,NH3,13.73
165,0,0.0,0,41150,8398,41150,8398,5.14377,1.04975,NH3,13.36
166,0,0.0,0,40518,8269,40518,8269,5.06479,1.03363,NH3,13.01
167,0,0.0,0,39880,8138,39880,8138,4.98511,1.01737,NH3,12.65
168,0,0.0,0,39273,8015,39273,8015,4.90921,1.00188,NH3,12.31
169,0,0.0,0,38739,7906,38739,7906,4.84243,0.98825,NH3,12.01
170,0,0.0,0,38166,7789,38166,7789,4.77079,0.97363,NH3,11.69
171,0,0.0,0,37622,7678,37622,7678,4.70277,0.95975,NH3,11.39
172,0,0.0,0,37122,7576,37122,7576,4.6403,0.947,NH3,11.11
173,0,0.0,0,36612,7472,36612,7472,4.5766,0.934,NH3,10.83
174,0,0.0,0,36142,7376,36142,7376,4.5178,0.922,NH3,10.56
175,0,0.0,0,35686,7283,35686,7283,4.46086,0.91038,NH3,10.31
176,0,0.0,0,35221,7188,35221,7188,4.40265,0.8985,NH3,10.05
177,0,0.0,0,34794,7100,34794,7100,4.34934,0.88762,NH3,9.81
178,0,0.0,0,34373,7015,34373,7015,4.29671,0.87688,NH3,9.57
179,0,0.0,0,33957,6930,33957,6930,4.24463,0.86625,NH3,9.34
180,0,0.0,0,33579,6852,33579,6852,4.19744,0.85662,NH3,9.13
181,0,0.0,0,33202,6776,33202,6776,4.1503,0.847,NH3,8.92
182,0,0.0,0,32835,6701,32835,6701,4.10439,0.83763,NH3,8.71
183,0,0.0,0,32482,6629,32482,6629,4.06029,0.82863,NH3,8.52
184,0,0.0,0,32144,6560,32144,6560,4.018,0.82,NH3,8.33
185,0,0.0,0,31786,6487,31786,6487,3.97331,0.81088,NH3,8.13
186,0,0.0,0,31487,6426,31487,6426,3.93593,0.80325,NH3,7.96
187,0,0.0,0,31193,6366,31193,6366,3.89918,0.79575,NH3,7.8
188,0,0.0,0,30865,6299,30865,6299,3.85816,0.78738,NH3,7.61
189,0,0.0,0,30551,6235,30551,6235,3.81896,0.77938,NH3,7.44
190,0,0.0,0,30291,6182,30291,6182,3.78648,0.77275,NH3,7.29
191,0,0.0,0,30012,6124,30012,6124,3.75154,0.76562,NH3,7.14
192,0,0.0,0,29752,6072,29752,6072,3.7191,0.759,NH3,6.99
193,0,0.0,0,29493,6019,29493,6019,3.68666,0.75238,NH3,6.85
194,0,0.0,0,29248,5969,29248,5969,3.65604,0.74613,NH3,6.71
195,0,0.0,0,28998,5918,28998,5918,3.62478,0.73975,NH3,6.57
196,0,0.0,0,28821,5882,28821,5882,3.60272,0.73525,NH3,6.47
197,0,0.0,0,28581,5833,28581,5833,3.57274,0.72913,NH3,6.34
198,0,0.0,0,28376,5791,28376,5791,3.54701,0.72388,NH3,6.22
199,0,0.0,0,28175,5750,28175,5750,3.52188,0.71875,NH3,6.11
200,0,0.0,0,27959,5706,27959,5706,3.49493,0.71325,NH3,5.99
201,0,0.0,0,27739,5661,27739,5661,3.46739,0.70763,NH3,5.87
202,0,0.0,0,27557,5624,27557,5624,3.4447,0.703,NH3,5.76
203,0,0.0,0,27312,5574,27312,5574,3.41407,0.69675,NH3,5.63
204,0,0.0,0,27165,5544,27165,5544,3.3957,0.693,NH3,5.55
205,0,0.0,0,26964,5503,26964,5503,3.37061,0.68788,NH3,5.43
206,0,0.0,0,26803,5470,26803,5470,3.35038,0.68375,NH3,5.34
207,0,0.0,0,26656,5440,26656,5440,3.332,0.68,NH3,5.26
208,0,0.0,0,26484,5405,26484,5405,3.31059,0.67563,NH3,5.17
209,0,0.0,0,26337,5375,26337,5375,3.29221,0.67188,NH3,5.08
210,0,0.0,0,26195,5346,26195,5346,3.27443,0.66825,NH3,5.0
211,0,0.0,0,26009,5308,26009,5308,3.25115,0.6635,NH3,4.9
212,0,0.0,0,25911,5288,25911,5288,3.2389,0.661,NH3,4.84
213,0,0.0,0,25754,5256,25754,5256,3.2193,0.657,NH3,4.76
214,0,0.0,0,25622,5229,25622,5229,3.20279,0.65363,NH3,4.68
215,0,0.0,0,25485,5201,25485,5201,3.18564,0.65013,NH3,4.61
216,0,0.0,0,25377,5179,25377,5179,3.17216,0.64738,NH3,4.55
217,0,0.0,0,25244,5152,25244,5152,3.1556,0.644,NH3,4.47
218,0,0.0,0,25117,5126,25117,5126,3.13968,0.64075,NH3,4.4
219,0,0.0,0,24994,5100,24994,5100,3.12434,0.63762,NH3,4.33
220,0,0.0,0,24882,5078,24882,5078,3.11028,0.63475,NH3,4.27
221,0,0.0,0,24798,5060,24798,5060,3.09984,0.63262,NH3,4.22
222,0,0.0,0,24686,5038,24686,5038,3.08578,0.62975,NH3,4.16
223,0,0.0,0,24544,5009,24544,5009,3.06804,0.62613,NH3,4.08
224,0,0.0,0,24465,4993,24465,4993,3.05824,0.62413,NH3,4.04
225,0,0.0,0,24358,4971,24358,4971,3.04476,0.62138,NH3,3.98
226,0,0.0,0,24269,4953,24269,4953,3.03374,0.61913,NH3,3.93
227,0,0.0,0,24196,4938,24196,4938,3.02453,0.61725,NH3,3.89
228,0,0.0,0,24103,4919,24103,4919,3.01291,0.61488,NH3,3.83
229,0,0.0,0,23985,4895,23985,4895,2.99821,0.61188,NH3,3.77
230,0,0.0,0,23926,4883,23926,4883,2.99086,0.61038,NH3,3.74
231,0,0.0,0,23848,4866,23848,4866,2.98101,0.60837,NH3,3.69
232,0,0.0,0,23760,4849,23760,4849,2.97004,0.60613,NH3,3.64
233,0,0.0,0,23676,4832,23676,4832,2.9596,0.604,NH3,3.6
234,0,0.0,0,23593,4815,23593,4815,2.94921,0.60188,NH3,3.55
235,0,0.0,0,23520,4800,23520,4800,2.94,0.6,NH3,3.51
236,0,0.0,0,23441,4784,23441,4784,2.9302,0.598,NH3,3.46
237,0,0.0,0,23368,4769,23368,4769,2.92104,0.59613,NH3,3.42
238,0,0.0,0,23280,4751,23280,4751,2.91001,0.59388,NH3,3.37
239,0,0.0,0,23226,4740,23226,4740,2.90325,0.5925,NH3,3.34
240,0,0.0,0,23196,4734,23196,4734,2.89958,0.59175,NH3,3.33
241,0,0.0,0,23108,4716,23108,4716,2.88855,0.5895,NH3,3.28
242,0,0.0,0,23039,4702,23039,4702,2.87998,0.58775,NH3,3.24
243,0,0.0,0,22971,4688,22971,4688,2.8714,0.586,NH3,3.2
244,0,0.0,0,22951,4684,22951,4684,2.86895,0.5855,NH3,3.19
245,0,0.0,0,22878,4669,22878,4669,2.85979,0.58363,NH3,3.15
246,0,0.0,0,22834,4660,22834,4660,2.85425,0.5825,NH3,3.12
247,0,0.0,0,22755,4644,22755,4644,2.84445,0.5805,NH3,3.08
248,0,0.0,0,22711,4634,22711,4634,2.83891,0.57937,NH3,3.06
249,0,0.0,0,22677,4628,22677,4628,2.83465,0.5785,NH3,3.04
0,0,3.3,255,19467,3972,19467,3972,2.43344,0.49662,NH3,1.24
1,0,3.3,255,20854,4256,20854,4256,2.6068,0.532,NH3,2.02
2,0,3.3,255,22976,4689,22976,4689,2.87204,0.58613,NH3,3.2
3,0,3.3,255,25166,5136,25166,5136,3.1458,0.642,NH3,4.43
4,0,3.3,255,27376,5586,27376,5586,3.42201,0.69837,NH3,5.66
5,0,3.3,255,29615,6044,29615,6044,3.70195,0.7555,NH3,6.92
6,0,3.3,255,31869,6504,31869,6504,3.9837,0.813,NH3,8.17
7,0,3.3,255,34094,6958,34094,6958,4.26178,0.86975,NH3,9.42
8,0,3.3,255,36328,7414,36328,7414,4.54108,0.92675,NH3,10.67
9,0,3.3,255,38504,7858,38504,7858,4.81303,0.98225,NH3,11.88
10,0,3.3,255,40650,8296,40650,8296,5.0813,1.037,NH3,13.08
11,0,3.3,255,42771,8728,42771,8728,5.34649,1.09112,NH3,14.27
12,0,3.3,255,44815,9146,44815,9146,5.60193,1.14325,NH3,15.41
13,0,3.3,255,46829,9557,46829,9557,5.85369,1.19463,NH3,16.54
14,0,3.3,255,48804,9960,48804,9960,6.1005,1.245,NH3,17.64
15,0,3.3,255,50710,10349,50710,10349,6.33879,1.29363,NH3,18.71
16,0,3.3,255,52601,10734,52601,10734,6.57516,1.34187,NH3,19.76
17,0,3.3,255,54375,11096,54375,11096,6.79689,1.38712,NH3,20.75
18,0,3.3,255,56080,11445,56080,11445,7.01009,1.43063,NH3,21.71
19,0,3.3,255,57712,11778,57712,11778,7.21403,1.47225,NH3,22.62
20,0,3.3,255,59329,12108,59329,12108,7.41615,1.5135,NH3,23.52
21,0,3.3,255,60843,12416,60843,12416,7.60539,1.55212,NH3,24.37
22,0,3.3,255,62308,12716,62308,12716,7.78855,1.5895,NH3,25.19
23,0,3.3,255,63739,13008,63739,13008,7.9674,1.626,NH3,25.99
24,0,3.3,255,65081,13282,65081,13282,8.13523,1.66025,NH3,26.74
25,0,3.3,255,66389,13548,66389,13548,8.29874,1.69362,NH3,27.47
26,0,3.3,255,67634,13803,67634,13803,8.45436,1.72538,NH3,28.16
27,0,3.3,255,68830,14047,68830,14047,8.60381,1.75588,NH3,28.83
28,0,3.3,255,69952,14276,69952,14276,8.74405,1.7845,NH3,29.46
29,0,3.3,255,71030,14496,71030,14496,8.8788,1.812,NH3,30.06
30,0,3.3,255,72059,14706,72059,14706,9.00742,1.83825,NH3,30.64
31,0,3.3,255,72980,14894,72980,14894,9.12258,1.86175,NH3,31.15
32,0,3.3,255,73916,15085,73916,15085,9.23959,1.88563,NH3,31.68
33,0,3.3,255,74857,15276,74857,15276,9.35714,1.90962,NH3,32.2
34,0,3.3,255,75704,15450,75704,15450,9.46312,1.93125,NH3,32.68
35,0,3.3,255,76552,15622,76552,15622,9.56906,1.95287,NH3,33.15
36,0,3.3,255,77370,15790,77370,15790,9.67137,1.97375,NH3,33.61
37,0,3.3,255,78120,15942,78120,15942,9.76506,1.99287,NH3,34.03
38,0,3.3,255,78777,16077,78777,16077,9.84719,2.00963,NH3,34.39
39,0,3.3,255,79458,16216,79458,16216,9.9323,2.027,NH3,34.77
40,0,3.3,255,80051,16336,80051,16336,10.00639,2.04212,NH3,35.1
41,0,3.3,255,80673,16464,80673,16464,10.0842,2.058,NH3,35.45
42,0,3.3,255,81227,16577,81227,16577,10.15344,2.07213,NH3,35.76
43,0,3.3,255,81746,16682,81746,16682,10.21831,2.08537,NH3,36.05
44,0,3.3,255,82241,16784,82241,16784,10.2802,2.098,NH3,36.33
45,0,3.3,255,82667,16870,82667,16870,10.33346,2.10887,NH3,36.57
46,0,3.3,255,83108,16960,83108,16960,10.38859,2.12012,NH3,36.81
47,0,3.3,255,83549,17050,83549,17050,10.44371,2.13137,NH3,37.06
48,0,3.3,255,83971,17137,83971,17137,10.49644,2.14213,NH3,37.3
49,0,3.3,255,84421,17228,84421,17228,10.55274,2.15362,NH3,37.55
50,0,3.3,255,84750,17296,84750,17296,10.5938,2.162,NH3,37.73
51,0,3.3,255,85093,17366,85093,17366,10.63668,2.17075,NH3,37.92
52,0,3.3,255,85382,17425,85382,17425,10.67284,2.17813,NH3,38.08
53,0,3.3,255,85681,17486,85681,17486,10.71018,2.18575,NH3,38.25
54,0,3.3,255,85887,17528,85887,17528,10.7359,2.191,NH3,38.37
55,0,3.3,255,86156,17582,86156,17582,10.76956,2.19787,NH3,38.52
56,0,3.3,255,86396,17632,86396,17632,10.7996,2.204,NH3,38.65
57,0,3.3,255,86656,17684,86656,17684,10.83204,2.21062,NH3,38.8
58,0,3.3,255,86871,17728,86871,17728,10.85899,2.21612,NH3,38.92
59,0,3.3,255,87024,17760,87024,17760,10.878,2.22,NH3,39.0
60,0,3.3,255,87214,17798,87214,17798,10.90186,2.22487,NH3,39.11
61,0,3.3,255,87352,17827,87352,17827,10.91906,2.22838,NH3,39.19
62,0,3.3,255,87465,17850,87465,17850,10.93313,2.23125,NH3,39.25
63,0,3.3,255,87651,17888,87651,17888,10.9564,2.236,NH3,39.35
64,0,3.3,255,87817,17922,87817,17922,10.97723,2.24025,NH3,39.45
65,0,3.3,255,87920,17943,87920,17943,10.99011,2.24288,NH3,39.5
66,0,3.3,255,88038,17966,88038,17966,11.00476,2.24587,NH3,39.57
67,0,3.3,255,88121,17984,88121,17984,11.0152,2.248,NH3,39.61
68,0,3.3,255,88205,18001,88205,18001,11.02564,2.25013,NH3,39.66
69,0,3.3,255,88258,18012,88258,18012,11.03235,2.2515,NH3,39.69
70,0,3.3,255,88356,18032,88356,18032,11.0446,2.254,NH3,39.75
71,0,3.3,255,88498,18060,88498,18060,11.06234,2.25762,NH3,39.83
72,0,3.3,255,88523,18066,88523,18066,11.06542,2.25825,NH3,39.84
73,0,3.3,255,88592,18080,88592,18080,11.074,2.26,NH3,39.88
74,0,3.3,255,88641,18090,88641,18090,11.08013,2.26125,NH3,39.91
75,0,3.3,255,88709,18104,88709,18104,11.0887,2.263,NH3,39.94
76,0,3.3,255,88694,18100,88694,18100,11.08684,2.26262,NH3,39.94
77,0,3.3,255,88724,18106,88724,18106,11.09051,2.26337,NH3,39.95
78,0,3.3,255,88763,18114,88763,18114,11.09541,2.26437,NH3,39.97
79,0,3.3,255,88880,18138,88880,18138,11.11011,2.26737,NH3,40.04
80,0,3.3,255,88856,18134,88856,18134,11.10708,2.26675,NH3,40.03
81,0,3.3,255,88915,18146,88915,18146,11.11443,2.26825,NH3,40.06
82,0,3.3,255,88890,18140,88890,18140,11.11134,2.26762,NH3,40.04
83,0,3.3,255,88886,18140,88886,18140,11.11075,2.2675,NH3,40.04
84,0,3.3,255,88851,18132,88851,18132,11.10644,2.26662,NH3,40.02
85,0,3.3,255,88905,18144,88905,18144,11.1132,2.268,NH3,40.05
86,0,3.3,255,88920,18146,88920,18146,11.11501,2.26837,NH3,40.06
87,0,3.3,255,88974,18158,88974,18158,11.12178,2.26975,NH3,40.09
88,0,3.3,255,88964,18156,88964,18156,11.12055,2.2695,NH3,40.09
89,0,3.3,255,88939,18150,88939,18150,11.11746,2.26887,NH3,40.07
90,0,3.3,255,88944,18152,88944,18152,11.1181,2.269,NH3,40.08
91,0,3.3,255,88944,18152,88944,18152,11.1181,2.269,NH3,40.08
92,0,3.3,255,88851,18132,88851,18132,11.10644,2.26662,NH3,40.02
93,0,3.3,255,88876,18138,88876,18138,11.10953,2.26725,NH3,40.04
94,0,3.3,255,88876,18138,88876,18138,11.10953,2.26725,NH3,40.04
95,0,3.3,255,88935,18150,88935,18150,11.11688,2.26875,NH3,40.07
96,0,3.3,255,88876,18138,88876,18138,11.10953,2.26725,NH3,40.04
97,0,3.3,255,88871,18137,88871,18137,11.10894,2.26713,NH3,40.03
98,0,3.3,255,88788,18120,88788,18120,11.0985,2.265,NH3,39.99
99,0,3.3,255,88812,18124,88812,18124,11.10154,2.26562,NH3,40.0
100,0,3.3,255,88866,18136,88866,18136,11.1083,2.267,NH3,40.03
101,0,3.3,255,88832,18129,88832,18129,11.10404,2.26613,NH3,40.01
102,0,3.3,255,88763,18114,88763,18114,11.09541,2.26437,NH3,39.97
103,0,3.3,255,88753,18112,88753,18112,11.09419,2.26412,NH3,39.97
104,0,3.3,255,88792,18120,88792,18120,11.09909,2.26512,NH3,39.99
105,0,3.3,255,88773,18117,88773,18117,11.09669,2.26463,NH3,39.98
106,0,3.3,255,88739,18110,88739,18110,11.09238,2.26375,NH3,39.96
107,0,3.3,255,88680,18098,88680,18098,11.08502,2.26225,NH3,39.93
108,0,3.3,255,88665,18094,88665,18094,11.08316,2.26187,NH3,39.92
109,0,3.3,255,88680,18098,88680,18098,11.08502,2.26225,NH3,39.93
110,0,3.3,255,88680,18098,88680,18098,11.08502,2.26225,NH3,39.93
111,0,3.3,255,88660,18094,88660,18094,11.08258,2.26175,NH3,39.92
112,0,3.3,255,88582,18078,88582,18078,11.07278,2.25975,NH3,39.87
113,0,3.3,255,88572,18076,88572,18076,11.07155,2.2595,NH3,39.87
114,0,3.3,255,88552,18072,88552,18072,11.0691,2.259,NH3,39.86
115,0,3.3,255,88592,18080,88592,18080,11.074,2.26,NH3,39.88
116,0,3.3,255,88543,18070,88543,18070,11.06788,2.25875,NH3,39.85
117,0,3.3,255,88537,18068,88537,18068,11.06724,2.25862,NH3,39.85
118,0,3.3,255,88449,18050,88449,18050,11.05621,2.25637,NH3,39.8
119,0,3.3,255,88410,18042,88410,18042,11.05131,2.25537,NH3,39.78
120,0,3.3,255,88386,18038,88386,18038,11.04828,2.25475,NH3,39.76
121,0,3.3,255,88435,18048,88435,18048,11.0544,2.256,NH3,39.79
122,0,3.3,255,88420,18045,88420,18045,11.05259,2.25563,NH3,39.78
123,0,3.3,255,88386,18038,88386,18038,11.04828,2.25475,NH3,39.76
124,0,3.3,255,88376,18036,88376,18036,11.04705,2.2545,NH3,39.76
125,0,0.0,0,103346,21091,103346,21091,12.91826,2.63638,NH3,48.12
126,0,0.0,0,101140,20640,101140,20640,12.64259,2.58012,NH3,46.89
127,0,0.0,0,98284,20058,98284,20058,12.28553,2.50725,NH3,45.29
128,0,0.0,0,95432,19476,95432,19476,11.92905,2.4345,NH3,43.7
129,0,0.0,0,92742,18926,92742,18926,11.59276,2.36587,NH3,42.2
130,0,0.0,0,90164,18400,90164,18400,11.27059,2.30012,NH3,40.76
131,0,0.0,0,87617,17881,87617,17881,10.95214,2.23513,NH3,39.33
132,0,0.0,0,85059,17359,85059,17359,10.63241,2.16988,NH3,37.9
133,0,0.0,0,82810,16900,82810,16900,10.35125,2.1125,NH3,36.65
134,0,0.0,0,80560,16440,80560,16440,10.07009,2.05512,NH3,35.39
135,0,0.0,0,78400,16000,78400,16000,9.8,2.0,NH3,34.18
136,0,0.0,0,76312,15574,76312,15574,9.53908,1.94675,NH3,33.01
137,0,0.0,0,74259,15154,74259,15154,9.28241,1.89437,NH3,31.87
138,0,0.0,0,72333,14762,72333,14762,9.04173,1.84525,NH3,30.79
139,0,0.0,0,70511,14390,70511,14390,8.81388,1.79875,NH3,29.77
140,0,0.0,0,68717,14024,68717,14024,8.5897,1.753,NH3,28.77
141,0,0.0,0,66963,13666,66963,13666,8.37043,1.70825,NH3,27.79
142,0,0.0,0,65321,13330,65321,13330,8.16521,1.66637,NH3,26.87
143,0,0.0,0,63739,13008,63739,13008,7.9674,1.626,NH3,25.99
144,0,0.0,0,62215,12696,62215,12696,7.77689,1.58712,NH3,25.14
145,0,0.0,0,60735,12394,60735,12394,7.59191,1.54937,NH3,24.31
146,0,0.0,0,59348,12112,59348,12112,7.4186,1.514,NH3,23.53
147,0,0.0,0,58006,11838,58006,11838,7.25077,1.47975,NH3,22.78
148,0,0.0,0,56693,11570,56693,11570,7.08663,1.44625,NH3,22.05
149,0,0.0,0,55468,11320,55468,11320,6.9335,1.415,NH3,21.36
150,0,0.0,0,54272,11076,54272,11076,6.78405,1.3845,NH3,20.7
151,0,0.0,0,53120,10840,53120,10840,6.64009,1.35512,NH3,20.05
152,0,0.0,0,52038,10620,52038,10620,6.50475,1.3275,NH3,19.45
153,0,0.0,0,50974,10403,50974,10403,6.37186,1.30038,NH3,18.85
154,0,0.0,0,49940,10192,49940,10192,6.2426,1.274,NH3,18.28
155,0,0.0,0,48965,9993,48965,9993,6.12074,1.24913,NH3,17.73
156,0,0.0,0,48010,9798,48010,9798,6.00128,1.22475,NH3,17.2
157,0,0.0,0,47103,9612,47103,9612,5.88794,1.20162,NH3,16.69
158,0,0.0,0,46216,9432,46216,9432,5.7771,1.179,NH3,16.19
159,0,0.0,0,45393,9264,45393,9264,5.6742,1.158,NH3,15.73
160,0,0.0,0,44619,9106,44619,9106,5.57743,1.13825,NH3,15.3
161,0,0.0,0,43820,8942,43820,8942,5.47756,1.11787,NH3,14.85
162,0,0.0,0,43080,8792,43080,8792,5.3851,1.099,NH3,14.44
163,0,0.0,0,42360,8644,42360,8644,5.29504,1.08062,NH3,14.04
164,0,0.0,0,41640,8498,41640,8498,5.20503,1.06225,NH3,13.64
165,0,0.0,0,40973,8362,40973,8362,5.12173,1.04525,NH3,13.26
166,0,0.0,0,40356,8236,40356,8236,5.04455,1.0295,NH3,12.92
167,0,0.0,0,39748,8112,39748,8112,4.9686,1.014,NH3,12.58
168,0,0.0,0,39126,7985,39126,7985,4.89084,0.99813,NH3,12.23
169,0,0.0,0,38557,7868,38557,7868,4.81974,0.98362,NH3,11.91
170,0,0.0,0,38009,7757,38009,7757,4.75119,0.96963,NH3,11.61
171,0,0.0,0,37445,7642,37445,7642,4.68073,0.95525,NH3,11.29
172,0,0.0,0,36965,7544,36965,7544,4.6207,0.943,NH3,11.02
173,0,0.0,0,36465,7442,36465,7442,4.55823,0.93025,NH3,10.74
174,0,0.0,0,35980,7342,35980,7342,4.49756,0.91787,NH3,10.47
175,0,0.0,0,35530,7251,35530,7251,4.44126,0.90638,NH3,10.22
176,0,0.0,0,35069,7157,35069,7157,4.38369,0.89463,NH3,9.96
177,0,0.0,0,34652,7072,34652,7072,4.3316,0.884,NH3,9.73
178,0,0.0,0,34216,6983,34216,6983,4.27711,0.87288,NH3,9.49
179,0,0.0,0,33805,6899,33805,6899,4.22566,0.86238,NH3,9.26
180,0,0.0,0,33432,6823,33432,6823,4.17911,0.85288,NH3,9.05
181,0,0.0,0,33045,6744,33045,6744,4.1307,0.843,NH3,8.83
182,0,0.0,0,32668,6666,32668,6666,4.08351,0.83337,NH3,8.62
183,0,0.0,0,32344,6600,32344,6600,4.04309,0.82512,NH3,8.44
184,0,0.0,0,31991,6528,31991,6528,3.99899,0.81612,NH3,8.24
185,0,0.0,0,31649,6459,31649,6459,3.95616,0.80738,NH3,8.05
186,0,0.0,0,31301,6388,31301,6388,3.91265,0.7985,NH3,7.86
187,0,0.0,0,30992,6325,30992,6325,3.87409,0.79063,NH3,7.68
188,0,0.0,0,30703,6266,30703,6266,3.83793,0.78325,NH3,7.52
189,0,0.0,0,30424,6209,30424,6209,3.80304,0.77613,NH3,7.37
190,0,0.0,0,30139,6150,30139,6150,3.76746,0.76887,NH3,7.21
191,0,0.0,0,29885,6099,29885,6099,3.73566,0.76238,NH3,7.07
192,0,0.0,0,29605,6042,29605,6042,3.70073,0.75525,NH3,6.91
193,0,0.0,0,29341,5988,29341,5988,3.66765,0.7485,NH3,6.76
194,0,0.0,0,29106,5940,29106,5940,3.63825,0.7425,NH3,6.63
195,0,0.0,0,28880,5894,28880,5894,3.61008,0.73675,NH3,6.5
196,0,0.0,0,28635,5844,28635,5844,3.57945,0.7305,NH3,6.37
197,0,0.0,0,28425,5801,28425,5801,3.55314,0.72513,NH3,6.25
198,0,0.0,0,28214,5758,28214,5758,3.52678,0.71975,NH3,6.13
199,0,0.0,0,27998,5714,27998,5714,3.49983,0.71425,NH3,6.01
200,0,0.0,0,27812,5676,27812,5676,3.47655,0.7095,NH3,5.91
201,0,0.0,0,27611,5634,27611,5634,3.45141,0.70437,NH3,5.79
202,0,0.0,0,27396,5591,27396,5591,3.42451,0.69888,NH3,5.67
203,0,0.0,0,27195,5550,27195,5550,3.39938,0.69375,NH3,5.56
204,0,0.0,0,27033,5517,27033,5517,3.37919,0.68963,NH3,5.47
205,0,0.0,0,26852,5480,26852,5480,3.3565,0.685,NH3,5.37
206,0,0.0,0,26665,5442,26665,5442,3.33323,0.68025,NH3,5.27
207,0,0.0,0,26503,5408,26503,5408,3.31299,0.67612,NH3,5.18
208,0,0.0,0,26352,5378,26352,5378,3.29403,0.67225,NH3,5.09
209,0,0.0,0,26171,5341,26171,5341,3.27139,0.66763,NH3,4.99
210,0,0.0,0,26058,5318,26058,5318,3.25727,0.66475,NH3,4.93
211,0,0.0,0,25881,5282,25881,5282,3.23523,0.66025,NH3,4.83
212,0,0.0,0,25759,5256,25759,5256,3.21989,0.65712,NH3,4.76
213,0,0.0,0,25607,5226,25607,5226,3.20093,0.65325,NH3,4.67
214,0,0.0,0,25474,5198,25474,5198,3.18436,0.64987,NH3,4.6
215,0,0.0,0,25352,5174,25352,5174,3.16908,0.64675,NH3,4.53
216,0,0.0,0,25210,5145,25210,5145,3.15134,0.64313,NH3,4.45
217,0,0.0,0,25107,5124,25107,5124,3.13845,0.6405,NH3,4.4
218,0,0.0,0,24965,5094,24965,5094,3.12066,0.63687,NH3,4.32
219,0,0.0,0,24857,5073,24857,5073,3.10724,0.63413,NH3,4.26
220,0,0.0,0,24735,5048,24735,5048,3.0919,0.631,NH3,4.19
221,0,0.0,0,24617,5024,24617,5024,3.0772,0.628,NH3,4.12
222,0,0.0,0,24524,5004,24524,5004,3.06554,0.62562,NH3,4.07
223,0,0.0,0,24397,4979,24397,4979,3.04966,0.62238,NH3,4.0
224,0,0.0,0,24313,4962,24313,4962,3.03923,0.62025,NH3,3.95
225,0,0.0,0,24220,4943,24220,4943,3.02761,0.61788,NH3,3.9
226,0,0.0,0,24117,4922,24117,4922,3.01472,0.61525,NH3,3.84
227,0,0.0,0,24014,4900,24014,4900,3.00184,0.61262,NH3,3.78
228,0,0.0,0,23931,4884,23931,4884,2.99145,0.6105,NH3,3.74
229,0,0.0,0,23863,4870,23863,4870,2.98288,0.60875,NH3,3.7
230,0,0.0,0,23755,4848,23755,4848,2.9694,0.606,NH3,3.64
231,0,0.0,0,23667,4830,23667,4830,2.95838,0.60375,NH3,3.59
232,0,0.0,0,23598,4816,23598,4816,2.9498,0.602,NH3,3.55
233,0,0.0,0,23500,4796,23500,4796,2.93755,0.5995,NH3,3.5
234,0,0.0,0,23416,4778,23416,4778,2.92711,0.59737,NH3,3.45
235,0,0.0,0,23348,4764,23348,4764,2.91854,0.59562,NH3,3.41
236,0,0.0,0,23294,4754,23294,4754,2.91182,0.59425,NH3,3.38
237,0,0.0,0,23211,4737,23211,4737,2.90144,0.59213,NH3,3.34
238,0,0.0,0,23186,4732,23186,4732,2.89835,0.5915,NH3,3.32
239,0,0.0,0,23069,4708,23069,4708,2.88365,0.5885,NH3,3.26
240,0,0.0,0,23024,4698,23024,4698,2.87811,0.58737,NH3,3.23
241,0,0.0,0,22961,4686,22961,4686,2.87018,0.58575,NH3,3.2
242,0,0.0,0,22897,4673,22897,4673,2.86224,0.58413,NH3,3.16
243,0,0.0,0,22843,4662,22843,4662,2.85548,0.58275,NH3,3.13
244,0,0.0,0,22789,4650,22789,4650,2.84871,0.58137,NH3,3.1
245,0,0.0,0,22706,4634,22706,4634,2.83833,0.57925,NH3,3.05
246,0,0.0,0,22662,4624,22662,4624,2.83279,0.57812,NH3,3.03
247,0,0.0,0,22613,4615,22613,4615,2.82671,0.57688,NH3,3.0
248,0,0.0,0,22593,4610,22593,4610,2.82421,0.57637,NH3,2.99
249,0,0.0,0,22510,4594,22510,4594,2.81383,0.57425,NH3,2.94
0,0,3.3,255,19340,3947,19340,3947,2.41756,0.49338,NH3,1.17
1,0,3.3,255,20717,4228,20717,4228,2.58965,0.5285,NH3,1.94
2,0,3.3,255,22814,4656,22814,4656,2.8518,0.582,NH3,3.11
3,0,3.3,255,24994,5100,24994,5100,3.12434,0.63762,NH3,4.33
4,0,3.3,255,27200,5551,27200,5551,3.40001,0.69388,NH3,5.57
5,0,3.3,255,29424,6004,29424,6004,3.67804,0.75062,NH3,6.81
6,0,3.3,255,31644,6458,31644,6458,3.95553,0.80725,NH3,8.05
7,0,3.3,255,33844,6907,33844,6907,4.23056,0.86338,NH3,9.28
8,0,3.3,255,36044,7356,36044,7356,4.50555,0.9195,NH3,10.51
9,0,3.3,255,38210,7798,38210,7798,4.77628,0.97475,NH3,11.72
10,0,3.3,255,40346,8234,40346,8234,5.04333,1.02925,NH3,12.91
11,0,3.3,255,42438,8660,42438,8660,5.30484,1.08262,NH3,14.08
12,0,3.3,255,44477,9076,44477,9076,5.55964,1.13462,NH3,15.22
13,0,3.3,255,46471,9484,46471,9484,5.80895,1.1855,NH3,16.34
14,0,3.3,255,48455,9888,48455,9888,6.05699,1.23612,NH3,17.45
15,0,3.3,255,50318,10269,50318,10269,6.28979,1.28363,NH3,18.49
16,0,3.3,255,52165,10646,52165,10646,6.52068,1.33075,NH3,19.52
17,0,3.3,255,53900,11000,53900,11000,6.7375,1.375,NH3,20.49
18,0,3.3,255,55615,11350,55615,11350,6.95188,1.41875,NH3,21.45
19,0,3.3,255,57280,11690,57280,11690,7.16012,1.46125,NH3,22.38
20,0,3.3,255,58873,12015,58873,12015,7.35921,1.50188,NH3,23.27
21,0,3.3,255,60377,12322,60377,12322,7.54723,1.54025,NH3,24.11
22,0,3.3,255,61881,12628,61881,12628,7.73524,1.57862,NH3,24.95
23,0,3.3,255,63254,12909,63254,12909,7.90679,1.61363,NH3,25.72
24,0,3.3,255,64660,13196,64660,13196,8.08255,1.6495,NH3,26.5
25,0,3.3,255,65914,13452,65914,13452,8.23935,1.6815,NH3,27.2
26,0,3.3,255,67203,13714,67203,13714,8.40041,1.71437,NH3,27.92
27,0,3.3,255,68349,13948,68349,13948,8.54374,1.74362,NH3,28.56
28,0,3.3,255,69521,14188,69521,14188,8.69015,1.7735,NH3,29.22
29,0,3.3,255,70618,14412,70618,14412,8.82735,1.8015,NH3,29.83
30,0,3.3,255,71662,14624,71662,14624,8.95779,1.82812,NH3,30.42
31,0,3.3,255,72593,14814,72593,14814,9.07416,1.85187,NH3,30.94
32,0,3.3,255,73558,15012,73558,15012,9.19485,1.8765,NH3,31.48
33,0,3.3,255,74509,15206,74509,15206,9.31367,1.90075,NH3,32.01
34,0,3.3,255,75367,15381,75367,15381,9.42089,1.92263,NH3,32.49
35,0,3.3,255,76175,15546,76175,15546,9.52192,1.94325,NH3,32.94
36,0,3.3,255,76915,15696,76915,15696,9.61439,1.96212,NH3,33.35
37,0,3.3,255,77704,15858,77704,15858,9.71303,1.98225,NH3,33.79
38,0,3.3,255,78400,16000,78400,16000,9.8,2.0,NH3,34.18
39,0,3.3,255,79086,16140,79086,16140,9.88575,2.0175,NH3,34.56
40,0,3.3,255,79693,16264,79693,16264,9.9617,2.033,NH3,34.9
41,0,3.3,255,80335,16394,80335,16394,10.04191,2.04937,NH3,35.26
42,0,3.3,255,80908,16512,80908,16512,10.1136,2.064,NH3,35.58
43,0,3.3,255,81403,16612,81403,16612,10.17544,2.07662,NH3,35.86
44,0,3.3,255,81918,16718,81918,16718,10.23977,2.08975,NH3,36.15
45,0,3.3,255,82423,16821,82423,16821,10.30289,2.10263,NH3,36.43
46,0,3.3,255,82908,16920,82908,16920,10.3635,2.115,NH3,36.7
47,0,3.3,255,83324,17004,83324,17004,10.41554,2.12562,NH3,36.93
48,0,3.3,255,83755,17092,83755,17092,10.46944,2.13662,NH3,37.17
49,0,3.3,255,84152,17174,84152,17174,10.51908,2.14675,NH3,37.4
50,0,3.3,255,84495,17244,84495,17244,10.56195,2.1555,NH3,37.59
51,0,3.3,255,84819,17310,84819,17310,10.60238,2.16375,NH3,37.77
52,0,3.3,255,85142,17376,85142,17376,10.6428,2.172,NH3,37.95
53,0,3.3,255,85480,17445,85480,17445,10.68509,2.18063,NH3,38.14
54,0,3.3,255,85725,17495,85725,17495,10.71571,2.18688,NH3,38.28
55,0,3.3,255,86024,17556,86024,17556,10.75305,2.1945,NH3,38.44
56,0,3.3,255,86225,17597,86225,17597,10.77819,2.19963,NH3,38.56
57,0,3.3,255,86455,17644,86455,17644,10.80695,2.2055,NH3,38.68
58,0,3.3,255,86681,17690,86681,17690,10.83513,2.21125,NH3,38.81
59,0,3.3,255,86867,17728,86867,17728,10.8584,2.216,NH3,38.91
60,0,3.3,255,87097,17774,87097,17774,10.88716,2.22187,NH3,39.04
61,0,3.3,255,87229,17802,87229,17802,10.90372,2.22525,NH3,39.12
62,0,3.3,255,87421,17841,87421,17841,10.92764,2.23013,NH3,39.22
63,0,3.3,255,87587,17875,87587,17875,10.94846,2.23438,NH3,39.32
64,0,3.3,255,87724,17902,87724,17902,10.96556,2.23787,NH3,39.39
65,0,3.3,255,87862,17931,87862,17931,10.98276,2.24138,NH3,39.47
66,0,3.3,255,87920,17943,87920,17943,10.99011,2.24288,NH3,39.5
67,0,3.3,255,88082,17976,88082,17976,11.0103,2.247,NH3,39.59
68,0,3.3,255,88175,17995,88175,17995,11.02196,2.24938,NH3,39.65
69,0,3.3,255,88288,18018,88288,18018,11.03603,2.25225,NH3,39.71
70,0,3.3,255,88356,18032,88356,18032,11.0446,2.254,NH3,39.75
71,0,3.3,255,88391,18039,88391,18039,11.04891,2.25488,NH3,39.77
72,0,3.3,255,88459,18053,88459,18053,11.05749,2.25663,NH3,39.8
73,0,3.3,255,88537,18068,88537,18068,11.06724,2.25862,NH3,39.85
74,0,3.3,255,88587,18079,88587,18079,11.07341,2.25988,NH3,39.88
75,0,3.3,255,88655,18092,88655,18092,11.08194,2.26162,NH3,39.91
76,0,3.3,255,88690,18100,88690,18100,11.08625,2.2625,NH3,39.93
77,0,3.3,255,88739,18110,88739,18110,11.09238,2.26375,NH3,39.96
78,0,3.3,255,88758,18114,88758,18114,11.09483,2.26425,NH3,39.97
79,0,3.3,255,88792,18120,88792,18120,11.09909,2.26512,NH3,39.99
80,0,3.3,255,88866,18136,88866,18136,11.1083,2.267,NH3,40.03
81,0,3.3,255,88915,18146,88915,18146,11.11443,2.26825,NH3,40.06
82,0,3.3,255,88895,18142,88895,18142,11.11198,2.26775,NH3,40.05
83,0,3.3,255,88954,18154,88954,18154,11.11932,2.26925,NH3,40.08
84,0,3.3,255,88935,18150,88935,18150,11.11688,2.26875,NH3,40.07
85,0,3.3,255,88939,18150,88939,18150,11.11746,2.26887,NH3,40.07
86,0,3.3,255,88939,18150,88939,18150,11.11746,2.26887,NH3,40.07
87,0,3.3,255,89003,18164,89003,18164,11.12545,2.2705,NH3,40.11
88,0,3.3,255,88939,18150,88939,18150,11.11746,2.26887,NH3,40.07
89,0,3.3,255,89008,18164,89008,18164,11.12604,2.27062,NH3,40.11
90,0,3.3,255,89028,18169,89028,18169,11.12854,2.27113,NH3,40.12
91,0,3.3,255,88959,18155,88959,18155,11.11996,2.26938,NH3,40.08
92,0,3.3,255,88964,18156,88964,18156,11.12055,2.2695,NH3,40.09
93,0,3.3,255,88993,18162,88993,18162,11.12423,2.27025,NH3,40.1
94,0,3.3,255,89023,18168,89023,18168,11.1279,2.271,NH3,40.12
95,0,3.3,255,89008,18164,89008,18164,11.12604,2.27062,NH3,40.11
96,0,3.3,255,89013,18166,89013,18166,11.12668,2.27075,NH3,40.11
97,0,3.3,255,88993,18162,88993,18162,11.12423,2.27025,NH3,40.1
98,0,3.3,255,88939,18150,88939,18150,11.11746,2.26887,NH3,40.07
99,0,3.3,255,88935,18150,88935,18150,11.11688,2.26875,NH3,40.07
100,0,3.3,255,88989,18161,88989,18161,11.12364,2.27013,NH3,40.1
101,0,3.3,255,88978,18158,88978,18158,11.12236,2.26987,NH3,40.09
102,0,3.3,255,88969,18157,88969,18157,11.12119,2.26963,NH3,40.09
103,0,3.3,255,88871,18137,88871,18137,11.10894,2.26713,NH3,40.03
104,0,3.3,255,88871,18137,88871,18137,11.10894,2.26713,NH3,40.03
105,0,3.3,255,88925,18148,88925,18148,11.11565,2.2685,NH3,40.06
106,0,3.3,255,88895,18142,88895,18142,11.11198,2.26775,NH3,40.05
107,0,3.3,255,88866,18136,88866,18136,11.1083,2.267,NH3,40.03
108,0,3.3,255,88778,18118,88778,18118,11.09727,2.26475,NH3,39.98
109,0,3.3,255,88797,18122,88797,18122,11.09973,2.26525,NH3,39.99
110,0,3.3,255,88778,18118,88778,18118,11.09727,2.26475,NH3,39.98
111,0,3.3,255,88807,18124,88807,18124,11.10095,2.2655,NH3,40.0
112,0,3.3,255,88778,18118,88778,18118,11.09727,2.26475,NH3,39.98
113,0,3.3,255,88768,18116,88768,18116,11.09605,2.2645,NH3,39.98
114,0,3.3,255,88680,18098,88680,18098,11.08502,2.26225,NH3,39.93
115,0,3.3,255,88690,18100,88690,18100,11.08625,2.2625,NH3,39.93
116,0,3.3,255,88660,18094,88660,18094,11.08258,2.26175,NH3,39.92
117,0,3.3,255,88601,18082,88601,18082,11.07523,2.26025,NH3,39.88
118,0,3.3,255,88680,18098,88680,18098,11.08502,2.26225,NH3,39.93
119,0,3.3,255,88655,18092,88655,18092,11.08194,2.26162,NH3,39.91
120,0,3.3,255,88616,18085,88616,18085,11.07709,2.26063,NH3,39.89
121,0,3.3,255,88606,18082,88606,18082,11.07581,2.26037,NH3,39.89
122,0,3.3,255,88572,18076,88572,18076,11.07155,2.2595,NH3,39.87
123,0,3.3,255,88508,18062,88508,18062,11.06356,2.25787,NH3,39.83
124,0,3.3,255,88489,18059,88489,18059,11.06116,2.25738,NH3,39.82
125,0,0.0,0,103561,21135,103561,21135,12.94521,2.64188,NH3,48.24
126,0,0.0,0,101356,20684,101356,20684,12.66954,2.58562,NH3,47.01
127,0,0.0,0,98509,20104,98509,20104,12.3137,2.513,NH3,45.42
128,0,0.0,0,95701,19530,95701,19530,11.96271,2.44137,NH3,43.85
129,0,0.0,0,93016,18983,93016,18983,11.62711,2.37288,NH3,42.35
130,0,0.0,0,90385,18446,90385,18446,11.29818,2.30575,NH3,40.88
131,0,0.0,0,87876,17934,87876,17934,10.98458,2.24175,NH3,39.48
132,0,0.0,0,85446,17438,85446,17438,10.68078,2.17975,NH3,38.12
133,0,0.0,0,83084,16956,83084,16956,10.38555,2.1195,NH3,36.8
134,0,0.0,0,80810,16492,80810,16492,10.10135,2.0615,NH3,35.53
135,0,0.0,0,78630,16047,78630,16047,9.82881,2.00588,NH3,34.31
136,0,0.0,0,76469,15606,76469,15606,9.55868,1.95075,NH3,33.1
137,0,0.0,0,74553,15214,74553,15214,9.31916,1.90187,NH3,32.03
138,0,0.0,0,72593,14814,72593,14814,9.07416,1.85187,NH3,30.94
139,0,0.0,0,70741,14436,70741,14436,8.84264,1.80462,NH3,29.9
140,0,0.0,0,68952,14072,68952,14072,8.6191,1.759,NH3,28.9
141,0,0.0,0,67222,13718,67222,13718,8.40286,1.71487,NH3,27.93
142,0,0.0,0,65562,13380,65562,13380,8.19525,1.6725,NH3,27.01
143,0,0.0,0,63979,13057,63979,13057,7.99744,1.63213,NH3,26.12
144,0,0.0,0,62465,12748,62465,12748,7.80815,1.5935,NH3,25.28
145,0,0.0,0,61034,12456,61034,12456,7.6293,1.557,NH3,24.48
146,0,0.0,0,59613,12166,59613,12166,7.45168,1.52075,NH3,23.68
147,0,0.0,0,58261,11890,58261,11890,7.28263,1.48625,NH3,22.93
148,0,0.0,0,56943,11621,56943,11621,7.11789,1.45263,NH3,22.19
149,0,0.0,0,55722,11372,55722,11372,6.96535,1.4215,NH3,21.51
150,0,0.0,0,54507,11124,54507,11124,6.81345,1.3905,NH3,20.83
151,0,0.0,0,53366,10891,53366,10891,6.67076,1.36138,NH3,20.19
152,0,0.0,0,52258,10664,52258,10664,6.53229,1.33312,NH3,19.57
153,0,0.0,0,51185,10446,51185,10446,6.39818,1.30575,NH3,18.97
154,0,0.0,0,50190,10243,50190,10243,6.27386,1.28038,NH3,18.41
155,0,0.0,0,49201,10041,49201,10041,6.15014,1.25513,NH3,17.86
156,0,0.0,0,48240,9845,48240,9845,6.03009,1.23063,NH3,17.32
157,0,0.0,0,47334,9660,47334,9660,5.91675,1.2075,NH3,16.82
158,0,0.0,0,46481,9486,46481,9486,5.81018,1.18575,NH3,16.34
159,0,0.0,0,45623,9310,45623,9310,5.70296,1.16387,NH3,15.86
160,0,0.0,0,44829,9148,44829,9148,5.60374,1.14362,NH3,15.42
161,0,0.0,0,44051,8990,44051,8990,5.50638,1.12375,NH3,14.98
162,0,0.0,0,43311,8839,43311,8839,5.41391,1.10488,NH3,14.57
163,0,0.0,0,42576,8689,42576,8689,5.32204,1.08613,NH3,14.16
164,0,0.0,0,41880,8547,41880,8547,5.23506,1.06838,NH3,13.77
165,0,0.0,0,41243,8416,41243,8416,5.15539,1.05212,NH3,13.41
166,0,0.0,0,40566,8278,40566,8278,5.07086,1.03487,NH3,13.04
167,0,0.0,0,39935,8150,39935,8150,4.99188,1.01875,NH3,12.68
168,0,0.0,0,39366,8034,39366,8034,4.92083,1.00425,NH3,12.37
169,0,0.0,0,38759,7910,38759,7910,4.84488,0.98875,NH3,12.03
170,0,0.0,0,38254,7807,38254,7807,4.78181,0.97588,NH3,11.74
171,0,0.0,0,37685,7690,37685,7690,4.71071,0.96137,NH3,11.43
172,0,0.0,0,37161,7584,37161,7584,4.6452,0.948,NH3,11.13
173,0,0.0,0,36656,7480,36656,7480,4.58209,0.93512,NH3,10.85
174,0,0.0,0,36152,7378,36152,7378,4.51903,0.92225,NH3,10.57
175,0,0.0,0,35662,7278,35662,7278,4.45777,0.90975,NH3,10.29
176,0,0.0,0,35231,7190,35231,7190,4.40388,0.89875,NH3,10.05
177,0,0.0,0,34799,7102,34799,7102,4.34998,0.88775,NH3,9.81
178,0,0.0,0,34378,7016,34378,7016,4.2973,0.877,NH3,9.58
179,0,0.0,0,33957,6930,33957,6930,4.24463,0.86625,NH3,9.34
180,0,0.0,0,33584,6854,33584,6854,4.19808,0.85675,NH3,9.13
181,0,0.0,0,33222,6780,33222,6780,4.15275,0.8475,NH3,8.93
182,0,0.0,0,32844,6703,32844,6703,4.10561,0.83788,NH3,8.72
183,0,0.0,0,32462,6624,32462,6624,4.05779,0.82812,NH3,8.51
184,0,0.0,0,32163,6564,32163,6564,4.02045,0.8205,NH3,8.34
185,0,0.0,0,31840,6498,31840,6498,3.98003,0.81225,NH3,8.16
186,0,0.0,0,31526,6434,31526,6434,3.94083,0.80425,NH3,7.98
187,0,0.0,0,31232,6374,31232,6374,3.90408,0.79675,NH3,7.82
188,0,0.0,0,30923,6310,30923,6310,3.86546,0.78887,NH3,7.65
189,0,0.0,0,30630,6251,30630,6251,3.82876,0.78138,NH3,7.48
190,0,0.0,0,30355,6195,30355,6195,3.79446,0.77438,NH3,7.33
191,0,0.0,0,30066,6136,30066,6136,3.7583,0.767,NH3,7.17
192,0,0.0,0,29801,6082,29801,6082,3.72523,0.76025,NH3,7.02
193,0,0.0,0,29561,6033,29561,6033,3.69524,0.75413,NH3,6.89
194,0,0.0,0,29331,5986,29331,5986,3.66643,0.74825,NH3,6.76
195,0,0.0,0,29086,5936,29086,5936,3.6358,0.742,NH3,6.62
196,0,0.0,0,28856,5889,28856,5889,3.60704,0.73613,NH3,6.49
197,0,0.0,0,28606,5838,28606,5838,3.57578,0.72975,NH3,6.35
198,0,0.0,0,28365,5788,28365,5788,3.54574,0.72362,NH3,6.22
199,0,0.0,0,28184,5752,28184,5752,3.5231,0.719,NH3,6.12
200,0,0.0,0,27984,5711,27984,5711,3.49801,0.71388,NH3,6.0
201,0,0.0,0,27783,5670,27783,5670,3.47288,0.70875,NH3,5.89
202,0,0.0,0,27577,5628,27577,5628,3.44715,0.7035,NH3,5.78
203,0,0.0,0,27400,5592,27400,5592,3.4251,0.699,NH3,5.68
204,0,0.0,0,27214,5554,27214,5554,3.40183,0.69425,NH3,5.57
205,0,0.0,0,27013,5512,27013,5512,3.37669,0.68912,NH3,5.46
206,0,0.0,0,26866,5483,26866,5483,3.35836,0.68538,NH3,5.38
207,0,0.0,0,26680,5445,26680,5445,3.33509,0.68063,NH3,5.27
208,0,0.0,0,26528,5414,26528,5414,3.31608,0.67675,NH3,5.19
209,0,0.0,0,26352,5378,26352,5378,3.29403,0.67225,NH3,5.09
210,0,0.0,0,26219,5350,26219,5350,3.27746,0.66887,NH3,5.02
211,0,0.0,0,26068,5320,26068,5320,3.2585,0.665,NH3,4.93
212,0,0.0,0,25930,5292,25930,5292,3.24135,0.6615,NH3,4.86
213,0,0.0,0,25788,5262,25788,5262,3.22356,0.65787,NH3,4.78
214,0,0.0,0,25627,5230,25627,5230,3.20338,0.65375,NH3,4.69
215,0,0.0,0,25514,5206,25514,5206,3.18926,0.65087,NH3,4.62
216,0,0.0,0,25401,5184,25401,5184,3.1752,0.648,NH3,4.56
217,0,0.0,0,25269,5157,25269,5157,3.15869,0.64463,NH3,4.49
218,0,0.0,0,25127,5128,25127,5128,3.1409,0.641,NH3,4.41
219,0,0.0,0,25004,5102,25004,5102,3.12556,0.63787,NH3,4.34
220,0,0.0,0,24882,5078,24882,5078,3.11028,0.63475,NH3,4.27
221,0,0.0,0,24769,5054,24769,5054,3.09616,0.63187,NH3,4.21
222,0,0.0,0,24651,5030,24651,5030,3.08146,0.62887,NH3,4.14
223,0,0.0,0,24568,5014,24568,5014,3.07108,0.62675,NH3,4.09
224,0,0.0,0,24470,4994,24470,4994,3.05883,0.62425,NH3,4.04
225,0,0.0,0,24338,4967,24338,4967,3.04231,0.62088,NH3,3.97
226,0,0.0,0,24279,4955,24279,4955,3.03496,0.61938,NH3,3.93
227,0,0.0,0,24166,4932,24166,4932,3.02085,0.6165,NH3,3.87
228,0,0.0,0,24073,4913,24073,4913,3.00924,0.61413,NH3,3.82
229,0,0.0,0,23975,4892,23975,4892,2.99694,0.61162,NH3,3.76
230,0,0.0,0,23902,4878,23902,4878,2.98778,0.60975,NH3,3.72
231,0,0.0,0,23808,4858,23808,4858,2.97611,0.60737,NH3,3.67
232,0,0.0,0,23716,4840,23716,4840,2.9645,0.605,NH3,3.62
233,0,0.0,0,23652,4826,23652,4826,2.95651,0.60337,NH3,3.58
234,0,0.0,0,23578,4812,23578,4812,2.94735,0.6015,NH3,3.54
235,0,0.0,0,23490,4794,23490,4794,2.93633,0.59925,NH3,3.49
236,0,0.0,0,23431,4782,23431,4782,2.92898,0.59775,NH3,3.46
237,0,0.0,0,23324,4760,23324,4760,2.9155,0.595,NH3,3.4
238,0,0.0,0,23265,4748,23265,4748,2.90815,0.5935,NH3,3.37
239,0,0.0,0,23216,4738,23216,4738,2.90203,0.59225,NH3,3.34
240,0,0.0,0,23152,4725,23152,4725,2.89409,0.59063,NH3,3.3
241,0,0.0,0,23084,4711,23084,4711,2.88551,0.58888,NH3,3.26
242,0,0.0,0,23005,4695,23005,4695,2.87571,0.58688,NH3,3.22
243,0,0.0,0,22927,4679,22927,4679,2.86591,0.58488,NH3,3.18
244,0,0.0,0,22888,4671,22888,4671,2.86101,0.58388,NH3,3.15
245,0,0.0,0,22814,4656,22814,4656,2.8518,0.582,NH3,3.11
246,0,0.0,0,22775,4648,22775,4648,2.8469,0.581,NH3,3.09
247,0,0.0,0,22721,4637,22721,4637,2.84019,0.57963,NH3,3.06
248,0,0.0,0,22667,4626,22667,4626,2.83343,0.57825,NH3,3.03
249,0,0.0,0,22638,4620,22638,4620,2.82975,0.5775,NH3,3.02
0,0,3.3,255,19458,3971,19458,3971,2.43226,0.49638,NH3,1.24
1,0,3.3,255,20839,4253,20839,4253,2.60499,0.53163,NH3,2.01
2,0,3.3,255,22917,4677,22917,4677,2.86469,0.58463,NH3,3.17
3,0,3.3,255,25102,5123,25102,5123,3.13786,0.64038,NH3,4.39
4,0,3.3,255,27327,5576,27327,5576,3.41589,0.69712,NH3,5.64
5,0,3.3,255,29556,6032,29556,6032,3.6946,0.754,NH3,6.88
6,0,3.3,255,31791,6488,31791,6488,3.9739,0.811,NH3,8.13
7,0,3.3,255,34030,6945,34030,6945,4.25384,0.86813,NH3,9.38
8,0,3.3,255,36210,7390,36210,7390,4.52637,0.92375,NH3,10.6
9,0,3.3,255,38372,7831,38372,7831,4.79651,0.97888,NH3,11.81
10,0,3.3,255,40523,8270,40523,8270,5.06538,1.03375,NH3,13.01
11,0,3.3,255,42630,8700,42630,8700,5.32875,1.0875,NH3,14.19
12,0,3.3,255,44682,9118,44682,9118,5.58536,1.13987,NH3,15.34
13,0,3.3,255,46687,9528,46687,9528,5.8359,1.191,NH3,16.46
14,0,3.3,255,48661,9930,48661,9930,6.08271,1.24137,NH3,17.56
15,0,3.3,255,50528,10312,50528,10312,6.3161,1.289,NH3,18.6
16,0,3.3,255,52361,10686,52361,10686,6.54518,1.33575,NH3,19.63
17,0,3.3,255,54130,11047,54130,11047,6.76631,1.38088,NH3,20.62
18,0,3.3,255,55845,11397,55845,11397,6.98069,1.42463,NH3,21.58
19,0,3.3,255,57486,11732,57486,11732,7.18585,1.4665,NH3,22.49
20,0,3.3,255,59030,12047,59030,12047,7.37881,1.50588,NH3,23.36
21,0,3.3,255,60603,12368,60603,12368,7.5754,1.546,NH3,24.23
22,0,3.3,255,62038,12660,62038,12660,7.75484,1.58262,NH3,25.04
23,0,3.3,255,63440,12946,63440,12946,7.93001,1.61837,NH3,25.82
24,0,3.3,255,64876,13240,64876,13240,8.1095,1.655,NH3,26.62
25,0,3.3,255,66179,13506,66179,13506,8.27243,1.68825,NH3,27.35
26,0,3.3,255,67379,13750,67379,13750,8.42246,1.71887,NH3,28.02
27,0,3.3,255,68634,14006,68634,14006,8.57926,1.75087,NH3,28.72
28,0,3.3,255,69776,14240,69776,14240,8.722,1.78,NH3,29.36
29,0,3.3,255,70859,14461,70859,14461,8.85739,1.80763,NH3,29.97
30,0,3.3,255,71897,14673,71897,14673,8.98724,1.83413,NH3,30.55
31,0,3.3,255,72853,14868,72853,14868,9.10665,1.8585,NH3,31.08
32,0,3.3,255,73803,15062,73803,15062,9.22547,1.88275,NH3,31.61
33,0,3.3,255,74729,15250,74729,15250,9.34121,1.90637,NH3,32.13
34,0,3.3,255,75616,15432,75616,15432,9.4521,1.929,NH3,32.63
35,0,3.3,255,76445,15601,76445,15601,9.55564,1.95013,NH3,33.09
36,0,3.3,255,77170,15749,77170,15749,9.64629,1.96863,NH3,33.49
37,0,3.3,255,77914,15900,77914,15900,9.73934,1.98762,NH3,33.91
38,0,3.3,255,78684,16058,78684,16058,9.83553,2.00725,NH3,34.34
39,0,3.3,255,79375,16199,79375,16199,9.92191,2.02488,NH3,34.73
40,0,3.3,255,79992,16324,79992,16324,9.99904,2.04062,NH3,35.07
41,0,3.3,255,80546,16438,80546,16438,10.06827,2.05475,NH3,35.38
42,0,3.3,255,81153,16562,81153,16562,10.14423,2.07025,NH3,35.72
43,0,3.3,255,81712,16676,81712,16676,10.21405,2.0845,NH3,36.03
44,0,3.3,255,82192,16774,82192,16774,10.27408,2.09675,NH3,36.3
45,0,3.3,255,82741,16886,82741,16886,10.34267,2.11075,NH3,36.61
46,0,3.3,255,83202,16980,83202,16980,10.40025,2.1225,NH3,36.87
47,0,3.3,255,83584,17058,83584,17058,10.44803,2.13225,NH3,37.08
48,0,3.3,255,83995,17142,83995,17142,10.49948,2.14275,NH3,37.31
49,0,3.3,255,84392,17222,84392,17222,10.54906,2.15287,NH3,37.53
50,0,3.3,255,84799,17306,84799,17306,10.59993,2.16325,NH3,37.76
51,0,3.3,255,85147,17376,85147,17376,10.64339,2.17212,NH3,37.95
52,0,3.3,255,85470,17443,85470,17443,10.68386,2.18038,NH3,38.13
53,0,3.3,255,85755,17501,85755,17501,10.71939,2.18763,NH3,38.29
54,0,3.3,255,85995,17550,85995,17550,10.74938,2.19375,NH3,38.43
55,0,3.3,255,86279,17608,86279,17608,10.7849,2.201,NH3,38.59
56,0,3.3,255,86553,17664,86553,17664,10.8192,2.208,NH3,38.74
57,0,3.3,255,86833,17721,86833,17721,10.85414,2.21513,NH3,38.89
58,0,3.3,255,87014,17758,87014,17758,10.87678,2.21975,NH3,39.0
59,0,3.3,255,87239,17804,87239,17804,10.90495,2.2255,NH3,39.12
60,0,3.3,255,87337,17824,87337,17824,10.9172,2.228,NH3,39.18
61,0,3.3,255,87528,17862,87528,17862,10.94106,2.23287,NH3,39.28
62,0,3.3,255,87759,17910,87759,17910,10.96988,2.23875,NH3,39.41
63,0,3.3,255,87906,17940,87906,17940,10.98825,2.2425,NH3,39.49
64,0,3.3,255,88043,17968,88043,17968,11.0054,2.246,NH3,39.57
65,0,3.3,255,88092,17978,88092,17978,11.01153,2.24725,NH3,39.6
66,0,3.3,255,88234,18007,88234,18007,11.02931,2.25088,NH3,39.68
67,0,3.3,255,88356,18032,88356,18032,11.0446,2.254,NH3,39.75
68,0,3.3,255,88508,18062,88508,18062,11.06356,2.25787,NH3,39.83
69,0,3.3,255,88577,18077,88577,18077,11.07219,2.25963,NH3,39.87
70,0,3.3,255,88665,18094,88665,18094,11.08316,2.26187,NH3,39.92
71,0,3.3,255,88699,18102,88699,18102,11.08748,2.26275,NH3,39.94
72,0,3.3,255,88773,18117,88773,18117,11.09669,2.26463,NH3,39.98
73,0,3.3,255,88905,18144,88905,18144,11.1132,2.268,NH3,40.05
74,0,3.3,255,88949,18152,88949,18152,11.11869,2.26912,NH3,40.08
75,0,3.3,255,89003,18164,89003,18164,11.12545,2.2705,NH3,40.11
76,0,3.3,255,88978,18158,88978,18158,11.12236,2.26987,NH3,40.09
77,0,3.3,255,89037,18170,89037,18170,11.12971,2.27137,NH3,40.13
78,0,3.3,255,89145,18193,89145,18193,11.14324,2.27413,NH3,40.19
79,0,3.3,255,89165,18196,89165,18196,11.14564,2.27462,NH3,40.2
80,0,3.3,255,89145,18193,89145,18193,11.14324,2.27413,NH3,40.19
81,0,3.3,255,89150,18194,89150,18194,11.14382,2.27425,NH3,40.19
82,0,3.3,255,89248,18214,89248,18214,11.15607,2.27675,NH3,40.24
83,0,3.3,255,89283,18221,89283,18221,11.16039,2.27763,NH3,40.26
84,0,3.3,255,89292,18222,89292,18222,11.16156,2.27787,NH3,40.27
85,0,3.3,255,89243,18213,89243,18213,11.15549,2.27663,NH3,40.24
86,0,3.3,255,89278,18220,89278,18220,11.15975,2.2775,NH3,40.26
87,0,3.3,255,89327,18230,89327,18230,11.16588,2.27875,NH3,40.29
88,0,3.3,255,89321,18228,89321,18228,11.16524,2.27862,NH3,40.29
89,0,3.3,255,89321,18228,89321,18228,11.16524,2.27862,NH3,40.29
90,0,3.3,255,89273,18219,89273,18219,11.15916,2.27738,NH3,40.26
91,0,3.3,255,89278,18220,89278,18220,11.15975,2.2775,NH3,40.26
92,0,3.3,255,89327,18230,89327,18230,11.16588,2.27875,NH3,40.29
93,0,3.3,255,89351,18234,89351,18234,11.16891,2.27937,NH3,40.3
94,0,3.3,255,89273,18219,89273,18219,11.15916,2.27738,NH3,40.26
95,0,3.3,255,89297,18224,89297,18224,11.1622,2.278,NH3,40.27
96,0,3.3,255,89283,18221,89283,18221,11.16039,2.27763,NH3,40.26
97,0,3.3,255,89332,18231,89332,18231,11.16651,2.27888,NH3,40.29
98,0,3.3,255,89321,18228,89321,18228,11.16524,2.27862,NH3,40.29
99,0,3.3,255,89297,18224,89297,18224,11.1622,2.278,NH3,40.27
100,0,3.3,255,89253,18214,89253,18214,11.15666,2.27687,NH3,40.25
101,0,3.3,255,89258,18216,89258,18216,11.1573,2.277,NH3,40.25
102,0,3.3,255,89199,18204,89199,18204,11.14995,2.2755,NH3,40.22
103,0,3.3,255,89194,18202,89194,18202,11.14931,2.27537,NH3,40.21
104,0,3.3,255,89194,18202,89194,18202,11.14931,2.27537,NH3,40.21
105,0,3.3,255,89175,18199,89175,18199,11.14691,2.27488,NH3,40.2
106,0,3.3,255,89214,18207,89214,18207,11.15181,2.27588,NH3,40.23
107,0,3.3,255,89170,18198,89170,18198,11.14628,2.27475,NH3,40.2
108,0,3.3,255,89170,18198,89170,18198,11.14628,2.27475,NH3,40.2
109,0,3.3,255,89145,18193,89145,18193,11.14324,2.27413,NH3,40.19
110,0,3.3,255,89106,18184,89106,18184,11.13829,2.27312,NH3,40.17
111,0,3.3,255,89018,18167,89018,18167,11.12731,2.27088,NH3,40.12
112,0,3.3,255,89003,18164,89003,18164,11.12545,2.2705,NH3,40.11
113,0,3.3,255,88989,18161,88989,18161,11.12364,2.27013,NH3,40.1
114,0,3.3,255,88978,18158,88978,18158,11.12236,2.26987,NH3,40.09
115,0,3.3,255,88984,18160,88984,18160,11.123,2.27,NH3,40.1
116,0,3.3,255,88949,18152,88949,18152,11.11869,2.26912,NH3,40.08
117,0,3.3,255,88949,18152,88949,18152,11.11869,2.26912,NH3,40.08
118,0,3.3,255,88939,18150,88939,18150,11.11746,2.26887,NH3,40.07
119,0,3.3,255,88959,18155,88959,18155,11.11996,2.26938,NH3,40.08
120,0,3.3,255,88930,18149,88930,18149,11.11629,2.26863,NH3,40.07
121,0,3.3,255,88900,18143,88900,18143,11.11261,2.26788,NH3,40.05
122,0,3.3,255,88876,18138,88876,18138,11.10953,2.26725,NH3,40.04
123,0,3.3,255,88866,18136,88866,18136,11.1083,2.267,NH3,40.03
124,0,3.3,255,88827,18128,88827,18128,11.1034,2.266,NH3,40.01
125,0,0.0,0,103826,21189,103826,21189,12.97829,2.64863,NH3,48.39
126,0,0.0,0,101630,20740,101630,20740,12.70384,2.59262,NH3,47.17
127,0,0.0,0,98774,20158,98774,20158,12.34678,2.51975,NH3,45.57
128,0,0.0,0,95996,19591,95996,19591,11.99951,2.44888,NH3,44.02
129,0,0.0,0,93281,19036,93281,19036,11.66014,2.37962,NH3,42.5
130,0,0.0,0,90689,18508,90689,18508,11.33615,2.3135,NH3,41.05
131,0,0.0,0,88200,18000,88200,18000,11.025,2.25,NH3,39.66
132,0,0.0,0,85755,17501,85755,17501,10.71939,2.18763,NH3,38.29
133,0,0.0,0,83427,17026,83427,17026,10.42843,2.12825,NH3,36.99
134,0,0.0,0,81173,16566,81173,16566,10.14668,2.07075,NH3,35.73
135,0,0.0,0,78982,16118,78982,16118,9.87286,2.01487,NH3,34.51
136,0,0.0,0,76881,15690,76881,15690,9.61013,1.96125,NH3,33.33
137,0,0.0,0,74852,15276,74852,15276,9.35655,1.9095,NH3,32.2
138,0,0.0,0,72931,14884,72931,14884,9.11645,1.8605,NH3,31.13
139,0,0.0,0,71054,14500,71054,14500,8.88184,1.81262,NH3,30.08
140,0,0.0,0,69256,14134,69256,14134,8.65708,1.76675,NH3,29.07
141,0,0.0,0,67551,13786,67551,13786,8.44393,1.72325,NH3,28.12
142,0,0.0,0,65899,13448,65899,13448,8.23749,1.68112,NH3,27.19
143,0,0.0,0,64307,13124,64307,13124,8.03845,1.6405,NH3,26.3
144,0,0.0,0,62783,12813,62783,12813,7.84799,1.60163,NH3,25.45
145,0,0.0,0,61308,12512,61308,12512,7.6636,1.564,NH3,24.63
146,0,0.0,0,59912,12227,59912,12227,7.48906,1.52838,NH3,23.85
147,0,0.0,0,58579,11955,58579,11955,7.32246,1.49438,NH3,23.1
148,0,0.0,0,57286,11691,57286,11691,7.16076,1.46138,NH3,22.38
149,0,0.0,0,56011,11430,56011,11430,7.00146,1.42887,NH3,21.67
150,0,0.0,0,54796,11182,54796,11182,6.84956,1.39787,NH3,20.99
151,0,0.0,0,53660,10951,53660,10951,6.70751,1.36888,NH3,20.35
152,0,0.0,0,52552,10724,52552,10724,6.56904,1.34062,NH3,19.73
153,0,0.0,0,51499,10510,51499,10510,6.43738,1.31375,NH3,19.15
154,0,0.0,0,50484,10303,50484,10303,6.31061,1.28788,NH3,18.58
155,0,0.0,0,49499,10102,49499,10102,6.18748,1.26275,NH3,18.03
156,0,0.0,0,48559,9910,48559,9910,6.06988,1.23875,NH3,17.5
157,0,0.0,0,47652,9724,47652,9724,5.95654,1.21562,NH3,17.0
158,0,0.0,0,46789,9548,46789,9548,5.84874,1.19362,NH3,16.51
159,0,0.0,0,45927,9372,45927,9372,5.74094,1.17162,NH3,16.03
160,0,0.0,0,45123,9208,45123,9208,5.64049,1.15112,NH3,15.58
161,0,0.0,0,44330,9047,44330,9047,5.54131,1.13088,NH3,15.14
162,0,0.0,0,43610,8900,43610,8900,5.45125,1.1125,NH3,14.74
163,0,0.0,0,42870,8749,42870,8749,5.35879,1.09363,NH3,14.32
164,0,0.0,0,42189,8610,42189,8610,5.27363,1.07625,NH3,13.94
165,0,0.0,0,41503,8470,41503,8470,5.18788,1.05875,NH3,13.56
166,0,0.0,0,40851,8336,40851,8336,5.10639,1.04212,NH3,13.19
167,0,0.0,0,40234,8211,40234,8211,5.02926,1.02638,NH3,12.85
168,0,0.0,0,39660,8093,39660,8093,4.95758,1.01175,NH3,12.53
169,0,0.0,0,39062,7972,39062,7972,4.88285,0.9965,NH3,12.2
170,0,0.0,0,38523,7862,38523,7862,4.81548,0.98275,NH3,11.89
171,0,0.0,0,37980,7751,37980,7751,4.74751,0.96888,NH3,11.59
172,0,0.0,0,37475,7648,37475,7648,4.6844,0.956,NH3,11.31
173,0,0.0,0,36916,7534,36916,7534,4.61458,0.94175,NH3,11.0
174,0,0.0,0,36470,7443,36470,7443,4.55886,0.93038,NH3,10.75
175,0,0.0,0,36000,7347,36000,7347,4.50006,0.91838,NH3,10.48
176,0,0.0,0,35525,7250,35525,7250,4.44063,0.90625,NH3,10.22
177,0,0.0,0,35123,7168,35123,7168,4.3904,0.896,NH3,9.99
178,0,0.0,0,34677,7076,34677,7076,4.33464,0.88462,NH3,9.74
179,0,0.0,0,34256,6991,34256,6991,4.28201,0.87388,NH3,9.51
180,0,0.0,0,33868,6912,33868,6912,4.2336,0.864,NH3,9.29
181,0,0.0,0,33486,6834,33486,6834,4.18583,0.85425,NH3,9.08
182,0,0.0,0,33133,6762,33133,6762,4.14173,0.84525,NH3,8.88
183,0,0.0,0,32771,6688,32771,6688,4.0964,0.836,NH3,8.68
184,0,0.0,0,32447,6622,32447,6622,4.05598,0.82775,NH3,8.5
185,0,0.0,0,32104,6552,32104,6552,4.0131,0.819,NH3,8.31
186,0,0.0,0,31791,6488,31791,6488,3.9739,0.811,NH3,8.13
187,0,0.0,0,31487,6426,31487,6426,3.93593,0.80325,NH3,7.96
188,0,0.0,0,31188,6365,31188,6365,3.89859,0.79563,NH3,7.79
189,0,0.0,0,30884,6302,30884,6302,3.86056,0.78787,NH3,7.62
190,0,0.0,0,30610,6246,30610,6246,3.82626,0.78087,NH3,7.47
191,0,0.0,0,30326,6189,30326,6189,3.79079,0.77363,NH3,7.31
192,0,0.0,0,30071,6137,30071,6137,3.75894,0.76713,NH3,7.17
193,0,0.0,0,29782,6078,29782,6078,3.72278,0.75975,NH3,7.01
194,0,0.0,0,29541,6028,29541,6028,3.69274,0.75362,NH3,6.87
195,0,0.0,0,29282,5976,29282,5976,3.6603,0.747,NH3,6.73
196,0,0.0,0,29052,5929,29052,5929,3.63154,0.74113,NH3,6.6
197,0,0.0,0,28802,5878,28802,5878,3.60028,0.73475,NH3,6.46
198,0,0.0,0,28606,5838,28606,5838,3.57578,0.72975,NH3,6.35
199,0,0.0,0,28395,5794,28395,5794,3.54941,0.72437,NH3,6.23
200,0,0.0,0,28165,5748,28165,5748,3.52065,0.7185,NH3,6.1
201,0,0.0,0,27964,5706,27964,5706,3.49551,0.71337,NH3,5.99
202,0,0.0,0,27783,5670,27783,5670,3.47288,0.70875,NH3,5.89
203,0,0.0,0,27592,5631,27592,5631,3.44901,0.70388,NH3,5.78
204,0,0.0,0,27405,5592,27405,5592,3.42569,0.69912,NH3,5.68
205,0,0.0,0,27224,5556,27224,5556,3.40305,0.6945,NH3,5.58
206,0,0.0,0,27072,5525,27072,5525,3.38409,0.69063,NH3,5.49
207,0,0.0,0,26895,5488,26895,5488,3.36199,0.68612,NH3,5.39
208,0,0.0,0,26734,5456,26734,5456,3.3418,0.682,NH3,5.3
209,0,0.0,0,26563,5421,26563,5421,3.32039,0.67763,NH3,5.21
210,0,0.0,0,26416,5391,26416,5391,3.30201,0.67388,NH3,5.13
211,0,0.0,0,26273,5362,26273,5362,3.28423,0.67025,NH3,5.05
212,0,0.0,0,26107,5328,26107,5328,3.2634,0.666,NH3,4.95
213,0,0.0,0,25989,5304,25989,5304,3.2487,0.663,NH3,4.89
214,0,0.0,0,25857,5277,25857,5277,3.23219,0.65963,NH3,4.81
215,0,0.0,0,25710,5246,25710,5246,3.21376,0.65587,NH3,4.73
216,0,0.0,0,25573,5219,25573,5219,3.19666,0.65238,NH3,4.66
217,0,0.0,0,25450,5194,25450,5194,3.18133,0.64925,NH3,4.59
218,0,0.0,0,25323,5168,25323,5168,3.1654,0.646,NH3,4.52
219,0,0.0,0,25230,5149,25230,5149,3.15379,0.64363,NH3,4.46
220,0,0.0,0,25117,5126,25117,5126,3.13968,0.64075,NH3,4.4
221,0,0.0,0,24970,5096,24970,5096,3.1213,0.637,NH3,4.32
222,0,0.0,0,24867,5075,24867,5075,3.10846,0.63438,NH3,4.26
223,0,0.0,0,24750,5051,24750,5051,3.09376,0.63138,NH3,4.2
224,0,0.0,0,24666,5034,24666,5034,3.08333,0.62925,NH3,4.15
225,0,0.0,0,24548,5010,24548,5010,3.06862,0.62625,NH3,4.08
226,0,0.0,0,24456,4991,24456,4991,3.05701,0.62388,NH3,4.03
227,0,0.0,0,24358,4971,24358,4971,3.04476,0.62138,NH3,3.98
228,0,0.0,0,24260,4951,24260,4951,3.03251,0.61888,NH3,3.92
229,0,0.0,0,24186,4936,24186,4936,3.0233,0.617,NH3,3.88
230,0,0.0,0,24113,4921,24113,4921,3.01414,0.61513,NH3,3.84
231,0,0.0,0,24019,4902,24019,4902,3.00248,0.61275,NH3,3.79
232,0,0.0,0,23926,4883,23926,4883,2.99086,0.61038,NH3,3.74
233,0,0.0,0,23863,4870,23863,4870,2.98288,0.60875,NH3,3.7
234,0,0.0,0,23779,4852,23779,4852,2.97244,0.60662,NH3,3.65
235,0,0.0,0,23706,4838,23706,4838,2.96328,0.60475,NH3,3.61
236,0,0.0,0,23642,4825,23642,4825,2.95534,0.60313,NH3,3.58
237,0,0.0,0,23544,4804,23544,4804,2.94304,0.60062,NH3,3.52
238,0,0.0,0,23490,4794,23490,4794,2.93633,0.59925,NH3,3.49
239,0,0.0,0,23416,4778,23416,4778,2.92711,0.59737,NH3,3.45
240,0,0.0,0,23353,4766,23353,4766,2.91918,0.59575,NH3,3.42
241,0,0.0,0,23265,4748,23265,4748,2.90815,0.5935,NH3,3.37
242,0,0.0,0,23216,4738,23216,4738,2.90203,0.59225,NH3,3.34
243,0,0.0,0,23157,4726,23157,4726,2.89468,0.59075,NH3,3.31
244,0,0.0,0,23098,4714,23098,4714,2.88733,0.58925,NH3,3.27
245,0,0.0,0,23039,4702,23039,4702,2.87998,0.58775,NH3,3.24
246,0,0.0,0,22985,4690,22985,4690,2.87321,0.58637,NH3,3.21
247,0,0.0,0,22902,4674,22902,4674,2.86283,0.58425,NH3,3.16
248,0,0.0,0,22888,4671,22888,4671,2.86101,0.58388,NH3,3.15
249,0,0.0,0,22804,4654,22804,4654,2.85058,0.58175,NH3,3.11
0,0,3.3,255,19614,4003,19614,4003,2.45186,0.50038,NH3,1.33
1,0,3.3,255,20972,4280,20972,4280,2.6215,0.535,NH3,2.08
2,0,3.3,255,23103,4714,23103,4714,2.88791,0.58937,NH3,3.28
3,0,3.3,255,25308,5165,25308,5165,3.16359,0.64563,NH3,4.51
4,0,3.3,255,27518,5616,27518,5616,3.4398,0.702,NH3,5.74
5,0,3.3,255,29757,6073,29757,6073,3.71974,0.75913,NH3,6.99
6,0,3.3,255,32001,6530,32001,6530,4.00021,0.81637,NH3,8.25
7,0,3.3,255,34226,6985,34226,6985,4.27834,0.87313,NH3,9.49
8,0,3.3,255,36421,7432,36421,7432,4.55269,0.92912,NH3,10.72
9,0,3.3,255,38597,7876,38597,7876,4.82464,0.98462,NH3,11.93
10,0,3.3,255,40733,8313,40733,8313,5.09174,1.03913,NH3,13.13
11,0,3.3,255,42845,8744,42845,8744,5.3557,1.093,NH3,14.31
12,0,3.3,255,44893,9162,44893,9162,5.61173,1.14525,NH3,15.45
13,0,3.3,255,46893,9570,46893,9570,5.86163,1.19625,NH3,16.57
14,0,3.3,255,48838,9967,48838,9967,6.10481,1.24588,NH3,17.66
15,0,3.3,255,50773,10362,50773,10362,6.34673,1.29525,NH3,18.74
16,0,3.3,255,52562,10727,52562,10727,6.57031,1.34088,NH3,19.74
17,0,3.3,255,54380,11098,54380,11098,6.79753,1.38725,NH3,20.76
18,0,3.3,255,56110,11451,56110,11451,7.01376,1.43138,NH3,21.72
19,0,3.3,255,57727,11781,57727,11781,7.21589,1.47263,NH3,22.63
20,0,3.3,255,59373,12117,59373,12117,7.42169,1.51463,NH3,23.55
21,0,3.3,255,60936,12436,60936,12436,7.61705,1.5545,NH3,24.42
22,0,3.3,255,62371,12728,62371,12728,7.79649,1.59112,NH3,25.22
23,0,3.3,255,63822,13025,63822,13025,7.97784,1.62813,NH3,26.03
24,0,3.3,255,65175,13301,65175,13301,8.14689,1.66263,NH3,26.79
25,0,3.3,255,66483,13568,66483,13568,8.3104,1.696,NH3,27.52
26,0,3.3,255,67698,13816,67698,13816,8.4623,1.727,NH3,28.2
27,0,3.3,255,68918,14064,68918,14064,8.61479,1.75812,NH3,28.88
28,0,3.3,255,70064,14298,70064,14298,8.75811,1.78737,NH3,29.52
29,0,3.3,255,71153,14521,71153,14521,8.89414,1.81513,NH3,30.13
30,0,3.3,255,72206,14736,72206,14736,9.0258,1.842,NH3,30.72
31,0,3.3,255,73196,14938,73196,14938,9.14953,1.86725,NH3,31.27
32,0,3.3,255,74156,15134,74156,15134,9.26958,1.89175,NH3,31.81
33,0,3.3,255,75058,15318,75058,15318,9.38227,1.91475,NH3,32.31
34,0,3.3,255,75930,15496,75930,15496,9.4913,1.937,NH3,32.8
35,0,3.3,255,76748,15663,76748,15663,9.59361,1.95788,NH3,33.26
36,0,3.3,255,77537,15824,77537,15824,9.6922,1.978,NH3,33.7
37,0,3.3,255,78296,15978,78296,15978,9.78711,1.99737,NH3,34.12
38,0,3.3,255,79002,16123,79002,16123,9.87536,2.01538,NH3,34.52
39,0,3.3,255,79678,16260,79678,16260,9.95984,2.03262,NH3,34.9
40,0,3.3,255,80315,16390,80315,16390,10.03946,2.04887,NH3,35.25
41,0,3.3,255,80938,16518,80938,16518,10.11728,2.06475,NH3,35.6
42,0,3.3,255,81496,16632,81496,16632,10.1871,2.079,NH3,35.91
43,0,3.3,255,82065,16748,82065,16748,10.25815,2.0935,NH3,36.23
44,0,3.3,255,82579,16853,82579,16853,10.32249,2.10663,NH3,36.52
45,0,3.3,255,83074,16954,83074,16954,10.38433,2.11925,NH3,36.79
46,0,3.3,255,83520,17045,83520,17045,10.44009,2.13063,NH3,37.04
47,0,3.3,255,83966,17136,83966,17136,10.4958,2.142,NH3,37.29
48,0,3.3,255,84383,17221,84383,17221,10.54789,2.15263,NH3,37.53
49,0,3.3,255,84770,17300,84770,17300,10.59625,2.1625,NH3,37.74
50,0,3.3,255,85122,17372,85122,17372,10.64035,2.1715,NH3,37.94
51,0,3.3,255,85480,17445,85480,17445,10.68509,2.18063,NH3,38.14
52,0,3.3,255,85784,17507,85784,17507,10.72306,2.18838,NH3,38.31
53,0,3.3,255,86083,17568,86083,17568,10.7604,2.196,NH3,38.48
54,0,3.3,255,86382,17629,86382,17629,10.79779,2.20363,NH3,38.64
55,0,3.3,255,86626,17678,86626,17678,10.82836,2.20987,NH3,38.78
56,0,3.3,255,86877,17730,86877,17730,10.85963,2.21625,NH3,38.92
57,0,3.3,255,87112,17778,87112,17778,10.88903,2.22225,NH3,39.05
58,0,3.3,255,87327,17822,87327,17822,10.91597,2.22775,NH3,39.17
59,0,3.3,255,87523,17862,87523,17862,10.94047,2.23275,NH3,39.28
60,0,3.3,255,87729,17904,87729,17904,10.9662,2.238,NH3,39.4
61,0,3.3,255,87920,17943,87920,17943,10.99011,2.24288,NH3,39.5
62,0,3.3,255,88067,17972,88067,17972,11.00844,2.24662,NH3,39.58
63,0,3.3,255,88224,18004,88224,18004,11.02804,2.25062,NH3,39.67
64,0,3.3,255,88327,18026,88327,18026,11.04093,2.25325,NH3,39.73
65,0,3.3,255,88464,18054,88464,18054,11.05808,2.25675,NH3,39.81
66,0,3.3,255,88606,18082,88606,18082,11.07581,2.26037,NH3,39.89
67,0,3.3,255,88685,18099,88685,18099,11.08566,2.26238,NH3,39.93
68,0,3.3,255,88782,18118,88782,18118,11.09786,2.26487,NH3,39.98
69,0,3.3,255,88895,18142,88895,18142,11.11198,2.26775,NH3,40.05
70,0,3.3,255,88935,18150,88935,18150,11.11688,2.26875,NH3,40.07
71,0,3.3,255,89037,18170,89037,18170,11.12971,2.27137,NH3,40.13
72,0,3.3,255,89116,18187,89116,18187,11.13956,2.27338,NH3,40.17
73,0,3.3,255,89170,18198,89170,18198,11.14628,2.27475,NH3,40.2
74,0,3.3,255,89238,18212,89238,18212,11.15485,2.2765,NH3,40.24
75,0,3.3,255,89278,18220,89278,18220,11.15975,2.2775,NH3,40.26
76,0,3.3,255,89332,18231,89332,18231,11.16651,2.27888,NH3,40.29
77,0,3.3,255,89371,18239,89371,18239,11.17141,2.27988,NH3,40.31
78,0,3.3,255,89400,18245,89400,18245,11.17509,2.28063,NH3,40.33
79,0,3.3,255,89493,18264,89493,18264,11.1867,2.283,NH3,40.38
80,0,3.3,255,89517,18268,89517,18268,11.18974,2.28362,NH3,40.4
81,0,3.3,255,89547,18274,89547,18274,11.19341,2.28437,NH3,40.41
82,0,3.3,255,89572,18280,89572,18280,11.1965,2.285,NH3,40.43
83,0,3.3,255,89596,18285,89596,18285,11.19959,2.28563,NH3,40.44
84,0,3.3,255,89601,18286,89601,18286,11.20018,2.28575,NH3,40.44
85,0,3.3,255,89616,18289,89616,18289,11.20204,2.28613,NH3,40.45
86,0,3.3,255,89621,18290,89621,18290,11.20263,2.28625,NH3,40.45
87,0,3.3,255,89635,18292,89635,18292,11.20444,2.28662,NH3,40.46
88,0,3.3,255,89626,18291,89626,18291,11.20326,2.28638,NH3,40.46
89,0,3.3,255,89621,18290,89621,18290,11.20263,2.28625,NH3,40.45
90,0,3.3,255,89640,18294,89640,18294,11.20508,2.28675,NH3,40.46
91,0,3.3,255,89689,18304,89689,18304,11.2112,2.288,NH3,40.49
92,0,3.3,255,89674,18300,89674,18300,11.20934,2.28762,NH3,40.48
93,0,3.3,255,89664,18298,89664,18298,11.20811,2.28737,NH3,40.48
94,0,3.3,255,89635,18292,89635,18292,11.20444,2.28662,NH3,40.46
95,0,3.3,255,89621,18290,89621,18290,11.20263,2.28625,NH3,40.45
96,0,3.3,255,89606,18286,89606,18286,11.20076,2.28587,NH3,40.44
97,0,3.3,255,89586,18283,89586,18283,11.19836,2.28538,NH3,40.43
98,0,3.3,255,89552,18276,89552,18276,11.19405,2.2845,NH3,40.41
99,0,3.3,255,89532,18272,89532,18272,11.1916,2.284,NH3,40.4
100,0,3.3,255,89508,18266,89508,18266,11.18851,2.28337,NH3,40.39
101,0,3.3,255,89498,18265,89498,18265,11.18734,2.28313,NH3,40.38
102,0,3.3,255,89439,18253,89439,18253,11.17999,2.28163,NH3,40.35
103,0,3.3,255,89459,18257,89459,18257,11.18244,2.28213,NH3,40.36
104,0,3.3,255,89425,18250,89425,18250,11.17813,2.28125,NH3,40.34
105,0,3.3,255,89405,18246,89405,18246,11.17568,2.28075,NH3,40.33
106,0,3.3,255,89376,18240,89376,18240,11.172,2.28,NH3,40.32
107,0,3.3,255,89341,18233,89341,18233,11.16774,2.27913,NH3,40.3
108,0,3.3,255,89332,18231,89332,18231,11.16651,2.27888,NH3,40.29
109,0,3.3,255,89258,18216,89258,18216,11.1573,2.277,NH3,40.25
110,0,3.3,255,89243,18213,89243,18213,11.15549,2.27663,NH3,40.24
111,0,3.3,255,89283,18221,89283,18221,11.16039,2.27763,NH3,40.26
112,0,3.3,255,89253,18214,89253,18214,11.15666,2.27687,NH3,40.25
113,0,3.3,255,89233,18210,89233,18210,11.15421,2.27637,NH3,40.24
114,0,3.3,255,89209,18206,89209,18206,11.15118,2.27575,NH3,40.22
115,0,3.3,255,89214,18207,89214,18207,11.15181,2.27588,NH3,40.23
116,0,3.3,255,89189,18202,89189,18202,11.14873,2.27525,NH3,40.21
117,0,3.3,255,89155,18195,89155,18195,11.14446,2.27438,NH3,40.19
118,0,3.3,255,89135,18190,89135,18190,11.14196,2.27387,NH3,40.18
119,0,3.3,255,89126,18189,89126,18189,11.14079,2.27363,NH3,40.18
120,0,3.3,255,89101,18184,89101,18184,11.1377,2.273,NH3,40.16
121,0,3.3,255,89082,18180,89082,18180,11.13525,2.2725,NH3,40.15
122,0,3.3,255,89067,18176,89067,18176,11.13339,2.27212,NH3,40.14
123,0,3.3,255,89047,18172,89047,18172,11.13094,2.27162,NH3,40.13
124,0,3.3,255,89008,18164,89008,18164,11.12604,2.27062,NH3,40.11
125,0,0.0,0,104071,21239,104071,21239,13.00891,2.65488,NH3,48.53
126,0,0.0,0,101914,20798,101914,20798,12.73936,2.59987,NH3,47.32
127,0,0.0,0,99048,20214,99048,20214,12.38108,2.52675,NH3,45.72
128,0,0.0,0,96284,19650,96284,19650,12.03562,2.45625,NH3,44.18
129,0,0.0,0,93531,19088,93531,19088,11.6914,2.386,NH3,42.64
130,0,0.0,0,90895,18550,90895,18550,11.36188,2.31875,NH3,41.17
131,0,0.0,0,88430,18047,88430,18047,11.05381,2.25588,NH3,39.79
132,0,0.0,0,86009,17553,86009,17553,10.75124,2.19413,NH3,38.43
133,0,0.0,0,83648,17071,83648,17071,10.45601,2.13388,NH3,37.11
134,0,0.0,0,81408,16614,81408,16614,10.17608,2.07675,NH3,35.86
135,0,0.0,0,79223,16168,79223,16168,9.9029,2.021,NH3,34.64
136,0,0.0,0,77145,15744,77145,15744,9.6432,1.968,NH3,33.48
137,0,0.0,0,75126,15332,75126,15332,9.39085,1.9165,NH3,32.35
138,0,0.0,0,73191,14936,73191,14936,9.14889,1.86712,NH3,31.27
139,0,0.0,0,71338,14558,71338,14558,8.91736,1.81987,NH3,30.23
140,0,0.0,0,69550,14194,69550,14194,8.69383,1.77425,NH3,29.24
141,0,0.0,0,67830,13842,67830,13842,8.47881,1.73037,NH3,28.27
142,0,0.0,0,66150,13500,66150,13500,8.26875,1.6875,NH3,27.33
143,0,0.0,0,64572,13178,64572,13178,8.07153,1.64725,NH3,26.45
144,0,0.0,0,63057,12868,63057,12868,7.88224,1.60862,NH3,25.61
145,0,0.0,0,61593,12570,61593,12570,7.69913,1.57125,NH3,24.79
146,0,0.0,0,60186,12282,60186,12282,7.52331,1.53537,NH3,24.0
147,0,0.0,0,58795,11999,58795,11999,7.34941,1.49988,NH3,23.22
148,0,0.0,0,57462,11727,57462,11727,7.18281,1.46588,NH3,22.48
149,0,0.0,0,56227,11474,56227,11474,7.02841,1.43437,NH3,21.79
150,0,0.0,0,55056,11236,55056,11236,6.88205,1.4045,NH3,21.13
151,0,0.0,0,53900,11000,53900,11000,6.7375,1.375,NH3,20.49
152,0,0.0,0,52797,10775,52797,10775,6.59971,1.34688,NH3,19.87
153,0,0.0,0,51724,10556,51724,10556,6.46555,1.3195,NH3,19.27
154,0,0.0,0,50685,10344,50685,10344,6.3357,1.293,NH3,18.69
155,0,0.0,0,49710,10144,49710,10144,6.21379,1.26812,NH3,18.15
156,0,0.0,0,48784,9956,48784,9956,6.09805,1.2445,NH3,17.63
157,0,0.0,0,47843,9764,47843,9764,5.98045,1.2205,NH3,17.1
158,0,0.0,0,47000,9592,47000,9592,5.8751,1.199,NH3,16.63
159,0,0.0,0,46123,9413,46123,9413,5.76549,1.17663,NH3,16.14
160,0,0.0,0,45334,9252,45334,9252,5.66685,1.1565,NH3,15.7
161,0,0.0,0,44555,9092,44555,9092,5.56944,1.13662,NH3,15.27
162,0,0.0,0,43796,8938,43796,8938,5.47453,1.11725,NH3,14.84
163,0,0.0,0,43090,8794,43090,8794,5.38633,1.09925,NH3,14.45
164,0,0.0,0,42385,8650,42385,8650,5.29813,1.08125,NH3,14.05
165,0,0.0,0,41743,8519,41743,8519,5.21791,1.06488,NH3,13.69
166,0,0.0,0,41105,8388,41105,8388,5.13824,1.04862,NH3,13.34
167,0,0.0,0,40464,8258,40464,8258,5.05802,1.03225,NH3,12.98
168,0,0.0,0,39876,8138,39876,8138,4.98453,1.01725,NH3,12.65
169,0,0.0,0,39273,8015,39273,8015,4.90921,1.00188,NH3,12.31
170,0,0.0,0,38680,7894,38680,7894,4.83508,0.98675,NH3,11.98
171,0,0.0,0,38146,7785,38146,7785,4.76834,0.97313,NH3,11.68
172,0,0.0,0,37646,7682,37646,7682,4.70581,0.96037,NH3,11.4
173,0,0.0,0,37147,7581,37147,7581,4.64339,0.94763,NH3,11.12
174,0,0.0,0,36652,7480,36652,7480,4.5815,0.935,NH3,10.85
175,0,0.0,0,36186,7384,36186,7384,4.52329,0.92312,NH3,10.59
176,0,0.0,0,35735,7293,35735,7293,4.46699,0.91163,NH3,10.34
177,0,0.0,0,35285,7201,35285,7201,4.41064,0.90013,NH3,10.08
178,0,0.0,0,34888,7120,34888,7120,4.361,0.89,NH3,9.86
179,0,0.0,0,34476,7036,34476,7036,4.30955,0.8795,NH3,9.63
180,0,0.0,0,34089,6956,34089,6956,4.26114,0.86962,NH3,9.42
181,0,0.0,0,33677,6873,33677,6873,4.20974,0.85913,NH3,9.19
182,0,0.0,0,33305,6796,33305,6796,4.16314,0.84962,NH3,8.98
183,0,0.0,0,32947,6724,32947,6724,4.11845,0.8405,NH3,8.78
184,0,0.0,0,32634,6660,32634,6660,4.07925,0.8325,NH3,8.6
185,0,0.0,0,32281,6588,32281,6588,4.03515,0.8235,NH3,8.4
186,0,0.0,0,31943,6519,31943,6519,3.99291,0.81488,NH3,8.22
187,0,0.0,0,31659,6461,31659,6461,3.95739,0.80763,NH3,8.06
188,0,0.0,0,31325,6392,31325,6392,3.91569,0.79912,NH3,7.87
189,0,0.0,0,31051,6336,31051,6336,3.88139,0.79212,NH3,7.72
190,0,0.0,0,30757,6277,30757,6277,3.84469,0.78463,NH3,7.55
191,0,0.0,0,30492,6222,30492,6222,3.81156,0.77787,NH3,7.41
192,0,0.0,0,30218,6166,30218,6166,3.77726,0.77087,NH3,7.25
193,0,0.0,0,29978,6118,29978,6118,3.74728,0.76475,NH3,7.12
194,0,0.0,0,29698,6060,29698,6060,3.71234,0.75762,NH3,6.96
195,0,0.0,0,29488,6018,29488,6018,3.68603,0.75225,NH3,6.84
196,0,0.0,0,29253,5970,29253,5970,3.65663,0.74625,NH3,6.71
197,0,0.0,0,29022,5923,29022,5923,3.62786,0.74038,NH3,6.58
198,0,0.0,0,28782,5874,28782,5874,3.59783,0.73425,NH3,6.45
199,0,0.0,0,28591,5834,28591,5834,3.57391,0.72937,NH3,6.34
200,0,0.0,0,28385,5793,28385,5793,3.54824,0.72413,NH3,6.23
201,0,0.0,0,28165,5748,28165,5748,3.52065,0.7185,NH3,6.1
202,0,0.0,0,27993,5713,27993,5713,3.49924,0.71413,NH3,6.01
203,0,0.0,0,27797,5673,27797,5673,3.47474,0.70913,NH3,5.9
204,0,0.0,0,27586,5630,27586,5630,3.44837,0.70375,NH3,5.78
205,0,0.0,0,27430,5598,27430,5598,3.42878,0.69975,NH3,5.69
206,0,0.0,0,27248,5560,27248,5560,3.40609,0.69512,NH3,5.59
207,0,0.0,0,27097,5530,27097,5530,3.38713,0.69125,NH3,5.51
208,0,0.0,0,26920,5494,26920,5494,3.36508,0.68675,NH3,5.41
209,0,0.0,0,26763,5462,26763,5462,3.34547,0.68275,NH3,5.32
210,0,0.0,0,26612,5431,26612,5431,3.32651,0.67888,NH3,5.24
211,0,0.0,0,26460,5400,26460,5400,3.3075,0.675,NH3,5.15
212,0,0.0,0,26322,5372,26322,5372,3.29035,0.6715,NH3,5.07
213,0,0.0,0,26175,5342,26175,5342,3.27197,0.66775,NH3,4.99
214,0,0.0,0,26018,5310,26018,5310,3.25237,0.66375,NH3,4.9
215,0,0.0,0,25911,5288,25911,5288,3.2389,0.661,NH3,4.84
216,0,0.0,0,25759,5256,25759,5256,3.21989,0.65712,NH3,4.76
217,0,0.0,0,25641,5233,25641,5233,3.20524,0.65413,NH3,4.69
218,0,0.0,0,25519,5208,25519,5208,3.1899,0.651,NH3,4.63
219,0,0.0,0,25421,5188,25421,5188,3.17765,0.6485,NH3,4.57
220,0,0.0,0,25289,5161,25289,5161,3.16114,0.64513,NH3,4.5
221,0,0.0,0,25161,5134,25161,5134,3.14516,0.64187,NH3,4.43
222,0,0.0,0,25078,5118,25078,5118,3.13478,0.63975,NH3,4.38
223,0,0.0,0,24950,5092,24950,5092,3.11885,0.6365,NH3,4.31
224,0,0.0,0,24877,5076,24877,5076,3.10964,0.63462,NH3,4.27
225,0,0.0,0,24754,5052,24754,5052,3.09435,0.6315,NH3,4.2
226,0,0.0,0,24666,5034,24666,5034,3.08333,0.62925,NH3,4.15
227,0,0.0,0,24548,5010,24548,5010,3.06862,0.62625,NH3,4.08
228,0,0.0,0,24470,4994,24470,4994,3.05883,0.62425,NH3,4.04
229,0,0.0,0,24367,4972,24367,4972,3.04594,0.62162,NH3,3.98
230,0,0.0,0,24264,4952,24264,4952,3.0331,0.619,NH3,3.92
231,0,0.0,0,24196,4938,24196,4938,3.02453,0.61725,NH3,3.89
232,0,0.0,0,24113,4921,24113,4921,3.01414,0.61513,NH3,3.84
233,0,0.0,0,24034,4905,24034,4905,3.00434,0.61313,NH3,3.8
234,0,0.0,0,23970,4892,23970,4892,2.99635,0.6115,NH3,3.76
235,0,0.0,0,23857,4868,23857,4868,2.98224,0.60862,NH3,3.7
236,0,0.0,0,23814,4860,23814,4860,2.97675,0.6075,NH3,3.67
237,0,0.0,0,23711,4839,23711,4839,2.96391,0.60488,NH3,3.62
238,0,0.0,0,23652,4826,23652,4826,2.95651,0.60337,NH3,3.58
239,0,0.0,0,23583,4812,23583,4812,2.94794,0.60162,NH3,3.54
240,0,0.0,0,23515,4799,23515,4799,2.93941,0.59988,NH3,3.51
241,0,0.0,0,23461,4788,23461,4788,2.93265,0.5985,NH3,3.48
242,0,0.0,0,23387,4772,23387,4772,2.92344,0.59662,NH3,3.43
243,0,0.0,0,23333,4762,23333,4762,2.91673,0.59525,NH3,3.4
244,0,0.0,0,23284,4752,23284,4752,2.9106,0.594,NH3,3.38
245,0,0.0,0,23186,4732,23186,4732,2.89835,0.5915,NH3,3.32
246,0,0.0,0,23157,4726,23157,4726,2.89468,0.59075,NH3,3.31
247,0,0.0,0,23093,4713,23093,4713,2.88674,0.58913,NH3,3.27
248,0,0.0,0,23054,4705,23054,4705,2.88184,0.58813,NH3,3.25
249,0,0.0,0,22976,4689,22976,4689,2.87204,0.58613,NH3,3.2
0,0,3.3,255,19756,4032,19756,4032,2.4696,0.504,NH3,1.4
1,0,3.3,255,21143,4315,21143,4315,2.64296,0.53938,NH3,2.18
2,0,3.3,255,23269,4748,23269,4748,2.90874,0.59362,NH3,3.37
3,0,3.3,255,25499,5204,25499,5204,3.18745,0.6505,NH3,4.61
4,0,3.3,255,27728,5658,27728,5658,3.46611,0.70737,NH3,5.86
5,0,3.3,255,29982,6118,29982,6118,3.74786,0.76487,NH3,7.12
6,0,3.3,255,32222,6576,32222,6576,4.0278,0.822,NH3,8.37
7,0,3.3,255,34452,7031,34452,7031,4.30651,0.87888,NH3,9.62
8,0,3.3,255,36666,7483,36666,7483,4.58336,0.93538,NH3,10.86
9,0,3.3,255,38856,7930,38856,7930,4.85712,0.99125,NH3,12.08
10,0,3.3,255,40964,8360,40964,8360,5.1205,1.045,NH3,13.26
11,0,3.3,255,43110,8798,43110,8798,5.38878,1.09975,NH3,14.46
12,0,3.3,255,45187,9222,45187,9222,5.64848,1.15275,NH3,15.62
13,0,3.3,255,47187,9630,47187,9630,5.89838,1.20375,NH3,16.74
14,0,3.3,255,49122,10025,49122,10025,6.14034,1.25313,NH3,17.82
15,0,3.3,255,51004,10409,51004,10409,6.37554,1.30113,NH3,18.87
16,0,3.3,255,52822,10780,52822,10780,6.60275,1.3475,NH3,19.89
17,0,3.3,255,54580,11138,54580,11138,6.82261,1.39237,NH3,20.87
18,0,3.3,255,56266,11483,56266,11483,7.03336,1.43538,NH3,21.81
19,0,3.3,255,57976,11832,57976,11832,7.2471,1.479,NH3,22.77
20,0,3.3,255,59574,12158,59574,12158,7.44678,1.51975,NH3,23.66
21,0,3.3,255,61078,12464,61078,12464,7.63479,1.55812,NH3,24.5
22,0,3.3,255,62524,12760,62524,12760,7.8155,1.595,NH3,25.31
23,0,3.3,255,63994,13060,63994,13060,7.99925,1.6325,NH3,26.13
24,0,3.3,255,65307,13328,65307,13328,8.1634,1.666,NH3,26.86
25,0,3.3,255,66659,13604,66659,13604,8.33245,1.7005,NH3,27.62
26,0,3.3,255,67845,13846,67845,13846,8.48068,1.73075,NH3,28.28
27,0,3.3,255,69090,14100,69090,14100,8.63625,1.7625,NH3,28.98
28,0,3.3,255,70231,14333,70231,14333,8.77899,1.79163,NH3,29.62
29,0,3.3,255,71295,14550,71295,14550,8.91188,1.81875,NH3,30.21
30,0,3.3,255,72294,14754,72294,14754,9.03683,1.84425,NH3,30.77
31,0,3.3,255,73294,14958,73294,14958,9.16178,1.86975,NH3,31.33
32,0,3.3,255,74244,15152,74244,15152,9.2806,1.894,NH3,31.86
33,0,3.3,255,75215,15350,75215,15350,9.40188,1.91875,NH3,32.4
34,0,3.3,255,76072,15525,76072,15525,9.50909,1.94063,NH3,32.88
35,0,3.3,255,76895,15692,76895,15692,9.61194,1.96162,NH3,33.34
36,0,3.3,255,77689,15855,77689,15855,9.71121,1.98188,NH3,33.78
37,0,3.3,255,78463,16013,78463,16013,9.80799,2.00163,NH3,34.22
38,0,3.3,255,79130,16149,79130,16149,9.89129,2.01863,NH3,34.59
39,0,3.3,255,79864,16298,79864,16298,9.98311,2.03737,NH3,35.0
40,0,3.3,255,80507,16430,80507,16430,10.06338,2.05375,NH3,35.36
41,0,3.3,255,81104,16552,81104,16552,10.1381,2.069,NH3,35.69
42,0,3.3,255,81707,16675,81707,16675,10.21346,2.08438,NH3,36.03
43,0,3.3,255,82251,16786,82251,16786,10.28143,2.09825,NH3,36.33
44,0,3.3,255,82785,16894,82785,16894,10.34816,2.11187,NH3,36.63
45,0,3.3,255,83251,16990,83251,16990,10.40638,2.12375,NH3,36.89
46,0,3.3,255,83721,17086,83721,17086,10.46518,2.13575,NH3,37.16
47,0,3.3,255,84187,17181,84187,17181,10.52339,2.14763,NH3,37.42
48,0,3.3,255,84617,17268,84617,17268,10.57724,2.15862,NH3,37.66
49,0,3.3,255,84956,17338,84956,17338,10.61953,2.16725,NH3,37.85
50,0,3.3,255,85377,17424,85377,17424,10.6722,2.178,NH3,38.08
51,0,3.3,255,85686,17486,85686,17486,10.71076,2.18587,NH3,38.25
52,0,3.3,255,86048,17560,86048,17560,10.75609,2.19512,NH3,38.46
53,0,3.3,255,86308,17614,86308,17614,10.78858,2.20175,NH3,38.6
54,0,3.3,255,86597,17672,86597,17672,10.82469,2.20912,NH3,38.76
55,0,3.3,255,86842,17722,86842,17722,10.85531,2.21537,NH3,38.9
56,0,3.3,255,87151,17786,87151,17786,10.89393,2.22325,NH3,39.07
57,0,3.3,255,87337,17824,87337,17824,10.9172,2.228,NH3,39.18
58,0,3.3,255,87587,17875,87587,17875,10.94846,2.23438,NH3,39.32
59,0,3.3,255,87759,17910,87759,17910,10.96988,2.23875,NH3,39.41
60,0,3.3,255,87984,17956,87984,17956,10.99805,2.2445,NH3,39.54
61,0,3.3,255,88155,17990,88155,17990,11.01946,2.24887,NH3,39.63
62,0,3.3,255,88322,18024,88322,18024,11.04029,2.25312,NH3,39.73
63,0,3.3,255,88449,18050,88449,18050,11.05621,2.25637,NH3,39.8
64,0,3.3,255,88635,18088,88635,18088,11.07949,2.26112,NH3,39.9
65,0,3.3,255,88744,18111,88744,18111,11.09301,2.26388,NH3,39.96
66,0,3.3,255,88817,18126,88817,18126,11.10218,2.26575,NH3,40.0
67,0,3.3,255,88964,18156,88964,18156,11.12055,2.2695,NH3,40.09
68,0,3.3,255,89096,18182,89096,18182,11.13706,2.27287,NH3,40.16
69,0,3.3,255,89155,18195,89155,18195,11.14446,2.27438,NH3,40.19
70,0,3.3,255,89268,18218,89268,18218,11.15853,2.27725,NH3,40.26
71,0,3.3,255,89287,18222,89287,18222,11.16098,2.27775,NH3,40.27
72,0,3.3,255,89385,18242,89385,18242,11.17323,2.28025,NH3,40.32
73,0,3.3,255,89498,18265,89498,18265,11.18734,2.28313,NH3,40.38
74,0,3.3,255,89547,18274,89547,18274,11.19341,2.28437,NH3,40.41
75,0,3.3,255,89616,18289,89616,18289,11.20204,2.28613,NH3,40.45
76,0,3.3,255,89670,18300,89670,18300,11.20875,2.2875,NH3,40.48
77,0,3.3,255,89704,18306,89704,18306,11.21301,2.28837,NH3,40.5
78,0,3.3,255,89733,18312,89733,18312,11.21669,2.28912,NH3,40.52
79,0,3.3,255,89728,18312,89728,18312,11.2161,2.289,NH3,40.51
80,0,3.3,255,89812,18329,89812,18329,11.22654,2.29113,NH3,40.56
81,0,3.3,255,89797,18326,89797,18326,11.22468,2.29075,NH3,40.55
82,0,3.3,255,89797,18326,89797,18326,11.22468,2.29075,NH3,40.55
83,0,3.3,255,89866,18340,89866,18340,11.23325,2.2925,NH3,40.59
84,0,3.3,255,89900,18347,89900,18347,11.23756,2.29338,NH3,40.61
85,0,3.3,255,89860,18338,89860,18338,11.23261,2.29237,NH3,40.59
86,0,3.3,255,89812,18329,89812,18329,11.22654,2.29113,NH3,40.56
87,0,3.3,255,89856,18338,89856,18338,11.23203,2.29225,NH3,40.58
88,0,3.3,255,89949,18356,89949,18356,11.24364,2.29462,NH3,40.64
89,0,3.3,255,89919,18350,89919,18350,11.23996,2.29387,NH3,40.62
90,0,3.3,255,89954,18358,89954,18358,11.24428,2.29475,NH3,40.64
91,0,3.3,255,89949,18356,89949,18356,11.24364,2.29462,NH3,40.64
92,0,3.3,255,89944,18356,89944,18356,11.24305,2.2945,NH3,40.63
93,0,3.3,255,89944,18356,89944,18356,11.24305,2.2945,NH3,40.63
94,0,3.3,255,89934,18354,89934,18354,11.24183,2.29425,NH3,40.63
95,0,3.3,255,89910,18349,89910,18349,11.23879,2.29363,NH3,40.61
96,0,3.3,255,89905,18348,89905,18348,11.23815,2.2935,NH3,40.61
97,0,3.3,255,89949,18356,89949,18356,11.24364,2.29462,NH3,40.64
98,0,3.3,255,89944,18356,89944,18356,11.24305,2.2945,NH3,40.63
99,0,3.3,255,89871,18341,89871,18341,11.23389,2.29263,NH3,40.59
100,0,3.3,255,89871,18341,89871,18341,11.23389,2.29263,NH3,40.59
101,0,3.3,255,89905,18348,89905,18348,11.23815,2.2935,NH3,40.61
102,0,3.3,255,89880,18342,89880,18342,11.23506,2.29287,NH3,40.6
103,0,3.3,255,89816,18330,89816,18330,11.22712,2.29125,NH3,40.56
104,0,3.3,255,89816,18330,89816,18330,11.22712,2.29125,NH3,40.56
105,0,3.3,255,89826,18332,89826,18332,11.22835,2.2915,NH3,40.57
106,0,3.3,255,89802,18327,89802,18327,11.22531,2.29088,NH3,40.55
107,0,3.3,255,89758,18318,89758,18318,11.21978,2.28975,NH3,40.53
108,0,3.3,255,89787,18324,89787,18324,11.22345,2.2905,NH3,40.55
109,0,3.3,255,89728,18312,89728,18312,11.2161,2.289,NH3,40.51
110,0,3.3,255,89748,18316,89748,18316,11.21855,2.2895,NH3,40.52
111,0,3.3,255,89743,18315,89743,18315,11.21796,2.28938,NH3,40.52
112,0,3.3,255,89660,18298,89660,18298,11.20753,2.28725,NH3,40.47
113,0,3.3,255,89689,18304,89689,18304,11.2112,2.288,NH3,40.49
114,0,3.3,255,89630,18292,89630,18292,11.20385,2.2865,NH3,40.46
115,0,3.3,255,89670,18300,89670,18300,11.20875,2.2875,NH3,40.48
116,0,3.3,255,89591,18284,89591,18284,11.19895,2.2855,NH3,40.44
117,0,3.3,255,89566,18278,89566,18278,11.19586,2.28487,NH3,40.42
118,0,3.3,255,89591,18284,89591,18284,11.19895,2.2855,NH3,40.44
119,0,3.3,255,89528,18271,89528,18271,11.19101,2.28388,NH3,40.4
120,0,3.3,255,89547,18274,89547,18274,11.19341,2.28437,NH3,40.41
121,0,3.3,255,89503,18266,89503,18266,11.18792,2.28325,NH3,40.39
122,0,3.3,255,89528,18271,89528,18271,11.19101,2.28388,NH3,40.4
123,0,3.3,255,89454,18256,89454,18256,11.1818,2.282,NH3,40.36
124,0,3.3,255,89474,18260,89474,18260,11.18425,2.2825,NH3,40.37
125,0,0.0,0,104673,21362,104673,21362,13.08422,2.67025,NH3,48.87
126,0,0.0,0,102503,20919,102503,20919,12.81291,2.61488,NH3,47.65
127,0,0.0,0,99617,20330,99617,20330,12.45213,2.54125,NH3,46.04
128,0,0.0,0,96853,19766,96853,19766,12.10667,2.47075,NH3,44.5
129,0,0.0,0,94138,19212,94138,19212,11.76735,2.4015,NH3,42.98
130,0,0.0,0,91526,18678,91526,18678,11.44086,2.33487,NH3,41.52
131,0,0.0,0,88998,18163,88998,18163,11.12486,2.27038,NH3,40.11
132,0,0.0,0,86583,17670,86583,17670,10.82288,2.20875,NH3,38.75
133,0,0.0,0,84216,17187,84216,17187,10.52706,2.14838,NH3,37.43
134,0,0.0,0,81947,16724,81947,16724,10.24345,2.0905,NH3,36.16
135,0,0.0,0,79752,16276,79752,16276,9.96905,2.0345,NH3,34.94
136,0,0.0,0,77670,15851,77670,15851,9.70876,1.98138,NH3,33.77
137,0,0.0,0,75641,15436,75641,15436,9.45514,1.92962,NH3,32.64
138,0,0.0,0,73701,15041,73701,15041,9.21264,1.88013,NH3,31.56
139,0,0.0,0,71834,14660,71834,14660,8.97925,1.8325,NH3,30.51
140,0,0.0,0,70030,14292,70030,14292,8.75385,1.7865,NH3,29.5
141,0,0.0,0,68276,13934,68276,13934,8.53458,1.74175,NH3,28.52
142,0,0.0,0,66649,13602,66649,13602,8.33123,1.70025,NH3,27.61
143,0,0.0,0,65057,13276,65057,13276,8.13214,1.65962,NH3,26.72
144,0,0.0,0,63509,12961,63509,12961,7.93864,1.62013,NH3,25.86
145,0,0.0,0,62038,12660,62038,12660,7.75484,1.58262,NH3,25.04
146,0,0.0,0,60627,12372,60627,12372,7.57844,1.54662,NH3,24.25
147,0,0.0,0,59260,12094,59260,12094,7.40758,1.51175,NH3,23.48
148,0,0.0,0,57952,11826,57952,11826,7.24401,1.47837,NH3,22.75
149,0,0.0,0,56702,11572,56702,11572,7.08785,1.4465,NH3,22.05
150,0,0.0,0,55517,11330,55517,11330,6.93963,1.41625,NH3,21.39
151,0,0.0,0,54345,11090,54345,11090,6.79321,1.38637,NH3,20.74
152,0,0.0,0,53233,10864,53233,10864,6.6542,1.358,NH3,20.12
153,0,0.0,0,52160,10644,52160,10644,6.52004,1.33062,NH3,19.52
154,0,0.0,0,51141,10436,51141,10436,6.39264,1.30462,NH3,18.95
155,0,0.0,0,50131,10230,50131,10230,6.26646,1.27887,NH3,18.38
156,0,0.0,0,49176,10036,49176,10036,6.14705,1.2545,NH3,17.85
157,0,0.0,0,48270,9851,48270,9851,6.03376,1.23138,NH3,17.34
158,0,0.0,0,47383,9670,47383,9670,5.92288,1.20875,NH3,16.85
159,0,0.0,0,46554,9500,46554,9500,5.81934,1.18762,NH3,16.38
160,0,0.0,0,45717,9330,45717,9330,5.71463,1.16625,NH3,15.91
161,0,0.0,0,44928,9169,44928,9169,5.61604,1.14613,NH3,15.47
162,0,0.0,0,44173,9015,44173,9015,5.52171,1.12688,NH3,15.05
163,0,0.0,0,43463,8870,43463,8870,5.43288,1.10875,NH3,14.65
164,0,0.0,0,42737,8722,42737,8722,5.34223,1.09025,NH3,14.25
165,0,0.0,0,42046,8580,42046,8580,5.25584,1.07262,NH3,13.86
166,0,0.0,0,41399,8448,41399,8448,5.17499,1.05612,NH3,13.5
167,0,0.0,0,40787,8324,40787,8324,5.09845,1.0405,NH3,13.16
168,0,0.0,0,40121,8188,40121,8188,5.01515,1.0235,NH3,12.79
169,0,0.0,0,39572,8076,39572,8076,4.94655,1.0095,NH3,12.48
170,0,0.0,0,39023,7964,39023,7964,4.87795,0.9955,NH3,12.17
171,0,0.0,0,38450,7847,38450,7847,4.80631,0.98088,NH3,11.85
172,0,0.0,0,37896,7734,37896,7734,4.73707,0.96675,NH3,11.54
173,0,0.0,0,37401,7633,37401,7633,4.67524,0.95413,NH3,11.27
174,0,0.0,0,36985,7548,36985,7548,4.62315,0.9435,NH3,11.03
175,0,0.0,0,36490,7447,36490,7447,4.56131,0.93088,NH3,10.76
176,0,0.0,0,36049,7357,36049,7357,4.50619,0.91963,NH3,10.51
177,0,0.0,0,35593,7264,35593,7264,4.4492,0.908,NH3,10.26
178,0,0.0,0,35187,7181,35187,7181,4.39839,0.89763,NH3,10.03
179,0,0.0,0,34760,7094,34760,7094,4.34508,0.88675,NH3,9.79
180,0,0.0,0,34373,7015,34373,7015,4.29671,0.87688,NH3,9.57
181,0,0.0,0,33981,6935,33981,6935,4.24771,0.86688,NH3,9.36
182,0,0.0,0,33608,6858,33608,6858,4.20111,0.85737,NH3,9.15
183,0,0.0,0,33285,6793,33285,6793,4.16074,0.84913,NH3,8.97
184,0,0.0,0,32918,6718,32918,6718,4.11477,0.83975,NH3,8.76
185,0,0.0,0,32575,6648,32575,6648,4.0719,0.831,NH3,8.57
186,0,0.0,0,32261,6584,32261,6584,4.0327,0.823,NH3,8.39
187,0,0.0,0,31928,6516,31928,6516,3.99105,0.8145,NH3,8.21
188,0,0.0,0,31619,6453,31619,6453,3.95249,0.80663,NH3,8.04
189,0,0.0,0,31330,6394,31330,6394,3.91633,0.79925,NH3,7.87
190,0,0.0,0,31056,6338,31056,6338,3.88203,0.79225,NH3,7.72
191,0,0.0,0,30752,6276,30752,6276,3.84405,0.7845,NH3,7.55
192,0,0.0,0,30478,6220,30478,6220,3.80975,0.7775,NH3,7.4
193,0,0.0,0,30208,6165,30208,6165,3.77609,0.77063,NH3,7.25
194,0,0.0,0,29982,6118,29982,6118,3.74786,0.76487,NH3,7.12
195,0,0.0,0,29747,6070,29747,6070,3.71846,0.75887,NH3,6.99
196,0,0.0,0,29498,6020,29498,6020,3.68725,0.7525,NH3,6.85
197,0,0.0,0,29262,5972,29262,5972,3.65785,0.7465,NH3,6.72
198,0,0.0,0,29017,5922,29017,5922,3.62723,0.74025,NH3,6.58
199,0,0.0,0,28812,5880,28812,5880,3.6015,0.735,NH3,6.47
200,0,0.0,0,28645,5846,28645,5846,3.58068,0.73075,NH3,6.37
201,0,0.0,0,28420,5800,28420,5800,3.5525,0.725,NH3,6.25
202,0,0.0,0,28224,5760,28224,5760,3.528,0.72,NH3,6.14
203,0,0.0,0,28018,5718,28018,5718,3.50228,0.71475,NH3,6.02
204,0,0.0,0,27866,5687,27866,5687,3.48331,0.71088,NH3,5.94
205,0,0.0,0,27665,5646,27665,5646,3.45818,0.70575,NH3,5.83
206,0,0.0,0,27483,5608,27483,5608,3.43549,0.70112,NH3,5.72
207,0,0.0,0,27312,5574,27312,5574,3.41407,0.69675,NH3,5.63
208,0,0.0,0,27126,5536,27126,5536,3.3908,0.692,NH3,5.52
209,0,0.0,0,26984,5506,26984,5506,3.37301,0.68837,NH3,5.44
210,0,0.0,0,26827,5475,26827,5475,3.35346,0.68438,NH3,5.36
211,0,0.0,0,26685,5446,26685,5446,3.33568,0.68075,NH3,5.28
212,0,0.0,0,26523,5413,26523,5413,3.31549,0.67663,NH3,5.19
213,0,0.0,0,26425,5392,26425,5392,3.30319,0.67412,NH3,5.13
214,0,0.0,0,26224,5352,26224,5352,3.2781,0.669,NH3,5.02
215,0,0.0,0,26097,5326,26097,5326,3.26218,0.66575,NH3,4.95
216,0,0.0,0,25975,5301,25975,5301,3.24689,0.66263,NH3,4.88
217,0,0.0,0,25857,5277,25857,5277,3.23219,0.65963,NH3,4.81
218,0,0.0,0,25730,5251,25730,5251,3.21626,0.65638,NH3,4.74
219,0,0.0,0,25617,5228,25617,5228,3.20215,0.6535,NH3,4.68
220,0,0.0,0,25474,5198,25474,5198,3.18436,0.64987,NH3,4.6
221,0,0.0,0,25391,5182,25391,5182,3.17398,0.64775,NH3,4.55
222,0,0.0,0,25278,5158,25278,5158,3.15986,0.64487,NH3,4.49
223,0,0.0,0,25166,5136,25166,5136,3.1458,0.642,NH3,4.43
224,0,0.0,0,25058,5114,25058,5114,3.13233,0.63925,NH3,4.37
225,0,0.0,0,24950,5092,24950,5092,3.11885,0.6365,NH3,4.31
226,0,0.0,0,24852,5072,24852,5072,3.1066,0.634,NH3,4.25
227,0,0.0,0,24730,5046,24730,5046,3.09126,0.63087,NH3,4.18
228,0,0.0,0,24647,5030,24647,5030,3.08088,0.62875,NH3,4.14
229,0,0.0,0,24548,5010,24548,5010,3.06862,0.62625,NH3,4.08
230,0,0.0,0,24485,4996,24485,4996,3.06064,0.62462,NH3,4.05
231,0,0.0,0,24362,4972,24362,4972,3.04535,0.6215,NH3,3.98
232,0,0.0,0,24309,4961,24309,4961,3.03864,0.62013,NH3,3.95
233,0,0.0,0,24215,4942,24215,4942,3.02698,0.61775,NH3,3.9
234,0,0.0,0,24142,4927,24142,4927,3.01781,0.61588,NH3,3.86
235,0,0.0,0,24039,4906,24039,4906,3.00493,0.61325,NH3,3.8
236,0,0.0,0,23990,4896,23990,4896,2.9988,0.612,NH3,3.77
237,0,0.0,0,23921,4882,23921,4882,2.99023,0.61025,NH3,3.73
238,0,0.0,0,23833,4864,23833,4864,2.9792,0.608,NH3,3.68
239,0,0.0,0,23769,4850,23769,4850,2.97121,0.60637,NH3,3.65
240,0,0.0,0,23696,4836,23696,4836,2.96205,0.6045,NH3,3.61
241,0,0.0,0,23627,4822,23627,4822,2.95348,0.60275,NH3,3.57
242,0,0.0,0,23573,4810,23573,4810,2.94671,0.60137,NH3,3.54
243,0,0.0,0,23510,4798,23510,4798,2.93878,0.59975,NH3,3.5
244,0,0.0,0,23456,4786,23456,4786,2.93201,0.59837,NH3,3.47
245,0,0.0,0,23407,4777,23407,4777,2.92594,0.59713,NH3,3.45
246,0,0.0,0,23314,4758,23314,4758,2.91428,0.59475,NH3,3.39
247,0,0.0,0,23280,4751,23280,4751,2.91001,0.59388,NH3,3.37
248,0,0.0,0,23226,4740,23226,4740,2.90325,0.5925,NH3,3.34
249,0,0.0,0,23137,4722,23137,4722,2.89223,0.59025,NH3,3.29
0,0,3.3,255,19908,4062,19908,4062,2.48856,0.50787,NH3,1.49
1,0,3.3,255,21310,4349,21310,4349,2.66379,0.54363,NH3,2.27
2,0,3.3,255,23441,4784,23441,4784,2.9302,0.598,NH3,3.46
3,0,3.3,255,25695,5244,25695,5244,3.21195,0.6555,NH3,4.72
4,0,3.3,255,27935,5701,27935,5701,3.49189,0.71263,NH3,5.98
5,0,3.3,255,30184,6160,30184,6160,3.773,0.77,NH3,7.23
6,0,3.3,255,32477,6628,32477,6628,4.05965,0.8285,NH3,8.51
7,0,3.3,255,34726,7086,34726,7086,4.34076,0.88587,NH3,9.77
8,0,3.3,255,36960,7543,36960,7543,4.62011,0.94288,NH3,11.02
9,0,3.3,255,39160,7992,39160,7992,4.8951,0.999,NH3,12.25
10,0,3.3,255,41321,8432,41321,8432,5.16519,1.05412,NH3,13.46
11,0,3.3,255,43457,8868,43457,8868,5.43224,1.10862,NH3,14.65
12,0,3.3,255,45550,9296,45550,9296,5.6938,1.162,NH3,15.82
13,0,3.3,255,47554,9705,47554,9705,5.94434,1.21313,NH3,16.94
14,0,3.3,255,49499,10102,49499,10102,6.18748,1.26275,NH3,18.03
15,0,3.3,255,51396,10489,51396,10489,6.42454,1.31113,NH3,19.09
16,0,3.3,255,53233,10864,53233,10864,6.6542,1.358,NH3,20.12
17,0,3.3,255,55007,11226,55007,11226,6.87593,1.40325,NH3,21.11
18,0,3.3,255,56727,11576,56727,11576,7.09089,1.44712,NH3,22.07
19,0,3.3,255,58363,11910,58363,11910,7.29546,1.48887,NH3,22.98
20,0,3.3,255,60005,12246,60005,12246,7.50068,1.53075,NH3,23.9
21,0,3.3,255,61514,12554,61514,12554,7.68933,1.56925,NH3,24.74
22,0,3.3,255,63008,12858,63008,12858,7.87611,1.60737,NH3,25.58
23,0,3.3,255,64444,13152,64444,13152,8.0556,1.644,NH3,26.38
24,0,3.3,255,65767,13422,65767,13422,8.22098,1.67775,NH3,27.12
25,0,3.3,255,67105,13695,67105,13695,8.38821,1.71188,NH3,27.87
26,0,3.3,255,68349,13948,68349,13948,8.54374,1.74362,NH3,28.56
27,0,3.3,255,69545,14192,69545,14192,8.69319,1.77412,NH3,29.23
28,0,3.3,255,70672,14423,70672,14423,8.83411,1.80288,NH3,29.86
29,0,3.3,255,71765,14646,71765,14646,8.97068,1.83075,NH3,30.47
30,0,3.3,255,72833,14864,72833,14864,9.1042,1.858,NH3,31.07
31,0,3.3,255,73779,15057,73779,15057,9.22244,1.88213,NH3,31.6
32,0,3.3,255,74725,15250,74725,15250,9.34063,1.90625,NH3,32.13
33,0,3.3,255,75675,15444,75675,15444,9.45945,1.9305,NH3,32.66
34,0,3.3,255,76552,15622,76552,15622,9.56906,1.95287,NH3,33.15
35,0,3.3,255,77351,15786,77351,15786,9.66892,1.97325,NH3,33.6
36,0,3.3,255,78164,15952,78164,15952,9.7706,1.994,NH3,34.05
37,0,3.3,255,78909,16104,78909,16104,9.8637,2.013,NH3,34.47
38,0,3.3,255,79619,16248,79619,16248,9.95249,2.03112,NH3,34.86
39,0,3.3,255,80262,16379,80262,16379,10.03275,2.0475,NH3,35.22
40,0,3.3,255,80957,16522,80957,16522,10.11972,2.06525,NH3,35.61
41,0,3.3,255,81530,16638,81530,16638,10.19136,2.07987,NH3,35.93
42,0,3.3,255,82055,16746,82055,16746,10.25693,2.09325,NH3,36.22
43,0,3.3,255,82663,16870,82663,16870,10.33288,2.10875,NH3,36.56
44,0,3.3,255,83167,16972,83167,16972,10.39594,2.12162,NH3,36.85
45,0,3.3,255,83648,17071,83648,17071,10.45601,2.13388,NH3,37.11
46,0,3.3,255,84059,17155,84059,17155,10.50746,2.14438,NH3,37.34
47,0,3.3,255,84564,17258,84564,17258,10.57052,2.15725,NH3,37.63
48,0,3.3,255,84966,17340,84966,17340,10.62075,2.1675,NH3,37.85
49,0,3.3,255,85333,17414,85333,17414,10.66666,2.17687,NH3,38.06
50,0,3.3,255,85657,17481,85657,17481,10.70714,2.18513,NH3,38.24
51,0,3.3,255,86058,17562,86058,17562,10.75731,2.19537,NH3,38.46
52,0,3.3,255,86357,17624,86357,17624,10.7947,2.203,NH3,38.63
53,0,3.3,255,86612,17676,86612,17676,10.82655,2.2095,NH3,38.77
54,0,3.3,255,86965,17748,86965,17748,10.87065,2.2185,NH3,38.97
55,0,3.3,255,87210,17798,87210,17798,10.90128,2.22475,NH3,39.11
56,0,3.3,255,87455,17848,87455,17848,10.9319,2.231,NH3,39.24
57,0,3.3,255,87651,17888,87651,17888,10.9564,2.236,NH3,39.35
58,0,3.3,255,87881,17934,87881,17934,10.98516,2.24187,NH3,39.48
59,0,3.3,255,88111,17982,88111,17982,11.01398,2.24775,NH3,39.61
60,0,3.3,255,88278,18016,88278,18016,11.0348,2.252,NH3,39.7
61,0,3.3,255,88435,18048,88435,18048,11.0544,2.256,NH3,39.79
62,0,3.3,255,88631,18088,88631,18088,11.0789,2.261,NH3,39.9
63,0,3.3,255,88763,18114,88763,18114,11.09541,2.26437,NH3,39.97
64,0,3.3,255,88871,18137,88871,18137,11.10894,2.26713,NH3,40.03
65,0,3.3,255,89028,18169,89028,18169,11.12854,2.27113,NH3,40.12
66,0,3.3,255,89135,18190,89135,18190,11.14196,2.27387,NH3,40.18
67,0,3.3,255,89253,18214,89253,18214,11.15666,2.27687,NH3,40.25
68,0,3.3,255,89327,18230,89327,18230,11.16588,2.27875,NH3,40.29
69,0,3.3,255,89444,18254,89444,18254,11.18058,2.28175,NH3,40.35
70,0,3.3,255,89523,18270,89523,18270,11.19038,2.28375,NH3,40.4
71,0,3.3,255,89566,18278,89566,18278,11.19586,2.28487,NH3,40.42
72,0,3.3,255,89670,18300,89670,18300,11.20875,2.2875,NH3,40.48
73,0,3.3,255,89733,18312,89733,18312,11.21669,2.28912,NH3,40.52
74,0,3.3,255,89733,18312,89733,18312,11.21669,2.28912,NH3,40.52
75,0,3.3,255,89846,18336,89846,18336,11.2308,2.292,NH3,40.58
76,0,3.3,255,89895,18346,89895,18346,11.23693,2.29325,NH3,40.61
77,0,3.3,255,89959,18359,89959,18359,11.24491,2.29488,NH3,40.64
78,0,3.3,255,89993,18366,89993,18366,11.24918,2.29575,NH3,40.66
79,0,3.3,255,90017,18370,90017,18370,11.25221,2.29637,NH3,40.67
80,0,3.3,255,90071,18382,90071,18382,11.25898,2.29775,NH3,40.7
81,0,3.3,255,90150,18398,90150,18398,11.26877,2.29975,NH3,40.75
82,0,3.3,255,90150,18398,90150,18398,11.26877,2.29975,NH3,40.75
83,0,3.3,255,90150,18398,90150,18398,11.26877,2.29975,NH3,40.75
84,0,3.3,255,90145,18396,90145,18396,11.26814,2.29962,NH3,40.75
85,0,3.3,255,90096,18387,90096,18387,11.26206,2.29838,NH3,40.72
86,0,3.3,255,90111,18390,90111,18390,11.26388,2.29875,NH3,40.73
87,0,3.3,255,90125,18393,90125,18393,11.26574,2.29913,NH3,40.74
88,0,3.3,255,90130,18394,90130,18394,11.26633,2.29925,NH3,40.74
89,0,3.3,255,90184,18405,90184,18405,11.27309,2.30063,NH3,40.77
90,0,3.3,255,90203,18408,90203,18408,11.27549,2.30112,NH3,40.78
91,0,3.3,255,90169,18402,90169,18402,11.27123,2.30025,NH3,40.76
92,0,3.3,255,90155,18399,90155,18399,11.26941,2.29988,NH3,40.75
93,0,3.3,255,90091,18386,90091,18386,11.26143,2.29825,NH3,40.72
94,0,3.3,255,90076,18382,90076,18382,11.25956,2.29787,NH3,40.71
95,0,3.3,255,90086,18385,90086,18385,11.26084,2.29813,NH3,40.71
96,0,3.3,255,90130,18394,90130,18394,11.26633,2.29925,NH3,40.74
97,0,3.3,255,90105,18388,90105,18388,11.26324,2.29862,NH3,40.72
98,0,3.3,255,90105,18388,90105,18388,11.26324,2.29862,NH3,40.72
99,0,3.3,255,90076,18382,90076,18382,11.25956,2.29787,NH3,40.71
100,0,3.3,255,89998,18367,89998,18367,11.24981,2.29588,NH3,40.66
101,0,3.3,255,90003,18368,90003,18368,11.2504,2.296,NH3,40.67
102,0,3.3,255,89988,18364,89988,18364,11.24854,2.29562,NH3,40.66
103,0,3.3,255,89993,18366,89993,18366,11.24918,2.29575,NH3,40.66
104,0,3.3,255,90003,18368,90003,18368,11.2504,2.296,NH3,40.67
105,0,3.3,255,90017,18370,90017,18370,11.25221,2.29637,NH3,40.67
106,0,3.3,255,89983,18364,89983,18364,11.24795,2.2955,NH3,40.66
107,0,3.3,255,89929,18353,89929,18353,11.24124,2.29413,NH3,40.63
108,0,3.3,255,89905,18348,89905,18348,11.23815,2.2935,NH3,40.61
109,0,3.3,255,89939,18355,89939,18355,11.24246,2.29438,NH3,40.63
110,0,3.3,255,89890,18344,89890,18344,11.23629,2.29312,NH3,40.6
111,0,3.3,255,89851,18336,89851,18336,11.23139,2.29212,NH3,40.58
112,0,3.3,255,89792,18324,89792,18324,11.22404,2.29062,NH3,40.55
113,0,3.3,255,89768,18320,89768,18320,11.221,2.29,NH3,40.54
114,0,3.3,255,89777,18322,89777,18322,11.22222,2.29025,NH3,40.54
115,0,3.3,255,89782,18323,89782,18323,11.22286,2.29038,NH3,40.54
116,0,3.3,255,89768,18320,89768,18320,11.221,2.29,NH3,40.54
117,0,3.3,255,89762,18318,89762,18318,11.22036,2.28987,NH3,40.53
118,0,3.3,255,89714,18309,89714,18309,11.21429,2.28863,NH3,40.51
119,0,3.3,255,89748,18316,89748,18316,11.21855,2.2895,NH3,40.52
120,0,3.3,255,89714,18309,89714,18309,11.21429,2.28863,NH3,40.51
121,0,3.3,255,89753,18317,89753,18317,11.21919,2.28963,NH3,40.53
122,0,3.3,255,89738,18314,89738,18314,11.21733,2.28925,NH3,40.52
123,0,3.3,255,89723,18310,89723,18310,11.21546,2.28887,NH3,40.51
124,0,3.3,255,89733,18312,89733,18312,11.21669,2.28912,NH3,40.52
125,0,0.0,0,105036,21436,105036,21436,13.12955,2.6795,NH3,49.07
126,0,0.0,0,102850,20990,102850,20990,12.85637,2.62375,NH3,47.85
127,0,0.0,0,100003,20408,100003,20408,12.50049,2.55112,NH3,46.26
128,0,0.0,0,97191,19835,97191,19835,12.14896,2.47938,NH3,44.68
129,0,0.0,0,94540,19294,94540,19294,11.81758,2.41175,NH3,43.2
130,0,0.0,0,91924,18760,91924,18760,11.4905,2.345,NH3,41.74
131,0,0.0,0,89390,18242,89390,18242,11.17381,2.28037,NH3,40.32
132,0,0.0,0,86950,17745,86950,17745,10.86884,2.21813,NH3,38.96
133,0,0.0,0,84603,17266,84603,17266,10.57542,2.15825,NH3,37.65
134,0,0.0,0,82334,16803,82334,16803,10.29186,2.10038,NH3,36.38
135,0,0.0,0,80149,16356,80149,16356,10.01864,2.04462,NH3,35.16
136,0,0.0,0,78032,15925,78032,15925,9.75409,1.99063,NH3,33.98
137,0,0.0,0,76028,15516,76028,15516,9.50355,1.9395,NH3,32.86
138,0,0.0,0,74082,15118,74082,15118,9.26036,1.88987,NH3,31.77
139,0,0.0,0,72206,14736,72206,14736,9.0258,1.842,NH3,30.72
140,0,0.0,0,70412,14370,70412,14370,8.80162,1.79625,NH3,29.72
141,0,0.0,0,68663,14012,68663,14012,8.58294,1.75162,NH3,28.74
142,0,0.0,0,67012,13676,67012,13676,8.37655,1.7095,NH3,27.82
143,0,0.0,0,65424,13352,65424,13352,8.1781,1.669,NH3,26.93
144,0,0.0,0,63866,13034,63866,13034,7.98333,1.62925,NH3,26.06
145,0,0.0,0,62396,12734,62396,12734,7.79958,1.59175,NH3,25.24
146,0,0.0,0,60970,12442,60970,12442,7.62131,1.55537,NH3,24.44
147,0,0.0,0,59603,12164,59603,12164,7.45045,1.5205,NH3,23.68
148,0,0.0,0,58295,11897,58295,11897,7.28694,1.48713,NH3,22.94
149,0,0.0,0,57055,11644,57055,11644,7.13195,1.4555,NH3,22.25
150,0,0.0,0,55845,11397,55845,11397,6.98069,1.42463,NH3,21.58
151,0,0.0,0,54659,11154,54659,11154,6.83241,1.39437,NH3,20.91
152,0,0.0,0,53571,10932,53571,10932,6.69644,1.36662,NH3,20.3
153,0,0.0,0,52484,10711,52484,10711,6.56051,1.33888,NH3,19.7
154,0,0.0,0,51459,10502,51459,10502,6.43248,1.31275,NH3,19.12
155,0,0.0,0,50460,10298,50460,10298,6.30753,1.28725,NH3,18.57
156,0,0.0,0,49495,10101,49495,10101,6.18689,1.26263,NH3,18.03
157,0,0.0,0,48573,9913,48573,9913,6.07174,1.23913,NH3,17.51
158,0,0.0,0,47721,9739,47721,9739,5.96516,1.21738,NH3,17.03
159,0,0.0,0,46844,9560,46844,9560,5.8555,1.195,NH3,16.54
160,0,0.0,0,46016,9391,46016,9391,5.75201,1.17388,NH3,16.08
161,0,0.0,0,45246,9234,45246,9234,5.65583,1.15425,NH3,15.65
162,0,0.0,0,44501,9082,44501,9082,5.56273,1.13525,NH3,15.24
163,0,0.0,0,43781,8935,43781,8935,5.47271,1.11688,NH3,14.83
164,0,0.0,0,43041,8784,43041,8784,5.3802,1.098,NH3,14.42
165,0,0.0,0,42355,8644,42355,8644,5.29445,1.0805,NH3,14.04
166,0,0.0,0,41718,8514,41718,8514,5.21483,1.06425,NH3,13.68
167,0,0.0,0,41091,8386,41091,8386,5.13643,1.04825,NH3,13.33
168,0,0.0,0,40474,8260,40474,8260,5.05925,1.0325,NH3,12.98
169,0,0.0,0,39891,8141,39891,8141,4.98639,1.01763,NH3,12.66
170,0,0.0,0,39312,8022,39312,8022,4.91406,1.00287,NH3,12.33
171,0,0.0,0,38764,7911,38764,7911,4.84551,0.98888,NH3,12.03
172,0,0.0,0,38244,7805,38244,7805,4.78059,0.97563,NH3,11.74
173,0,0.0,0,37730,7700,37730,7700,4.71625,0.9625,NH3,11.45
174,0,0.0,0,37254,7602,37254,7602,4.65681,0.95037,NH3,11.18
175,0,0.0,0,36764,7503,36764,7503,4.59561,0.93788,NH3,10.91
176,0,0.0,0,36299,7408,36299,7408,4.5374,0.926,NH3,10.65
177,0,0.0,0,35853,7317,35853,7317,4.48169,0.91463,NH3,10.4
178,0,0.0,0,35456,7236,35456,7236,4.43205,0.9045,NH3,10.18
179,0,0.0,0,35039,7150,35039,7150,4.37996,0.89387,NH3,9.95
180,0,0.0,0,34628,7067,34628,7067,4.32856,0.88338,NH3,9.72
181,0,0.0,0,34251,6990,34251,6990,4.28138,0.87375,NH3,9.51
182,0,0.0,0,33888,6916,33888,6916,4.23605,0.8645,NH3,9.3
183,0,0.0,0,33506,6838,33506,6838,4.18827,0.85475,NH3,9.09
184,0,0.0,0,33158,6767,33158,6767,4.14481,0.84588,NH3,8.9
185,0,0.0,0,32820,6698,32820,6698,4.10253,0.83725,NH3,8.71
186,0,0.0,0,32511,6634,32511,6634,4.06391,0.82937,NH3,8.53
187,0,0.0,0,32187,6568,32187,6568,4.02349,0.82112,NH3,8.35
188,0,0.0,0,31874,6504,31874,6504,3.98429,0.81312,NH3,8.18
189,0,0.0,0,31570,6443,31570,6443,3.94636,0.80538,NH3,8.01
190,0,0.0,0,31301,6388,31301,6388,3.91265,0.7985,NH3,7.86
191,0,0.0,0,31017,6330,31017,6330,3.87713,0.79125,NH3,7.7
192,0,0.0,0,30747,6275,30747,6275,3.84346,0.78438,NH3,7.55
193,0,0.0,0,30478,6220,30478,6220,3.80975,0.7775,NH3,7.4
194,0,0.0,0,30238,6171,30238,6171,3.77976,0.77138,NH3,7.26
195,0,0.0,0,29997,6122,29997,6122,3.74973,0.76525,NH3,7.13
196,0,0.0,0,29757,6073,29757,6073,3.71974,0.75913,NH3,6.99
197,0,0.0,0,29507,6022,29507,6022,3.68848,0.75275,NH3,6.85
198,0,0.0,0,29292,5978,29292,5978,3.66153,0.74725,NH3,6.73
199,0,0.0,0,29091,5937,29091,5937,3.63644,0.74213,NH3,6.62
200,0,0.0,0,28885,5895,28885,5895,3.61071,0.73688,NH3,6.51
201,0,0.0,0,28650,5847,28650,5847,3.58131,0.73088,NH3,6.38
202,0,0.0,0,28473,5810,28473,5810,3.55921,0.72637,NH3,6.28
203,0,0.0,0,28243,5764,28243,5764,3.53045,0.7205,NH3,6.15
204,0,0.0,0,28077,5730,28077,5730,3.50963,0.71625,NH3,6.06
205,0,0.0,0,27885,5690,27885,5690,3.48571,0.71137,NH3,5.95
206,0,0.0,0,27724,5658,27724,5658,3.46553,0.70725,NH3,5.86
207,0,0.0,0,27547,5622,27547,5622,3.44348,0.70275,NH3,5.76
208,0,0.0,0,27381,5588,27381,5588,3.42265,0.6985,NH3,5.67
209,0,0.0,0,27214,5554,27214,5554,3.40183,0.69425,NH3,5.57
210,0,0.0,0,27077,5526,27077,5526,3.38468,0.69075,NH3,5.5
211,0,0.0,0,26920,5494,26920,5494,3.36508,0.68675,NH3,5.41
212,0,0.0,0,26768,5463,26768,5463,3.34611,0.68288,NH3,5.32
213,0,0.0,0,26636,5436,26636,5436,3.32955,0.6795,NH3,5.25
214,0,0.0,0,26469,5402,26469,5402,3.30873,0.67525,NH3,5.16
215,0,0.0,0,26337,5375,26337,5375,3.29221,0.67188,NH3,5.08
216,0,0.0,0,26219,5350,26219,5350,3.27746,0.66887,NH3,5.02
217,0,0.0,0,26077,5322,26077,5322,3.25973,0.66525,NH3,4.94
218,0,0.0,0,25965,5299,25965,5299,3.24566,0.66238,NH3,4.87
219,0,0.0,0,25842,5274,25842,5274,3.23033,0.65925,NH3,4.81
220,0,0.0,0,25725,5250,25725,5250,3.21563,0.65625,NH3,4.74
221,0,0.0,0,25622,5229,25622,5229,3.20279,0.65363,NH3,4.68
222,0,0.0,0,25514,5206,25514,5206,3.18926,0.65087,NH3,4.62
223,0,0.0,0,25387,5181,25387,5181,3.17339,0.64763,NH3,4.55
224,0,0.0,0,25298,5163,25298,5163,3.16236,0.64538,NH3,4.5
225,0,0.0,0,25171,5137,25171,5137,3.14644,0.64213,NH3,4.43
226,0,0.0,0,25078,5118,25078,5118,3.13478,0.63975,NH3,4.38
227,0,0.0,0,24985,5099,24985,5099,3.12316,0.63738,NH3,4.33
228,0,0.0,0,24892,5080,24892,5080,3.1115,0.635,NH3,4.27
229,0,0.0,0,24784,5058,24784,5058,3.09803,0.63225,NH3,4.21
230,0,0.0,0,24696,5040,24696,5040,3.087,0.63,NH3,4.17
231,0,0.0,0,24602,5020,24602,5020,3.07534,0.62762,NH3,4.11
232,0,0.0,0,24534,5006,24534,5006,3.06676,0.62587,NH3,4.07
233,0,0.0,0,24456,4991,24456,4991,3.05701,0.62388,NH3,4.03
234,0,0.0,0,24362,4972,24362,4972,3.04535,0.6215,NH3,3.98
235,0,0.0,0,24289,4956,24289,4956,3.03614,0.61962,NH3,3.94
236,0,0.0,0,24206,4940,24206,4940,3.02575,0.6175,NH3,3.89
237,0,0.0,0,24132,4924,24132,4924,3.01654,0.61562,NH3,3.85
238,0,0.0,0,24053,4908,24053,4908,3.00674,0.61362,NH3,3.81
239,0,0.0,0,23995,4897,23995,4897,2.99944,0.61213,NH3,3.77
240,0,0.0,0,23921,4882,23921,4882,2.99023,0.61025,NH3,3.73
241,0,0.0,0,23863,4870,23863,4870,2.98288,0.60875,NH3,3.7
242,0,0.0,0,23804,4858,23804,4858,2.97553,0.60725,NH3,3.67
243,0,0.0,0,23735,4844,23735,4844,2.96695,0.6055,NH3,3.63
244,0,0.0,0,23681,4833,23681,4833,2.96024,0.60413,NH3,3.6
245,0,0.0,0,23612,4818,23612,4818,2.95161,0.60237,NH3,3.56
246,0,0.0,0,23564,4809,23564,4809,2.94554,0.60113,NH3,3.53
247,0,0.0,0,23505,4796,23505,4796,2.93814,0.59962,NH3,3.5
248,0,0.0,0,23441,4784,23441,4784,2.9302,0.598,NH3,3.46
249,0,0.0,0,23392,4774,23392,4774,2.92408,0.59675,NH3,3.44
0,0,3.3,255,20080,4098,20080,4098,2.51003,0.51225,NH3,1.59
1,0,3.3,255,21496,4387,21496,4387,2.68706,0.54838,NH3,2.38
2,0,3.3,255,23642,4825,23642,4825,2.95534,0.60313,NH3,3.58
3,0,3.3,255,25906,5286,25906,5286,3.23826,0.66087,NH3,4.84
4,0,3.3,255,28184,5752,28184,5752,3.5231,0.719,NH3,6.12
5,0,3.3,255,30483,6221,30483,6221,3.81039,0.77763,NH3,7.4
6,0,3.3,255,32761,6686,32761,6686,4.09518,0.83575,NH3,8.67
7,0,3.3,255,35035,7150,35035,7150,4.37938,0.89375,NH3,9.94
8,0,3.3,255,37279,7608,37279,7608,4.6599,0.951,NH3,11.2
9,0,3.3,255,39474,8055,39474,8055,4.9343,1.007,NH3,12.43
10,0,3.3,255,41659,8502,41659,8502,5.20748,1.06275,NH3,13.65
11,0,3.3,255,43811,8941,43811,8941,5.47639,1.11763,NH3,14.85
12,0,3.3,255,45903,9368,45903,9368,5.7379,1.171,NH3,16.02
13,0,3.3,255,47922,9780,47922,9780,5.99025,1.2225,NH3,17.15
14,0,3.3,255,49896,10182,49896,10182,6.23706,1.27287,NH3,18.25
15,0,3.3,255,51842,10580,51842,10580,6.48025,1.3225,NH3,19.34
16,0,3.3,255,53713,10962,53713,10962,6.71422,1.37025,NH3,20.38
17,0,3.3,255,55492,11324,55492,11324,6.93654,1.41562,NH3,21.38
18,0,3.3,255,57236,11680,57236,11680,7.15459,1.46012,NH3,22.35
19,0,3.3,255,58907,12022,58907,12022,7.36348,1.50275,NH3,23.29
20,0,3.3,255,60520,12351,60520,12351,7.56501,1.54388,NH3,24.19
21,0,3.3,255,62024,12658,62024,12658,7.75303,1.58225,NH3,25.03
22,0,3.3,255,63509,12961,63509,12961,7.93864,1.62013,NH3,25.86
23,0,3.3,255,64905,13246,64905,13246,8.11318,1.65575,NH3,26.64
24,0,3.3,255,66272,13525,66272,13525,8.28409,1.69063,NH3,27.4
25,0,3.3,255,67605,13797,67605,13797,8.45069,1.72463,NH3,28.15
26,0,3.3,255,68830,14047,68830,14047,8.60381,1.75588,NH3,28.83
27,0,3.3,255,70030,14292,70030,14292,8.75385,1.7865,NH3,29.5
28,0,3.3,255,71182,14526,71182,14526,8.89776,1.81587,NH3,30.15
29,0,3.3,255,72309,14756,72309,14756,9.03864,1.84462,NH3,30.78
30,0,3.3,255,73387,14977,73387,14977,9.17344,1.87213,NH3,31.38
31,0,3.3,255,74362,15176,74362,15176,9.2953,1.897,NH3,31.92
32,0,3.3,255,75298,15367,75298,15367,9.41231,1.92088,NH3,32.45
33,0,3.3,255,76238,15558,76238,15558,9.52986,1.94487,NH3,32.97
34,0,3.3,255,77077,15730,77077,15730,9.63463,1.96625,NH3,33.44
35,0,3.3,255,77890,15896,77890,15896,9.7363,1.987,NH3,33.9
36,0,3.3,255,78615,16044,78615,16044,9.82695,2.0055,NH3,34.3
37,0,3.3,255,79355,16195,79355,16195,9.91946,2.02438,NH3,34.72
38,0,3.3,255,80051,16336,80051,16336,10.00639,2.04212,NH3,35.1
39,0,3.3,255,80634,16456,80634,16456,10.0793,2.057,NH3,35.43
40,0,3.3,255,81256,16582,81256,16582,10.15706,2.07287,NH3,35.78
41,0,3.3,255,81854,16704,81854,16704,10.23179,2.08812,NH3,36.11
42,0,3.3,255,82427,16822,82427,16822,10.30348,2.10275,NH3,36.43
43,0,3.3,255,82991,16937,82991,16937,10.37394,2.11713,NH3,36.75
44,0,3.3,255,83491,17039,83491,17039,10.43641,2.12988,NH3,37.03
45,0,3.3,255,83966,17136,83966,17136,10.4958,2.142,NH3,37.29
46,0,3.3,255,84427,17230,84427,17230,10.55338,2.15375,NH3,37.55
47,0,3.3,255,84887,17324,84887,17324,10.61095,2.1655,NH3,37.81
48,0,3.3,255,85274,17402,85274,17402,10.65931,2.17537,NH3,38.02
49,0,3.3,255,85657,17481,85657,17481,10.70714,2.18513,NH3,38.24
50,0,3.3,255,86009,17553,86009,17553,10.75124,2.19413,NH3,38.43
51,0,3.3,255,86323,17617,86323,17617,10.79044,2.20213,NH3,38.61
52,0,3.3,255,86632,17680,86632,17680,10.829,2.21,NH3,38.78
53,0,3.3,255,86871,17728,86871,17728,10.85899,2.21612,NH3,38.92
54,0,3.3,255,87171,17790,87171,17790,10.89638,2.22375,NH3,39.08
55,0,3.3,255,87474,17852,87474,17852,10.93435,2.2315,NH3,39.25
56,0,3.3,255,87714,17900,87714,17900,10.96434,2.23762,NH3,39.39
57,0,3.3,255,87920,17943,87920,17943,10.99011,2.24288,NH3,39.5
58,0,3.3,255,88126,17984,88126,17984,11.01579,2.24812,NH3,39.62
59,0,3.3,255,88278,18016,88278,18016,11.0348,2.252,NH3,39.7
60,0,3.3,255,88459,18053,88459,18053,11.05749,2.25663,NH3,39.8
61,0,3.3,255,88621,18086,88621,18086,11.07767,2.26075,NH3,39.89
62,0,3.3,255,88851,18132,88851,18132,11.10644,2.26662,NH3,40.02
63,0,3.3,255,88939,18150,88939,18150,11.11746,2.26887,NH3,40.07
64,0,3.3,255,89101,18184,89101,18184,11.1377,2.273,NH3,40.16
65,0,3.3,255,89165,18196,89165,18196,11.14564,2.27462,NH3,40.2
66,0,3.3,255,89351,18234,89351,18234,11.16891,2.27937,NH3,40.3
67,0,3.3,255,89410,18246,89410,18246,11.17626,2.28087,NH3,40.34
68,0,3.3,255,89552,18276,89552,18276,11.19405,2.2845,NH3,40.41
69,0,3.3,255,89557,18277,89557,18277,11.19469,2.28463,NH3,40.42
70,0,3.3,255,89699,18306,89699,18306,11.21243,2.28825,NH3,40.5
71,0,3.3,255,89762,18318,89762,18318,11.22036,2.28987,NH3,40.53
72,0,3.3,255,89851,18336,89851,18336,11.23139,2.29212,NH3,40.58
73,0,3.3,255,89871,18341,89871,18341,11.23389,2.29263,NH3,40.59
74,0,3.3,255,89998,18367,89998,18367,11.24981,2.29588,NH3,40.66
75,0,3.3,255,89969,18361,89969,18361,11.24614,2.29513,NH3,40.65
76,0,3.3,255,90081,18384,90081,18384,11.2602,2.298,NH3,40.71
77,0,3.3,255,90135,18394,90135,18394,11.26691,2.29937,NH3,40.74
78,0,3.3,255,90105,18388,90105,18388,11.26324,2.29862,NH3,40.72
79,0,3.3,255,90214,18411,90214,18411,11.27676,2.30138,NH3,40.78
80,0,3.3,255,90179,18404,90179,18404,11.27245,2.3005,NH3,40.77
81,0,3.3,255,90282,18425,90282,18425,11.28534,2.30313,NH3,40.82
82,0,3.3,255,90233,18414,90233,18414,11.27916,2.30187,NH3,40.8
83,0,3.3,255,90307,18430,90307,18430,11.28838,2.30375,NH3,40.84
84,0,3.3,255,90272,18422,90272,18422,11.28406,2.30287,NH3,40.82
85,0,3.3,255,90341,18437,90341,18437,11.29269,2.30463,NH3,40.86
86,0,3.3,255,90346,18438,90346,18438,11.29327,2.30475,NH3,40.86
87,0,3.3,255,90312,18431,90312,18431,11.28901,2.30388,NH3,40.84
88,0,3.3,255,90370,18443,90370,18443,11.29636,2.30538,NH3,40.87
89,0,3.3,255,90375,18444,90375,18444,11.29695,2.3055,NH3,40.87
90,0,3.3,255,90410,18451,90410,18451,11.30126,2.30638,NH3,40.89
91,0,3.3,255,90341,18437,90341,18437,11.29269,2.30463,NH3,40.86
92,0,3.3,255,90341,18437,90341,18437,11.29269,2.30463,NH3,40.86
93,0,3.3,255,90375,18444,90375,18444,11.29695,2.3055,NH3,40.87
94,0,3.3,255,90370,18443,90370,18443,11.29636,2.30538,NH3,40.87
95,0,3.3,255,90380,18445,90380,18445,11.29759,2.30563,NH3,40.88
96,0,3.3,255,90395,18448,90395,18448,11.2994,2.306,NH3,40.89
97,0,3.3,255,90360,18440,90360,18440,11.29509,2.30512,NH3,40.87
98,0,3.3,255,90312,18431,90312,18431,11.28901,2.30388,NH3,40.84
99,0,3.3,255,90301,18428,90301,18428,11.28774,2.30362,NH3,40.83
100,0,3.3,255,90326,18434,90326,18434,11.29083,2.30425,NH3,40.85
101,0,3.3,255,90307,18430,90307,18430,11.28838,2.30375,NH3,40.84
102,0,3.3,255,90253,18419,90253,18419,11.28166,2.30238,NH3,40.81
103,0,3.3,255,90307,18430,90307,18430,11.28838,2.30375,NH3,40.84
104,0,3.3,255,90218,18412,90218,18412,11.27735,2.3015,NH3,40.79
105,0,3.3,255,90199,18408,90199,18408,11.2749,2.301,NH3,40.78
106,0,3.3,255,90238,18416,90238,18416,11.2798,2.302,NH3,40.8
107,0,3.3,255,90214,18411,90214,18411,11.27676,2.30138,NH3,40.78
108,0,3.3,255,90184,18405,90184,18405,11.27309,2.30063,NH3,40.77
109,0,3.3,255,90179,18404,90179,18404,11.27245,2.3005,NH3,40.77
110,0,3.3,255,90125,18393,90125,18393,11.26574,2.29913,NH3,40.74
111,0,3.3,255,90111,18390,90111,18390,11.26388,2.29875,NH3,40.73
112,0,3.3,255,90115,18390,90115,18390,11.26446,2.29887,NH3,40.73
113,0,3.3,255,90081,18384,90081,18384,11.2602,2.298,NH3,40.71
114,0,3.3,255,90047,18376,90047,18376,11.25589,2.29712,NH3,40.69
115,0,3.3,255,90096,18387,90096,18387,11.26206,2.29838,NH3,40.72
116,0,3.3,255,90047,18376,90047,18376,11.25589,2.29712,NH3,40.69
117,0,3.3,255,90091,18386,90091,18386,11.26143,2.29825,NH3,40.72
118,0,3.3,255,90057,18379,90057,18379,11.25716,2.29738,NH3,40.7
119,0,3.3,255,90003,18368,90003,18368,11.2504,2.296,NH3,40.67
120,0,3.3,255,89998,18367,89998,18367,11.24981,2.29588,NH3,40.66
121,0,3.3,255,89973,18362,89973,18362,11.24672,2.29525,NH3,40.65
122,0,3.3,255,89954,18358,89954,18358,11.24428,2.29475,NH3,40.64
123,0,3.3,255,89944,18356,89944,18356,11.24305,2.2945,NH3,40.63
124,0,3.3,255,89959,18359,89959,18359,11.24491,2.29488,NH3,40.64
125,0,0.0,0,105193,21468,105193,21468,13.14915,2.6835,NH3,49.16
126,0,0.0,0,103003,21021,103003,21021,12.87539,2.62763,NH3,47.93
127,0,0.0,0,100204,20450,100204,20450,12.52562,2.55625,NH3,46.37
128,0,0.0,0,97402,19878,97402,19878,12.17528,2.48475,NH3,44.8
129,0,0.0,0,94716,19330,94716,19330,11.83962,2.41625,NH3,43.3
130,0,0.0,0,92124,18800,92124,18800,11.51559,2.35012,NH3,41.85
131,0,0.0,0,89621,18290,89621,18290,11.20263,2.28625,NH3,40.45
132,0,0.0,0,87171,17790,87171,17790,10.89638,2.22375,NH3,39.08
133,0,0.0,0,84838,17314,84838,17314,10.60482,2.16425,NH3,37.78
134,0,0.0,0,82569,16850,82569,16850,10.32121,2.10637,NH3,36.51
135,0,0.0,0,80394,16407,80394,16407,10.04931,2.05088,NH3,35.3
136,0,0.0,0,78311,15982,78311,15982,9.78898,1.99775,NH3,34.13
137,0,0.0,0,76268,15564,76268,15564,9.53354,1.94562,NH3,32.99
138,0,0.0,0,74391,15182,74391,15182,9.29898,1.89775,NH3,31.94
139,0,0.0,0,72480,14792,72480,14792,9.0601,1.849,NH3,30.87
140,0,0.0,0,70662,14420,70662,14420,8.83284,1.80262,NH3,29.86
141,0,0.0,0,68938,14069,68938,14069,8.61729,1.75863,NH3,28.89
142,0,0.0,0,67281,13730,67281,13730,8.41021,1.71637,NH3,27.97
143,0,0.0,0,65669,13402,65669,13402,8.20872,1.67525,NH3,27.07
144,0,0.0,0,64160,13094,64160,13094,8.02008,1.63675,NH3,26.22
145,0,0.0,0,62700,12796,62700,12796,7.83755,1.5995,NH3,25.41
146,0,0.0,0,61274,12505,61274,12505,7.65934,1.56313,NH3,24.61
147,0,0.0,0,59907,12226,59907,12226,7.48843,1.52825,NH3,23.85
148,0,0.0,0,58584,11956,58584,11956,7.32305,1.4945,NH3,23.11
149,0,0.0,0,57320,11698,57320,11698,7.16503,1.46225,NH3,22.4
150,0,0.0,0,56139,11457,56139,11457,7.01744,1.43213,NH3,21.74
151,0,0.0,0,54948,11214,54948,11214,6.86858,1.40175,NH3,21.07
152,0,0.0,0,53855,10990,53855,10990,6.73196,1.37387,NH3,20.46
153,0,0.0,0,52782,10772,52782,10772,6.59785,1.3465,NH3,19.86
154,0,0.0,0,51734,10558,51734,10558,6.46678,1.31975,NH3,19.28
155,0,0.0,0,50739,10355,50739,10355,6.34246,1.29438,NH3,18.72
156,0,0.0,0,49818,10166,49818,10166,6.22726,1.27087,NH3,18.21
157,0,0.0,0,48882,9976,48882,9976,6.1103,1.247,NH3,17.68
158,0,0.0,0,47985,9792,47985,9792,5.99819,1.22412,NH3,17.18
159,0,0.0,0,47147,9622,47147,9622,5.89348,1.20275,NH3,16.71
160,0,0.0,0,46304,9450,46304,9450,5.78812,1.18125,NH3,16.24
161,0,0.0,0,45511,9288,45511,9288,5.6889,1.161,NH3,15.8
162,0,0.0,0,44751,9132,44751,9132,5.59394,1.14162,NH3,15.37
163,0,0.0,0,44036,8987,44036,8987,5.50456,1.12338,NH3,14.98
164,0,0.0,0,43316,8840,43316,8840,5.4145,1.105,NH3,14.57
165,0,0.0,0,42654,8705,42654,8705,5.33184,1.08813,NH3,14.2
166,0,0.0,0,41993,8570,41993,8570,5.24913,1.07125,NH3,13.83
167,0,0.0,0,41361,8441,41361,8441,5.17014,1.05513,NH3,13.48
168,0,0.0,0,40763,8319,40763,8319,5.09541,1.03988,NH3,13.15
169,0,0.0,0,40165,8196,40165,8196,5.02064,1.02462,NH3,12.81
170,0,0.0,0,39582,8077,39582,8077,4.94778,1.00975,NH3,12.49
171,0,0.0,0,39053,7970,39053,7970,4.88163,0.99625,NH3,12.19
172,0,0.0,0,38538,7865,38538,7865,4.81734,0.98313,NH3,11.9
173,0,0.0,0,37999,7754,37999,7754,4.74991,0.96937,NH3,11.6
174,0,0.0,0,37509,7655,37509,7655,4.68871,0.95688,NH3,11.33
175,0,0.0,0,37039,7559,37039,7559,4.62991,0.94488,NH3,11.06
176,0,0.0,0,36573,7464,36573,7464,4.5717,0.933,NH3,10.8
177,0,0.0,0,36142,7376,36142,7376,4.5178,0.922,NH3,10.56
178,0,0.0,0,35711,7288,35711,7288,4.4639,0.911,NH3,10.32
179,0,0.0,0,35280,7200,35280,7200,4.41,0.9,NH3,10.08
180,0,0.0,0,34888,7120,34888,7120,4.361,0.89,NH3,9.86
181,0,0.0,0,34496,7040,34496,7040,4.312,0.88,NH3,9.64
182,0,0.0,0,34118,6963,34118,6963,4.26486,0.87038,NH3,9.43
183,0,0.0,0,33766,6891,33766,6891,4.22076,0.86138,NH3,9.23
184,0,0.0,0,33427,6822,33427,6822,4.17848,0.85275,NH3,9.05
185,0,0.0,0,33065,6748,33065,6748,4.13315,0.8435,NH3,8.84
186,0,0.0,0,32756,6685,32756,6685,4.09459,0.83563,NH3,8.67
187,0,0.0,0,32423,6616,32423,6616,4.05289,0.82712,NH3,8.48
188,0,0.0,0,32129,6557,32129,6557,4.01619,0.81963,NH3,8.32
189,0,0.0,0,31835,6496,31835,6496,3.97939,0.81212,NH3,8.16
190,0,0.0,0,31551,6439,31551,6439,3.94391,0.80488,NH3,8.0
191,0,0.0,0,31237,6375,31237,6375,3.90471,0.79688,NH3,7.82
192,0,0.0,0,30977,6322,30977,6322,3.87223,0.79025,NH3,7.68
193,0,0.0,0,30752,6276,30752,6276,3.84405,0.7845,NH3,7.55
194,0,0.0,0,30463,6217,30463,6217,3.80794,0.77713,NH3,7.39
195,0,0.0,0,30218,6166,30218,6166,3.77726,0.77087,NH3,7.25
196,0,0.0,0,30002,6123,30002,6123,3.75036,0.76538,NH3,7.13
197,0,0.0,0,29762,6074,29762,6074,3.72033,0.75925,NH3,7.0
198,0,0.0,0,29527,6026,29527,6026,3.69093,0.75325,NH3,6.87
199,0,0.0,0,29331,5986,29331,5986,3.66643,0.74825,NH3,6.76
200,0,0.0,0,29110,5940,29110,5940,3.63884,0.74262,NH3,6.63
201,0,0.0,0,28905,5899,28905,5899,3.61316,0.73738,NH3,6.52
202,0,0.0,0,28699,5857,28699,5857,3.58744,0.73213,NH3,6.4
203,0,0.0,0,28498,5816,28498,5816,3.5623,0.727,NH3,6.29
204,0,0.0,0,28307,5777,28307,5777,3.53844,0.72213,NH3,6.18
205,0,0.0,0,28145,5744,28145,5744,3.5182,0.718,NH3,6.09
206,0,0.0,0,27954,5705,27954,5705,3.49434,0.71313,NH3,5.99
207,0,0.0,0,27763,5666,27763,5666,3.47043,0.70825,NH3,5.88
208,0,0.0,0,27626,5638,27626,5638,3.45328,0.70475,NH3,5.8
209,0,0.0,0,27444,5600,27444,5600,3.43059,0.70012,NH3,5.7
210,0,0.0,0,27287,5568,27287,5568,3.41099,0.69612,NH3,5.61
211,0,0.0,0,27146,5540,27146,5540,3.39325,0.6925,NH3,5.53
212,0,0.0,0,26984,5506,26984,5506,3.37301,0.68837,NH3,5.44
213,0,0.0,0,26856,5480,26856,5480,3.35709,0.68512,NH3,5.37
214,0,0.0,0,26710,5451,26710,5451,3.33876,0.68138,NH3,5.29
215,0,0.0,0,26572,5423,26572,5423,3.32161,0.67788,NH3,5.21
216,0,0.0,0,26450,5398,26450,5398,3.30627,0.67475,NH3,5.15
217,0,0.0,0,26307,5368,26307,5368,3.28849,0.67112,NH3,5.07
218,0,0.0,0,26180,5342,26180,5342,3.27256,0.66787,NH3,5.0
219,0,0.0,0,26082,5323,26082,5323,3.26036,0.66538,NH3,4.94
220,0,0.0,0,25930,5292,25930,5292,3.24135,0.6615,NH3,4.86
221,0,0.0,0,25832,5272,25832,5272,3.2291,0.659,NH3,4.8
222,0,0.0,0,25715,5248,25715,5248,3.2144,0.656,NH3,4.74
223,0,0.0,0,25617,5228,25617,5228,3.20215,0.6535,NH3,4.68
224,0,0.0,0,25509,5206,25509,5206,3.18868,0.65075,NH3,4.62
225,0,0.0,0,25391,5182,25391,5182,3.17398,0.64775,NH3,4.55
226,0,0.0,0,25308,5165,25308,5165,3.16359,0.64563,NH3,4.51
227,0,0.0,0,25195,5142,25195,5142,3.14948,0.64275,NH3,4.44
228,0,0.0,0,25093,5121,25093,5121,3.13664,0.64013,NH3,4.39
229,0,0.0,0,24999,5102,24999,5102,3.12498,0.63775,NH3,4.34
230,0,0.0,0,24926,5086,24926,5086,3.11576,0.63587,NH3,4.29
231,0,0.0,0,24813,5064,24813,5064,3.1017,0.633,NH3,4.23
232,0,0.0,0,24730,5046,24730,5046,3.09126,0.63087,NH3,4.18
233,0,0.0,0,24637,5028,24637,5028,3.07965,0.6285,NH3,4.13
234,0,0.0,0,24568,5014,24568,5014,3.07108,0.62675,NH3,4.09
235,0,0.0,0,24500,5000,24500,5000,3.0625,0.625,NH3,4.06
236,0,0.0,0,24421,4984,24421,4984,3.0527,0.623,NH3,4.01
237,0,0.0,0,24338,4967,24338,4967,3.04231,0.62088,NH3,3.97
238,0,0.0,0,24284,4956,24284,4956,3.03555,0.6195,NH3,3.94
239,0,0.0,0,24201,4939,24201,4939,3.02516,0.61738,NH3,3.89
240,0,0.0,0,24127,4924,24127,4924,3.01595,0.6155,NH3,3.85
241,0,0.0,0,24068,4912,24068,4912,3.0086,0.614,NH3,3.81
242,0,0.0,0,24010,4900,24010,4900,3.00125,0.6125,NH3,3.78
243,0,0.0,0,23951,4888,23951,4888,2.9939,0.611,NH3,3.75
244,0,0.0,0,23897,4876,23897,4876,2.98714,0.60962,NH3,3.72
245,0,0.0,0,23818,4860,23818,4860,2.97734,0.60762,NH3,3.68
246,0,0.0,0,23760,4849,23760,4849,2.97004,0.60613,NH3,3.64
247,0,0.0,0,23701,4836,23701,4836,2.96264,0.60462,NH3,3.61
248,0,0.0,0,23637,4824,23637,4824,2.9547,0.603,NH3,3.57
249,0,0.0,0,23593,4815,23593,4815,2.94921,0.60188,NH3,3.55
0,0,3.3,255,20281,4139,20281,4139,2.53516,0.51738,NH3,1.7
1,0,3.3,255,21692,4427,21692,4427,2.71156,0.55338,NH3,2.49
2,0,3.3,255,23857,4868,23857,4868,2.98224,0.60862,NH3,3.7
3,0,3.3,255,26102,5326,26102,5326,3.26276,0.66587,NH3,4.95
4,0,3.3,255,28390,5794,28390,5794,3.54882,0.72425,NH3,6.23
5,0,3.3,255,30674,6260,30674,6260,3.83425,0.7825,NH3,7.51
6,0,3.3,255,32967,6728,32967,6728,4.1209,0.841,NH3,8.79
7,0,3.3,255,35216,7187,35216,7187,4.40206,0.89838,NH3,10.05
8,0,3.3,255,37445,7642,37445,7642,4.68073,0.95525,NH3,11.29
9,0,3.3,255,39685,8099,39685,8099,4.96066,1.01238,NH3,12.54
10,0,3.3,255,41851,8541,41851,8541,5.23139,1.06763,NH3,13.75
11,0,3.3,255,43972,8974,43972,8974,5.49658,1.12175,NH3,14.94
12,0,3.3,255,46060,9400,46060,9400,5.7575,1.175,NH3,16.11
13,0,3.3,255,48083,9813,48083,9813,6.01049,1.22663,NH3,17.24
14,0,3.3,255,50068,10218,50068,10218,6.25853,1.27725,NH3,18.35
15,0,3.3,255,51964,10605,51964,10605,6.49559,1.32563,NH3,19.41
16,0,3.3,255,53796,10978,53796,10978,6.72461,1.37237,NH3,20.43
17,0,3.3,255,55561,11339,55561,11339,6.94516,1.41738,NH3,21.42
18,0,3.3,255,57300,11694,57300,11694,7.16258,1.46175,NH3,22.39
19,0,3.3,255,58956,12032,58956,12032,7.3696,1.504,NH3,23.31
20,0,3.3,255,60520,12351,60520,12351,7.56501,1.54388,NH3,24.19
21,0,3.3,255,62102,12674,62102,12674,7.76283,1.58425,NH3,25.07
22,0,3.3,255,63587,12977,63587,12977,7.94844,1.62213,NH3,25.9
23,0,3.3,255,64964,13258,64964,13258,8.12053,1.65725,NH3,26.67
24,0,3.3,255,66351,13541,66351,13541,8.29389,1.69263,NH3,27.45
25,0,3.3,255,67673,13810,67673,13810,8.45921,1.72637,NH3,28.19
26,0,3.3,255,68918,14064,68918,14064,8.61479,1.75812,NH3,28.88
27,0,3.3,255,70128,14312,70128,14312,8.7661,1.789,NH3,29.56
28,0,3.3,255,71231,14537,71231,14537,8.90394,1.81713,NH3,30.17
29,0,3.3,255,72333,14762,72333,14762,9.04173,1.84525,NH3,30.79
30,0,3.3,255,73382,14976,73382,14976,9.1728,1.872,NH3,31.38
31,0,3.3,255,74362,15176,74362,15176,9.2953,1.897,NH3,31.92
32,0,3.3,255,75318,15371,75318,15371,9.41476,1.92138,NH3,32.46
33,0,3.3,255,76204,15552,76204,15552,9.5256,1.944,NH3,32.95
34,0,3.3,255,77101,15734,77101,15734,9.63766,1.96687,NH3,33.46
35,0,3.3,255,77904,15898,77904,15898,9.73811,1.98737,NH3,33.9
36,0,3.3,255,78679,16056,78679,16056,9.83489,2.00712,NH3,34.34
37,0,3.3,255,79423,16208,79423,16208,9.92799,2.02612,NH3,34.75
38,0,3.3,255,80134,16354,80134,16354,10.01683,2.04425,NH3,35.15
39,0,3.3,255,80810,16492,80810,16492,10.10135,2.0615,NH3,35.53
40,0,3.3,255,81452,16623,81452,16623,10.18161,2.07788,NH3,35.89
41,0,3.3,255,82069,16748,82069,16748,10.25874,2.09362,NH3,36.23
42,0,3.3,255,82599,16856,82599,16856,10.32489,2.10712,NH3,36.53
43,0,3.3,255,83172,16974,83172,16974,10.39658,2.12175,NH3,36.85
44,0,3.3,255,83692,17080,83692,17080,10.4615,2.135,NH3,37.14
45,0,3.3,255,84167,17176,84167,17176,10.52089,2.14712,NH3,37.4
46,0,3.3,255,84623,17270,84623,17270,10.57788,2.15875,NH3,37.66
47,0,3.3,255,85064,17360,85064,17360,10.633,2.17,NH3,37.91
48,0,3.3,255,85460,17440,85460,17440,10.68259,2.18012,NH3,38.13
49,0,3.3,255,85891,17528,85891,17528,10.73649,2.19112,NH3,38.37
50,0,3.3,255,86240,17600,86240,17600,10.78,2.2,NH3,38.56
51,0,3.3,255,86553,17664,86553,17664,10.8192,2.208,NH3,38.74
52,0,3.3,255,86882,17731,86882,17731,10.86026,2.21638,NH3,38.92
53,0,3.3,255,87166,17789,87166,17789,10.89579,2.22363,NH3,39.08
54,0,3.3,255,87479,17853,87479,17853,10.93499,2.23163,NH3,39.26
55,0,3.3,255,87714,17900,87714,17900,10.96434,2.23762,NH3,39.39
56,0,3.3,255,88004,17960,88004,17960,11.0005,2.245,NH3,39.55
57,0,3.3,255,88180,17996,88180,17996,11.02255,2.2495,NH3,39.65
58,0,3.3,255,88430,18047,88430,18047,11.05381,2.25588,NH3,39.79
59,0,3.3,255,88660,18094,88660,18094,11.08258,2.26175,NH3,39.92
60,0,3.3,255,88773,18117,88773,18117,11.09669,2.26463,NH3,39.98
61,0,3.3,255,89013,18166,89013,18166,11.12668,2.27075,NH3,40.11
62,0,3.3,255,89160,18196,89160,18196,11.14505,2.2745,NH3,40.2
63,0,3.3,255,89278,18220,89278,18220,11.15975,2.2775,NH3,40.26
64,0,3.3,255,89434,18252,89434,18252,11.17935,2.2815,NH3,40.35
65,0,3.3,255,89493,18264,89493,18264,11.1867,2.283,NH3,40.38
66,0,3.3,255,89674,18300,89674,18300,11.20934,2.28762,NH3,40.48
67,0,3.3,255,89733,18312,89733,18312,11.21669,2.28912,NH3,40.52
68,0,3.3,255,89866,18340,89866,18340,11.23325,2.2925,NH3,40.59
69,0,3.3,255,89900,18347,89900,18347,11.23756,2.29338,NH3,40.61
70,0,3.3,255,90003,18368,90003,18368,11.2504,2.296,NH3,40.67
71,0,3.3,255,90125,18393,90125,18393,11.26574,2.29913,NH3,40.74
72,0,3.3,255,90125,18393,90125,18393,11.26574,2.29913,NH3,40.74
73,0,3.3,255,90253,18419,90253,18419,11.28166,2.30238,NH3,40.81
74,0,3.3,255,90301,18428,90301,18428,11.28774,2.30362,NH3,40.83
75,0,3.3,255,90312,18431,90312,18431,11.28901,2.30388,NH3,40.84
76,0,3.3,255,90405,18450,90405,18450,11.30063,2.30625,NH3,40.89
77,0,3.3,255,90370,18443,90370,18443,11.29636,2.30538,NH3,40.87
78,0,3.3,255,90483,18466,90483,18466,11.31043,2.30825,NH3,40.93
79,0,3.3,255,90468,18463,90468,18463,11.30861,2.30788,NH3,40.93
80,0,3.3,255,90493,18468,90493,18468,11.31165,2.3085,NH3,40.94
81,0,3.3,255,90542,18478,90542,18478,11.31778,2.30975,NH3,40.97
82,0,3.3,255,90537,18477,90537,18477,11.31719,2.30963,NH3,40.97
83,0,3.3,255,90557,18481,90557,18481,11.31964,2.31013,NH3,40.98
84,0,3.3,255,90605,18490,90605,18490,11.32571,2.31137,NH3,41.0
85,0,3.3,255,90571,18484,90571,18484,11.32145,2.3105,NH3,40.98
86,0,3.3,255,90644,18498,90644,18498,11.33061,2.31237,NH3,41.03
87,0,3.3,255,90635,18496,90635,18496,11.32939,2.31212,NH3,41.02
88,0,3.3,255,90620,18494,90620,18494,11.32758,2.31175,NH3,41.01
89,0,3.3,255,90679,18506,90679,18506,11.33493,2.31325,NH3,41.04
90,0,3.3,255,90664,18503,90664,18503,11.33311,2.31288,NH3,41.04
91,0,3.3,255,90644,18498,90644,18498,11.33061,2.31237,NH3,41.03
92,0,3.3,255,90659,18502,90659,18502,11.33248,2.31275,NH3,41.03
93,0,3.3,255,90674,18504,90674,18504,11.33429,2.31312,NH3,41.04
94,0,3.3,255,90703,18510,90703,18510,11.33796,2.31387,NH3,41.06
95,0,3.3,255,90635,18496,90635,18496,11.32939,2.31212,NH3,41.02
96,0,3.3,255,90644,18498,90644,18498,11.33061,2.31237,NH3,41.03
97,0,3.3,255,90630,18496,90630,18496,11.3288,2.312,NH3,41.02
98,0,3.3,255,90620,18494,90620,18494,11.32758,2.31175,NH3,41.01
99,0,3.3,255,90630,18496,90630,18496,11.3288,2.312,NH3,41.02
100,0,3.3,255,90605,18490,90605,18490,11.32571,2.31137,NH3,41.0
101,0,3.3,255,90591,18488,90591,18488,11.3239,2.311,NH3,41.0
102,0,3.3,255,90581,18486,90581,18486,11.32268,2.31075,NH3,40.99
103,0,3.3,255,90620,18494,90620,18494,11.32758,2.31175,NH3,41.01
104,0,3.3,255,90522,18474,90522,18474,11.31533,2.30925,NH3,40.96
105,0,3.3,255,90557,18481,90557,18481,11.31964,2.31013,NH3,40.98
106,0,3.3,255,90508,18471,90508,18471,11.31351,2.30888,NH3,40.95
107,0,3.3,255,90498,18469,90498,18469,11.31229,2.30863,NH3,40.94
108,0,3.3,255,90493,18468,90493,18468,11.31165,2.3085,NH3,40.94
109,0,3.3,255,90473,18464,90473,18464,11.3092,2.308,NH3,40.93
110,0,3.3,255,90473,18464,90473,18464,11.3092,2.308,NH3,40.93
111,0,3.3,255,90488,18466,90488,18466,11.31101,2.30837,NH3,40.94
112,0,3.3,255,90419,18452,90419,18452,11.30244,2.30662,NH3,40.9
113,0,3.3,255,90434,18456,90434,18456,11.3043,2.307,NH3,40.91
114,0,3.3,255,90395,18448,90395,18448,11.2994,2.306,NH3,40.89
115,0,3.3,255,90375,18444,90375,18444,11.29695,2.3055,NH3,40.87
116,0,3.3,255,90360,18440,90360,18440,11.29509,2.30512,NH3,40.87
117,0,3.3,255,90351,18439,90351,18439,11.29391,2.30488,NH3,40.86
118,0,3.3,255,90321,18432,90321,18432,11.29019,2.30412,NH3,40.84
119,0,3.3,255,90292,18426,90292,18426,11.28651,2.30337,NH3,40.83
120,0,3.3,255,90282,18425,90282,18425,11.28534,2.30313,NH3,40.82
121,0,3.3,255,90282,18425,90282,18425,11.28534,2.30313,NH3,40.82
122,0,3.3,255,90228,18414,90228,18414,11.27858,2.30175,NH3,40.79
123,0,3.3,255,90214,18411,90214,18411,11.27676,2.30138,NH3,40.78
124,0,3.3,255,90228,18414,90228,18414,11.27858,2.30175,NH3,40.79
125,0,0.0,0,105467,21524,105467,21524,13.18345,2.6905,NH3,49.31
126,0,0.0,0,103306,21082,103306,21082,12.91331,2.63537,NH3,48.1
127,0,0.0,0,100484,20507,100484,20507,12.56056,2.56338,NH3,46.52
128,0,0.0,0,97686,19936,97686,19936,12.2108,2.492,NH3,44.96
129,0,0.0,0,94996,19387,94996,19387,11.87456,2.42338,NH3,43.46
130,0,0.0,0,92419,18861,92419,18861,11.55239,2.35763,NH3,42.02
131,0,0.0,0,89900,18347,89900,18347,11.23756,2.29338,NH3,40.61
132,0,0.0,0,87479,17853,87479,17853,10.93499,2.23163,NH3,39.26
133,0,0.0,0,85137,17375,85137,17375,10.64221,2.17188,NH3,37.95
134,0,0.0,0,82878,16914,82878,16914,10.35983,2.11425,NH3,36.68
135,0,0.0,0,80708,16471,80708,16471,10.08851,2.05888,NH3,35.47
136,0,0.0,0,78605,16042,78605,16042,9.82573,2.00525,NH3,34.3
137,0,0.0,0,76587,15630,76587,15630,9.57338,1.95375,NH3,33.17
138,0,0.0,0,74641,15233,74641,15233,9.33024,1.90413,NH3,32.08
139,0,0.0,0,72770,14851,72770,14851,9.09626,1.85638,NH3,31.03
140,0,0.0,0,70971,14484,70971,14484,8.87145,1.8105,NH3,30.03
141,0,0.0,0,69242,14131,69242,14131,8.65526,1.76638,NH3,29.06
142,0,0.0,0,67590,13794,67590,13794,8.44883,1.72425,NH3,28.14
143,0,0.0,0,66012,13472,66012,13472,8.2516,1.684,NH3,27.26
144,0,0.0,0,64469,13157,64469,13157,8.05869,1.64463,NH3,26.4
145,0,0.0,0,62999,12856,62999,12856,7.87489,1.60712,NH3,25.57
146,0,0.0,0,61607,12573,61607,12573,7.70099,1.57163,NH3,24.8
147,0,0.0,0,60230,12292,60230,12292,7.52885,1.5365,NH3,24.03
148,0,0.0,0,58927,12026,58927,12026,7.36593,1.50325,NH3,23.3
149,0,0.0,0,57673,11770,57673,11770,7.20913,1.47125,NH3,22.6
150,0,0.0,0,56472,11525,56472,11525,7.05909,1.44063,NH3,21.93
151,0,0.0,0,55286,11282,55286,11282,6.91081,1.41037,NH3,21.26
152,0,0.0,0,54174,11056,54174,11056,6.7718,1.382,NH3,20.64
153,0,0.0,0,53081,10833,53081,10833,6.63524,1.35413,NH3,20.03
154,0,0.0,0,52057,10624,52057,10624,6.5072,1.328,NH3,19.46
155,0,0.0,0,51067,10422,51067,10422,6.38348,1.30275,NH3,18.91
156,0,0.0,0,50117,10228,50117,10228,6.26465,1.2785,NH3,18.37
157,0,0.0,0,49166,10034,49166,10034,6.14583,1.25425,NH3,17.84
158,0,0.0,0,48289,9855,48289,9855,6.03621,1.23188,NH3,17.35
159,0,0.0,0,47441,9682,47441,9682,5.93023,1.21025,NH3,16.88
160,0,0.0,0,46613,9512,46613,9512,5.82669,1.18912,NH3,16.42
161,0,0.0,0,45820,9351,45820,9351,5.72751,1.16888,NH3,15.97
162,0,0.0,0,45055,9195,45055,9195,5.63196,1.14938,NH3,15.54
163,0,0.0,0,44310,9042,44310,9042,5.53881,1.13037,NH3,15.13
164,0,0.0,0,43600,8898,43600,8898,5.45003,1.11225,NH3,14.73
165,0,0.0,0,42919,8759,42919,8759,5.36491,1.09488,NH3,14.35
166,0,0.0,0,42262,8624,42262,8624,5.28279,1.07812,NH3,13.98
167,0,0.0,0,41635,8496,41635,8496,5.20439,1.06212,NH3,13.63
168,0,0.0,0,41027,8372,41027,8372,5.12844,1.04662,NH3,13.29
169,0,0.0,0,40434,8252,40434,8252,5.05435,1.0315,NH3,12.96
170,0,0.0,0,39871,8137,39871,8137,4.98394,1.01713,NH3,12.65
171,0,0.0,0,39322,8025,39322,8025,4.91534,1.00313,NH3,12.34
172,0,0.0,0,38798,7918,38798,7918,4.84978,0.98975,NH3,12.05
173,0,0.0,0,38268,7810,38268,7810,4.78362,0.97625,NH3,11.75
174,0,0.0,0,37784,7711,37784,7711,4.72301,0.96388,NH3,11.48
175,0,0.0,0,37318,7616,37318,7616,4.6648,0.952,NH3,11.22
176,0,0.0,0,36848,7520,36848,7520,4.606,0.94,NH3,10.96
177,0,0.0,0,36397,7428,36397,7428,4.54965,0.9285,NH3,10.71
178,0,0.0,0,35985,7344,35985,7344,4.4982,0.918,NH3,10.48
179,0,0.0,0,35574,7260,35574,7260,4.44675,0.9075,NH3,10.25
180,0,0.0,0,35177,7179,35177,7179,4.39716,0.89738,NH3,10.02
181,0,0.0,0,34780,7098,34780,7098,4.34753,0.88725,NH3,9.8
182,0,0.0,0,34383,7017,34383,7017,4.29794,0.87713,NH3,9.58
183,0,0.0,0,34025,6944,34025,6944,4.2532,0.868,NH3,9.38
184,0,0.0,0,33672,6872,33672,6872,4.2091,0.859,NH3,9.18
185,0,0.0,0,33344,6804,33344,6804,4.16804,0.85062,NH3,9.0
186,0,0.0,0,32991,6733,32991,6733,4.12399,0.84163,NH3,8.8
187,0,0.0,0,32673,6668,32673,6668,4.08415,0.8335,NH3,8.62
188,0,0.0,0,32379,6608,32379,6608,4.0474,0.826,NH3,8.46
189,0,0.0,0,32080,6546,32080,6546,4.01001,0.81837,NH3,8.29
190,0,0.0,0,31776,6485,31776,6485,3.97209,0.81063,NH3,8.12
191,0,0.0,0,31482,6424,31482,6424,3.93529,0.80312,NH3,7.96
192,0,0.0,0,31227,6373,31227,6373,3.90349,0.79663,NH3,7.82
193,0,0.0,0,30968,6320,30968,6320,3.871,0.79,NH3,7.67
194,0,0.0,0,30708,6267,30708,6267,3.83856,0.78338,NH3,7.53
195,0,0.0,0,30453,6214,30453,6214,3.80666,0.77687,NH3,7.38
196,0,0.0,0,30233,6170,30233,6170,3.77913,0.77125,NH3,7.26
197,0,0.0,0,29993,6121,29993,6121,3.74914,0.76513,NH3,7.13
198,0,0.0,0,29757,6073,29757,6073,3.71974,0.75913,NH3,6.99
199,0,0.0,0,29537,6028,29537,6028,3.69215,0.7535,NH3,6.87
200,0,0.0,0,29331,5986,29331,5986,3.66643,0.74825,NH3,6.76
201,0,0.0,0,29135,5946,29135,5946,3.64193,0.74325,NH3,6.65
202,0,0.0,0,28944,5907,28944,5907,3.61806,0.73838,NH3,6.54
203,0,0.0,0,28733,5864,28733,5864,3.5917,0.733,NH3,6.42
204,0,0.0,0,28537,5824,28537,5824,3.5672,0.728,NH3,6.31
205,0,0.0,0,28371,5790,28371,5790,3.54638,0.72375,NH3,6.22
206,0,0.0,0,28209,5757,28209,5757,3.52619,0.71963,NH3,6.13
207,0,0.0,0,28018,5718,28018,5718,3.50228,0.71475,NH3,6.02
208,0,0.0,0,27837,5681,27837,5681,3.47964,0.71013,NH3,5.92
209,0,0.0,0,27685,5650,27685,5650,3.46063,0.70625,NH3,5.84
210,0,0.0,0,27528,5618,27528,5618,3.44103,0.70225,NH3,5.75
211,0,0.0,0,27366,5584,27366,5584,3.42079,0.69812,NH3,5.66
212,0,0.0,0,27229,5557,27229,5557,3.40369,0.69463,NH3,5.58
213,0,0.0,0,27072,5525,27072,5525,3.38409,0.69063,NH3,5.49
214,0,0.0,0,26940,5498,26940,5498,3.36753,0.68725,NH3,5.42
215,0,0.0,0,26827,5475,26827,5475,3.35346,0.68438,NH3,5.36
216,0,0.0,0,26680,5445,26680,5445,3.33509,0.68063,NH3,5.27
217,0,0.0,0,26533,5415,26533,5415,3.31671,0.67688,NH3,5.19
218,0,0.0,0,26411,5390,26411,5390,3.30138,0.67375,NH3,5.12
219,0,0.0,0,26293,5366,26293,5366,3.28668,0.67075,NH3,5.06
220,0,0.0,0,26166,5340,26166,5340,3.27075,0.6675,NH3,4.99
221,0,0.0,0,26043,5315,26043,5315,3.25546,0.66438,NH3,4.92
222,0,0.0,0,25930,5292,25930,5292,3.24135,0.6615,NH3,4.86
223,0,0.0,0,25842,5274,25842,5274,3.23033,0.65925,NH3,4.81
224,0,0.0,0,25700,5245,25700,5245,3.21259,0.65563,NH3,4.73
225,0,0.0,0,25607,5226,25607,5226,3.20093,0.65325,NH3,4.67
226,0,0.0,0,25538,5212,25538,5212,3.19235,0.6515,NH3,4.64
227,0,0.0,0,25406,5185,25406,5185,3.17584,0.64813,NH3,4.56
228,0,0.0,0,25323,5168,25323,5168,3.1654,0.646,NH3,4.52
229,0,0.0,0,25235,5150,25235,5150,3.15438,0.64375,NH3,4.47
230,0,0.0,0,25176,5138,25176,5138,3.14703,0.64225,NH3,4.43
231,0,0.0,0,25033,5108,25033,5108,3.12924,0.63862,NH3,4.35
232,0,0.0,0,24990,5100,24990,5100,3.12375,0.6375,NH3,4.33
233,0,0.0,0,24877,5076,24877,5076,3.10964,0.63462,NH3,4.27
234,0,0.0,0,24803,5062,24803,5062,3.10048,0.63275,NH3,4.23
235,0,0.0,0,24696,5040,24696,5040,3.087,0.63,NH3,4.17
236,0,0.0,0,24656,5032,24656,5032,3.0821,0.629,NH3,4.14
237,0,0.0,0,24548,5010,24548,5010,3.06862,0.62625,NH3,4.08
238,0,0.0,0,24529,5006,24529,5006,3.06618,0.62575,NH3,4.07
239,0,0.0,0,24416,4983,24416,4983,3.05211,0.62288,NH3,4.01
240,0,0.0,0,24343,4968,24343,4968,3.0429,0.621,NH3,3.97
241,0,0.0,0,24274,4954,24274,4954,3.03432,0.61925,NH3,3.93
242,0,0.0,0,24220,4943,24220,4943,3.02761,0.61788,NH3,3.9
243,0,0.0,0,24162,4931,24162,4931,3.02026,0.61638,NH3,3.87
244,0,0.0,0,24103,4919,24103,4919,3.01291,0.61488,NH3,3.83
245,0,0.0,0,24029,4904,24029,4904,3.0037,0.613,NH3,3.79
246,0,0.0,0,23980,4894,23980,4894,2.99758,0.61175,NH3,3.77
247,0,0.0,0,23912,4880,23912,4880,2.989,0.61,NH3,3.73
248,0,0.0,0,23863,4870,23863,4870,2.98288,0.60875,NH3,3.7
249,0,0.0,0,23828,4863,23828,4863,2.97861,0.60788,NH3,3.68
0,0,3.3,255,20472,4178,20472,4178,2.55903,0.52225,NH3,1.8
1,0,3.3,255,21878,4464,21878,4464,2.73479,0.55812,NH3,2.59
2,0,3.3,255,24059,4910,24059,4910,3.00738,0.61375,NH3,3.81
3,0,3.3,255,26313,5370,26313,5370,3.28913,0.67125,NH3,5.07
4,0,3.3,255,28591,5834,28591,5834,3.57391,0.72937,NH3,6.34
5,0,3.3,255,30919,6310,30919,6310,3.86488,0.78875,NH3,7.64
6,0,3.3,255,33187,6773,33187,6773,4.14849,0.84663,NH3,8.91
7,0,3.3,255,35446,7234,35446,7234,4.43083,0.90425,NH3,10.17
8,0,3.3,255,37690,7692,37690,7692,4.71135,0.9615,NH3,11.43
9,0,3.3,255,39915,8146,39915,8146,4.98943,1.01825,NH3,12.67
10,0,3.3,255,42076,8586,42076,8586,5.25951,1.07337,NH3,13.88
11,0,3.3,255,44203,9021,44203,9021,5.52539,1.12763,NH3,15.07
12,0,3.3,255,46280,9445,46280,9445,5.78509,1.18063,NH3,16.23
13,0,3.3,255,48294,9856,48294,9856,6.0368,1.232,NH3,17.35
14,0,3.3,255,50303,10266,50303,10266,6.28793,1.28325,NH3,18.48
15,0,3.3,255,52204,10654,52204,10654,6.52558,1.33175,NH3,19.54
16,0,3.3,255,54071,11035,54071,11035,6.75896,1.37938,NH3,20.58
17,0,3.3,255,55874,11403,55874,11403,6.98436,1.42538,NH3,21.59
18,0,3.3,255,57624,11760,57624,11760,7.203,1.47,NH3,22.57
19,0,3.3,255,59275,12096,59275,12096,7.40939,1.51212,NH3,23.49
20,0,3.3,255,60897,12428,60897,12428,7.61215,1.5535,NH3,24.4
21,0,3.3,255,62455,12746,62455,12746,7.80693,1.59325,NH3,25.27
22,0,3.3,255,63945,13050,63945,13050,7.99313,1.63125,NH3,26.1
23,0,3.3,255,65312,13329,65312,13329,8.16404,1.66613,NH3,26.87
24,0,3.3,255,66723,13617,66723,13617,8.34044,1.70213,NH3,27.66
25,0,3.3,255,68041,13886,68041,13886,8.50517,1.73575,NH3,28.39
26,0,3.3,255,69286,14140,69286,14140,8.66075,1.7675,NH3,29.09
27,0,3.3,255,70467,14381,70467,14381,8.80839,1.79763,NH3,29.75
28,0,3.3,255,71628,14618,71628,14618,8.95353,1.82725,NH3,30.4
29,0,3.3,255,72730,14842,72730,14842,9.09131,1.85537,NH3,31.01
30,0,3.3,255,73784,15058,73784,15058,9.22302,1.88225,NH3,31.6
31,0,3.3,255,74754,15256,74754,15256,9.3443,1.907,NH3,32.14
32,0,3.3,255,75695,15448,75695,15448,9.4619,1.931,NH3,32.67
33,0,3.3,255,76606,15634,76606,15634,9.57583,1.95425,NH3,33.18
34,0,3.3,255,77469,15810,77469,15810,9.68363,1.97625,NH3,33.66
35,0,3.3,255,78302,15980,78302,15980,9.78775,1.9975,NH3,34.13
36,0,3.3,255,79080,16138,79080,16138,9.88511,2.01737,NH3,34.56
37,0,3.3,255,79830,16292,79830,16292,9.97885,2.0365,NH3,34.98
38,0,3.3,255,80526,16434,80526,16434,10.06583,2.05425,NH3,35.37
39,0,3.3,255,81217,16574,81217,16574,10.15216,2.07187,NH3,35.76
40,0,3.3,255,81830,16700,81830,16700,10.22875,2.0875,NH3,36.1
41,0,3.3,255,82432,16823,82432,16823,10.30411,2.10288,NH3,36.44
42,0,3.3,255,83006,16940,83006,16940,10.37575,2.1175,NH3,36.76
43,0,3.3,255,83569,17054,83569,17054,10.44616,2.13187,NH3,37.07
44,0,3.3,255,84084,17160,84084,17160,10.5105,2.145,NH3,37.36
45,0,3.3,255,84578,17260,84578,17260,10.57234,2.15762,NH3,37.63
46,0,3.3,255,85019,17350,85019,17350,10.62746,2.16887,NH3,37.88
47,0,3.3,255,85465,17442,85465,17442,10.68323,2.18025,NH3,38.13
48,0,3.3,255,85882,17527,85882,17527,10.73531,2.19088,NH3,38.36
49,0,3.3,255,86254,17603,86254,17603,10.78186,2.20038,NH3,38.57
50,0,3.3,255,86622,17678,86622,17678,10.82778,2.20975,NH3,38.78
51,0,3.3,255,86965,17748,86965,17748,10.87065,2.2185,NH3,38.97
52,0,3.3,255,87283,17812,87283,17812,10.91044,2.22662,NH3,39.15
53,0,3.3,255,87582,17874,87582,17874,10.94782,2.23425,NH3,39.31
54,0,3.3,255,87856,17930,87856,17930,10.98212,2.24125,NH3,39.47
55,0,3.3,255,88121,17984,88121,17984,11.0152,2.248,NH3,39.61
56,0,3.3,255,88371,18035,88371,18035,11.04646,2.25438,NH3,39.75
57,0,3.3,255,88562,18074,88562,18074,11.07033,2.25925,NH3,39.86
58,0,3.3,255,88802,18123,88802,18123,11.10036,2.26538,NH3,40.0
59,0,3.3,255,88998,18163,88998,18163,11.12486,2.27038,NH3,40.11
60,0,3.3,255,89214,18207,89214,18207,11.15181,2.27588,NH3,40.23
61,0,3.3,255,89385,18242,89385,18242,11.17323,2.28025,NH3,40.32
62,0,3.3,255,89537,18272,89537,18272,11.19219,2.28412,NH3,40.41
63,0,3.3,255,89679,18302,89679,18302,11.20998,2.28775,NH3,40.49
64,0,3.3,255,89821,18330,89821,18330,11.22771,2.29137,NH3,40.57
65,0,3.3,255,89949,18356,89949,18356,11.24364,2.29462,NH3,40.64
66,0,3.3,255,90062,18380,90062,18380,11.25775,2.2975,NH3,40.7
67,0,3.3,255,90155,18399,90155,18399,11.26941,2.29988,NH3,40.75
68,0,3.3,255,90272,18422,90272,18422,11.28406,2.30287,NH3,40.82
69,0,3.3,255,90346,18438,90346,18438,11.29327,2.30475,NH3,40.86
70,0,3.3,255,90448,18458,90448,18458,11.30611,2.30737,NH3,40.92
71,0,3.3,255,90532,18476,90532,18476,11.31655,2.3095,NH3,40.96
72,0,3.3,255,90576,18484,90576,18484,11.32204,2.31062,NH3,40.99
73,0,3.3,255,90630,18496,90630,18496,11.3288,2.312,NH3,41.02
74,0,3.3,255,90679,18506,90679,18506,11.33493,2.31325,NH3,41.04
75,0,3.3,255,90757,18522,90757,18522,11.34473,2.31525,NH3,41.09
76,0,3.3,255,90811,18533,90811,18533,11.35149,2.31663,NH3,41.12
77,0,3.3,255,90846,18540,90846,18540,11.35575,2.3175,NH3,41.14
78,0,3.3,255,90880,18547,90880,18547,11.36006,2.31838,NH3,41.16
79,0,3.3,255,90889,18548,90889,18548,11.36124,2.31862,NH3,41.16
80,0,3.3,255,90934,18558,90934,18558,11.36678,2.31975,NH3,41.19
81,0,3.3,255,90948,18560,90948,18560,11.36859,2.32012,NH3,41.2
82,0,3.3,255,90973,18566,90973,18566,11.37167,2.32075,NH3,41.21
83,0,3.3,255,91022,18576,91022,18576,11.3778,2.322,NH3,41.24
84,0,3.3,255,91037,18579,91037,18579,11.37966,2.32238,NH3,41.24
85,0,3.3,255,91051,18582,91051,18582,11.38148,2.32275,NH3,41.25
86,0,3.3,255,91046,18580,91046,18580,11.38084,2.32262,NH3,41.25
87,0,3.3,255,91042,18580,91042,18580,11.38025,2.3225,NH3,41.25
88,0,3.3,255,91056,18582,91056,18582,11.38206,2.32287,NH3,41.26
89,0,3.3,255,91046,18580,91046,18580,11.38084,2.32262,NH3,41.25
90,0,3.3,255,91042,18580,91042,18580,11.38025,2.3225,NH3,41.25
91,0,3.3,255,91051,18582,91051,18582,11.38148,2.32275,NH3,41.25
92,0,3.3,255,91042,18580,91042,18580,11.38025,2.3225,NH3,41.25
93,0,3.3,255,91056,18582,91056,18582,11.38206,2.32287,NH3,41.26
94,0,3.3,255,91046,18580,91046,18580,11.38084,2.32262,NH3,41.25
95,0,3.3,255,91046,18580,91046,18580,11.38084,2.32262,NH3,41.25
96,0,3.3,255,91032,18578,91032,18578,11.37903,2.32225,NH3,41.24
97,0,3.3,255,91007,18573,91007,18573,11.37599,2.32163,NH3,41.23
98,0,3.3,255,91007,18573,91007,18573,11.37599,2.32163,NH3,41.23
99,0,3.3,255,90998,18571,90998,18571,11.37476,2.32138,NH3,41.22
100,0,3.3,255,90987,18568,90987,18568,11.37349,2.32112,NH3,41.22
101,0,3.3,255,90973,18566,90973,18566,11.37167,2.32075,NH3,41.21
102,0,3.3,255,90958,18562,90958,18562,11.36981,2.32037,NH3,41.2
103,0,3.3,255,90958,18562,90958,18562,11.36981,2.32037,NH3,41.2
104,0,3.3,255,90929,18556,90929,18556,11.36614,2.31962,NH3,41.18
105,0,3.3,255,90909,18553,90909,18553,11.36374,2.31913,NH3,41.17
106,0,3.3,255,90899,18550,90899,18550,11.36246,2.31887,NH3,41.17
107,0,3.3,255,90895,18550,90895,18550,11.36188,2.31875,NH3,41.17
108,0,3.3,255,90851,18541,90851,18541,11.35639,2.31763,NH3,41.14
109,0,3.3,255,90816,18534,90816,18534,11.35208,2.31675,NH3,41.12
110,0,3.3,255,90826,18536,90826,18536,11.3533,2.317,NH3,41.13
111,0,3.3,255,90816,18534,90816,18534,11.35208,2.31675,NH3,41.12
112,0,3.3,255,90762,18522,90762,18522,11.34531,2.31537,NH3,41.09
113,0,3.3,255,90762,18522,90762,18522,11.34531,2.31537,NH3,41.09
114,0,3.3,255,90742,18518,90742,18518,11.34286,2.31487,NH3,41.08
115,0,3.3,255,90831,18536,90831,18536,11.35389,2.31712,NH3,41.13
116,0,3.3,255,90772,18524,90772,18524,11.34654,2.31562,NH3,41.1
117,0,3.3,255,90772,18524,90772,18524,11.34654,2.31562,NH3,41.1
118,0,3.3,255,90728,18516,90728,18516,11.34105,2.3145,NH3,41.07
119,0,3.3,255,90703,18510,90703,18510,11.33796,2.31387,NH3,41.06
120,0,3.3,255,90718,18514,90718,18514,11.33983,2.31425,NH3,41.07
121,0,3.3,255,90650,18500,90650,18500,11.33125,2.3125,NH3,41.03
122,0,3.3,255,90640,18498,90640,18498,11.33003,2.31225,NH3,41.02
123,0,3.3,255,90615,18492,90615,18492,11.32694,2.31162,NH3,41.01
124,0,3.3,255,90655,18501,90655,18501,11.33189,2.31263,NH3,41.03
125,0,0.0,0,106001,21632,106001,21632,13.25019,2.70412,NH3,49.61
126,0,0.0,0,103855,21195,103855,21195,12.98196,2.64938,NH3,48.41
127,0,0.0,0,101042,20620,101042,20620,12.63034,2.57762,NH3,46.84
128,0,0.0,0,98269,20054,98269,20054,12.28366,2.50687,NH3,45.29
129,0,0.0,0,95653,19521,95653,19521,11.95664,2.44013,NH3,43.82
130,0,0.0,0,93041,18988,93041,18988,11.63015,2.3735,NH3,42.36
131,0,0.0,0,90546,18478,90546,18478,11.31836,2.30987,NH3,40.97
132,0,0.0,0,88023,17964,88023,17964,11.00295,2.2455,NH3,39.56
133,0,0.0,0,85642,17478,85642,17478,10.70528,2.18475,NH3,38.23
134,0,0.0,0,83496,17040,83496,17040,10.437,2.13,NH3,37.03
135,0,0.0,0,81227,16577,81227,16577,10.15344,2.07213,NH3,35.76
136,0,0.0,0,79159,16155,79159,16155,9.89496,2.01938,NH3,34.61
137,0,0.0,0,77062,15727,77062,15727,9.63281,1.96588,NH3,33.43
138,0,0.0,0,75121,15330,75121,15330,9.39021,1.91637,NH3,32.35
139,0,0.0,0,73284,14956,73284,14956,9.16055,1.8695,NH3,31.32
140,0,0.0,0,71486,14589,71486,14589,8.93579,1.82363,NH3,30.32
141,0,0.0,0,69751,14234,69751,14234,8.71891,1.77937,NH3,29.35
142,0,0.0,0,68051,13888,68051,13888,8.5064,1.736,NH3,28.4
143,0,0.0,0,66463,13564,66463,13564,8.30795,1.6955,NH3,27.51
144,0,0.0,0,64998,13265,64998,13265,8.12484,1.65813,NH3,26.69
145,0,0.0,0,63430,12945,63430,12945,7.92884,1.61813,NH3,25.81
146,0,0.0,0,61979,12648,61979,12648,7.74749,1.58112,NH3,25.0
147,0,0.0,0,60656,12378,60656,12378,7.58211,1.54737,NH3,24.26
148,0,0.0,0,59319,12106,59319,12106,7.41493,1.51325,NH3,23.52
149,0,0.0,0,58045,11846,58045,11846,7.25568,1.48075,NH3,22.8
150,0,0.0,0,56830,11598,56830,11598,7.10378,1.44975,NH3,22.13
151,0,0.0,0,55664,11360,55664,11360,6.958,1.42,NH3,21.47
152,0,0.0,0,54566,11136,54566,11136,6.8208,1.392,NH3,20.86
153,0,0.0,0,53463,10910,53463,10910,6.68296,1.36387,NH3,20.24
154,0,0.0,0,52410,10696,52410,10696,6.5513,1.337,NH3,19.66
155,0,0.0,0,51420,10494,51420,10494,6.42758,1.31175,NH3,19.1
156,0,0.0,0,50455,10297,50455,10297,6.30694,1.28713,NH3,18.56
157,0,0.0,0,49514,10105,49514,10105,6.18934,1.26313,NH3,18.04
158,0,0.0,0,48632,9925,48632,9925,6.07909,1.24063,NH3,17.54
159,0,0.0,0,47814,9758,47814,9758,5.97677,1.21975,NH3,17.09
160,0,0.0,0,46971,9586,46971,9586,5.87143,1.19825,NH3,16.62
161,0,0.0,0,46158,9420,46158,9420,5.76975,1.1775,NH3,16.16
162,0,0.0,0,45423,9270,45423,9270,5.67788,1.15875,NH3,15.75
163,0,0.0,0,44668,9116,44668,9116,5.58355,1.1395,NH3,15.33
164,0,0.0,0,43943,8968,43943,8968,5.4929,1.121,NH3,14.92
165,0,0.0,0,43222,8820,43222,8820,5.40284,1.10262,NH3,14.52
166,0,0.0,0,42546,8682,42546,8682,5.31831,1.08537,NH3,14.14
167,0,0.0,0,42012,8574,42012,8574,5.25157,1.07175,NH3,13.84
168,0,0.0,0,41448,8458,41448,8458,5.18111,1.05737,NH3,13.53
169,0,0.0,0,40851,8336,40851,8336,5.10639,1.04212,NH3,13.19
170,0,0.0,0,40287,8222,40287,8222,5.03597,1.02775,NH3,12.88
171,0,0.0,0,39660,8093,39660,8093,4.95758,1.01175,NH3,12.53
172,0,0.0,0,39097,7979,39097,7979,4.88716,0.99738,NH3,12.21
173,0,0.0,0,38670,7892,38670,7892,4.83385,0.9865,NH3,11.98
174,0,0.0,0,38151,7786,38151,7786,4.76893,0.97325,NH3,11.69
175,0,0.0,0,37749,7704,37749,7704,4.7187,0.963,NH3,11.46
176,0,0.0,0,37259,7604,37259,7604,4.65745,0.9505,NH3,11.19
177,0,0.0,0,36706,7491,36706,7491,4.58826,0.93638,NH3,10.88
178,0,0.0,0,36392,7427,36392,7427,4.54906,0.92838,NH3,10.7
179,0,0.0,0,35917,7330,35917,7330,4.48963,0.91625,NH3,10.44
180,0,0.0,0,35481,7241,35481,7241,4.43514,0.90513,NH3,10.19
181,0,0.0,0,35049,7153,35049,7153,4.38124,0.89413,NH3,9.95
182,0,0.0,0,34643,7070,34643,7070,4.33038,0.88375,NH3,9.72
183,0,0.0,0,34300,7000,34300,7000,4.2875,0.875,NH3,9.53
184,0,0.0,0,33966,6932,33966,6932,4.24585,0.8665,NH3,9.35
185,0,0.0,0,33687,6875,33687,6875,4.21096,0.85938,NH3,9.19
186,0,0.0,0,33280,6792,33280,6792,4.1601,0.849,NH3,8.96
187,0,0.0,0,32933,6721,32933,6721,4.11664,0.84013,NH3,8.77
188,0,0.0,0,32668,6666,32668,6666,4.08351,0.83337,NH3,8.62
189,0,0.0,0,32398,6612,32398,6612,4.04985,0.8265,NH3,8.47
190,0,0.0,0,32060,6543,32060,6543,4.00761,0.81788,NH3,8.28
191,0,0.0,0,31771,6484,31771,6484,3.97145,0.8105,NH3,8.12
192,0,0.0,0,31629,6455,31629,6455,3.95371,0.80688,NH3,8.04
193,0,0.0,0,31262,6380,31262,6380,3.90775,0.7975,NH3,7.84
194,0,0.0,0,31051,6336,31051,6336,3.88139,0.79212,NH3,7.72
195,0,0.0,0,30742,6274,30742,6274,3.84283,0.78425,NH3,7.54
196,0,0.0,0,30615,6248,30615,6248,3.8269,0.781,NH3,7.47
197,0,0.0,0,30394,6203,30394,6203,3.79936,0.77538,NH3,7.35
198,0,0.0,0,30091,6141,30091,6141,3.76139,0.76763,NH3,7.18
199,0,0.0,0,29836,6089,29836,6089,3.72954,0.76113,NH3,7.04
200,0,0.0,0,29664,6054,29664,6054,3.70808,0.75675,NH3,6.94
201,0,0.0,0,29365,5993,29365,5993,3.67074,0.74913,NH3,6.78
202,0,0.0,0,29160,5951,29160,5951,3.64501,0.74388,NH3,6.66
203,0,0.0,0,29062,5931,29062,5931,3.63276,0.74138,NH3,6.61
204,0,0.0,0,28890,5896,28890,5896,3.6113,0.737,NH3,6.51
205,0,0.0,0,28679,5852,28679,5852,3.58494,0.73162,NH3,6.39
206,0,0.0,0,28503,5817,28503,5817,3.56294,0.72713,NH3,6.29
207,0,0.0,0,28371,5790,28371,5790,3.54638,0.72375,NH3,6.22
208,0,0.0,0,28135,5742,28135,5742,3.51698,0.71775,NH3,6.09
209,0,0.0,0,27988,5712,27988,5712,3.4986,0.714,NH3,6.01
210,0,0.0,0,27861,5686,27861,5686,3.48268,0.71075,NH3,5.93
211,0,0.0,0,27739,5661,27739,5661,3.46739,0.70763,NH3,5.87
212,0,0.0,0,27543,5621,27543,5621,3.44289,0.70263,NH3,5.76
213,0,0.0,0,27444,5600,27444,5600,3.43059,0.70012,NH3,5.7
214,0,0.0,0,27293,5570,27293,5570,3.41163,0.69625,NH3,5.62
215,0,0.0,0,27140,5538,27140,5538,3.39261,0.69237,NH3,5.53
216,0,0.0,0,26989,5508,26989,5508,3.37365,0.6885,NH3,5.45
217,0,0.0,0,26895,5488,26895,5488,3.36199,0.68612,NH3,5.39
218,0,0.0,0,26705,5450,26705,5450,3.33813,0.68125,NH3,5.29
219,0,0.0,0,26602,5429,26602,5429,3.32529,0.67863,NH3,5.23
220,0,0.0,0,26489,5406,26489,5406,3.31117,0.67575,NH3,5.17
221,0,0.0,0,26332,5374,26332,5374,3.29157,0.67175,NH3,5.08
222,0,0.0,0,26195,5346,26195,5346,3.27443,0.66825,NH3,5.0
223,0,0.0,0,26122,5331,26122,5331,3.26526,0.66638,NH3,4.96
224,0,0.0,0,25960,5298,25960,5298,3.24503,0.66225,NH3,4.87
225,0,0.0,0,25832,5272,25832,5272,3.2291,0.659,NH3,4.8
226,0,0.0,0,25730,5251,25730,5251,3.21626,0.65638,NH3,4.74
227,0,0.0,0,25641,5233,25641,5233,3.20524,0.65413,NH3,4.69
228,0,0.0,0,25573,5219,25573,5219,3.19666,0.65238,NH3,4.66
229,0,0.0,0,25416,5187,25416,5187,3.17706,0.64838,NH3,4.57
230,0,0.0,0,25352,5174,25352,5174,3.16908,0.64675,NH3,4.53
231,0,0.0,0,25264,5156,25264,5156,3.15805,0.6445,NH3,4.48
232,0,0.0,0,25176,5138,25176,5138,3.14703,0.64225,NH3,4.43
233,0,0.0,0,25078,5118,25078,5118,3.13478,0.63975,NH3,4.38
234,0,0.0,0,24990,5100,24990,5100,3.12375,0.6375,NH3,4.33
235,0,0.0,0,24960,5094,24960,5094,3.12008,0.63675,NH3,4.31
236,0,0.0,0,24857,5073,24857,5073,3.10724,0.63413,NH3,4.26
237,0,0.0,0,24779,5057,24779,5057,3.09744,0.63213,NH3,4.21
238,0,0.0,0,24686,5038,24686,5038,3.08578,0.62975,NH3,4.16
239,0,0.0,0,24632,5027,24632,5027,3.07906,0.62838,NH3,4.13
240,0,0.0,0,24558,5012,24558,5012,3.06985,0.6265,NH3,4.09
241,0,0.0,0,24519,5004,24519,5004,3.06495,0.6255,NH3,4.07
242,0,0.0,0,24421,4984,24421,4984,3.0527,0.623,NH3,4.01
243,0,0.0,0,24367,4972,24367,4972,3.04594,0.62162,NH3,3.98
244,0,0.0,0,24309,4961,24309,4961,3.03864,0.62013,NH3,3.95
245,0,0.0,0,24245,4948,24245,4948,3.03065,0.6185,NH3,3.91
246,0,0.0,0,24186,4936,24186,4936,3.0233,0.617,NH3,3.88
247,0,0.0,0,24127,4924,24127,4924,3.01595,0.6155,NH3,3.85
248,0,0.0,0,24073,4913,24073,4913,3.00924,0.61413,NH3,3.82
249,0,0.0,0,24019,4902,24019,4902,3.00248,0.61275,NH3,3.79
0,0,3.3,255,20648,4214,20648,4214,2.58108,0.52675,NH3,1.9
1,0,3.3,255,22064,4503,22064,4503,2.75811,0.56288,NH3,2.69
2,0,3.3,255,24255,4950,24255,4950,3.03188,0.61875,NH3,3.92
3,0,3.3,255,26533,5415,26533,5415,3.31671,0.67688,NH3,5.19
4,0,3.3,255,28821,5882,28821,5882,3.60272,0.73525,NH3,6.47
5,0,3.3,255,31110,6349,31110,6349,3.88879,0.79363,NH3,7.75
6,0,3.3,255,33422,6820,33422,6820,4.17784,0.85262,NH3,9.04
7,0,3.3,255,35809,7308,35809,7308,4.47615,0.9135,NH3,10.38
8,0,3.3,255,37970,7749,37970,7749,4.74629,0.96863,NH3,11.58
9,0,3.3,255,40297,8224,40297,8224,5.0372,1.028,NH3,12.89
10,0,3.3,255,42330,8638,42330,8638,5.29136,1.07987,NH3,14.02
11,0,3.3,255,44590,9100,44590,9100,5.57375,1.1375,NH3,15.28
12,0,3.3,255,46608,9512,46608,9512,5.8261,1.189,NH3,16.41
13,0,3.3,255,48706,9940,48706,9940,6.08825,1.2425,NH3,17.58
14,0,3.3,255,50685,10344,50685,10344,6.3357,1.293,NH3,18.69
15,0,3.3,255,52630,10740,52630,10740,6.57884,1.34262,NH3,19.78
16,0,3.3,255,54463,11115,54463,11115,6.80796,1.38938,NH3,20.8
17,0,3.3,255,56173,11464,56173,11464,7.0217,1.433,NH3,21.76
18,0,3.3,255,58006,11838,58006,11838,7.25077,1.47975,NH3,22.78
19,0,3.3,255,59633,12170,59633,12170,7.45413,1.52125,NH3,23.69
20,0,3.3,255,61294,12509,61294,12509,7.66179,1.56363,NH3,24.62
21,0,3.3,255,62646,12785,62646,12785,7.83084,1.59813,NH3,25.38
22,0,3.3,255,64116,13085,64116,13085,8.01459,1.63563,NH3,26.2
23,0,3.3,255,65567,13381,65567,13381,8.19589,1.67263,NH3,27.01
24,0,3.3,255,66909,13654,66909,13654,8.36366,1.70687,NH3,27.76
25,0,3.3,255,68291,13936,68291,13936,8.53639,1.74212,NH3,28.53
26,0,3.3,255,69545,14192,69545,14192,8.69319,1.77412,NH3,29.23
27,0,3.3,255,70736,14436,70736,14436,8.84205,1.8045,NH3,29.9
28,0,3.3,255,71853,14664,71853,14664,8.9817,1.833,NH3,30.52
29,0,3.3,255,72990,14896,72990,14896,9.1238,1.862,NH3,31.16
30,0,3.3,255,74009,15104,74009,15104,9.2512,1.888,NH3,31.73
31,0,3.3,255,74994,15304,74994,15304,9.37429,1.91312,NH3,32.28
32,0,3.3,255,75959,15502,75959,15502,9.49498,1.93775,NH3,32.82
33,0,3.3,255,76846,15682,76846,15682,9.60581,1.96037,NH3,33.31
34,0,3.3,255,77719,15861,77719,15861,9.71489,1.98263,NH3,33.8
35,0,3.3,255,78547,16030,78547,16030,9.81838,2.00375,NH3,34.26
36,0,3.3,255,79335,16190,79335,16190,9.91696,2.02387,NH3,34.7
37,0,3.3,255,80105,16347,80105,16347,10.01315,2.0435,NH3,35.13
38,0,3.3,255,80805,16490,80805,16490,10.10071,2.06137,NH3,35.53
39,0,3.3,255,81511,16635,81511,16635,10.18896,2.07938,NH3,35.92
40,0,3.3,255,82163,16768,82163,16768,10.2704,2.096,NH3,36.28
41,0,3.3,255,82731,16884,82731,16884,10.34145,2.1105,NH3,36.6
42,0,3.3,255,83290,16998,83290,16998,10.41128,2.12475,NH3,36.91
43,0,3.3,255,83838,17110,83838,17110,10.47987,2.13875,NH3,37.22
44,0,3.3,255,84368,17218,84368,17218,10.54603,2.15225,NH3,37.52
45,0,3.3,255,84858,17318,84858,17318,10.60728,2.16475,NH3,37.79
46,0,3.3,255,85314,17411,85314,17411,10.66426,2.17638,NH3,38.05
47,0,3.3,255,85720,17494,85720,17494,10.71508,2.18675,NH3,38.27
48,0,3.3,255,86142,17580,86142,17580,10.76775,2.1975,NH3,38.51
49,0,3.3,255,86514,17656,86514,17656,10.8143,2.207,NH3,38.72
50,0,3.3,255,86877,17730,86877,17730,10.85963,2.21625,NH3,38.92
51,0,3.3,255,87229,17802,87229,17802,10.90372,2.22525,NH3,39.12
52,0,3.3,255,87553,17868,87553,17868,10.94415,2.2335,NH3,39.3
53,0,3.3,255,87827,17924,87827,17924,10.97845,2.2405,NH3,39.45
54,0,3.3,255,88136,17986,88136,17986,11.01701,2.24837,NH3,39.62
55,0,3.3,255,88410,18042,88410,18042,11.05131,2.25537,NH3,39.78
56,0,3.3,255,88626,18086,88626,18086,11.07826,2.26087,NH3,39.9
57,0,3.3,255,88876,18138,88876,18138,11.10953,2.26725,NH3,40.04
58,0,3.3,255,89096,18182,89096,18182,11.13706,2.27287,NH3,40.16
59,0,3.3,255,89317,18228,89317,18228,11.16465,2.2785,NH3,40.28
60,0,3.3,255,89528,18271,89528,18271,11.19101,2.28388,NH3,40.4
61,0,3.3,255,89699,18306,89699,18306,11.21243,2.28825,NH3,40.5
62,0,3.3,255,89826,18332,89826,18332,11.22835,2.2915,NH3,40.57
63,0,3.3,255,89969,18361,89969,18361,11.24614,2.29513,NH3,40.65
64,0,3.3,255,90120,18392,90120,18392,11.2651,2.299,NH3,40.73
65,0,3.3,255,90253,18419,90253,18419,11.28166,2.30238,NH3,40.81
66,0,3.3,255,90370,18443,90370,18443,11.29636,2.30538,NH3,40.87
67,0,3.3,255,90493,18468,90493,18468,11.31165,2.3085,NH3,40.94
68,0,3.3,255,90571,18484,90571,18484,11.32145,2.3105,NH3,40.98
69,0,3.3,255,90664,18503,90664,18503,11.33311,2.31288,NH3,41.04
70,0,3.3,255,90762,18522,90762,18522,11.34531,2.31537,NH3,41.09
71,0,3.3,255,90801,18530,90801,18530,11.35021,2.31637,NH3,41.11
72,0,3.3,255,90914,18554,90914,18554,11.36432,2.31925,NH3,41.18
73,0,3.3,255,90983,18568,90983,18568,11.3729,2.321,NH3,41.21
74,0,3.3,255,91061,18584,91061,18584,11.3827,2.323,NH3,41.26
75,0,3.3,255,91091,18590,91091,18590,11.38638,2.32375,NH3,41.27
76,0,3.3,255,91125,18597,91125,18597,11.39069,2.32463,NH3,41.29
77,0,3.3,255,91174,18606,91174,18606,11.39676,2.32587,NH3,41.32
78,0,3.3,255,91223,18617,91223,18617,11.40294,2.32713,NH3,41.35
79,0,3.3,255,91247,18622,91247,18622,11.40598,2.32775,NH3,41.36
80,0,3.3,255,91252,18623,91252,18623,11.40661,2.32788,NH3,41.37
81,0,3.3,255,91282,18629,91282,18629,11.41029,2.32863,NH3,41.38
82,0,3.3,255,91306,18634,91306,18634,11.41333,2.32925,NH3,41.4
83,0,3.3,255,91370,18646,91370,18646,11.42126,2.33087,NH3,41.43
84,0,3.3,255,91355,18644,91355,18644,11.41945,2.3305,NH3,41.42
85,0,3.3,255,91385,18650,91385,18650,11.42313,2.33125,NH3,41.44
86,0,3.3,255,91414,18656,91414,18656,11.4268,2.332,NH3,41.46
87,0,3.3,255,91443,18662,91443,18662,11.43047,2.33275,NH3,41.47
88,0,3.3,255,91414,18656,91414,18656,11.4268,2.332,NH3,41.46
89,0,3.3,255,91448,18663,91448,18663,11.43111,2.33288,NH3,41.47
90,0,3.3,255,91428,18658,91428,18658,11.42861,2.33237,NH3,41.46
91,0,3.3,255,91448,18663,91448,18663,11.43111,2.33288,NH3,41.47
92,0,3.3,255,91434,18660,91434,18660,11.42925,2.3325,NH3,41.47
93,0,3.3,255,91448,18663,91448,18663,11.43111,2.33288,NH3,41.47
94,0,3.3,255,91434,18660,91434,18660,11.42925,2.3325,NH3,41.47
95,0,3.3,255,91404,18654,91404,18654,11.42558,2.33175,NH3,41.45
96,0,3.3,255,91404,18654,91404,18654,11.42558,2.33175,NH3,41.45
97,0,3.3,255,91409,18655,91409,18655,11.42621,2.33188,NH3,41.45
98,0,3.3,255,91380,18649,91380,18649,11.42254,2.33113,NH3,41.44
99,0,3.3,255,91463,18666,91463,18666,11.43293,2.33325,NH3,41.48
100,0,3.3,255,91424,18658,91424,18658,11.42803,2.33225,NH3,41.46
101,0,3.3,255,91399,18652,91399,18652,11.42494,2.33162,NH3,41.45
102,0,3.3,255,91434,18660,91434,18660,11.42925,2.3325,NH3,41.47
103,0,3.3,255,91468,18667,91468,18667,11.43356,2.33338,NH3,41.49
104,0,3.3,255,91330,18638,91330,18638,11.41636,2.32987,NH3,41.41
105,0,3.3,255,91355,18644,91355,18644,11.41945,2.3305,NH3,41.42
106,0,3.3,255,91311,18635,91311,18635,11.41396,2.32938,NH3,41.4
107,0,3.3,255,91277,18628,91277,18628,11.40965,2.3285,NH3,41.38
108,0,3.3,255,91232,18618,91232,18618,11.40411,2.32737,NH3,41.35
109,0,3.3,255,91194,18611,91194,18611,11.39926,2.32638,NH3,41.33
110,0,3.3,255,91218,18616,91218,18616,11.4023,2.327,NH3,41.35
111,0,3.3,255,91149,18602,91149,18602,11.39373,2.32525,NH3,41.31
112,0,3.3,255,91100,18592,91100,18592,11.3876,2.324,NH3,41.28
113,0,3.3,255,91051,18582,91051,18582,11.38148,2.32275,NH3,41.25
114,0,3.3,255,91032,18578,91032,18578,11.37903,2.32225,NH3,41.24
115,0,3.3,255,91012,18574,91012,18574,11.37658,2.32175,NH3,41.23
116,0,3.3,255,91017,18574,91017,18574,11.37716,2.32187,NH3,41.23
117,0,3.3,255,90973,18566,90973,18566,11.37167,2.32075,NH3,41.21
118,0,3.3,255,90968,18565,90968,18565,11.37109,2.32063,NH3,41.21
119,0,3.3,255,90929,18556,90929,18556,11.36614,2.31962,NH3,41.18
120,0,3.3,255,90924,18556,90924,18556,11.36555,2.3195,NH3,41.18
121,0,3.3,255,90899,18550,90899,18550,11.36246,2.31887,NH3,41.17
122,0,3.3,255,90889,18548,90889,18548,11.36124,2.31862,NH3,41.16
123,0,3.3,255,90855,18542,90855,18542,11.35698,2.31775,NH3,41.14
124,0,3.3,255,90846,18540,90846,18540,11.35575,2.3175,NH3,41.14
125,0,0.0,0,106266,21687,106266,21687,13.28331,2.71088,NH3,49.76
126,0,0.0,0,104080,21240,104080,21240,13.01009,2.65512,NH3,48.53
127,0,0.0,0,101239,20661,101239,20661,12.65489,2.58263,NH3,46.95
128,0,0.0,0,98465,20094,98465,20094,12.30816,2.51187,NH3,45.4
129,0,0.0,0,95780,19547,95780,19547,11.97256,2.44338,NH3,43.9
130,0,0.0,0,93178,19016,93178,19016,11.6473,2.377,NH3,42.44
131,0,0.0,0,90664,18503,90664,18503,11.33311,2.31288,NH3,41.04
132,0,0.0,0,88205,18001,88205,18001,11.02564,2.25013,NH3,39.66
133,0,0.0,0,85891,17528,85891,17528,10.73649,2.19112,NH3,38.37
134,0,0.0,0,83613,17064,83613,17064,10.4517,2.133,NH3,37.1
135,0,0.0,0,81418,16616,81418,16616,10.1773,2.077,NH3,35.87
136,0,0.0,0,79335,16190,79335,16190,9.91696,2.02387,NH3,34.7
137,0,0.0,0,77292,15774,77292,15774,9.66158,1.97175,NH3,33.56
138,0,0.0,0,75347,15377,75347,15377,9.41844,1.92213,NH3,32.48
139,0,0.0,0,73465,14993,73465,14993,9.18324,1.87413,NH3,31.42
140,0,0.0,0,71652,14622,71652,14622,8.95656,1.82787,NH3,30.41
141,0,0.0,0,69942,14274,69942,14274,8.74282,1.78425,NH3,29.45
142,0,0.0,0,68286,13936,68286,13936,8.5358,1.742,NH3,28.53
143,0,0.0,0,66654,13602,66654,13602,8.33181,1.70037,NH3,27.62
144,0,0.0,0,65135,13292,65135,13292,8.14194,1.66162,NH3,26.77
145,0,0.0,0,63641,12988,63641,12988,7.95515,1.6235,NH3,25.93
146,0,0.0,0,62186,12691,62186,12691,7.77326,1.58638,NH3,25.12
147,0,0.0,0,60838,12416,60838,12416,7.6048,1.552,NH3,24.37
148,0,0.0,0,59529,12148,59529,12148,7.44124,1.51862,NH3,23.63
149,0,0.0,0,58231,11884,58231,11884,7.27895,1.4855,NH3,22.91
150,0,0.0,0,57030,11638,57030,11638,7.12886,1.45487,NH3,22.24
151,0,0.0,0,55830,11394,55830,11394,6.97883,1.42425,NH3,21.57
152,0,0.0,0,54713,11166,54713,11166,6.83918,1.39575,NH3,20.94
153,0,0.0,0,53625,10944,53625,10944,6.7032,1.368,NH3,20.33
154,0,0.0,0,52581,10730,52581,10730,6.57271,1.34137,NH3,19.75
155,0,0.0,0,51577,10526,51577,10526,6.44718,1.31575,NH3,19.19
156,0,0.0,0,50612,10329,50612,10329,6.32654,1.29113,NH3,18.65
157,0,0.0,0,49695,10142,49695,10142,6.21197,1.26775,NH3,18.14
158,0,0.0,0,48774,9954,48774,9954,6.09683,1.24425,NH3,17.62
159,0,0.0,0,47961,9788,47961,9788,5.99515,1.2235,NH3,17.17
160,0,0.0,0,47094,9611,47094,9611,5.88676,1.20138,NH3,16.68
161,0,0.0,0,46310,9451,46310,9451,5.78876,1.18138,NH3,16.25
162,0,0.0,0,45526,9291,45526,9291,5.69076,1.16138,NH3,15.81
163,0,0.0,0,44791,9141,44791,9141,5.59889,1.14263,NH3,15.4
164,0,0.0,0,44095,8999,44095,8999,5.51191,1.12488,NH3,15.01
165,0,0.0,0,43394,8856,43394,8856,5.4243,1.107,NH3,14.62
166,0,0.0,0,42728,8720,42728,8720,5.341,1.09,NH3,14.24
167,0,0.0,0,42076,8586,42076,8586,5.25951,1.07337,NH3,13.88
168,0,0.0,0,41488,8467,41488,8467,5.18606,1.05838,NH3,13.55
169,0,0.0,0,40861,8339,40861,8339,5.10766,1.04238,NH3,13.2
170,0,0.0,0,40312,8227,40312,8227,5.03906,1.02838,NH3,12.89
171,0,0.0,0,39748,8112,39748,8112,4.9686,1.014,NH3,12.58
172,0,0.0,0,39209,8002,39209,8002,4.90123,1.00025,NH3,12.28
173,0,0.0,0,38695,7897,38695,7897,4.83694,0.98713,NH3,11.99
174,0,0.0,0,38200,7796,38200,7796,4.77505,0.9745,NH3,11.71
175,0,0.0,0,37739,7702,37739,7702,4.71748,0.96275,NH3,11.46
176,0,0.0,0,37269,7606,37269,7606,4.65868,0.95075,NH3,11.19
177,0,0.0,0,36784,7507,36784,7507,4.59806,0.93838,NH3,10.92
178,0,0.0,0,36382,7424,36382,7424,4.54779,0.92812,NH3,10.7
179,0,0.0,0,35956,7338,35956,7338,4.49453,0.91725,NH3,10.46
180,0,0.0,0,35569,7259,35569,7259,4.44616,0.90738,NH3,10.24
181,0,0.0,0,35157,7174,35157,7174,4.39466,0.89687,NH3,10.01
182,0,0.0,0,34760,7094,34760,7094,4.34508,0.88675,NH3,9.79
183,0,0.0,0,34407,7022,34407,7022,4.30098,0.87775,NH3,9.59
184,0,0.0,0,34084,6956,34084,6956,4.26055,0.8695,NH3,9.41
185,0,0.0,0,33736,6884,33736,6884,4.21704,0.86062,NH3,9.22
186,0,0.0,0,33368,6810,33368,6810,4.17112,0.85125,NH3,9.01
187,0,0.0,0,33060,6746,33060,6746,4.13251,0.84337,NH3,8.84
188,0,0.0,0,32751,6684,32751,6684,4.09395,0.8355,NH3,8.67
189,0,0.0,0,32467,6626,32467,6626,4.05843,0.82825,NH3,8.51
190,0,0.0,0,32134,6558,32134,6558,4.01677,0.81975,NH3,8.32
191,0,0.0,0,31869,6504,31869,6504,3.9837,0.813,NH3,8.17
192,0,0.0,0,31605,6450,31605,6450,3.95063,0.80625,NH3,8.03
193,0,0.0,0,31330,6394,31330,6394,3.91633,0.79925,NH3,7.87
194,0,0.0,0,31066,6340,31066,6340,3.88325,0.7925,NH3,7.73
195,0,0.0,0,30791,6284,30791,6284,3.84895,0.7855,NH3,7.57
196,0,0.0,0,30556,6236,30556,6236,3.81955,0.7795,NH3,7.44
197,0,0.0,0,30321,6188,30321,6188,3.79015,0.7735,NH3,7.31
198,0,0.0,0,30095,6142,30095,6142,3.76198,0.76775,NH3,7.18
199,0,0.0,0,29890,6100,29890,6100,3.73625,0.7625,NH3,7.07
200,0,0.0,0,29654,6052,29654,6052,3.70685,0.7565,NH3,6.94
201,0,0.0,0,29498,6020,29498,6020,3.68725,0.7525,NH3,6.85
202,0,0.0,0,29258,5971,29258,5971,3.65726,0.74638,NH3,6.72
203,0,0.0,0,29066,5932,29066,5932,3.63335,0.7415,NH3,6.61
204,0,0.0,0,28861,5890,28861,5890,3.60763,0.73625,NH3,6.49
205,0,0.0,0,28679,5852,28679,5852,3.58494,0.73162,NH3,6.39
206,0,0.0,0,28518,5820,28518,5820,3.56475,0.7275,NH3,6.3
207,0,0.0,0,28322,5780,28322,5780,3.54025,0.7225,NH3,6.19
208,0,0.0,0,28155,5746,28155,5746,3.51943,0.71825,NH3,6.1
209,0,0.0,0,28037,5722,28037,5722,3.50473,0.71525,NH3,6.03
210,0,0.0,0,27881,5690,27881,5690,3.48513,0.71125,NH3,5.95
211,0,0.0,0,27685,5650,27685,5650,3.46063,0.70625,NH3,5.84
212,0,0.0,0,27611,5634,27611,5634,3.45141,0.70437,NH3,5.79
213,0,0.0,0,27410,5594,27410,5594,3.42633,0.69925,NH3,5.68
214,0,0.0,0,27302,5572,27302,5572,3.41285,0.6965,NH3,5.62
215,0,0.0,0,27204,5552,27204,5552,3.4006,0.694,NH3,5.57
216,0,0.0,0,26974,5504,26974,5504,3.37179,0.68812,NH3,5.44
217,0,0.0,0,26906,5491,26906,5491,3.36326,0.68638,NH3,5.4
218,0,0.0,0,26783,5466,26783,5466,3.34793,0.68325,NH3,5.33
219,0,0.0,0,26641,5437,26641,5437,3.33019,0.67963,NH3,5.25
220,0,0.0,0,26518,5412,26518,5412,3.31485,0.6765,NH3,5.18
221,0,0.0,0,26401,5388,26401,5388,3.30015,0.6735,NH3,5.12
222,0,0.0,0,26332,5374,26332,5374,3.29157,0.67175,NH3,5.08
223,0,0.0,0,26210,5349,26210,5349,3.27629,0.66863,NH3,5.01
224,0,0.0,0,26038,5314,26038,5314,3.25483,0.66425,NH3,4.92
225,0,0.0,0,25970,5300,25970,5300,3.24625,0.6625,NH3,4.88
226,0,0.0,0,25852,5276,25852,5276,3.23155,0.6595,NH3,4.81
227,0,0.0,0,25749,5254,25749,5254,3.21866,0.65687,NH3,4.75
228,0,0.0,0,25646,5234,25646,5234,3.20583,0.65425,NH3,4.7
229,0,0.0,0,25528,5210,25528,5210,3.19112,0.65125,NH3,4.63
230,0,0.0,0,25509,5206,25509,5206,3.18868,0.65075,NH3,4.62
231,0,0.0,0,25367,5177,25367,5177,3.17094,0.64713,NH3,4.54
232,0,0.0,0,25278,5158,25278,5158,3.15986,0.64487,NH3,4.49
233,0,0.0,0,25191,5141,25191,5141,3.14889,0.64263,NH3,4.44
234,0,0.0,0,25137,5130,25137,5130,3.14213,0.64125,NH3,4.41
235,0,0.0,0,25068,5116,25068,5116,3.13355,0.6395,NH3,4.37
236,0,0.0,0,24980,5098,24980,5098,3.12252,0.63725,NH3,4.32
237,0,0.0,0,24911,5084,24911,5084,3.11395,0.6355,NH3,4.29
238,0,0.0,0,24847,5070,24847,5070,3.10596,0.63387,NH3,4.25
239,0,0.0,0,24769,5054,24769,5054,3.09616,0.63187,NH3,4.21
240,0,0.0,0,24681,5036,24681,5036,3.08514,0.62962,NH3,4.16
241,0,0.0,0,24612,5022,24612,5022,3.07656,0.62787,NH3,4.12
242,0,0.0,0,24558,5012,24558,5012,3.06985,0.6265,NH3,4.09
243,0,0.0,0,24514,5003,24514,5003,3.06436,0.62538,NH3,4.06
244,0,0.0,0,24436,4987,24436,4987,3.05456,0.62338,NH3,4.02
245,0,0.0,0,24387,4977,24387,4977,3.04844,0.62213,NH3,3.99
246,0,0.0,0,24358,4971,24358,4971,3.04476,0.62138,NH3,3.98
247,0,0.0,0,24309,4961,24309,4961,3.03864,0.62013,NH3,3.95
248,0,0.0,0,24230,4945,24230,4945,3.02884,0.61813,NH3,3.91
249,0,0.0,0,24196,4938,24196,4938,3.02453,0.61725,NH3,3.89
0,0,3.3,255,20790,4243,20790,4243,2.59886,0.53038,NH3,1.98
1,0,3.3,255,22246,4540,22246,4540,2.78075,0.5675,NH3,2.8
2,0,3.3,255,24460,4992,24460,4992,3.0576,0.624,NH3,4.03
3,0,3.3,255,26675,5444,26675,5444,3.33445,0.6805,NH3,5.27
4,0,3.3,255,29017,5922,29017,5922,3.62723,0.74025,NH3,6.58
5,0,3.3,255,31306,6389,31306,6389,3.91329,0.79863,NH3,7.86
6,0,3.3,255,33633,6864,33633,6864,4.2042,0.858,NH3,9.16
7,0,3.3,255,35922,7331,35922,7331,4.49026,0.91638,NH3,10.44
8,0,3.3,255,38156,7786,38156,7786,4.76951,0.97337,NH3,11.69
9,0,3.3,255,40434,8252,40434,8252,5.05435,1.0315,NH3,12.96
10,0,3.3,255,42551,8684,42551,8684,5.31895,1.0855,NH3,14.15
11,0,3.3,255,44756,9134,44756,9134,5.59458,1.14175,NH3,15.38
12,0,3.3,255,46809,9553,46809,9553,5.85124,1.19413,NH3,16.53
13,0,3.3,255,48858,9971,48858,9971,6.10726,1.24638,NH3,17.67
14,0,3.3,255,50867,10381,50867,10381,6.35839,1.29763,NH3,18.79
15,0,3.3,255,52797,10775,52797,10775,6.59971,1.34688,NH3,19.87
16,0,3.3,255,54669,11157,54669,11157,6.83369,1.39463,NH3,20.92
17,0,3.3,255,56462,11522,56462,11522,7.05781,1.44037,NH3,21.92
18,0,3.3,255,58163,11870,58163,11870,7.27038,1.48375,NH3,22.87
19,0,3.3,255,59848,12214,59848,12214,7.48108,1.52675,NH3,23.81
20,0,3.3,255,61465,12544,61465,12544,7.6832,1.568,NH3,24.72
21,0,3.3,255,63092,12876,63092,12876,7.88655,1.6095,NH3,25.63
22,0,3.3,255,64513,13166,64513,13166,8.06418,1.64575,NH3,26.42
23,0,3.3,255,65939,13457,65939,13457,8.24244,1.68213,NH3,27.22
24,0,3.3,255,67306,13736,67306,13736,8.4133,1.717,NH3,27.98
25,0,3.3,255,68658,14012,68658,14012,8.58235,1.7515,NH3,28.74
26,0,3.3,255,69913,14268,69913,14268,8.73915,1.7835,NH3,29.44
27,0,3.3,255,71108,14512,71108,14512,8.8886,1.814,NH3,30.11
28,0,3.3,255,72289,14753,72289,14753,9.03624,1.84413,NH3,30.77
29,0,3.3,255,73367,14973,73367,14973,9.17099,1.87163,NH3,31.37
30,0,3.3,255,74406,15185,74406,15185,9.30084,1.89813,NH3,31.95
31,0,3.3,255,75391,15386,75391,15386,9.42393,1.92325,NH3,32.5
32,0,3.3,255,76327,15576,76327,15576,9.54089,1.94712,NH3,33.02
33,0,3.3,255,77214,15758,77214,15758,9.65178,1.96975,NH3,33.52
34,0,3.3,255,78096,15938,78096,15938,9.76203,1.99225,NH3,34.01
35,0,3.3,255,78919,16106,78919,16106,9.86493,2.01325,NH3,34.47
36,0,3.3,255,79693,16264,79693,16264,9.9617,2.033,NH3,34.9
37,0,3.3,255,80409,16410,80409,16410,10.05113,2.05125,NH3,35.3
38,0,3.3,255,81119,16554,81119,16554,10.13991,2.06937,NH3,35.7
39,0,3.3,255,81805,16695,81805,16695,10.22571,2.08688,NH3,36.08
40,0,3.3,255,82432,16823,82432,16823,10.30411,2.10288,NH3,36.44
41,0,3.3,255,83010,16940,83010,16940,10.37634,2.11762,NH3,36.76
42,0,3.3,255,83589,17059,83589,17059,10.44866,2.13238,NH3,37.08
43,0,3.3,255,84113,17166,84113,17166,10.51418,2.14575,NH3,37.37
44,0,3.3,255,84647,17274,84647,17274,10.58091,2.15937,NH3,37.67
45,0,3.3,255,85132,17374,85132,17374,10.64157,2.17175,NH3,37.94
46,0,3.3,255,85578,17464,85578,17464,10.69729,2.18312,NH3,38.19
47,0,3.3,255,85995,17550,85995,17550,10.74938,2.19375,NH3,38.43
48,0,3.3,255,86382,17629,86382,17629,10.79779,2.20363,NH3,38.64
49,0,3.3,255,86788,17712,86788,17712,10.8486,2.214,NH3,38.87
50,0,3.3,255,87112,17778,87112,17778,10.88903,2.22225,NH3,39.05
51,0,3.3,255,87440,17844,87440,17844,10.93004,2.23062,NH3,39.23
52,0,3.3,255,87753,17908,87753,17908,10.96924,2.23862,NH3,39.41
53,0,3.3,255,88062,17972,88062,17972,11.00785,2.2465,NH3,39.58
54,0,3.3,255,88366,18034,88366,18034,11.04583,2.25425,NH3,39.75
55,0,3.3,255,88631,18088,88631,18088,11.0789,2.261,NH3,39.9
56,0,3.3,255,88856,18134,88856,18134,11.10708,2.26675,NH3,40.03
57,0,3.3,255,89106,18184,89106,18184,11.13829,2.27312,NH3,40.17
58,0,3.3,255,89336,18232,89336,18232,11.1671,2.279,NH3,40.29
59,0,3.3,255,89660,18298,89660,18298,11.20753,2.28725,NH3,40.47
60,0,3.3,255,89704,18306,89704,18306,11.21301,2.28837,NH3,40.5
61,0,3.3,255,89915,18350,89915,18350,11.23938,2.29375,NH3,40.62
62,0,3.3,255,90091,18386,90091,18386,11.26143,2.29825,NH3,40.72
63,0,3.3,255,90238,18416,90238,18416,11.2798,2.302,NH3,40.8
64,0,3.3,255,90351,18439,90351,18439,11.29391,2.30488,NH3,40.86
65,0,3.3,255,90365,18442,90365,18442,11.29573,2.30525,NH3,40.87
66,0,3.3,255,90390,18446,90390,18446,11.29876,2.30587,NH3,40.88
67,0,3.3,255,90473,18464,90473,18464,11.3092,2.308,NH3,40.93
68,0,3.3,255,90605,18490,90605,18490,11.32571,2.31137,NH3,41.0
69,0,3.3,255,90664,18503,90664,18503,11.33311,2.31288,NH3,41.04
70,0,3.3,255,90772,18524,90772,18524,11.34654,2.31562,NH3,41.1
71,0,3.3,255,90811,18533,90811,18533,11.35149,2.31663,NH3,41.12
72,0,3.3,255,90875,18546,90875,18546,11.35942,2.31825,NH3,41.15
73,0,3.3,255,90953,18562,90953,18562,11.36923,2.32025,NH3,41.2
74,0,3.3,255,90993,18570,90993,18570,11.37413,2.32125,NH3,41.22
75,0,3.3,255,91042,18580,91042,18580,11.38025,2.3225,NH3,41.25
76,0,3.3,255,91100,18592,91100,18592,11.3876,2.324,NH3,41.28
77,0,3.3,255,91140,18600,91140,18600,11.3925,2.325,NH3,41.3
78,0,3.3,255,91189,18610,91189,18610,11.39863,2.32625,NH3,41.33
79,0,3.3,255,91228,18618,91228,18618,11.40353,2.32725,NH3,41.35
80,0,3.3,255,91257,18624,91257,18624,11.4072,2.328,NH3,41.37
81,0,3.3,255,91277,18628,91277,18628,11.40965,2.3285,NH3,41.38
82,0,3.3,255,91321,18637,91321,18637,11.41519,2.32963,NH3,41.4
83,0,3.3,255,91360,18644,91360,18644,11.42004,2.33062,NH3,41.43
84,0,3.3,255,91370,18646,91370,18646,11.42126,2.33087,NH3,41.43
85,0,3.3,255,91389,18650,91389,18650,11.42371,2.33137,NH3,41.44
86,0,3.3,255,91394,18652,91394,18652,11.42435,2.3315,NH3,41.44
87,0,3.3,255,91404,18654,91404,18654,11.42558,2.33175,NH3,41.45
88,0,3.3,255,91419,18657,91419,18657,11.42744,2.33213,NH3,41.46
89,0,3.3,255,91419,18657,91419,18657,11.42744,2.33213,NH3,41.46
90,0,3.3,255,91478,18669,91478,18669,11.43479,2.33363,NH3,41.49
91,0,3.3,255,91448,18663,91448,18663,11.43111,2.33288,NH3,41.47
92,0,3.3,255,91448,18663,91448,18663,11.43111,2.33288,NH3,41.47
93,0,3.3,255,91428,18658,91428,18658,11.42861,2.33237,NH3,41.46
94,0,3.3,255,91434,18660,91434,18660,11.42925,2.3325,NH3,41.47
95,0,3.3,255,91443,18662,91443,18662,11.43047,2.33275,NH3,41.47
96,0,3.3,255,91399,18652,91399,18652,11.42494,2.33162,NH3,41.45
97,0,3.3,255,91389,18650,91389,18650,11.42371,2.33137,NH3,41.44
98,0,3.3,255,91409,18655,91409,18655,11.42621,2.33188,NH3,41.45
99,0,3.3,255,91385,18650,91385,18650,11.42313,2.33125,NH3,41.44
100,0,3.3,255,91399,18652,91399,18652,11.42494,2.33162,NH3,41.45
101,0,3.3,255,91399,18652,91399,18652,11.42494,2.33162,NH3,41.45
102,0,3.3,255,91399,18652,91399,18652,11.42494,2.33162,NH3,41.45
103,0,3.3,255,91375,18648,91375,18648,11.4219,2.331,NH3,41.43
104,0,3.3,255,91380,18649,91380,18649,11.42254,2.33113,NH3,41.44
105,0,3.3,255,91350,18643,91350,18643,11.41886,2.33038,NH3,41.42
106,0,3.3,255,91340,18640,91340,18640,11.41759,2.33012,NH3,41.41
107,0,3.3,255,91316,18636,91316,18636,11.41455,2.3295,NH3,41.4
108,0,3.3,255,91301,18632,91301,18632,11.41269,2.32912,NH3,41.39
109,0,3.3,255,91287,18630,91287,18630,11.41088,2.32875,NH3,41.38
110,0,3.3,255,91277,18628,91277,18628,11.40965,2.3285,NH3,41.38
111,0,3.3,255,91277,18628,91277,18628,11.40965,2.3285,NH3,41.38
112,0,3.3,255,91340,18640,91340,18640,11.41759,2.33012,NH3,41.41
113,0,3.3,255,91296,18632,91296,18632,11.4121,2.329,NH3,41.39
114,0,3.3,255,91282,18629,91282,18629,11.41029,2.32863,NH3,41.38
115,0,3.3,255,91247,18622,91247,18622,11.40598,2.32775,NH3,41.36
116,0,3.3,255,91228,18618,91228,18618,11.40353,2.32725,NH3,41.35
117,0,3.3,255,91321,18637,91321,18637,11.41519,2.32963,NH3,41.4
118,0,3.3,255,91306,18634,91306,18634,11.41333,2.32925,NH3,41.4
119,0,3.3,255,91238,18620,91238,18620,11.40475,2.3275,NH3,41.36
120,0,3.3,255,91125,18597,91125,18597,11.39069,2.32463,NH3,41.29
121,0,3.3,255,91232,18618,91232,18618,11.40411,2.32737,NH3,41.35
122,0,3.3,255,91208,18614,91208,18614,11.40108,2.32675,NH3,41.34
123,0,3.3,255,91213,18614,91213,18614,11.40166,2.32687,NH3,41.34
124,0,3.3,255,91189,18610,91189,18610,11.39863,2.32625,NH3,41.33
125,0,0.0,0,106648,21765,106648,21765,13.33109,2.72063,NH3,49.97
126,0,0.0,0,104340,21294,104340,21294,13.04258,2.66175,NH3,48.68
127,0,0.0,0,101513,20716,101513,20716,12.68914,2.58962,NH3,47.1
128,0,0.0,0,98744,20152,98744,20152,12.3431,2.519,NH3,45.55
129,0,0.0,0,96084,19609,96084,19609,12.01054,2.45113,NH3,44.07
130,0,0.0,0,93496,19080,93496,19080,11.68709,2.38512,NH3,42.62
131,0,0.0,0,91017,18574,91017,18574,11.37716,2.32187,NH3,41.23
132,0,0.0,0,88592,18080,88592,18080,11.074,2.26,NH3,39.88
133,0,0.0,0,86240,17600,86240,17600,10.78,2.2,NH3,38.56
134,0,0.0,0,83971,17137,83971,17137,10.49644,2.14213,NH3,37.3
135,0,0.0,0,81785,16690,81785,16690,10.22321,2.08637,NH3,36.07
136,0,0.0,0,79649,16254,79649,16254,9.95616,2.03187,NH3,34.88
137,0,0.0,0,77645,15846,77645,15846,9.70568,1.98075,NH3,33.76
138,0,0.0,0,75699,15448,75699,15448,9.46249,1.93112,NH3,32.67
139,0,0.0,0,73818,15064,73818,15064,9.22729,1.88312,NH3,31.62
140,0,0.0,0,72010,14696,72010,14696,9.0013,1.837,NH3,30.61
141,0,0.0,0,70290,14345,70290,14345,8.78634,1.79313,NH3,29.65
142,0,0.0,0,68619,14004,68619,14004,8.57745,1.7505,NH3,28.71
143,0,0.0,0,67007,13675,67007,13675,8.37596,1.70938,NH3,27.81
144,0,0.0,0,65483,13364,65483,13364,8.18545,1.6705,NH3,26.96
145,0,0.0,0,63925,13046,63925,13046,7.99068,1.63075,NH3,26.09
146,0,0.0,0,62514,12758,62514,12758,7.81428,1.59475,NH3,25.3
147,0,0.0,0,61146,12478,61146,12478,7.64336,1.55987,NH3,24.54
148,0,0.0,0,59927,12230,59927,12230,7.49088,1.52875,NH3,23.86
149,0,0.0,0,58554,11950,58554,11950,7.31937,1.49375,NH3,23.09
150,0,0.0,0,57330,11700,57330,11700,7.16625,1.4625,NH3,22.41
151,0,0.0,0,56183,11466,56183,11466,7.02292,1.43325,NH3,21.76
152,0,0.0,0,55021,11228,55021,11228,6.87774,1.40362,NH3,21.12
153,0,0.0,0,53929,11006,53929,11006,6.74118,1.37575,NH3,20.5
154,0,0.0,0,52885,10792,52885,10792,6.61069,1.34912,NH3,19.92
155,0,0.0,0,51891,10590,51891,10590,6.48638,1.32375,NH3,19.37
156,0,0.0,0,50964,10400,50964,10400,6.37059,1.30012,NH3,18.85
157,0,0.0,0,50029,10210,50029,10210,6.25363,1.27625,NH3,18.32
158,0,0.0,0,49137,10028,49137,10028,6.14215,1.2535,NH3,17.83
159,0,0.0,0,48260,9849,48260,9849,6.03254,1.23113,NH3,17.34
160,0,0.0,0,47456,9685,47456,9685,5.93209,1.21063,NH3,16.89
161,0,0.0,0,46638,9518,46638,9518,5.82978,1.18975,NH3,16.43
162,0,0.0,0,45878,9362,45878,9362,5.73481,1.17037,NH3,16.0
163,0,0.0,0,45187,9222,45187,9222,5.64848,1.15275,NH3,15.62
164,0,0.0,0,44433,9068,44433,9068,5.55415,1.1335,NH3,15.2
165,0,0.0,0,43791,8936,43791,8936,5.47389,1.11712,NH3,14.84
166,0,0.0,0,43085,8792,43085,8792,5.38569,1.09912,NH3,14.44
167,0,0.0,0,42468,8666,42468,8666,5.30851,1.08337,NH3,14.1
168,0,0.0,0,41870,8544,41870,8544,5.23379,1.06812,NH3,13.76
169,0,0.0,0,41356,8440,41356,8440,5.1695,1.055,NH3,13.48
170,0,0.0,0,40709,8308,40709,8308,5.08865,1.0385,NH3,13.12
171,0,0.0,0,40091,8182,40091,8182,5.01148,1.02275,NH3,12.77
172,0,0.0,0,39557,8073,39557,8073,4.94474,1.00913,NH3,12.47
173,0,0.0,0,39058,7971,39058,7971,4.88226,0.99638,NH3,12.19
174,0,0.0,0,38563,7870,38563,7870,4.82038,0.98375,NH3,11.92
175,0,0.0,0,38073,7770,38073,7770,4.75913,0.97125,NH3,11.64
176,0,0.0,0,37622,7678,37622,7678,4.70277,0.95975,NH3,11.39
177,0,0.0,0,37156,7583,37156,7583,4.64461,0.94788,NH3,11.13
178,0,0.0,0,36745,7499,36745,7499,4.59316,0.93738,NH3,10.9
179,0,0.0,0,36260,7400,36260,7400,4.5325,0.925,NH3,10.63
180,0,0.0,0,35862,7318,35862,7318,4.48286,0.91487,NH3,10.41
181,0,0.0,0,35490,7243,35490,7243,4.43636,0.90538,NH3,10.2
182,0,0.0,0,35113,7166,35113,7166,4.38918,0.89575,NH3,9.99
183,0,0.0,0,34740,7090,34740,7090,4.34262,0.88625,NH3,9.78
184,0,0.0,0,34373,7015,34373,7015,4.29671,0.87688,NH3,9.57
185,0,0.0,0,34064,6952,34064,6952,4.2581,0.869,NH3,9.4
186,0,0.0,0,33721,6882,33721,6882,4.21523,0.86025,NH3,9.21
187,0,0.0,0,33378,6812,33378,6812,4.17235,0.8515,NH3,9.02
188,0,0.0,0,33109,6757,33109,6757,4.13869,0.84463,NH3,8.87
189,0,0.0,0,32766,6687,32766,6687,4.09581,0.83588,NH3,8.68
190,0,0.0,0,32511,6634,32511,6634,4.06391,0.82937,NH3,8.53
191,0,0.0,0,32193,6570,32193,6570,4.02413,0.82125,NH3,8.36
192,0,0.0,0,31938,6518,31938,6518,3.99228,0.81475,NH3,8.21
193,0,0.0,0,31654,6460,31654,6460,3.95675,0.8075,NH3,8.05
194,0,0.0,0,31394,6407,31394,6407,3.92431,0.80088,NH3,7.91
195,0,0.0,0,31154,6358,31154,6358,3.89427,0.79475,NH3,7.78
196,0,0.0,0,30899,6306,30899,6306,3.86243,0.78825,NH3,7.63
197,0,0.0,0,30688,6262,30688,6262,3.83606,0.78287,NH3,7.51
198,0,0.0,0,30463,6217,30463,6217,3.80794,0.77713,NH3,7.39
199,0,0.0,0,30247,6173,30247,6173,3.78099,0.77163,NH3,7.27
200,0,0.0,0,30017,6126,30017,6126,3.75218,0.76575,NH3,7.14
201,0,0.0,0,29821,6086,29821,6086,3.72768,0.76075,NH3,7.03
202,0,0.0,0,29625,6046,29625,6046,3.70318,0.75575,NH3,6.92
203,0,0.0,0,29439,6008,29439,6008,3.6799,0.751,NH3,6.82
204,0,0.0,0,29248,5969,29248,5969,3.65604,0.74613,NH3,6.71
205,0,0.0,0,29062,5931,29062,5931,3.63276,0.74138,NH3,6.61
206,0,0.0,0,28890,5896,28890,5896,3.6113,0.737,NH3,6.51
207,0,0.0,0,28723,5862,28723,5862,3.59048,0.73275,NH3,6.42
208,0,0.0,0,28547,5826,28547,5826,3.56842,0.72825,NH3,6.32
209,0,0.0,0,28400,5796,28400,5796,3.55005,0.7245,NH3,6.24
210,0,0.0,0,28224,5760,28224,5760,3.528,0.72,NH3,6.14
211,0,0.0,0,28077,5730,28077,5730,3.50963,0.71625,NH3,6.06
212,0,0.0,0,27944,5703,27944,5703,3.49311,0.71288,NH3,5.98
213,0,0.0,0,27788,5671,27788,5671,3.47351,0.70888,NH3,5.89
214,0,0.0,0,27626,5638,27626,5638,3.45328,0.70475,NH3,5.8
215,0,0.0,0,27508,5614,27508,5614,3.43858,0.70175,NH3,5.74
216,0,0.0,0,27405,5592,27405,5592,3.42569,0.69912,NH3,5.68
217,0,0.0,0,27248,5560,27248,5560,3.40609,0.69512,NH3,5.59
218,0,0.0,0,27121,5535,27121,5535,3.39021,0.69188,NH3,5.52
219,0,0.0,0,27018,5514,27018,5514,3.37733,0.68925,NH3,5.46
220,0,0.0,0,26881,5486,26881,5486,3.36017,0.68575,NH3,5.39
221,0,0.0,0,26754,5460,26754,5460,3.34425,0.6825,NH3,5.32
222,0,0.0,0,26660,5440,26660,5440,3.33259,0.68012,NH3,5.26
223,0,0.0,0,26543,5416,26543,5416,3.31789,0.67712,NH3,5.2
224,0,0.0,0,26445,5397,26445,5397,3.30569,0.67463,NH3,5.14
225,0,0.0,0,26332,5374,26332,5374,3.29157,0.67175,NH3,5.08
226,0,0.0,0,26249,5357,26249,5357,3.28119,0.66963,NH3,5.03
227,0,0.0,0,26171,5341,26171,5341,3.27139,0.66763,NH3,4.99
228,0,0.0,0,26082,5323,26082,5323,3.26036,0.66538,NH3,4.94
229,0,0.0,0,25984,5302,25984,5302,3.24806,0.66287,NH3,4.89
230,0,0.0,0,25921,5290,25921,5290,3.24013,0.66125,NH3,4.85
231,0,0.0,0,25823,5270,25823,5270,3.22788,0.65875,NH3,4.8
232,0,0.0,0,25734,5252,25734,5252,3.21685,0.6565,NH3,4.75
233,0,0.0,0,25685,5242,25685,5242,3.21073,0.65525,NH3,4.72
234,0,0.0,0,25636,5232,25636,5232,3.2046,0.654,NH3,4.69
235,0,0.0,0,25553,5214,25553,5214,3.19416,0.65187,NH3,4.64
236,0,0.0,0,25480,5200,25480,5200,3.185,0.65,NH3,4.6
237,0,0.0,0,25474,5198,25474,5198,3.18436,0.64987,NH3,4.6
238,0,0.0,0,25352,5174,25352,5174,3.16908,0.64675,NH3,4.53
239,0,0.0,0,25293,5162,25293,5162,3.16173,0.64525,NH3,4.5
240,0,0.0,0,25244,5152,25244,5152,3.1556,0.644,NH3,4.47
241,0,0.0,0,25176,5138,25176,5138,3.14703,0.64225,NH3,4.43
242,0,0.0,0,25112,5124,25112,5124,3.13904,0.64062,NH3,4.4
243,0,0.0,0,25039,5110,25039,5110,3.12988,0.63875,NH3,4.36
244,0,0.0,0,24985,5099,24985,5099,3.12316,0.63738,NH3,4.33
245,0,0.0,0,24950,5092,24950,5092,3.11885,0.6365,NH3,4.31
246,0,0.0,0,24916,5084,24916,5084,3.11454,0.63562,NH3,4.29
247,0,0.0,0,24843,5070,24843,5070,3.10538,0.63375,NH3,4.25
248,0,0.0,0,24808,5062,24808,5062,3.10106,0.63287,NH3,4.23
249,0,0.0,0,24764,5054,24764,5054,3.09558,0.63175,NH3,4.2
0,0,3.3,255,21285,4344,21285,4344,2.6607,0.543,NH3,2.26
1,0,3.3,255,22731,4639,22731,4639,2.84141,0.57988,NH3,3.07
2,0,3.3,255,24975,5097,24975,5097,3.12194,0.63713,NH3,4.32
3,0,3.3,255,27312,5574,27312,5574,3.41407,0.69675,NH3,5.63
4,0,3.3,255,29674,6056,29674,6056,3.7093,0.757,NH3,6.95
5,0,3.3,255,32021,6535,32021,6535,4.00271,0.81688,NH3,8.26
6,0,3.3,255,34358,7012,34358,7012,4.29485,0.8765,NH3,9.57
7,0,3.3,255,36671,7484,36671,7484,4.58395,0.9355,NH3,10.86
8,0,3.3,255,38984,7956,38984,7956,4.87305,0.9945,NH3,12.15
9,0,3.3,255,41253,8419,41253,8419,5.15666,1.05238,NH3,13.42
10,0,3.3,255,43482,8874,43482,8874,5.43533,1.10925,NH3,14.67
11,0,3.3,255,45663,9319,45663,9319,5.70791,1.16488,NH3,15.88
12,0,3.3,255,47784,9752,47784,9752,5.9731,1.219,NH3,17.07
13,0,3.3,255,49847,10173,49847,10173,6.23099,1.27163,NH3,18.22
14,0,3.3,255,51851,10582,51851,10582,6.48148,1.32275,NH3,19.34
15,0,3.3,255,53802,10980,53802,10980,6.72525,1.3725,NH3,20.43
16,0,3.3,255,55688,11365,55688,11365,6.96109,1.42063,NH3,21.49
17,0,3.3,255,57506,11736,57506,11736,7.1883,1.467,NH3,22.5
18,0,3.3,255,59255,12092,59255,12092,7.40694,1.51162,NH3,23.48
19,0,3.3,255,60990,12446,60990,12446,7.62376,1.55587,NH3,24.45
20,0,3.3,255,62568,12769,62568,12769,7.82104,1.59613,NH3,25.33
21,0,3.3,255,64092,13080,64092,13080,8.0115,1.635,NH3,26.18
22,0,3.3,255,65620,13392,65620,13392,8.2026,1.674,NH3,27.04
23,0,3.3,255,67046,13682,67046,13682,8.38081,1.71037,NH3,27.84
24,0,3.3,255,68394,13958,68394,13958,8.54928,1.74475,NH3,28.59
25,0,3.3,255,69697,14224,69697,14224,8.7122,1.778,NH3,29.32
26,0,3.3,255,70917,14473,70917,14473,8.86474,1.80913,NH3,30.0
27,0,3.3,255,72137,14722,72137,14722,9.01722,1.84025,NH3,30.68
28,0,3.3,255,73230,14945,73230,14945,9.15384,1.86813,NH3,31.29
29,0,3.3,255,74323,15168,74323,15168,9.2904,1.896,NH3,31.9
30,0,3.3,255,75327,15372,75327,15372,9.41594,1.92162,NH3,32.46
31,0,3.3,255,76273,15566,76273,15566,9.53418,1.94575,NH3,32.99
32,0,3.3,255,77170,15749,77170,15749,9.64629,1.96863,NH3,33.49
33,0,3.3,255,78032,15925,78032,15925,9.75409,1.99063,NH3,33.98
34,0,3.3,255,78880,16097,78880,16097,9.86003,2.01225,NH3,34.45
35,0,3.3,255,79669,16259,79669,16259,9.95866,2.03238,NH3,34.89
36,0,3.3,255,80418,16412,80418,16412,10.05235,2.0515,NH3,35.31
37,0,3.3,255,81085,16548,81085,16548,10.13565,2.0685,NH3,35.68
38,0,3.3,255,81726,16678,81726,16678,10.21586,2.08487,NH3,36.04
39,0,3.3,255,82378,16812,82378,16812,10.29735,2.1015,NH3,36.41
40,0,3.3,255,82976,16934,82976,16934,10.37208,2.11675,NH3,36.74
41,0,3.3,255,83520,17045,83520,17045,10.44009,2.13063,NH3,37.04
42,0,3.3,255,84093,17162,84093,17162,10.51173,2.14525,NH3,37.36
43,0,3.3,255,84598,17265,84598,17265,10.57484,2.15813,NH3,37.65
44,0,3.3,255,85064,17360,85064,17360,10.633,2.17,NH3,37.91
45,0,3.3,255,85460,17440,85460,17440,10.68259,2.18012,NH3,38.13
46,0,3.3,255,85887,17528,85887,17528,10.7359,2.191,NH3,38.37
47,0,3.3,255,86303,17612,86303,17612,10.78794,2.20162,NH3,38.6
48,0,3.3,255,86690,17692,86690,17692,10.83635,2.2115,NH3,38.82
49,0,3.3,255,87014,17758,87014,17758,10.87678,2.21975,NH3,39.0
50,0,3.3,255,87352,17827,87352,17827,10.91906,2.22838,NH3,39.19
51,0,3.3,255,87675,17893,87675,17893,10.95949,2.23663,NH3,39.37
52,0,3.3,255,87930,17945,87930,17945,10.99134,2.24313,NH3,39.51
53,0,3.3,255,88219,18004,88219,18004,11.02745,2.2505,NH3,39.67
54,0,3.3,255,88469,18054,88469,18054,11.05866,2.25687,NH3,39.81
55,0,3.3,255,88694,18100,88694,18100,11.08684,2.26262,NH3,39.94
56,0,3.3,255,88949,18152,88949,18152,11.11869,2.26912,NH3,40.08
57,0,3.3,255,89165,18196,89165,18196,11.14564,2.27462,NH3,40.2
58,0,3.3,255,89376,18240,89376,18240,11.172,2.28,NH3,40.32
59,0,3.3,255,89537,18272,89537,18272,11.19219,2.28412,NH3,40.41
60,0,3.3,255,89718,18310,89718,18310,11.21487,2.28875,NH3,40.51
61,0,3.3,255,89856,18338,89856,18338,11.23203,2.29225,NH3,40.58
62,0,3.3,255,90007,18368,90007,18368,11.25099,2.29612,NH3,40.67
63,0,3.3,255,90155,18399,90155,18399,11.26941,2.29988,NH3,40.75
64,0,3.3,255,90277,18424,90277,18424,11.2847,2.303,NH3,40.82
65,0,3.3,255,90370,18443,90370,18443,11.29636,2.30538,NH3,40.87
66,0,3.3,255,90512,18472,90512,18472,11.3141,2.309,NH3,40.95
67,0,3.3,255,90596,18489,90596,18489,11.32454,2.31113,NH3,41.0
68,0,3.3,255,90689,18508,90689,18508,11.33615,2.3135,NH3,41.05
69,0,3.3,255,90806,18532,90806,18532,11.35085,2.3165,NH3,41.12
70,0,3.3,255,90880,18547,90880,18547,11.36006,2.31838,NH3,41.16
71,0,3.3,255,90924,18556,90924,18556,11.36555,2.3195,NH3,41.18
72,0,3.3,255,90987,18568,90987,18568,11.37349,2.32112,NH3,41.22
73,0,3.3,255,91066,18585,91066,18585,11.38334,2.32313,NH3,41.26
74,0,3.3,255,91120,18596,91120,18596,11.39005,2.3245,NH3,41.29
75,0,3.3,255,91179,18608,91179,18608,11.3974,2.326,NH3,41.32
76,0,3.3,255,91223,18617,91223,18617,11.40294,2.32713,NH3,41.35
77,0,3.3,255,91247,18622,91247,18622,11.40598,2.32775,NH3,41.36
78,0,3.3,255,91272,18626,91272,18626,11.40901,2.32837,NH3,41.38
79,0,3.3,255,91336,18640,91336,18640,11.417,2.33,NH3,41.41
80,0,3.3,255,91340,18640,91340,18640,11.41759,2.33012,NH3,41.41
81,0,3.3,255,91355,18644,91355,18644,11.41945,2.3305,NH3,41.42
82,0,3.3,255,91428,18658,91428,18658,11.42861,2.33237,NH3,41.46
83,0,3.3,255,91439,18661,91439,18661,11.42989,2.33263,NH3,41.47
84,0,3.3,255,91380,18649,91380,18649,11.42254,2.33113,NH3,41.44
85,0,3.3,255,91380,18649,91380,18649,11.42254,2.33113,NH3,41.44
86,0,3.3,255,91473,18668,91473,18668,11.43415,2.3335,NH3,41.49
87,0,3.3,255,91375,18648,91375,18648,11.4219,2.331,NH3,41.43
88,0,3.3,255,91365,18646,91365,18646,11.42068,2.33075,NH3,41.43
89,0,3.3,255,91375,18648,91375,18648,11.4219,2.331,NH3,41.43
90,0,3.3,255,91399,18652,91399,18652,11.42494,2.33162,NH3,41.45
91,0,3.3,255,91409,18655,91409,18655,11.42621,2.33188,NH3,41.45
92,0,3.3,255,91409,18655,91409,18655,11.42621,2.33188,NH3,41.45
93,0,3.3,255,91428,18658,91428,18658,11.42861,2.33237,NH3,41.46
94,0,3.3,255,91424,18658,91424,18658,11.42803,2.33225,NH3,41.46
95,0,3.3,255,91443,18662,91443,18662,11.43047,2.33275,NH3,41.47
96,0,3.3,255,91453,18664,91453,18664,11.4317,2.333,NH3,41.48
97,0,3.3,255,91439,18661,91439,18661,11.42989,2.33263,NH3,41.47
98,0,3.3,255,91439,18661,91439,18661,11.42989,2.33263,NH3,41.47
99,0,3.3,255,91434,18660,91434,18660,11.42925,2.3325,NH3,41.47
100,0,3.3,255,91399,18652,91399,18652,11.42494,2.33162,NH3,41.45
101,0,3.3,255,91375,18648,91375,18648,11.4219,2.331,NH3,41.43
102,0,3.3,255,91340,18640,91340,18640,11.41759,2.33012,NH3,41.41
103,0,3.3,255,91340,18640,91340,18640,11.41759,2.33012,NH3,41.41
104,0,3.3,255,91350,18643,91350,18643,11.41886,2.33038,NH3,41.42
105,0,3.3,255,91350,18643,91350,18643,11.41886,2.33038,NH3,41.42
106,0,3.3,255,91326,18638,91326,18638,11.41578,2.32975,NH3,41.41
107,0,3.3,255,91326,18638,91326,18638,11.41578,2.32975,NH3,41.41
108,0,3.3,255,91296,18632,91296,18632,11.4121,2.329,NH3,41.39
109,0,3.3,255,91296,18632,91296,18632,11.4121,2.329,NH3,41.39
110,0,3.3,255,91316,18636,91316,18636,11.41455,2.3295,NH3,41.4
111,0,3.3,255,91292,18631,91292,18631,11.41151,2.32888,NH3,41.39
112,0,3.3,255,91277,18628,91277,18628,11.40965,2.3285,NH3,41.38
113,0,3.3,255,91287,18630,91287,18630,11.41088,2.32875,NH3,41.38
114,0,3.3,255,91277,18628,91277,18628,11.40965,2.3285,NH3,41.38
115,0,3.3,255,91232,18618,91232,18618,11.40411,2.32737,NH3,41.35
116,0,3.3,255,91218,18616,91218,18616,11.4023,2.327,NH3,41.35
117,0,3.3,255,91194,18611,91194,18611,11.39926,2.32638,NH3,41.33
118,0,3.3,255,91194,18611,91194,18611,11.39926,2.32638,NH3,41.33
119,0,3.3,255,91189,18610,91189,18610,11.39863,2.32625,NH3,41.33
120,0,3.3,255,91164,18605,91164,18605,11.39559,2.32563,NH3,41.32
121,0,3.3,255,91169,18606,91169,18606,11.39618,2.32575,NH3,41.32
122,0,3.3,255,91164,18605,91164,18605,11.39559,2.32563,NH3,41.32
123,0,3.3,255,91130,18598,91130,18598,11.39128,2.32475,NH3,41.3
124,0,3.3,255,91130,18598,91130,18598,11.39128,2.32475,NH3,41.3
125,0,0.0,0,106619,21759,106619,21759,13.32741,2.71988,NH3,49.95
126,0,0.0,0,104423,21310,104423,21310,13.05296,2.66387,NH3,48.73
127,0,0.0,0,101601,20734,101601,20734,12.70016,2.59187,NH3,47.15
128,0,0.0,0,98818,20167,98818,20167,12.35231,2.52088,NH3,45.59
129,0,0.0,0,96138,19620,96138,19620,12.01725,2.4525,NH3,44.1
130,0,0.0,0,93570,19096,93570,19096,11.6963,2.387,NH3,42.66
131,0,0.0,0,91056,18582,91056,18582,11.38206,2.32287,NH3,41.26
132,0,0.0,0,88635,18088,88635,18088,11.07949,2.26112,NH3,39.9
133,0,0.0,0,86289,17610,86289,17610,10.78613,2.20125,NH3,38.59
134,0,0.0,0,84030,17149,84030,17149,10.50379,2.14363,NH3,37.33
135,0,0.0,0,81888,16712,81888,16712,10.2361,2.089,NH3,36.13
136,0,0.0,0,79757,16277,79757,16277,9.96969,2.03463,NH3,34.94
137,0,0.0,0,77753,15868,77753,15868,9.71915,1.9835,NH3,33.82
138,0,0.0,0,75773,15464,75773,15464,9.4717,1.933,NH3,32.71
139,0,0.0,0,73901,15082,73901,15082,9.23773,1.88525,NH3,31.67
140,0,0.0,0,72122,14718,72122,14718,9.01536,1.83987,NH3,30.67
141,0,0.0,0,70398,14367,70398,14367,8.79981,1.79588,NH3,29.71
142,0,0.0,0,68717,14024,68717,14024,8.5897,1.753,NH3,28.77
143,0,0.0,0,67110,13696,67110,13696,8.3888,1.712,NH3,27.87
144,0,0.0,0,65547,13377,65547,13377,8.19344,1.67213,NH3,27.0
145,0,0.0,0,64082,13078,64082,13078,8.01028,1.63475,NH3,26.18
146,0,0.0,0,62646,12785,62646,12785,7.83084,1.59813,NH3,25.38
147,0,0.0,0,61264,12503,61264,12503,7.65811,1.56288,NH3,24.6
148,0,0.0,0,59941,12233,59941,12233,7.49274,1.52913,NH3,23.86
149,0,0.0,0,58682,11976,58682,11976,7.3353,1.497,NH3,23.16
150,0,0.0,0,57467,11728,57467,11728,7.1834,1.466,NH3,22.48
151,0,0.0,0,56291,11488,56291,11488,7.0364,1.436,NH3,21.82
152,0,0.0,0,55164,11258,55164,11258,6.89553,1.40725,NH3,21.19
153,0,0.0,0,54081,11037,54081,11037,6.76019,1.37963,NH3,20.59
154,0,0.0,0,53052,10826,53052,10826,6.63151,1.35337,NH3,20.01
155,0,0.0,0,52038,10620,52038,10620,6.50475,1.3275,NH3,19.45
156,0,0.0,0,51062,10420,51062,10420,6.38284,1.30262,NH3,18.9
157,0,0.0,0,50141,10233,50141,10233,6.26774,1.27913,NH3,18.39
158,0,0.0,0,49235,10048,49235,10048,6.1544,1.256,NH3,17.88
159,0,0.0,0,48368,9871,48368,9871,6.04601,1.23388,NH3,17.4
160,0,0.0,0,47539,9702,47539,9702,5.94248,1.21275,NH3,16.93
161,0,0.0,0,46770,9544,46770,9544,5.84629,1.19312,NH3,16.5
162,0,0.0,0,45996,9387,45996,9387,5.74956,1.17338,NH3,16.07
163,0,0.0,0,45246,9234,45246,9234,5.65583,1.15425,NH3,15.65
164,0,0.0,0,44541,9090,44541,9090,5.56763,1.13625,NH3,15.26
165,0,0.0,0,43874,8954,43874,8954,5.48433,1.11925,NH3,14.88
166,0,0.0,0,43169,8810,43169,8810,5.39613,1.10125,NH3,14.49
167,0,0.0,0,42551,8684,42551,8684,5.31895,1.0855,NH3,14.15
168,0,0.0,0,41919,8554,41919,8554,5.23991,1.06937,NH3,13.79
169,0,0.0,0,41346,8438,41346,8438,5.16828,1.05475,NH3,13.47
170,0,0.0,0,40753,8317,40753,8317,5.09419,1.03963,NH3,13.14
171,0,0.0,0,40194,8202,40194,8202,5.02431,1.02537,NH3,12.83
172,0,0.0,0,39650,8092,39650,8092,4.95635,1.0115,NH3,12.52
173,0,0.0,0,39141,7988,39141,7988,4.89265,0.9985,NH3,12.24
174,0,0.0,0,38641,7886,38641,7886,4.83018,0.98575,NH3,11.96
175,0,0.0,0,38171,7790,38171,7790,4.77138,0.97375,NH3,11.7
176,0,0.0,0,37695,7693,37695,7693,4.71199,0.96163,NH3,11.43
177,0,0.0,0,37230,7598,37230,7598,4.65378,0.94975,NH3,11.17
178,0,0.0,0,36794,7509,36794,7509,4.59929,0.93863,NH3,10.93
179,0,0.0,0,36377,7424,36377,7424,4.5472,0.928,NH3,10.69
180,0,0.0,0,35961,7339,35961,7339,4.49516,0.91738,NH3,10.46
181,0,0.0,0,35559,7257,35559,7257,4.44494,0.90713,NH3,10.24
182,0,0.0,0,35206,7185,35206,7185,4.40084,0.89813,NH3,10.04
183,0,0.0,0,34824,7107,34824,7107,4.35306,0.88838,NH3,9.83
184,0,0.0,0,34481,7036,34481,7036,4.31014,0.87962,NH3,9.63
185,0,0.0,0,34128,6964,34128,6964,4.26604,0.87062,NH3,9.44
186,0,0.0,0,33810,6900,33810,6900,4.22625,0.8625,NH3,9.26
187,0,0.0,0,33481,6833,33481,6833,4.18524,0.85413,NH3,9.08
188,0,0.0,0,33177,6770,33177,6770,4.14721,0.84637,NH3,8.91
189,0,0.0,0,32874,6709,32874,6709,4.10929,0.83863,NH3,8.74
190,0,0.0,0,32580,6649,32580,6649,4.07254,0.83113,NH3,8.57
191,0,0.0,0,32271,6586,32271,6586,4.03393,0.82325,NH3,8.4
192,0,0.0,0,32001,6530,32001,6530,4.00021,0.81637,NH3,8.25
193,0,0.0,0,31712,6472,31712,6472,3.9641,0.809,NH3,8.09
194,0,0.0,0,31482,6424,31482,6424,3.93529,0.80312,NH3,7.96
195,0,0.0,0,31232,6374,31232,6374,3.90408,0.79675,NH3,7.82
196,0,0.0,0,30992,6325,30992,6325,3.87409,0.79063,NH3,7.68
197,0,0.0,0,30757,6277,30757,6277,3.84469,0.78463,NH3,7.55
198,0,0.0,0,30531,6230,30531,6230,3.81646,0.77887,NH3,7.43
199,0,0.0,0,30326,6189,30326,6189,3.79079,0.77363,NH3,7.31
200,0,0.0,0,30105,6144,30105,6144,3.7632,0.768,NH3,7.19
201,0,0.0,0,29899,6102,29899,6102,3.73748,0.76275,NH3,7.07
202,0,0.0,0,29708,6062,29708,6062,3.71356,0.75787,NH3,6.97
203,0,0.0,0,29512,6022,29512,6022,3.68906,0.75287,NH3,6.86
204,0,0.0,0,29306,5980,29306,5980,3.66334,0.74762,NH3,6.74
205,0,0.0,0,29125,5944,29125,5944,3.6407,0.743,NH3,6.64
206,0,0.0,0,28959,5910,28959,5910,3.61988,0.73875,NH3,6.55
207,0,0.0,0,28763,5870,28763,5870,3.59538,0.73375,NH3,6.44
208,0,0.0,0,28625,5842,28625,5842,3.57823,0.73025,NH3,6.36
209,0,0.0,0,28449,5806,28449,5806,3.55618,0.72575,NH3,6.26
210,0,0.0,0,28326,5780,28326,5780,3.54084,0.72262,NH3,6.19
211,0,0.0,0,28135,5742,28135,5742,3.51698,0.71775,NH3,6.09
212,0,0.0,0,28013,5717,28013,5717,3.50169,0.71463,NH3,6.02
213,0,0.0,0,27827,5679,27827,5679,3.47841,0.70988,NH3,5.92
214,0,0.0,0,27714,5656,27714,5656,3.4643,0.707,NH3,5.85
215,0,0.0,0,27567,5626,27567,5626,3.44593,0.70325,NH3,5.77
216,0,0.0,0,27425,5597,27425,5597,3.42819,0.69963,NH3,5.69
217,0,0.0,0,27302,5572,27302,5572,3.41285,0.6965,NH3,5.62
218,0,0.0,0,27200,5551,27200,5551,3.40001,0.69388,NH3,5.57
219,0,0.0,0,27121,5535,27121,5535,3.39021,0.69188,NH3,5.52
220,0,0.0,0,26940,5498,26940,5498,3.36753,0.68725,NH3,5.42
221,0,0.0,0,26837,5477,26837,5477,3.35469,0.68463,NH3,5.36
222,0,0.0,0,26754,5460,26754,5460,3.34425,0.6825,NH3,5.32
223,0,0.0,0,26636,5436,26636,5436,3.32955,0.6795,NH3,5.25
224,0,0.0,0,26533,5415,26533,5415,3.31671,0.67688,NH3,5.19
225,0,0.0,0,26445,5397,26445,5397,3.30569,0.67463,NH3,5.14
226,0,0.0,0,26347,5376,26347,5376,3.29339,0.67212,NH3,5.09
227,0,0.0,0,26273,5362,26273,5362,3.28423,0.67025,NH3,5.05
228,0,0.0,0,26254,5358,26254,5358,3.28178,0.66975,NH3,5.04
229,0,0.0,0,26175,5342,26175,5342,3.27197,0.66775,NH3,4.99
230,0,0.0,0,26077,5322,26077,5322,3.25973,0.66525,NH3,4.94
231,0,0.0,0,26102,5326,26102,5326,3.26276,0.66587,NH3,4.95
232,0,0.0,0,26033,5312,26033,5312,3.25419,0.66412,NH3,4.91
233,0,0.0,0,25965,5299,25965,5299,3.24566,0.66238,NH3,4.87
234,0,0.0,0,25872,5280,25872,5280,3.234,0.66,NH3,4.82
235,0,0.0,0,25808,5267,25808,5267,3.22606,0.65838,NH3,4.79
236,0,0.0,0,25719,5248,25719,5248,3.21499,0.65612,NH3,4.74
237,0,0.0,0,25661,5237,25661,5237,3.20769,0.65463,NH3,4.71
238,0,0.0,0,25592,5222,25592,5222,3.19906,0.65287,NH3,4.67
239,0,0.0,0,25435,5190,25435,5190,3.17946,0.64887,NH3,4.58
240,0,0.0,0,25534,5211,25534,5211,3.19176,0.65138,NH3,4.63
241,0,0.0,0,25837,5272,25837,5272,3.22969,0.65912,NH3,4.8
242,0,0.0,0,25788,5262,25788,5262,3.22356,0.65787,NH3,4.78
243,0,0.0,0,25705,5246,25705,5246,3.21318,0.65575,NH3,4.73
244,0,0.0,0,25612,5227,25612,5227,3.20156,0.65338,NH3,4.68
245,0,0.0,0,25558,5216,25558,5216,3.1948,0.652,NH3,4.65
246,0,0.0,0,25519,5208,25519,5208,3.1899,0.651,NH3,4.63
247,0,0.0,0,25465,5197,25465,5197,3.18319,0.64963,NH3,4.6
248,0,0.0,0,25426,5189,25426,5189,3.17829,0.64863,NH3,4.57
249,0,0.0,0,25372,5178,25372,5178,3.17153,0.64725,NH3,4.54
0,0,3.3,255,21878,4464,21878,4464,2.73479,0.55812,NH3,2.59
1,0,3.3,255,23338,4762,23338,4762,2.91731,0.59537,NH3,3.41
2,0,3.3,255,25627,5230,25627,5230,3.20338,0.65375,NH3,4.69
3,0,3.3,255,28018,5718,28018,5718,3.50228,0.71475,NH3,6.02
4,0,3.3,255,30424,6209,30424,6209,3.80304,0.77613,NH3,7.37
5,0,3.3,255,32810,6696,32810,6696,4.1013,0.837,NH3,8.7
6,0,3.3,255,35191,7182,35191,7182,4.39898,0.89775,NH3,10.03
7,0,3.3,255,37558,7665,37558,7665,4.69484,0.95813,NH3,11.35
8,0,3.3,255,39880,8138,39880,8138,4.98511,1.01737,NH3,12.65
9,0,3.3,255,41953,8562,41953,8562,5.24423,1.07025,NH3,13.81
10,0,3.3,255,44506,9083,44506,9083,5.56336,1.13538,NH3,15.24
11,0,3.3,255,46667,9524,46667,9524,5.83345,1.1905,NH3,16.45
12,0,3.3,255,48828,9964,48828,9964,6.10354,1.24562,NH3,17.65
13,0,3.3,255,50484,10303,50484,10303,6.31061,1.28788,NH3,18.58
14,0,3.3,255,52581,10730,52581,10730,6.57271,1.34137,NH3,19.75
15,0,3.3,255,54537,11130,54537,11130,6.81713,1.39125,NH3,20.84
16,0,3.3,255,56374,11505,56374,11505,7.04684,1.43813,NH3,21.87
17,0,3.3,255,57668,11769,57668,11769,7.20854,1.47113,NH3,22.59
18,0,3.3,255,59393,12121,59393,12121,7.42414,1.51513,NH3,23.56
19,0,3.3,255,61059,12461,61059,12461,7.63239,1.55763,NH3,24.49
20,0,3.3,255,62665,12788,62665,12788,7.83324,1.59862,NH3,25.39
21,0,3.3,255,64204,13102,64204,13102,8.02556,1.63787,NH3,26.25
22,0,3.3,255,65664,13400,65664,13400,8.20809,1.67512,NH3,27.06
23,0,3.3,255,67100,13694,67100,13694,8.38758,1.71175,NH3,27.87
24,0,3.3,255,68428,13964,68428,13964,8.55354,1.74562,NH3,28.61
25,0,3.3,255,69707,14226,69707,14226,8.71343,1.77825,NH3,29.32
26,0,3.3,255,70873,14464,70873,14464,8.8592,1.808,NH3,29.97
27,0,3.3,255,72054,14705,72054,14705,9.00684,1.83813,NH3,30.63
28,0,3.3,255,73191,14936,73191,14936,9.14889,1.86712,NH3,31.27
29,0,3.3,255,74244,15152,74244,15152,9.2806,1.894,NH3,31.86
30,0,3.3,255,75249,15356,75249,15356,9.40614,1.91962,NH3,32.42
31,0,3.3,255,76214,15554,76214,15554,9.52683,1.94425,NH3,32.96
32,0,3.3,255,77091,15733,77091,15733,9.63649,1.96663,NH3,33.45
33,0,3.3,255,77963,15910,77963,15910,9.74546,1.98887,NH3,33.94
34,0,3.3,255,78801,16082,78801,16082,9.85023,2.01025,NH3,34.41
35,0,3.3,255,79546,16234,79546,16234,9.94333,2.02925,NH3,34.82
36,0,3.3,255,80139,16355,80139,16355,10.01746,2.04438,NH3,35.15
37,0,3.3,255,80982,16527,80982,16527,10.12281,2.06588,NH3,35.62
38,0,3.3,255,81526,16638,81526,16638,10.19078,2.07975,NH3,35.93
39,0,3.3,255,82158,16766,82158,16766,10.26976,2.09587,NH3,36.28
40,0,3.3,255,82755,16888,82755,16888,10.34449,2.11112,NH3,36.62
41,0,3.3,255,83319,17004,83319,17004,10.41495,2.1255,NH3,36.93
42,0,3.3,255,83829,17108,83829,17108,10.47865,2.1385,NH3,37.22
43,0,3.3,255,84309,17206,84309,17206,10.53868,2.15075,NH3,37.48
44,0,3.3,255,84760,17298,84760,17298,10.59502,2.16225,NH3,37.74
45,0,3.3,255,85215,17390,85215,17390,10.65196,2.17387,NH3,37.99
46,0,3.3,255,85637,17477,85637,17477,10.70469,2.18463,NH3,38.23
47,0,3.3,255,86044,17560,86044,17560,10.7555,2.195,NH3,38.45
48,0,3.3,255,86401,17632,86401,17632,10.80019,2.20412,NH3,38.65
49,0,3.3,255,86754,17704,86754,17704,10.84429,2.21312,NH3,38.85
50,0,3.3,255,87067,17768,87067,17768,10.88349,2.22112,NH3,39.03
51,0,3.3,255,87440,17844,87440,17844,10.93004,2.23062,NH3,39.23
52,0,3.3,255,87719,17902,87719,17902,10.96498,2.23775,NH3,39.39
53,0,3.3,255,87910,17940,87910,17940,10.98884,2.24262,NH3,39.5
54,0,3.3,255,88205,18001,88205,18001,11.02564,2.25013,NH3,39.66
55,0,3.3,255,88479,18056,88479,18056,11.05989,2.25712,NH3,39.81
56,0,3.3,255,88704,18103,88704,18103,11.08811,2.26288,NH3,39.94
57,0,3.3,255,88930,18149,88930,18149,11.11629,2.26863,NH3,40.07
58,0,3.3,255,89042,18172,89042,18172,11.13035,2.2715,NH3,40.13
59,0,3.3,255,89268,18218,89268,18218,11.15853,2.27725,NH3,40.26
60,0,3.3,255,89464,18258,89464,18258,11.18303,2.28225,NH3,40.37
61,0,3.3,255,89762,18318,89762,18318,11.22036,2.28987,NH3,40.53
62,0,3.3,255,89895,18346,89895,18346,11.23693,2.29325,NH3,40.61
63,0,3.3,255,89969,18361,89969,18361,11.24614,2.29513,NH3,40.65
64,0,3.3,255,90027,18373,90027,18373,11.25349,2.29663,NH3,40.68
65,0,3.3,255,90243,18417,90243,18417,11.28044,2.30213,NH3,40.8
66,0,3.3,255,90316,18432,90316,18432,11.2896,2.304,NH3,40.84
67,0,3.3,255,90478,18464,90478,18464,11.30979,2.30812,NH3,40.93
68,0,3.3,255,90546,18478,90546,18478,11.31836,2.30987,NH3,40.97
69,0,3.3,255,90517,18472,90517,18472,11.31469,2.30912,NH3,40.95
70,0,3.3,255,90821,18535,90821,18535,11.35271,2.31688,NH3,41.12
71,0,3.3,255,90889,18548,90889,18548,11.36124,2.31862,NH3,41.16
72,0,3.3,255,90895,18550,90895,18550,11.36188,2.31875,NH3,41.17
73,0,3.3,255,91032,18578,91032,18578,11.37903,2.32225,NH3,41.24
74,0,3.3,255,91115,18594,91115,18594,11.38941,2.32437,NH3,41.29
75,0,3.3,255,91174,18606,91174,18606,11.39676,2.32587,NH3,41.32
76,0,3.3,255,91130,18598,91130,18598,11.39128,2.32475,NH3,41.3
77,0,3.3,255,91194,18611,91194,18611,11.39926,2.32638,NH3,41.33
78,0,3.3,255,91277,18628,91277,18628,11.40965,2.3285,NH3,41.38
79,0,3.3,255,91321,18637,91321,18637,11.41519,2.32963,NH3,41.4
80,0,3.3,255,91360,18644,91360,18644,11.42004,2.33062,NH3,41.43
81,0,3.3,255,91330,18638,91330,18638,11.41636,2.32987,NH3,41.41
82,0,3.3,255,91394,18652,91394,18652,11.42435,2.3315,NH3,41.44
83,0,3.3,255,91428,18658,91428,18658,11.42861,2.33237,NH3,41.46
84,0,3.3,255,91448,18663,91448,18663,11.43111,2.33288,NH3,41.47
85,0,3.3,255,91492,18672,91492,18672,11.4366,2.334,NH3,41.5
86,0,3.3,255,91517,18676,91517,18676,11.43964,2.33462,NH3,41.51
87,0,3.3,255,91566,18687,91566,18687,11.44581,2.33588,NH3,41.54
88,0,3.3,255,91546,18682,91546,18682,11.44331,2.33537,NH3,41.53
89,0,3.3,255,91576,18689,91576,18689,11.44704,2.33613,NH3,41.55
90,0,3.3,255,91556,18684,91556,18684,11.44454,2.33562,NH3,41.53
91,0,3.3,255,91620,18698,91620,18698,11.45253,2.33725,NH3,41.57
92,0,3.3,255,91600,18694,91600,18694,11.45008,2.33675,NH3,41.56
93,0,3.3,255,91620,18698,91620,18698,11.45253,2.33725,NH3,41.57
94,0,3.3,255,91649,18704,91649,18704,11.4562,2.338,NH3,41.59
95,0,3.3,255,91639,18702,91639,18702,11.45498,2.33775,NH3,41.58
96,0,3.3,255,91595,18693,91595,18693,11.44949,2.33663,NH3,41.56
97,0,3.3,255,91610,18696,91610,18696,11.4513,2.337,NH3,41.56
98,0,3.3,255,91605,18695,91605,18695,11.45071,2.33688,NH3,41.56
99,0,3.3,255,91590,18692,91590,18692,11.44885,2.3365,NH3,41.55
100,0,3.3,255,91585,18690,91585,18690,11.44821,2.33637,NH3,41.55
101,0,3.3,255,91590,18692,91590,18692,11.44885,2.3365,NH3,41.55
102,0,3.3,255,91537,18681,91537,18681,11.44214,2.33513,NH3,41.52
103,0,3.3,255,91532,18680,91532,18680,11.4415,2.335,NH3,41.52
104,0,3.3,255,91532,18680,91532,18680,11.4415,2.335,NH3,41.52
105,0,3.3,255,91537,18681,91537,18681,11.44214,2.33513,NH3,41.52
106,0,3.3,255,91526,18678,91526,18678,11.44086,2.33487,NH3,41.52
107,0,3.3,255,91522,18678,91522,18678,11.44028,2.33475,NH3,41.52
108,0,3.3,255,91532,18680,91532,18680,11.4415,2.335,NH3,41.52
109,0,3.3,255,91497,18672,91497,18672,11.43719,2.33412,NH3,41.5
110,0,3.3,255,91497,18672,91497,18672,11.43719,2.33412,NH3,41.5
111,0,3.3,255,91487,18670,91487,18670,11.43596,2.33387,NH3,41.5
112,0,3.3,255,91458,18664,91458,18664,11.43229,2.33312,NH3,41.48
113,0,3.3,255,91458,18664,91458,18664,11.43229,2.33312,NH3,41.48
114,0,3.3,255,91443,18662,91443,18662,11.43047,2.33275,NH3,41.47
115,0,3.3,255,91434,18660,91434,18660,11.42925,2.3325,NH3,41.47
116,0,3.3,255,91419,18657,91419,18657,11.42744,2.33213,NH3,41.46
117,0,3.3,255,91399,18652,91399,18652,11.42494,2.33162,NH3,41.45
118,0,3.3,255,91394,18652,91394,18652,11.42435,2.3315,NH3,41.44
119,0,3.3,255,91336,18640,91336,18640,11.417,2.33,NH3,41.41
120,0,3.3,255,91316,18636,91316,18636,11.41455,2.3295,NH3,41.4
121,0,3.3,255,91311,18635,91311,18635,11.41396,2.32938,NH3,41.4
122,0,3.3,255,91292,18631,91292,18631,11.41151,2.32888,NH3,41.39
123,0,3.3,255,91277,18628,91277,18628,11.40965,2.3285,NH3,41.38
124,0,3.3,255,91277,18628,91277,18628,11.40965,2.3285,NH3,41.38
125,0,0.0,0,106702,21776,106702,21776,13.3378,2.722,NH3,50.0
126,0,0.0,0,104566,21340,104566,21340,13.07075,2.6675,NH3,48.81
127,0,0.0,0,101782,20772,101782,20772,12.72285,2.5965,NH3,47.25
128,0,0.0,0,99038,20212,99038,20212,12.37985,2.5265,NH3,45.72
129,0,0.0,0,96383,19670,96383,19670,12.04788,2.45875,NH3,44.23
130,0,0.0,0,93780,19138,93780,19138,11.72261,2.39237,NH3,42.78
131,0,0.0,0,91277,18628,91277,18628,11.40965,2.3285,NH3,41.38
132,0,0.0,0,88890,18140,88890,18140,11.11134,2.26762,NH3,40.04
133,0,0.0,0,86558,17664,86558,17664,10.81979,2.20812,NH3,38.74
134,0,0.0,0,84299,17204,84299,17204,10.53745,2.1505,NH3,37.48
135,0,0.0,0,82119,16759,82119,16759,10.26491,2.09488,NH3,36.26
136,0,0.0,0,80046,16335,80046,16335,10.0058,2.042,NH3,35.1
137,0,0.0,0,77998,15918,77998,15918,9.74977,1.98975,NH3,33.96
138,0,0.0,0,76072,15525,76072,15525,9.50909,1.94063,NH3,32.88
139,0,0.0,0,74186,15140,74186,15140,9.27325,1.8925,NH3,31.83
140,0,0.0,0,72382,14772,72382,14772,9.04785,1.8465,NH3,30.82
141,0,0.0,0,70653,14419,70653,14419,8.83166,1.80238,NH3,29.85
142,0,0.0,0,68977,14076,68977,14076,8.62214,1.75962,NH3,28.91
143,0,0.0,0,67360,13746,67360,13746,8.42001,1.71837,NH3,28.01
144,0,0.0,0,65816,13432,65816,13432,8.2271,1.679,NH3,27.15
145,0,0.0,0,64342,13131,64342,13131,8.04276,1.64138,NH3,26.32
146,0,0.0,0,62920,12840,62920,12840,7.86509,1.60512,NH3,25.53
147,0,0.0,0,61529,12557,61529,12557,7.69119,1.56963,NH3,24.75
148,0,0.0,0,60230,12292,60230,12292,7.52885,1.5365,NH3,24.03
149,0,0.0,0,58976,12036,58976,12036,7.37205,1.5045,NH3,23.33
150,0,0.0,0,57751,11786,57751,11786,7.21893,1.47325,NH3,22.64
151,0,0.0,0,56575,11546,56575,11546,7.07193,1.44325,NH3,21.98
152,0,0.0,0,55477,11322,55477,11322,6.93473,1.41525,NH3,21.37
153,0,0.0,0,54380,11098,54380,11098,6.79753,1.38725,NH3,20.76
154,0,0.0,0,53331,10884,53331,10884,6.66645,1.3605,NH3,20.17
155,0,0.0,0,52327,10679,52327,10679,6.54091,1.33488,NH3,19.61
156,0,0.0,0,51376,10484,51376,10484,6.42204,1.31062,NH3,19.08
157,0,0.0,0,50426,10291,50426,10291,6.30326,1.28638,NH3,18.55
158,0,0.0,0,49509,10104,49509,10104,6.1887,1.263,NH3,18.03
159,0,0.0,0,48661,9930,48661,9930,6.08271,1.24137,NH3,17.56
160,0,0.0,0,47828,9760,47828,9760,5.97859,1.22012,NH3,17.09
161,0,0.0,0,47005,9592,47005,9592,5.87569,1.19912,NH3,16.63
162,0,0.0,0,46270,9442,46270,9442,5.78381,1.18037,NH3,16.22
163,0,0.0,0,45501,9286,45501,9286,5.68768,1.16075,NH3,15.79
164,0,0.0,0,44829,9148,44829,9148,5.60374,1.14362,NH3,15.42
165,0,0.0,0,44119,9004,44119,9004,5.51495,1.1255,NH3,15.02
166,0,0.0,0,43472,8872,43472,8872,5.4341,1.109,NH3,14.66
167,0,0.0,0,42826,8740,42826,8740,5.35325,1.0925,NH3,14.3
168,0,0.0,0,42208,8614,42208,8614,5.27608,1.07675,NH3,13.95
169,0,0.0,0,41601,8490,41601,8490,5.20013,1.06125,NH3,13.61
170,0,0.0,0,41037,8375,41037,8375,5.12971,1.04688,NH3,13.3
171,0,0.0,0,40488,8262,40488,8262,5.06106,1.03287,NH3,12.99
172,0,0.0,0,39939,8150,39939,8150,4.99246,1.01887,NH3,12.69
173,0,0.0,0,39430,8047,39430,8047,4.92881,1.00588,NH3,12.4
174,0,0.0,0,38935,7946,38935,7946,4.86693,0.99325,NH3,12.12
175,0,0.0,0,38440,7844,38440,7844,4.80504,0.98062,NH3,11.85
176,0,0.0,0,37970,7749,37970,7749,4.74629,0.96863,NH3,11.58
177,0,0.0,0,37524,7658,37524,7658,4.69053,0.95725,NH3,11.34
178,0,0.0,0,37117,7575,37117,7575,4.63971,0.94688,NH3,11.11
179,0,0.0,0,36666,7483,36666,7483,4.58336,0.93538,NH3,10.86
180,0,0.0,0,36289,7406,36289,7406,4.53618,0.92575,NH3,10.65
181,0,0.0,0,35858,7318,35858,7318,4.48228,0.91475,NH3,10.4
182,0,0.0,0,35500,7245,35500,7245,4.43759,0.90563,NH3,10.2
183,0,0.0,0,35113,7166,35113,7166,4.38918,0.89575,NH3,9.99
184,0,0.0,0,34755,7092,34755,7092,4.34444,0.88662,NH3,9.79
185,0,0.0,0,34412,7023,34412,7023,4.30161,0.87788,NH3,9.6
186,0,0.0,0,34079,6955,34079,6955,4.25996,0.86938,NH3,9.41
187,0,0.0,0,33785,6895,33785,6895,4.22321,0.86188,NH3,9.25
188,0,0.0,0,33452,6826,33452,6826,4.18151,0.85337,NH3,9.06
189,0,0.0,0,33133,6762,33133,6762,4.14173,0.84525,NH3,8.88
190,0,0.0,0,32844,6703,32844,6703,4.10561,0.83788,NH3,8.72
191,0,0.0,0,32545,6642,32545,6642,4.06823,0.83025,NH3,8.55
192,0,0.0,0,32291,6590,32291,6590,4.03638,0.82375,NH3,8.41
193,0,0.0,0,32031,6536,32031,6536,4.00389,0.81712,NH3,8.27
194,0,0.0,0,31761,6482,31761,6482,3.97023,0.81025,NH3,8.11
195,0,0.0,0,31507,6430,31507,6430,3.93838,0.80375,NH3,7.97
196,0,0.0,0,31262,6380,31262,6380,3.90775,0.7975,NH3,7.84
197,0,0.0,0,31017,6330,31017,6330,3.87713,0.79125,NH3,7.7
198,0,0.0,0,30791,6284,30791,6284,3.84895,0.7855,NH3,7.57
199,0,0.0,0,30581,6241,30581,6241,3.82264,0.78013,NH3,7.45
200,0,0.0,0,30350,6194,30350,6194,3.79383,0.77425,NH3,7.33
201,0,0.0,0,30149,6153,30149,6153,3.76874,0.76913,NH3,7.21
202,0,0.0,0,29968,6116,29968,6116,3.74605,0.7645,NH3,7.11
203,0,0.0,0,29743,6070,29743,6070,3.71788,0.75875,NH3,6.99
204,0,0.0,0,29581,6036,29581,6036,3.69764,0.75462,NH3,6.9
205,0,0.0,0,29390,5998,29390,5998,3.67378,0.74975,NH3,6.79
206,0,0.0,0,29218,5963,29218,5963,3.65236,0.74538,NH3,6.69
207,0,0.0,0,29047,5928,29047,5928,3.6309,0.741,NH3,6.6
208,0,0.0,0,28875,5892,28875,5892,3.60944,0.73662,NH3,6.5
209,0,0.0,0,28699,5857,28699,5857,3.58744,0.73213,NH3,6.4
210,0,0.0,0,28547,5826,28547,5826,3.56842,0.72825,NH3,6.32
211,0,0.0,0,28400,5796,28400,5796,3.55005,0.7245,NH3,6.24
212,0,0.0,0,28258,5767,28258,5767,3.53231,0.72088,NH3,6.16
213,0,0.0,0,28111,5737,28111,5737,3.51394,0.71713,NH3,6.07
214,0,0.0,0,27974,5709,27974,5709,3.49679,0.71363,NH3,6.0
215,0,0.0,0,27846,5682,27846,5682,3.48081,0.71037,NH3,5.93
216,0,0.0,0,27719,5657,27719,5657,3.46494,0.70713,NH3,5.86
217,0,0.0,0,27586,5630,27586,5630,3.44837,0.70375,NH3,5.78
218,0,0.0,0,27479,5608,27479,5608,3.4349,0.701,NH3,5.72
219,0,0.0,0,27351,5582,27351,5582,3.41898,0.69775,NH3,5.65
220,0,0.0,0,27224,5556,27224,5556,3.40305,0.6945,NH3,5.58
221,0,0.0,0,27091,5528,27091,5528,3.38649,0.69112,NH3,5.5
222,0,0.0,0,27004,5511,27004,5511,3.37551,0.68888,NH3,5.46
223,0,0.0,0,26901,5490,26901,5490,3.36263,0.68625,NH3,5.4
224,0,0.0,0,26778,5464,26778,5464,3.34729,0.68312,NH3,5.33
225,0,0.0,0,26719,5453,26719,5453,3.33999,0.68163,NH3,5.3
226,0,0.0,0,26616,5432,26616,5432,3.3271,0.679,NH3,5.24
227,0,0.0,0,26494,5407,26494,5407,3.31181,0.67588,NH3,5.17
228,0,0.0,0,26435,5395,26435,5395,3.30446,0.67438,NH3,5.14
229,0,0.0,0,26327,5373,26327,5373,3.29099,0.67163,NH3,5.08
230,0,0.0,0,26244,5356,26244,5356,3.28055,0.6695,NH3,5.03
231,0,0.0,0,26161,5339,26161,5339,3.27016,0.66738,NH3,4.98
232,0,0.0,0,26097,5326,26097,5326,3.26218,0.66575,NH3,4.95
233,0,0.0,0,25999,5306,25999,5306,3.24993,0.66325,NH3,4.89
234,0,0.0,0,25921,5290,25921,5290,3.24013,0.66125,NH3,4.85
235,0,0.0,0,25857,5277,25857,5277,3.23219,0.65963,NH3,4.81
236,0,0.0,0,25783,5262,25783,5262,3.22297,0.65775,NH3,4.77
237,0,0.0,0,25730,5251,25730,5251,3.21626,0.65638,NH3,4.74
238,0,0.0,0,25656,5236,25656,5236,3.20705,0.6545,NH3,4.7
239,0,0.0,0,25568,5218,25568,5218,3.19603,0.65225,NH3,4.65
240,0,0.0,0,25514,5206,25514,5206,3.18926,0.65087,NH3,4.62
241,0,0.0,0,25435,5190,25435,5190,3.17946,0.64887,NH3,4.58
242,0,0.0,0,25387,5181,25387,5181,3.17339,0.64763,NH3,4.55
243,0,0.0,0,25323,5168,25323,5168,3.1654,0.646,NH3,4.52
244,0,0.0,0,25274,5158,25274,5158,3.15928,0.64475,NH3,4.49
245,0,0.0,0,25225,5148,25225,5148,3.15315,0.6435,NH3,4.46
246,0,0.0,0,25166,5136,25166,5136,3.1458,0.642,NH3,4.43
247,0,0.0,0,25122,5126,25122,5126,3.14026,0.64087,NH3,4.4
248,0,0.0,0,25058,5114,25058,5114,3.13233,0.63925,NH3,4.37
249,0,0.0,0,25024,5107,25024,5107,3.12806,0.63838,NH3,4.35
0,0,3.3,255,21496,4387,21496,4387,2.68706,0.54838,NH3,2.38
1,0,3.3,255,22981,4690,22981,4690,2.87263,0.58625,NH3,3.21
2,0,3.3,255,25230,5149,25230,5149,3.15379,0.64363,NH3,4.46
3,0,3.3,255,27577,5628,27577,5628,3.44715,0.7035,NH3,5.78
4,0,3.3,255,29988,6120,29988,6120,3.7485,0.765,NH3,7.12
5,0,3.3,255,32325,6597,32325,6597,4.04069,0.82463,NH3,8.43
6,0,3.3,255,34692,7080,34692,7080,4.3365,0.885,NH3,9.75
7,0,3.3,255,37000,7551,37000,7551,4.62501,0.94388,NH3,11.04
8,0,3.3,255,39337,8028,39337,8028,4.91715,1.0035,NH3,12.35
9,0,3.3,255,41610,8492,41610,8492,5.20135,1.0615,NH3,13.62
10,0,3.3,255,43830,8945,43830,8945,5.47884,1.11813,NH3,14.86
11,0,3.3,255,46035,9394,46035,9394,5.75441,1.17437,NH3,16.09
12,0,3.3,255,48162,9829,48162,9829,6.02029,1.22863,NH3,17.28
13,0,3.3,255,50229,10250,50229,10250,6.27871,1.28137,NH3,18.44
14,0,3.3,255,52268,10666,52268,10666,6.53351,1.33337,NH3,19.58
15,0,3.3,255,54223,11066,54223,11066,6.77793,1.38325,NH3,20.67
16,0,3.3,255,56163,11462,56163,11462,7.02048,1.43275,NH3,21.75
17,0,3.3,255,57942,11824,57942,11824,7.24279,1.47812,NH3,22.75
18,0,3.3,255,59686,12180,59686,12180,7.46084,1.52262,NH3,23.72
19,0,3.3,255,61377,12526,61377,12526,7.67218,1.56575,NH3,24.67
20,0,3.3,255,62974,12852,62974,12852,7.87185,1.6065,NH3,25.56
21,0,3.3,255,64523,13168,64523,13168,8.0654,1.646,NH3,26.43
22,0,3.3,255,65973,13464,65973,13464,8.2467,1.683,NH3,27.24
23,0,3.3,255,67384,13752,67384,13752,8.4231,1.719,NH3,28.02
24,0,3.3,255,68717,14024,68717,14024,8.5897,1.753,NH3,28.77
25,0,3.3,255,69996,14285,69996,14285,8.74959,1.78563,NH3,29.48
26,0,3.3,255,71211,14532,71211,14532,8.90144,1.81662,NH3,30.16
27,0,3.3,255,72368,14769,72368,14769,9.04604,1.84613,NH3,30.81
28,0,3.3,255,73480,14996,73480,14996,9.18505,1.8745,NH3,31.43
29,0,3.3,255,74519,15208,74519,15208,9.3149,1.901,NH3,32.01
30,0,3.3,255,75494,15407,75494,15407,9.43681,1.92588,NH3,32.56
31,0,3.3,255,76415,15595,76415,15595,9.55196,1.94938,NH3,33.07
32,0,3.3,255,77361,15788,77361,15788,9.67015,1.9735,NH3,33.6
33,0,3.3,255,78223,15964,78223,15964,9.77795,1.9955,NH3,34.08
34,0,3.3,255,78997,16122,78997,16122,9.87473,2.01525,NH3,34.52
35,0,3.3,255,79820,16290,79820,16290,9.97762,2.03625,NH3,34.98
36,0,3.3,255,80556,16440,80556,16440,10.0695,2.055,NH3,35.39
37,0,3.3,255,81212,16574,81212,16574,10.15158,2.07175,NH3,35.75
38,0,3.3,255,81903,16714,81903,16714,10.23791,2.08937,NH3,36.14
39,0,3.3,255,82476,16832,82476,16832,10.3096,2.104,NH3,36.46
40,0,3.3,255,83094,16958,83094,16958,10.38678,2.11975,NH3,36.81
41,0,3.3,255,83637,17068,83637,17068,10.45474,2.13362,NH3,37.11
42,0,3.3,255,84157,17175,84157,17175,10.51971,2.14688,NH3,37.4
43,0,3.3,255,84676,17280,84676,17280,10.58459,2.16012,NH3,37.69
44,0,3.3,255,85107,17368,85107,17368,10.63849,2.17112,NH3,37.93
45,0,3.3,255,85593,17468,85593,17468,10.69915,2.1835,NH3,38.2
46,0,3.3,255,85999,17550,85999,17550,10.74996,2.19387,NH3,38.43
47,0,3.3,255,86401,17632,86401,17632,10.80019,2.20412,NH3,38.65
48,0,3.3,255,86764,17707,86764,17707,10.84556,2.21338,NH3,38.86
49,0,3.3,255,87116,17778,87116,17778,10.88961,2.22237,NH3,39.05
50,0,3.3,255,87391,17835,87391,17835,10.92396,2.22938,NH3,39.21
51,0,3.3,255,87759,17910,87759,17910,10.96988,2.23875,NH3,39.41
52,0,3.3,255,88028,17964,88028,17964,11.00354,2.24562,NH3,39.56
53,0,3.3,255,88258,18012,88258,18012,11.03235,2.2515,NH3,39.69
54,0,3.3,255,88513,18064,88513,18064,11.0642,2.258,NH3,39.83
55,0,3.3,255,88778,18118,88778,18118,11.09727,2.26475,NH3,39.98
56,0,3.3,255,88998,18163,88998,18163,11.12486,2.27038,NH3,40.11
57,0,3.3,255,89229,18210,89229,18210,11.15363,2.27625,NH3,40.23
58,0,3.3,255,89454,18256,89454,18256,11.1818,2.282,NH3,40.36
59,0,3.3,255,89640,18294,89640,18294,11.20508,2.28675,NH3,40.46
60,0,3.3,255,89753,18317,89753,18317,11.21919,2.28963,NH3,40.53
61,0,3.3,255,89929,18353,89929,18353,11.24124,2.29413,NH3,40.63
62,0,3.3,255,90086,18385,90086,18385,11.26084,2.29813,NH3,40.71
63,0,3.3,255,90258,18420,90258,18420,11.28225,2.3025,NH3,40.81
64,0,3.3,255,90380,18445,90380,18445,11.29759,2.30563,NH3,40.88
65,0,3.3,255,90498,18469,90498,18469,11.31229,2.30863,NH3,40.94
66,0,3.3,255,90600,18490,90600,18490,11.32512,2.31125,NH3,41.0
67,0,3.3,255,90650,18500,90650,18500,11.33125,2.3125,NH3,41.03
68,0,3.3,255,90757,18522,90757,18522,11.34473,2.31525,NH3,41.09
69,0,3.3,255,90914,18554,90914,18554,11.36432,2.31925,NH3,41.18
70,0,3.3,255,91002,18572,91002,18572,11.37535,2.3215,NH3,41.23
71,0,3.3,255,91071,18586,91071,18586,11.38392,2.32325,NH3,41.26
72,0,3.3,255,91144,18600,91144,18600,11.39309,2.32512,NH3,41.3
73,0,3.3,255,91130,18598,91130,18598,11.39128,2.32475,NH3,41.3
74,0,3.3,255,91242,18620,91242,18620,11.40534,2.32762,NH3,41.36
75,0,3.3,255,91277,18628,91277,18628,11.40965,2.3285,NH3,41.38
76,0,3.3,255,91321,18637,91321,18637,11.41519,2.32963,NH3,41.4
77,0,3.3,255,91306,18634,91306,18634,11.41333,2.32925,NH3,41.4
78,0,3.3,255,91345,18642,91345,18642,11.41822,2.33025,NH3,41.42
79,0,3.3,255,91453,18664,91453,18664,11.4317,2.333,NH3,41.48
80,0,3.3,255,91463,18666,91463,18666,11.43293,2.33325,NH3,41.48
81,0,3.3,255,91497,18672,91497,18672,11.43719,2.33412,NH3,41.5
82,0,3.3,255,91463,18666,91463,18666,11.43293,2.33325,NH3,41.48
83,0,3.3,255,91497,18672,91497,18672,11.43719,2.33412,NH3,41.5
84,0,3.3,255,91595,18693,91595,18693,11.44949,2.33663,NH3,41.56
85,0,3.3,255,91610,18696,91610,18696,11.4513,2.337,NH3,41.56
86,0,3.3,255,91595,18693,91595,18693,11.44949,2.33663,NH3,41.56
87,0,3.3,255,91532,18680,91532,18680,11.4415,2.335,NH3,41.52
88,0,3.3,255,91566,18687,91566,18687,11.44581,2.33588,NH3,41.54
89,0,3.3,255,91635,18701,91635,18701,11.45439,2.33763,NH3,41.58
90,0,3.3,255,91639,18702,91639,18702,11.45498,2.33775,NH3,41.58
91,0,3.3,255,91635,18701,91635,18701,11.45439,2.33763,NH3,41.58
92,0,3.3,255,91620,18698,91620,18698,11.45253,2.33725,NH3,41.57
93,0,3.3,255,91546,18682,91546,18682,11.44331,2.33537,NH3,41.53
94,0,3.3,255,91576,18689,91576,18689,11.44704,2.33613,NH3,41.55
95,0,3.3,255,91600,18694,91600,18694,11.45008,2.33675,NH3,41.56
96,0,3.3,255,91688,18712,91688,18712,11.4611,2.339,NH3,41.61
97,0,3.3,255,91673,18708,91673,18708,11.45924,2.33862,NH3,41.6
98,0,3.3,255,91654,18704,91654,18704,11.45679,2.33812,NH3,41.59
99,0,3.3,255,91590,18692,91590,18692,11.44885,2.3365,NH3,41.55
100,0,3.3,255,91590,18692,91590,18692,11.44885,2.3365,NH3,41.55
101,0,3.3,255,91630,18700,91630,18700,11.45375,2.3375,NH3,41.58
102,0,3.3,255,91635,18701,91635,18701,11.45439,2.33763,NH3,41.58
103,0,3.3,255,91620,18698,91620,18698,11.45253,2.33725,NH3,41.57
104,0,3.3,255,91590,18692,91590,18692,11.44885,2.3365,NH3,41.55
105,0,3.3,255,91576,18689,91576,18689,11.44704,2.33613,NH3,41.55
106,0,3.3,255,91507,18675,91507,18675,11.43846,2.33438,NH3,41.51
107,0,3.3,255,91522,18678,91522,18678,11.44028,2.33475,NH3,41.52
108,0,3.3,255,91576,18689,91576,18689,11.44704,2.33613,NH3,41.55
109,0,3.3,255,91571,18688,91571,18688,11.4464,2.336,NH3,41.54
110,0,3.3,255,91561,18686,91561,18686,11.44518,2.33575,NH3,41.54
111,0,3.3,255,91492,18672,91492,18672,11.4366,2.334,NH3,41.5
112,0,3.3,255,91473,18668,91473,18668,11.43415,2.3335,NH3,41.49
113,0,3.3,255,91526,18678,91526,18678,11.44086,2.33487,NH3,41.52
114,0,3.3,255,91522,18678,91522,18678,11.44028,2.33475,NH3,41.52
115,0,3.3,255,91497,18672,91497,18672,11.43719,2.33412,NH3,41.5
116,0,3.3,255,91409,18655,91409,18655,11.42621,2.33188,NH3,41.45
117,0,3.3,255,91404,18654,91404,18654,11.42558,2.33175,NH3,41.45
118,0,3.3,255,91419,18657,91419,18657,11.42744,2.33213,NH3,41.46
119,0,3.3,255,91428,18658,91428,18658,11.42861,2.33237,NH3,41.46
120,0,3.3,255,91409,18655,91409,18655,11.42621,2.33188,NH3,41.45
121,0,3.3,255,91380,18649,91380,18649,11.42254,2.33113,NH3,41.44
122,0,3.3,255,91287,18630,91287,18630,11.41088,2.32875,NH3,41.38
123,0,3.3,255,91292,18631,91292,18631,11.41151,2.32888,NH3,41.39
124,0,3.3,255,91336,18640,91336,18640,11.417,2.33,NH3,41.41
125,0,0.0,0,106697,21774,106697,21774,13.33716,2.72187,NH3,50.0
126,0,0.0,0,104551,21336,104551,21336,13.06889,2.66712,NH3,48.8
127,0,0.0,0,101738,20763,101738,20763,12.71736,2.59538,NH3,47.23
128,0,0.0,0,98994,20202,98994,20202,12.37431,2.52537,NH3,45.69
129,0,0.0,0,96363,19666,96363,19666,12.04543,2.45825,NH3,44.22
130,0,0.0,0,93786,19140,93786,19140,11.72325,2.3925,NH3,42.78
131,0,0.0,0,91301,18632,91301,18632,11.41269,2.32912,NH3,41.39
132,0,0.0,0,88886,18140,88886,18140,11.11075,2.2675,NH3,40.04
133,0,0.0,0,86568,17667,86568,17667,10.82106,2.20838,NH3,38.75
134,0,0.0,0,84314,17207,84314,17207,10.53931,2.15088,NH3,37.49
135,0,0.0,0,82128,16760,82128,16760,10.26609,2.09512,NH3,36.27
136,0,0.0,0,80046,16335,80046,16335,10.0058,2.042,NH3,35.1
137,0,0.0,0,78032,15925,78032,15925,9.75409,1.99063,NH3,33.98
138,0,0.0,0,76087,15528,76087,15528,9.5109,1.941,NH3,32.89
139,0,0.0,0,74244,15152,74244,15152,9.2806,1.894,NH3,31.86
140,0,0.0,0,72446,14785,72446,14785,9.05584,1.84813,NH3,30.85
141,0,0.0,0,70687,14426,70687,14426,8.83593,1.80325,NH3,29.87
142,0,0.0,0,69060,14094,69060,14094,8.63258,1.76175,NH3,28.96
143,0,0.0,0,67438,13762,67438,13762,8.42981,1.72037,NH3,28.05
144,0,0.0,0,65895,13448,65895,13448,8.2369,1.681,NH3,27.19
145,0,0.0,0,64425,13148,64425,13148,8.05315,1.6435,NH3,26.37
146,0,0.0,0,63004,12858,63004,12858,7.87553,1.60725,NH3,25.58
147,0,0.0,0,61617,12574,61617,12574,7.70216,1.57187,NH3,24.8
148,0,0.0,0,60309,12308,60309,12308,7.53865,1.5385,NH3,24.07
149,0,0.0,0,59045,12050,59045,12050,7.38063,1.50625,NH3,23.36
150,0,0.0,0,57825,11801,57825,11801,7.22814,1.47513,NH3,22.68
151,0,0.0,0,56648,11560,56648,11560,7.08109,1.44512,NH3,22.02
152,0,0.0,0,55521,11330,55521,11330,6.94021,1.41637,NH3,21.39
153,0,0.0,0,54429,11108,54429,11108,6.80365,1.3885,NH3,20.78
154,0,0.0,0,53390,10896,53390,10896,6.6738,1.362,NH3,20.2
155,0,0.0,0,52395,10692,52395,10692,6.54944,1.33662,NH3,19.65
156,0,0.0,0,51445,10499,51445,10499,6.43066,1.31238,NH3,19.12
157,0,0.0,0,50499,10306,50499,10306,6.31243,1.28825,NH3,18.59
158,0,0.0,0,49627,10128,49627,10128,6.2034,1.266,NH3,18.1
159,0,0.0,0,48745,9948,48745,9948,6.09315,1.2435,NH3,17.61
160,0,0.0,0,47927,9781,47927,9781,5.99089,1.22263,NH3,17.15
161,0,0.0,0,47118,9616,47118,9616,5.8898,1.202,NH3,16.7
162,0,0.0,0,46359,9461,46359,9461,5.79489,1.18263,NH3,16.27
163,0,0.0,0,45619,9310,45619,9310,5.70238,1.16375,NH3,15.86
164,0,0.0,0,44898,9163,44898,9163,5.61236,1.14538,NH3,15.46
165,0,0.0,0,44217,9024,44217,9024,5.5272,1.128,NH3,15.08
166,0,0.0,0,43546,8887,43546,8887,5.44331,1.11088,NH3,14.7
167,0,0.0,0,42928,8760,42928,8760,5.36609,1.09512,NH3,14.36
168,0,0.0,0,42296,8632,42296,8632,5.2871,1.079,NH3,14.0
169,0,0.0,0,41713,8512,41713,8512,5.21419,1.06412,NH3,13.68
170,0,0.0,0,41140,8396,41140,8396,5.14255,1.0495,NH3,13.36
171,0,0.0,0,40572,8280,40572,8280,5.0715,1.035,NH3,13.04
172,0,0.0,0,40057,8175,40057,8175,5.00721,1.02188,NH3,12.75
173,0,0.0,0,39518,8064,39518,8064,4.93979,1.00812,NH3,12.45
174,0,0.0,0,39043,7968,39043,7968,4.8804,0.996,NH3,12.18
175,0,0.0,0,38543,7866,38543,7866,4.81792,0.98325,NH3,11.9
176,0,0.0,0,38087,7773,38087,7773,4.76099,0.97163,NH3,11.65
177,0,0.0,0,37641,7682,37641,7682,4.70523,0.96025,NH3,11.4
178,0,0.0,0,37171,7586,37171,7586,4.64643,0.94825,NH3,11.14
179,0,0.0,0,36769,7504,36769,7504,4.5962,0.938,NH3,10.91
180,0,0.0,0,36358,7420,36358,7420,4.54475,0.9275,NH3,10.68
181,0,0.0,0,35971,7341,35971,7341,4.49639,0.91763,NH3,10.47
182,0,0.0,0,35554,7256,35554,7256,4.4443,0.907,NH3,10.23
183,0,0.0,0,35191,7182,35191,7182,4.39898,0.89775,NH3,10.03
184,0,0.0,0,34848,7112,34848,7112,4.3561,0.889,NH3,9.84
185,0,0.0,0,34510,7043,34510,7043,4.31386,0.88038,NH3,9.65
186,0,0.0,0,34167,6972,34167,6972,4.27094,0.87162,NH3,9.46
187,0,0.0,0,33829,6904,33829,6904,4.2287,0.863,NH3,9.27
188,0,0.0,0,33521,6841,33521,6841,4.19014,0.85513,NH3,9.1
189,0,0.0,0,33222,6780,33222,6780,4.15275,0.8475,NH3,8.93
190,0,0.0,0,32923,6719,32923,6719,4.11541,0.83988,NH3,8.76
191,0,0.0,0,32634,6660,32634,6660,4.07925,0.8325,NH3,8.6
192,0,0.0,0,32359,6604,32359,6604,4.04495,0.8255,NH3,8.45
193,0,0.0,0,32100,6551,32100,6551,4.01251,0.81888,NH3,8.3
194,0,0.0,0,31835,6496,31835,6496,3.97939,0.81212,NH3,8.16
195,0,0.0,0,31575,6444,31575,6444,3.94695,0.8055,NH3,8.01
196,0,0.0,0,31360,6400,31360,6400,3.92,0.8,NH3,7.89
197,0,0.0,0,31115,6350,31115,6350,3.88938,0.79375,NH3,7.75
198,0,0.0,0,30894,6304,30894,6304,3.86179,0.78812,NH3,7.63
199,0,0.0,0,30679,6261,30679,6261,3.83489,0.78263,NH3,7.51
200,0,0.0,0,30453,6214,30453,6214,3.80666,0.77687,NH3,7.38
201,0,0.0,0,30257,6174,30257,6174,3.78216,0.77187,NH3,7.27
202,0,0.0,0,30032,6129,30032,6129,3.75404,0.76613,NH3,7.15
203,0,0.0,0,29850,6092,29850,6092,3.73135,0.7615,NH3,7.05
204,0,0.0,0,29640,6049,29640,6049,3.70504,0.75613,NH3,6.93
205,0,0.0,0,29468,6014,29468,6014,3.68358,0.75175,NH3,6.83
206,0,0.0,0,29302,5980,29302,5980,3.66275,0.7475,NH3,6.74
207,0,0.0,0,29120,5943,29120,5943,3.64011,0.74288,NH3,6.64
208,0,0.0,0,28959,5910,28959,5910,3.61988,0.73875,NH3,6.55
209,0,0.0,0,28792,5876,28792,5876,3.59905,0.7345,NH3,6.45
210,0,0.0,0,28635,5844,28635,5844,3.57945,0.7305,NH3,6.37
211,0,0.0,0,28469,5810,28469,5810,3.55863,0.72625,NH3,6.27
212,0,0.0,0,28346,5785,28346,5785,3.54334,0.72313,NH3,6.21
213,0,0.0,0,28170,5749,28170,5749,3.52129,0.71863,NH3,6.11
214,0,0.0,0,28042,5722,28042,5722,3.50531,0.71537,NH3,6.04
215,0,0.0,0,27881,5690,27881,5690,3.48513,0.71125,NH3,5.95
216,0,0.0,0,27763,5666,27763,5666,3.47043,0.70825,NH3,5.88
217,0,0.0,0,27631,5639,27631,5639,3.45391,0.70488,NH3,5.81
218,0,0.0,0,27532,5618,27532,5618,3.44161,0.70237,NH3,5.75
219,0,0.0,0,27396,5591,27396,5591,3.42451,0.69888,NH3,5.67
220,0,0.0,0,27287,5568,27287,5568,3.41099,0.69612,NH3,5.61
221,0,0.0,0,27165,5544,27165,5544,3.3957,0.693,NH3,5.55
222,0,0.0,0,27033,5517,27033,5517,3.37919,0.68963,NH3,5.47
223,0,0.0,0,26940,5498,26940,5498,3.36753,0.68725,NH3,5.42
224,0,0.0,0,26832,5476,26832,5476,3.35405,0.6845,NH3,5.36
225,0,0.0,0,26719,5453,26719,5453,3.33999,0.68163,NH3,5.3
226,0,0.0,0,26641,5437,26641,5437,3.33019,0.67963,NH3,5.25
227,0,0.0,0,26538,5416,26538,5416,3.3173,0.677,NH3,5.2
228,0,0.0,0,26469,5402,26469,5402,3.30873,0.67525,NH3,5.16
229,0,0.0,0,26371,5382,26371,5382,3.29648,0.67275,NH3,5.1
230,0,0.0,0,26278,5363,26278,5363,3.28486,0.67038,NH3,5.05
231,0,0.0,0,26195,5346,26195,5346,3.27443,0.66825,NH3,5.0
232,0,0.0,0,26111,5328,26111,5328,3.26399,0.66612,NH3,4.96
233,0,0.0,0,26038,5314,26038,5314,3.25483,0.66425,NH3,4.92
234,0,0.0,0,25965,5299,25965,5299,3.24566,0.66238,NH3,4.87
235,0,0.0,0,25891,5284,25891,5284,3.23645,0.6605,NH3,4.83
236,0,0.0,0,25832,5272,25832,5272,3.2291,0.659,NH3,4.8
237,0,0.0,0,25739,5253,25739,5253,3.21749,0.65663,NH3,4.75
238,0,0.0,0,25690,5243,25690,5243,3.21136,0.65538,NH3,4.72
239,0,0.0,0,25597,5224,25597,5224,3.1997,0.653,NH3,4.67
240,0,0.0,0,25534,5211,25534,5211,3.19176,0.65138,NH3,4.63
241,0,0.0,0,25465,5197,25465,5197,3.18319,0.64963,NH3,4.6
242,0,0.0,0,25431,5190,25431,5190,3.17888,0.64875,NH3,4.58
243,0,0.0,0,25352,5174,25352,5174,3.16908,0.64675,NH3,4.53
244,0,0.0,0,25278,5158,25278,5158,3.15986,0.64487,NH3,4.49
245,0,0.0,0,25220,5147,25220,5147,3.15256,0.64338,NH3,4.46
246,0,0.0,0,25161,5134,25161,5134,3.14516,0.64187,NH3,4.43
247,0,0.0,0,25097,5122,25097,5122,3.13723,0.64025,NH3,4.39
248,0,0.0,0,25029,5108,25029,5108,3.12865,0.6385,NH3,4.35
249,0,0.0,0,25004,5102,25004,5102,3.12556,0.63787,NH3,4.34
84,0,3.3,255,23279,4666,23279,4666,2.90988,0.58325,NH3,4.66
85,0,3.3,255,23330,4658,23330,4658,2.91625,0.58225,NH3,4.63
86,0,3.3,255,23183,4674,23183,4674,2.89788,0.58425,NH3,4.7
87,0,3.3,255,23350,4682,23350,4682,2.91875,0.58525,NH3,4.73
88,0,3.3,255,23207,4702,23207,4702,2.90088,0.58775,NH3,4.82
80,0,3.3,255,23251,4736,23251,4736,2.90638,0.592,NH3,4.97
81,0,3.3,255,23406,4648,23406,4648,2.92575,0.581,NH3,4.58
187,0,0.0,0,18532,4668,18532,4668,2.3165,0.5835,NH3,4.67
188,0,0.0,0,18502,4682,18502,4682,2.31275,0.58525,NH3,4.73
189,0,0.0,0,18474,4717,18474,4717,2.30925,0.58963,NH3,4.89
190,0,0.0,0,18453,4683,18453,4683,2.30663,0.58538,NH3,4.74
191,0,0.0,0,18408,4662,18408,4662,2.301,0.58275,NH3,4.65
199,0,0.0,0,18173,4636,18173,4636,2.27163,0.5795,NH3,4.53
200,0,0.0,0,18087,4711,18087,4711,2.26088,0.58888,NH3,4.86
201,0,0.0,0,18213,4720,18213,4720,2.27663,0.59,NH3,4.9
202,0,0.0,0,18206,4650,18206,4650,2.27575,0.58125,NH3,4.59
203,0,0.0,0,18189,4685,18189,4685,2.27363,0.58563,NH3,4.75
204,0,0.0,0,18163,4717,18163,4717,2.27038,0.58963,NH3,4.89
205,0,0.0,0,18081,4713,18081,4713,2.26013,0.58913,NH3,4.87
206,0,0.0,0,18153,4664,18153,4664,2.26913,0.583,NH3,4.65
207,0,0.0,0,18021,4674,18021,4674,2.25262,0.58425,NH3,4.7
208,0,0.0,0,18116,4642,18116,4642,2.2645,0.58025,NH3,4.56
209,0,0.0,0,17979,4628,17979,4628,2.24738,0.5785,NH3,4.5
210,0,0.0,0,18100,4715,18100,4715,2.2625,0.58938,NH3,4.88
211,0,0.0,0,17953,4704,17953,4704,2.24413,0.588,NH3,4.83
212,0,0.0,0,18073,4697,18073,4697,2.25912,0.58713,NH3,4.8
213,0,0.0,0,18061,4709,18061,4709,2.25763,0.58863,NH3,4.85
214,0,0.0,0,18057,4715,18057,4715,2.25713,0.58938,NH3,4.88
215,0,0.0,0,18041,4657,18041,4657,2.25513,0.58213,NH3,4.62
216,0,0.0,0,18041,4632,18041,4632,2.25513,0.579,NH3,4.51
217,0,0.0,0,17902,4639,17902,4639,2.23775,0.57988,NH3,4.55
218,0,0.0,0,18037,4657,18037,4657,2.25463,0.58213,NH3,4.62
219,0,0.0,0,18023,4690,18023,4690,2.25288,0.58625,NH3,4.77
220,0,0.0,0,18010,4717,18010,4717,2.25125,0.58963,NH3,4.89
221,0,0.0,0,17879,4711,17879,4711,2.23488,0.58888,NH3,4.86
222,0,0.0,0,17992,4719,17992,4719,2.249,0.58988,NH3,4.9
223,0,0.0,0,17979,4698,17979,4698,2.24738,0.58725,NH3,4.8
224,0,0.0,0,17972,4656,17972,4656,2.2465,0.582,NH3,4.62
225,0,0.0,0,17968,4715,17968,4715,2.246,0.58938,NH3,4.88
226,0,0.0,0,17833,4659,17833,4659,2.22913,0.58238,NH3,4.63
227,0,0.0,0,17948,4658,17948,4658,2.2435,0.58225,NH3,4.63
228,0,0.0,0,17831,4711,17831,4711,2.22888,0.58888,NH3,4.86
229,0,0.0,0,17957,4672,17957,4672,2.24463,0.584,NH3,4.69
230,0,0.0,0,17814,4710,17814,4710,2.22675,0.58875,NH3,4.86
231,0,0.0,0,17934,4701,17934,4701,2.24175,0.58763,NH3,4.82
232,0,0.0,0,17798,4661,17798,4661,2.22475,0.58263,NH3,4.64
233,0,0.0,0,17940,4673,17940,4673,2.2425,0.58413,NH3,4.69
234,0,0.0,0,17811,4661,17811,4661,2.22638,0.58263,NH3,4.64
235,0,0.0,0,17926,4716,17926,4716,2.24075,0.5895,NH3,4.88
236,0,0.0,0,17909,4709,17909,4709,2.23863,0.58863,NH3,4.85
237,0,0.0,0,17799,4695,17799,4695,2.22488,0.58688,NH3,4.79
238,0,0.0,0,17904,4720,17904,4720,2.238,0.59,NH3,4.9
239,0,0.0,0,17779,4714,17779,4714,2.22238,0.58925,NH3,4.87
240,0,0.0,0,17901,4716,17901,4716,2.23763,0.5895,NH3,4.88
241,0,0.0,0,17774,4718,17774,4718,2.22175,0.58975,NH3,4.89
242,0,0.0,0,17775,4646,17775,4646,2.22188,0.58075,NH3,4.58
243,0,0.0,0,17885,4654,17885,4654,2.23563,0.58175,NH3,4.61
244,0,0.0,0,17893,4711,17893,4711,2.23663,0.58888,NH3,4.86
245,0,0.0,0,17878,4719,17878,4719,2.23475,0.58988,NH3,4.9
246,0,0.0,0,17759,4713,17759,4713,2.21988,0.58913,NH3,4.87
247,0,0.0,0,17885,4648,17885,4648,2.23563,0.581,NH3,4.58
248,0,0.0,0,17874,4719,17874,4719,2.23425,0.58988,NH3,4.9
249,0,0.0,0,17883,4643,17883,4643,2.23538,0.58038,NH3,4.56
0,0,3.3,255,16590,4652,16590,4652,2.07375,0.5815,NH3,4.6
1,0,3.3,255,16697,4647,16697,4647,2.08713,0.58088,NH3,4.58
2,0,3.3,255,17110,4667,17110,4667,2.13875,0.58338,NH3,4.67
3,0,3.3,255,17852,4726,17852,4726,2.2315,0.59075,NH3,4.93
4,0,3.3,255,18178,4672,18178,4672,2.27225,0.584,NH3,4.69
5,0,3.3,255,18290,4670,18290,4670,2.28625,0.58375,NH3,4.68
6,0,3.3,255,18536,4667,18536,4667,2.317,0.58338,NH3,4.67
7,0,3.3,255,18883,4687,18883,4687,2.36038,0.58588,NH3,4.76
8,0,3.3,255,19213,4729,19213,4729,2.40163,0.59113,NH3,4.94
9,0,3.3,255,19469,4676,19469,4676,2.43363,0.5845,NH3,4.71
10,0,3.3,255,19712,4731,19712,4731,2.464,0.59138,NH3,4.95
11,0,3.3,255,19775,4696,19775,4696,2.47188,0.587,NH3,4.79
12,0,3.3,255,20054,4732,20054,4732,2.50675,0.5915,NH3,4.95
13,0,3.3,255,20068,4730,20068,4730,2.5085,0.59125,NH3,4.94
14,0,3.3,255,20370,4649,20370,4649,2.54625,0.58113,NH3,4.59
15,0,3.3,255,20508,4645,20508,4645,2.5635,0.58063,NH3,4.57
16,0,3.3,255,20507,4649,20507,4649,2.56338,0.58113,NH3,4.59
17,0,3.3,255,20771,4709,20771,4709,2.59638,0.58863,NH3,4.85
18,0,3.3,255,20764,4705,20764,4705,2.5955,0.58813,NH3,4.83
19,0,3.3,255,21019,4729,21019,4729,2.62738,0.59113,NH3,4.94
20,0,3.3,255,21059,4698,21059,4698,2.63238,0.58725,NH3,4.8
21,0,3.3,255,21241,4730,21241,4730,2.65513,0.59125,NH3,4.94
22,0,3.3,255,21245,4707,21245,4707,2.65563,0.58838,NH3,4.84
23,0,3.3,255,21443,4705,21443,4705,2.68038,0.58813,NH3,4.83
24,0,3.3,255,21456,4732,21456,4732,2.682,0.5915,NH3,4.95
25,0,3.3,255,21476,4731,21476,4731,2.6845,0.59138,NH3,4.95
26,0,3.3,255,21694,4672,21694,4672,2.71175,0.584,NH3,4.69
27,0,3.3,255,21646,4731,21646,4731,2.70575,0.59138,NH3,4.95
28,0,3.3,255,21876,4663,21876,4663,2.7345,0.58288,NH3,4.65
29,0,3.3,255,21874,4670,21874,4670,2.73425,0.58375,NH3,4.68
30,0,3.3,255,22006,4683,22006,4683,2.75075,0.58538,NH3,4.74
31,0,3.3,255,22093,4706,22093,4706,2.76163,0.58825,NH3,4.84
32,0,3.3,255,22000,4688,22000,4688,2.75,0.586,NH3,4.76
33,0,3.3,255,22216,4726,22216,4726,2.777,0.59075,NH3,4.93
34,0,3.3,255,22283,4684,22283,4684,2.78538,0.5855,NH3,4.74
35,0,3.3,255,22336,4676,22336,4676,2.792,0.5845,NH3,4.71
36,0,3.3,255,22394,4655,22394,4655,2.79925,0.58188,NH3,4.62
37,0,3.3,255,22488,4666,22488,4666,2.811,0.58325,NH3,4.66
38,0,3.3,255,22529,4720,22529,4720,2.81613,0.59,NH3,4.9
39,0,3.3,255,22577,4666,22577,4666,2.82213,0.58325,NH3,4.66
40,0,3.3,255,22609,4653,22609,4653,2.82613,0.58163,NH3,4.61
41,0,3.3,255,22489,4721,22489,4721,2.81113,0.59013,NH3,4.9
42,0,3.3,255,22683,4731,22683,4731,2.83538,0.59138,NH3,4.95
43,0,3.3,255,22702,4690,22702,4690,2.83775,0.58625,NH3,4.77
44,0,3.3,255,22737,4682,22737,4682,2.84213,0.58525,NH3,4.73
45,0,3.3,255,22769,4672,22769,4672,2.84613,0.584,NH3,4.69
46,0,3.3,255,22651,4729,22651,4729,2.83138,0.59113,NH3,4.94
47,0,3.3,255,22839,4728,22839,4728,2.85488,0.591,NH3,4.93
48,0,3.3,255,22739,4697,22739,4697,2.84238,0.58713,NH3,4.8
49,0,3.3,255,22892,4655,22892,4655,2.8615,0.58188,NH3,4.62
50,0,3.3,255,22833,4666,22833,4666,2.85413,0.58325,NH3,4.66
51,0,3.3,255,22957,4688,22957,4688,2.86963,0.586,NH3,4.76
52,0,3.3,255,22816,4727,22816,4727,2.852,0.59088,NH3,4.93
53,0,3.3,255,22993,4734,22993,4734,2.87413,0.59175,NH3,4.96
54,0,3.3,255,23009,4734,23009,4734,2.87613,0.59175,NH3,4.96
55,0,3.3,255,22873,4725,22873,4725,2.85913,0.59063,NH3,4.92
56,0,3.3,255,23066,4678,23066,4678,2.88325,0.58475,NH3,4.72
57,0,3.3,255,22931,4729,22931,4729,2.86638,0.59113,NH3,4.94
58,0,3.3,255,22979,4645,22979,4645,2.87238,0.58063,NH3,4.57
59,0,3.3,255,23084,4650,23084,4650,2.8855,0.58125,NH3,4.59
60,0,3.3,255,23271,4690,23271,4690,2.90888,0.58625,NH3,4.77
61,0,3.3,255,23106,4728,23106,4728,2.88825,0.591,NH3,4.93
62,0,3.3,255,23264,4698,23264,4698,2.908,0.58725,NH3,4.8
63,0,3.3,255,23274,4663,23274,4663,2.90925,0.58288,NH3,4.65
64,0,3.3,255,23289,4658,23289,4658,2.91113,0.58225,NH3,4.63
65,0,3.3,255,23292,4646,23292,4646,2.9115,0.58075,NH3,4.58
66,0,3.3,255,23306,4665,23306,4665,2.91325,0.58313,NH3,4.66
67,0,3.3,255,23285,4669,23285,4669,2.91063,0.58363,NH3,4.68
68,0,3.3,255,23163,4734,23163,4734,2.89538,0.59175,NH3,4.96
69,0,3.3,255,23159,4725,23159,4725,2.89488,0.59063,NH3,4.92
70,0,3.3,255,23338,4648,23338,4648,2.91725,0.581,NH3,4.58
71,0,3.3,255,23191,4672,23191,4672,2.89888,0.584,NH3,4.69
72,0,3.3,255,23343,4724,23343,4724,2.91788,0.5905,NH3,4.92
73,0,3.3,255,23189,4727,23189,4727,2.89863,0.59088,NH3,4.93
74,0,3.3,255,23347,4660,23347,4660,2.91838,0.5825,NH3,4.64
75,0,3.3,255,23195,4640,23195,4640,2.89938,0.58,NH3,4.55
76,0,3.3,255,23361,4665,23361,4665,2.92013,0.58313,NH3,4.66
77,0,3.3,255,23366,4729,23366,4729,2.92075,0.59113,NH3,4.94
78,0,3.3,255,23369,4675,23369,4675,2.92113,0.58438,NH3,4.7
79,0,3.3,255,23380,4653,23380,4653,2.9225,0.58163,NH3,4.61
80,0,3.3,255,23228,4694,23228,4694,2.9035,0.58675,NH3,4.79
81,0,3.3,255,23333,4728,23333,4728,2.91663,0.591,NH3,4.93
82,0,3.3,255,23223,4713,23223,4713,2.90288,0.58913,NH3,4.87
83,0,3.3,255,23390,4650,23390,4650,2.92375,0.58125,NH3,4.59
84,0,3.3,255,23387,4730,23387,4730,2.92338,0.59125,NH3,4.94
85,0,3.3,255,23386,4646,23386,4646,2.92325,0.58075,NH3,4.58
86,0,3.3,255,23221,4681,23221,4681,2.90263,0.58513,NH3,4.73
87,0,3.3,255,23396,4653,23396,4653,2.9245,0.58163,NH3,4.61
88,0,3.3,255,23362,4729,23362,4729,2.92025,0.59113,NH3,4.94
89,0,3.3,255,23254,4730,23254,4730,2.90675,0.59125,NH3,4.94
90,0,3.3,255,23381,4697,23381,4697,2.92263,0.58713,NH3,4.8
91,0,3.3,255,23420,4654,23420,4654,2.9275,0.58175,NH3,4.61
92,0,3.3,255,23354,4648,23354,4648,2.91925,0.581,NH3,4.58
93,0,3.3,255,23423,4715,23423,4715,2.92788,0.58938,NH3,4.88
94,0,3.3,255,23417,4721,23417,4721,2.92713,0.59013,NH3,4.9
95,0,3.3,255,23425,4647,23425,4647,2.92813,0.58088,NH3,4.58
96,0,3.3,255,23428,4651,23428,4651,2.9285,0.58138,NH3,4.6
97,0,3.3,255,23407,4731,23407,4731,2.92588,0.59138,NH3,4.95
98,0,3.3,255,23426,4728,23426,4728,2.92825,0.591,NH3,4.93
99,0,3.3,255,23427,4702,23427,4702,2.92838,0.58775,NH3,4.82
100,0,3.3,255,23425,4674,23425,4674,2.92813,0.58425,NH3,4.7
101,0,3.3,255,23278,4665,23278,4665,2.90975,0.58313,NH3,4.66
102,0,3.3,255,23444,4681,23444,4681,2.9305,0.58513,NH3,4.73
103,0,3.3,255,23432,4660,23432,4660,2.929,0.5825,NH3,4.64
104,0,3.3,255,23442,4670,23442,4670,2.93025,0.58375,NH3,4.68
105,0,3.3,255,23442,4665,23442,4665,2.93025,0.58313,NH3,4.66
106,0,3.3,255,23322,4664,23322,4664,2.91525,0.583,NH3,4.65
107,0,3.3,255,23295,4660,23295,4660,2.91188,0.5825,NH3,4.64
108,0,3.3,255,23443,4727,23443,4727,2.93038,0.59088,NH3,4.93
109,0,3.3,255,23448,4662,23448,4662,2.931,0.58275,NH3,4.65
110,0,3.3,255,23319,4729,23319,4729,2.91488,0.59113,NH3,4.94
111,0,3.3,255,23445,4734,23445,4734,2.93063,0.59175,NH3,4.96
112,0,3.3,255,23285,4726,23285,4726,2.91063,0.59075,NH3,4.93
113,0,3.3,255,23300,4665,23300,4665,2.9125,0.58313,NH3,4.66
114,0,3.3,255,23446,4726,23446,4726,2.93075,0.59075,NH3,4.93
115,0,3.3,255,23298,4668,23298,4668,2.91225,0.5835,NH3,4.67
116,0,3.3,255,23450,4717,23450,4717,2.93125,0.58963,NH3,4.89
117,0,3.3,255,23442,4731,23442,4731,2.93025,0.59138,NH3,4.95
118,0,3.3,255,23415,4671,23415,4671,2.92688,0.58388,NH3,4.69
119,0,3.3,255,23283,4722,23283,4722,2.91038,0.59025,NH3,4.91
120,0,3.3,255,23454,4693,23454,4693,2.93175,0.58663,NH3,4.78
121,0,3.3,255,23446,4731,23446,4731,2.93075,0.59138,NH3,4.95
122,0,3.3,255,23292,4729,23292,4729,2.9115,0.59113,NH3,4.94
123,0,3.3,255,23438,4697,23438,4697,2.92975,0.58713,NH3,4.8
124,0,3.3,255,23442,4675,23442,4675,2.93025,0.58438,NH3,4.7
125,0,0.0,0,25343,4678,25343,4678,3.16788,0.58475,NH3,4.72
126,0,0.0,0,25168,4644,25168,4644,3.146,0.5805,NH3,4.57
127,0,0.0,0,24951,4668,24951,4668,3.11888,0.5835,NH3,4.67
128,0,0.0,0,24545,4636,24545,4636,3.06813,0.5795,NH3,4.53
129,0,0.0,0,24484,4663,24484,4663,3.0605,0.58288,NH3,4.65
130,0,0.0,0,24236,4718,24236,4718,3.0295,0.58975,NH3,4.89
131,0,0.0,0,23889,4679,23889,4679,2.98613,0.58488,NH3,4.72
132,0,0.0,0,23793,4653,23793,4653,2.97413,0.58163,NH3,4.61
133,0,0.0,0,23540,4655,23540,4655,2.9425,0.58188,NH3,4.62
134,0,0.0,0,23311,4631,23311,4631,2.91388,0.57888,NH3,4.51
135,0,0.0,0,23145,4632,23145,4632,2.89313,0.579,NH3,4.51
136,0,0.0,0,22826,4655,22826,4655,2.85325,0.58188,NH3,4.62
137,0,0.0,0,22802,4719,22802,4719,2.85025,0.58988,NH3,4.9
138,0,0.0,0,22563,4711,22563,4711,2.82038,0.58888,NH3,4.86
139,0,0.0,0,22247,4712,22247,4712,2.78088,0.589,NH3,4.86
140,0,0.0,0,22238,4632,22238,4632,2.77975,0.579,NH3,4.51
141,0,0.0,0,21943,4631,21943,4631,2.74288,0.57888,NH3,4.51
142,0,0.0,0,21803,4661,21803,4661,2.72538,0.58263,NH3,4.64
143,0,0.0,0,21665,4717,21665,4717,2.70813,0.58963,NH3,4.89
144,0,0.0,0,21668,4710,21668,4710,2.7085,0.58875,NH3,4.86
145,0,0.0,0,21398,4637,21398,4637,2.67475,0.57963,NH3,4.54
146,0,0.0,0,21413,4649,21413,4649,2.67663,0.58113,NH3,4.59
147,0,0.0,0,21228,4718,21228,4718,2.6535,0.58975,NH3,4.89
148,0,0.0,0,20965,4718,20965,4718,2.62063,0.58975,NH3,4.89
149,0,0.0,0,20991,4689,20991,4689,2.62388,0.58613,NH3,4.76
150,0,0.0,0,20744,4632,20744,4632,2.593,0.579,NH3,4.51
151,0,0.0,0,20767,4690,20767,4690,2.59588,0.58625,NH3,4.77
152,0,0.0,0,20668,4657,20668,4657,2.5835,0.58213,NH3,4.62
153,0,0.0,0,20436,4663,20436,4663,2.5545,0.58288,NH3,4.65
154,0,0.0,0,20328,4715,20328,4715,2.541,0.58938,NH3,4.88
155,0,0.0,0,20237,4716,20237,4716,2.52963,0.5895,NH3,4.88
156,0,0.0,0,20287,4686,20287,4686,2.53588,0.58575,NH3,4.75
157,0,0.0,0,20068,4714,20068,4714,2.5085,0.58925,NH3,4.87
158,0,0.0,0,20110,4720,20110,4720,2.51375,0.59,NH3,4.9
159,0,0.0,0,19952,4667,19952,4667,2.494,0.58338,NH3,4.67
160,0,0.0,0,19956,4711,19956,4711,2.4945,0.58888,NH3,4.86
161,0,0.0,0,19740,4715,19740,4715,2.4675,0.58938,NH3,4.88
162,0,0.0,0,19796,4696,19796,4696,2.4745,0.587,NH3,4.79
163,0,0.0,0,19592,4653,19592,4653,2.449,0.58163,NH3,4.61
164,0,0.0,0,19662,4633,19662,4633,2.45775,0.57913,NH3,4.52
165,0,0.0,0,19463,4702,19463,4702,2.43288,0.58775,NH3,4.82
166,0,0.0,0,19524,4715,19524,4715,2.4405,0.58938,NH3,4.88
167,0,0.0,0,19278,4718,19278,4718,2.40975,0.58975,NH3,4.89
168,0,0.0,0,19204,4652,19204,4652,2.4005,0.5815,NH3,4.6
169,0,0.0,0,19264,4716,19264,4716,2.408,0.5895,NH3,4.88
170,0,0.0,0,19207,4696,19207,4696,2.40088,0.587,NH3,4.79
171,0,0.0,0,19132,4719,19132,4719,2.3915,0.58988,NH3,4.9
172,0,0.0,0,18959,4680,18959,4680,2.36988,0.585,NH3,4.72
173,0,0.0,0,19025,4646,19025,4646,2.37813,0.58075,NH3,4.58
174,0,0.0,0,18951,4703,18951,4703,2.36888,0.58788,NH3,4.83
175,0,0.0,0,18919,4649,18919,4649,2.36488,0.58113,NH3,4.59
176,0,0.0,0,18852,4708,18852,4708,2.3565,0.5885,NH3,4.85
177,0,0.0,0,18812,4637,18812,4637,2.3515,0.57963,NH3,4.54
178,0,0.0,0,18714,4718,18714,4718,2.33925,0.58975,NH3,4.89
179,0,0.0,0,18553,4692,18553,4692,2.31913,0.5865,NH3,4.78
180,0,0.0,0,18638,4683,18638,4683,2.32975,0.58538,NH3,4.74
181,0,0.0,0,18537,4640,18537,4640,2.31713,0.58,NH3,4.55
182,0,0.0,0,18595,4653,18595,4653,2.32438,0.58163,NH3,4.61
183,0,0.0,0,18544,4655,18544,4655,2.318,0.58188,NH3,4.62
184,0,0.0,0,18521,4632,18521,4632,2.31513,0.579,NH3,4.51
185,0,0.0,0,18475,4639,18475,4639,2.30938,0.57988,NH3,4.55
186,0,0.0,0,18485,4647,18485,4647,2.31063,0.58088,NH3,4.58
187,0,0.0,0,18420,4641,18420,4641,2.3025,0.58013,NH3,4.55
188,0,0.0,0,18411,4720,18411,4720,2.30138,0.59,NH3,4.9
189,0,0.0,0,18269,4715,18269,4715,2.28363,0.58938,NH3,4.88
190,0,0.0,0,18371,4656,18371,4656,2.29638,0.582,NH3,4.62
191,0,0.0,0,18346,4711,18346,4711,2.29325,0.58888,NH3,4.86
192,0,0.0,0,18338,4713,18338,4713,2.29225,0.58913,NH3,4.87
193,0,0.0,0,18306,4707,18306,4707,2.28825,0.58838,NH3,4.84
194,0,0.0,0,18162,4708,18162,4708,2.27025,0.5885,NH3,4.85
195,0,0.0,0,18277,4708,18277,4708,2.28463,0.5885,NH3,4.85
196,0,0.0,0,18251,4716,18251,4716,2.28138,0.5895,NH3,4.88
197,0,0.0,0,18108,4670,18108,4670,2.2635,0.58375,NH3,4.68
198,0,0.0,0,18234,4679,18234,4679,2.27925,0.58488,NH3,4.72
199,0,0.0,0,18080,4716,18080,4716,2.26,0.5895,NH3,4.88
200,0,0.0,0,18178,4675,18178,4675,2.27225,0.58438,NH3,4.7
201,0,0.0,0,18049,4625,18049,4625,2.25613,0.57812,NH3,4.48
202,0,0.0,0,18156,4662,18156,4662,2.2695,0.58275,NH3,4.65
203,0,0.0,0,18114,4635,18114,4635,2.26425,0.57938,NH3,4.53
204,0,0.0,0,18144,4648,18144,4648,2.268,0.581,NH3,4.58
205,0,0.0,0,18018,4640,18018,4640,2.25225,0.58,NH3,4.55
206,0,0.0,0,18110,4719,18110,4719,2.26375,0.58988,NH3,4.9
207,0,0.0,0,18006,4654,18006,4654,2.25075,0.58175,NH3,4.61
208,0,0.0,0,18096,4686,18096,4686,2.262,0.58575,NH3,4.75
209,0,0.0,0,17955,4716,17955,4716,2.24437,0.5895,NH3,4.88
210,0,0.0,0,18077,4710,18077,4710,2.25963,0.58875,NH3,4.86
211,0,0.0,0,17936,4710,17936,4710,2.242,0.58875,NH3,4.86
212,0,0.0,0,17919,4716,17919,4716,2.23988,0.5895,NH3,4.88
213,0,0.0,0,17907,4715,17907,4715,2.23838,0.58938,NH3,4.88
214,0,0.0,0,18021,4701,18021,4701,2.25262,0.58763,NH3,4.82
215,0,0.0,0,17919,4695,17919,4695,2.23988,0.58688,NH3,4.79
216,0,0.0,0,18007,4686,18007,4686,2.25087,0.58575,NH3,4.75
217,0,0.0,0,17875,4643,17875,4643,2.23438,0.58038,NH3,4.56
218,0,0.0,0,17991,4638,17991,4638,2.24888,0.57975,NH3,4.54
219,0,0.0,0,17868,4629,17868,4629,2.2335,0.57863,NH3,4.5
220,0,0.0,0,17981,4628,17981,4628,2.24763,0.5785,NH3,4.5
221,0,0.0,0,17970,4663,17970,4663,2.24625,0.58288,NH3,4.65
222,0,0.0,0,17846,4710,17846,4710,2.23075,0.58875,NH3,4.86
223,0,0.0,0,17840,4638,17840,4638,2.23,0.57975,NH3,4.54
224,0,0.0,0,17950,4629,17950,4629,2.24375,0.57863,NH3,4.5
225,0,0.0,0,17951,4640,17951,4640,2.24388,0.58,NH3,4.55
226,0,0.0,0,17944,4694,17944,4694,2.243,0.58675,NH3,4.79
227,0,0.0,0,17808,4628,17808,4628,2.226,0.5785,NH3,4.5
228,0,0.0,0,17925,4716,17925,4716,2.24063,0.5895,NH3,4.88
229,0,0.0,0,17914,4716,17914,4716,2.23925,0.5895,NH3,4.88
230,0,0.0,0,17905,4630,17905,4630,2.23813,0.57875,NH3,4.51
231,0,0.0,0,17894,4714,17894,4714,2.23675,0.58925,NH3,4.87
232,0,0.0,0,17899,4669,17899,4669,2.23738,0.58363,NH3,4.68
233,0,0.0,0,17765,4691,17765,4691,2.22063,0.58637,NH3,4.77
234,0,0.0,0,17877,4718,17877,4718,2.23463,0.58975,NH3,4.89
235,0,0.0,0,17749,4713,17749,4713,2.21863,0.58913,NH3,4.87
236,0,0.0,0,17873,4715,17873,4715,2.23413,0.58938,NH3,4.88
237,0,0.0,0,17877,4709,17877,4709,2.23463,0.58863,NH3,4.85
238,0,0.0,0,17863,4716,17863,4716,2.23288,0.5895,NH3,4.88
239,0,0.0,0,17853,4689,17853,4689,2.23163,0.58613,NH3,4.76
240,0,0.0,0,17864,4700,17864,4700,2.233,0.5875,NH3,4.81
241,0,0.0,0,17736,4714,17736,4714,2.217,0.58925,NH3,4.87
242,0,0.0,0,17860,4648,17860,4648,2.2325,0.581,NH3,4.58
243,0,0.0,0,17739,4648,17739,4648,2.21738,0.581,NH3,4.58
244,0,0.0,0,17854,4652,17854,4652,2.23175,0.5815,NH3,4.6
245,0,0.0,0,17728,4670,17728,4670,2.216,0.58375,NH3,4.68
246,0,0.0,0,17853,4662,17853,4662,2.23163,0.58275,NH3,4.65
247,0,0.0,0,17727,4627,17727,4627,2.21588,0.57838,NH3,4.49
248,0,0.0,0,17837,4715,17837,4715,2.22963,0.58938,NH3,4.88
249,0,0.0,0,17722,4666,17722,4666,2.21525,0.58325,NH3,4.66
0,0,3.3,255,16551,4720,16551,4720,2.06888,0.59,NH3,4.9
1,0,3.3,255,16667,4726,16667,4726,2.08338,0.59075,NH3,4.93
2,0,3.3,255,17196,4664,17196,4664,2.1495,0.583,NH3,4.65
3,0,3.3,255,17483,4694,17483,4694,2.18538,0.58675,NH3,4.79
4,0,3.3,255,17737,4642,17737,4642,2.21713,0.58025,NH3,4.56
5,0,3.3,255,18068,4729,18068,4729,2.2585,0.59113,NH3,4.94
6,0,3.3,255,18195,4730,18195,4730,2.27438,0.59125,NH3,4.94
7,0,3.3,255,18786,4649,18786,4649,2.34825,0.58113,NH3,4.59
8,0,3.3,255,18990,4678,18990,4678,2.37375,0.58475,NH3,4.72
9,0,3.3,255,19316,4670,19316,4670,2.4145,0.58375,NH3,4.68
10,0,3.3,255,19375,4669,19375,4669,2.42188,0.58363,NH3,4.68
11,0,3.3,255,19689,4660,19689,4660,2.46113,0.5825,NH3,4.64
12,0,3.3,255,19729,4663,19729,4663,2.46613,0.58288,NH3,4.65
13,0,3.3,255,19948,4676,19948,4676,2.4935,0.5845,NH3,4.71
14,0,3.3,255,20241,4664,20241,4664,2.53013,0.583,NH3,4.65
15,0,3.3,255,20298,4639,20298,4639,2.53725,0.57988,NH3,4.55
16,0,3.3,255,20579,4661,20579,4661,2.57238,0.58263,NH3,4.64
17,0,3.3,255,20714,4700,20714,4700,2.58925,0.5875,NH3,4.81
18,0,3.3,255,20843,4733,20843,4733,2.60538,0.59163,NH3,4.96
19,0,3.3,255,21006,4696,21006,4696,2.62575,0.587,NH3,4.79
20,0,3.3,255,21029,4728,21029,4728,2.62863,0.591,NH3,4.93
21,0,3.3,255,21085,4729,21085,4729,2.63563,0.59113,NH3,4.94
22,0,3.3,255,21189,4726,21189,4726,2.64863,0.59075,NH3,4.93
23,0,3.3,255,21445,4668,21445,4668,2.68063,0.5835,NH3,4.67
24,0,3.3,255,21537,4664,21537,4664,2.69213,0.583,NH3,4.65
25,0,3.3,255,21621,4645,21621,4645,2.70263,0.58063,NH3,4.57
26,0,3.3,255,21599,4727,21599,4727,2.69988,0.59088,NH3,4.93
27,0,3.3,255,21820,4731,21820,4731,2.7275,0.59138,NH3,4.95
28,0,3.3,255,21787,4717,21787,4717,2.72338,0.58963,NH3,4.89
29,0,3.3,255,21974,4732,21974,4732,2.74675,0.5915,NH3,4.95
30,0,3.3,255,21998,4668,21998,4668,2.74975,0.5835,NH3,4.67
31,0,3.3,255,22106,4689,22106,4689,2.76325,0.58613,NH3,4.76
32,0,3.3,255,22183,4644,22183,4644,2.77288,0.5805,NH3,4.57
33,0,3.3,255,22241,4729,22241,4729,2.78013,0.59113,NH3,4.94
34,0,3.3,255,22152,4699,22152,4699,2.769,0.58738,NH3,4.81
35,0,3.3,255,22351,4676,22351,4676,2.79388,0.5845,NH3,4.71
36,0,3.3,255,22251,4730,22251,4730,2.78138,0.59125,NH3,4.94
37,0,3.3,255,22362,4646,22362,4646,2.79525,0.58075,NH3,4.58
38,0,3.3,255,22498,4729,22498,4729,2.81225,0.59113,NH3,4.94
39,0,3.3,255,22392,4654,22392,4654,2.799,0.58175,NH3,4.61
40,0,3.3,255,22620,4728,22620,4728,2.8275,0.591,NH3,4.93
41,0,3.3,255,22655,4668,22655,4668,2.83188,0.5835,NH3,4.67
42,0,3.3,255,22535,4725,22535,4725,2.81688,0.59063,NH3,4.92
43,0,3.3,255,22731,4668,22731,4668,2.84138,0.5835,NH3,4.67
44,0,3.3,255,22766,4645,22766,4645,2.84575,0.58063,NH3,4.57
45,0,3.3,255,22815,4673,22815,4673,2.85188,0.58413,NH3,4.69
46,0,3.3,255,22700,4670,22700,4670,2.8375,0.58375,NH3,4.68
47,0,3.3,255,22878,4671,22878,4671,2.85975,0.58388,NH3,4.69
48,0,3.3,255,22755,4699,22755,4699,2.84438,0.58738,NH3,4.81
49,0,3.3,255,22921,4733,22921,4733,2.86513,0.59163,NH3,4.96
50,0,3.3,255,22956,4679,22956,4679,2.8695,0.58488,NH3,4.72
51,0,3.3,255,22935,4669,22935,4669,2.86688,0.58363,NH3,4.68
52,0,3.3,255,23008,4727,23008,4727,2.876,0.59088,NH3,4.93
53,0,3.3,255,22881,4730,22881,4730,2.86013,0.59125,NH3,4.94
54,0,3.3,255,23045,4729,23045,4729,2.88063,0.59113,NH3,4.94
55,0,3.3,255,22926,4681,22926,4681,2.86575,0.58513,NH3,4.73
56,0,3.3,255,23082,4665,23082,4665,2.88525,0.58313,NH3,4.66
57,0,3.3,255,23094,4703,23094,4703,2.88675,0.58788,NH3,4.83
58,0,3.3,255,23115,4705,23115,4705,2.88938,0.58813,NH3,4.83
59,0,3.3,255,23134,4679,23134,4679,2.89175,0.58488,NH3,4.72
60,0,3.3,255,22995,4727,22995,4727,2.87438,0.59088,NH3,4.93
61,0,3.3,255,23172,4652,23172,4652,2.8965,0.5815,NH3,4.6
62,0,3.3,255,23022,4676,23022,4676,2.87775,0.5845,NH3,4.71
63,0,3.3,255,23191,4734,23191,4734,2.89888,0.59175,NH3,4.96
64,0,3.3,255,23216,4731,23216,4731,2.902,0.59138,NH3,4.95
65,0,3.3,255,23076,4727,23076,4727,2.8845,0.59088,NH3,4.93
66,0,3.3,255,23233,4732,23233,4732,2.90413,0.5915,NH3,4.95
67,0,3.3,255,23098,4729,23098,4729,2.88725,0.59113,NH3,4.94
68,0,3.3,255,23257,4731,23257,4731,2.90713,0.59138,NH3,4.95
69,0,3.3,255,23114,4731,23114,4731,2.88925,0.59138,NH3,4.95
70,0,3.3,255,23120,4703,23120,4703,2.89,0.58788,NH3,4.83
71,0,3.3,255,23123,4638,23123,4638,2.89038,0.57975,NH3,4.54
72,0,3.3,255,23301,4663,23301,4663,2.91263,0.58288,NH3,4.65
73,0,3.3,255,23153,4667,23153,4667,2.89413,0.58338,NH3,4.67
74,0,3.3,255,23228,4661,23228,4661,2.9035,0.58263,NH3,4.64
75,0,3.3,255,23330,4685,23330,4685,2.91625,0.58563,NH3,4.75
76,0,3.3,255,23186,4696,23186,4696,2.89825,0.587,NH3,4.79
77,0,3.3,255,23338,4732,23338,4732,2.91725,0.5915,NH3,4.95
78,0,3.3,255,23324,4696,23324,4696,2.9155,0.587,NH3,4.79
79,0,3.3,255,23327,4734,23327,4734,2.91588,0.59175,NH3,4.96
80,0,3.3,255,23363,4687,23363,4687,2.92038,0.58588,NH3,4.76
81,0,3.3,255,23373,4731,23373,4731,2.92163,0.59138,NH3,4.95
82,0,3.3,255,23382,4643,23382,4643,2.92275,0.58038,NH3,4.56
83,0,3.3,255,23367,4683,23367,4683,2.92088,0.58538,NH3,4.74
84,0,3.3,255,23362,4674,23362,4674,2.92025,0.58425,NH3,4.7
85,0,3.3,255,23381,4728,23381,4728,2.92263,0.591,NH3,4.93
86,0,3.3,255,23238,4719,23238,4719,2.90475,0.58988,NH3,4.9
87,0,3.3,255,23245,4653,23245,4653,2.90563,0.58163,NH3,4.61
88,0,3.3,255,23261,4660,23261,4660,2.90763,0.5825,NH3,4.64
89,0,3.3,255,23403,4682,23403,4682,2.92538,0.58525,NH3,4.73
90,0,3.3,255,23278,4729,23278,4729,2.90975,0.59113,NH3,4.94
91,0,3.3,255,23257,4662,23257,4662,2.90713,0.58275,NH3,4.65
92,0,3.3,255,23266,4674,23266,4674,2.90825,0.58425,NH3,4.7
93,0,3.3,255,23348,4670,23348,4670,2.9185,0.58375,NH3,4.68
94,0,3.3,255,23412,4714,23412,4714,2.9265,0.58925,NH3,4.87
95,0,3.3,255,23387,4716,23387,4716,2.92338,0.5895,NH3,4.88
96,0,3.3,255,23375,4730,23375,4730,2.92188,0.59125,NH3,4.94
97,0,3.3,255,23382,4660,23382,4660,2.92275,0.5825,NH3,4.64
98,0,3.3,255,23378,4709,23378,4709,2.92225,0.58863,NH3,4.85
99,0,3.3,255,23394,4717,23394,4717,2.92425,0.58963,NH3,4.89
100,0,3.3,255,23213,4727,23213,4727,2.90163,0.59088,NH3,4.93
101,0,3.3,255,23420,4729,23420,4729,2.9275,0.59113,NH3,4.94
102,0,3.3,255,23264,4654,23264,4654,2.908,0.58175,NH3,4.61
103,0,3.3,255,23277,4659,23277,4659,2.90963,0.58238,NH3,4.63
104,0,3.3,255,23384,4688,23384,4688,2.923,0.586,NH3,4.76
105,0,3.3,255,23235,4683,23235,4683,2.90438,0.58538,NH3,4.74
106,0,3.3,255,23440,4665,23440,4665,2.93,0.58313,NH3,4.66
107,0,3.3,255,23357,4715,23357,4715,2.91963,0.58938,NH3,4.88
108,0,3.3,255,23247,4728,23247,4728,2.90588,0.591,NH3,4.93
109,0,3.3,255,23399,4730,23399,4730,2.92488,0.59125,NH3,4.94
110,0,3.3,255,23242,4686,23242,4686,2.90525,0.58575,NH3,4.75
111,0,3.3,255,23433,4715,23433,4715,2.92913,0.58938,NH3,4.88
112,0,3.3,255,23287,4687,23287,4687,2.91088,0.58588,NH3,4.76
113,0,3.3,255,23443,4725,23443,4725,2.93038,0.59063,NH3,4.92
114,0,3.3,255,23285,4668,23285,4668,2.91063,0.5835,NH3,4.67
115,0,3.3,255,23409,4735,23409,4735,2.92613,0.59188,NH3,4.97
116,0,3.3,255,23411,4731,23411,4731,2.92638,0.59138,NH3,4.95
117,0,3.3,255,23267,4671,23267,4671,2.90838,0.58388,NH3,4.69
118,0,3.3,255,23271,4650,23271,4650,2.90888,0.58125,NH3,4.59
119,0,3.3,255,23407,4646,23407,4646,2.92588,0.58075,NH3,4.58
120,0,3.3,255,23264,4655,23264,4655,2.908,0.58188,NH3,4.62
121,0,3.3,255,23418,4662,23418,4662,2.92725,0.58275,NH3,4.65
122,0,3.3,255,23272,4671,23272,4671,2.909,0.58388,NH3,4.69
123,0,3.3,255,23371,4672,23371,4672,2.92138,0.584,NH3,4.69
124,0,3.3,255,23188,4730,23188,4730,2.8985,0.59125,NH3,4.94
125,0,0.0,0,25239,4682,25239,4682,3.15488,0.58525,NH3,4.73
126,0,0.0,0,24940,4647,24940,4647,3.1175,0.58088,NH3,4.58
127,0,0.0,0,24434,4715,24434,4715,3.05425,0.58938,NH3,4.88
128,0,0.0,0,24152,4699,24152,4699,3.019,0.58738,NH3,4.81
129,0,0.0,0,24142,4642,24142,4642,3.01775,0.58025,NH3,4.56
130,0,0.0,0,23780,4655,23780,4655,2.9725,0.58188,NH3,4.62
131,0,0.0,0,23600,4660,23600,4660,2.95,0.5825,NH3,4.64
132,0,0.0,0,23160,4632,23160,4632,2.895,0.579,NH3,4.51
133,0,0.0,0,23036,4651,23036,4651,2.8795,0.58138,NH3,4.6
134,0,0.0,0,22777,4684,22777,4684,2.84713,0.5855,NH3,4.74
135,0,0.0,0,22478,4719,22478,4719,2.80975,0.58988,NH3,4.9
136,0,0.0,0,22444,4679,22444,4679,2.8055,0.58488,NH3,4.72
137,0,0.0,0,22147,4628,22147,4628,2.76838,0.5785,NH3,4.5
138,0,0.0,0,22147,4661,22147,4661,2.76838,0.58263,NH3,4.64
139,0,0.0,0,21941,4716,21941,4716,2.74263,0.5895,NH3,4.88
140,0,0.0,0,21832,4674,21832,4674,2.729,0.58425,NH3,4.7
141,0,0.0,0,21686,4706,21686,4706,2.71075,0.58825,NH3,4.84
142,0,0.0,0,21313,4631,21313,4631,2.66413,0.57888,NH3,4.51
143,0,0.0,0,21296,4654,21296,4654,2.662,0.58175,NH3,4.61
144,0,0.0,0,21083,4652,21083,4652,2.63538,0.5815,NH3,4.6
145,0,0.0,0,20886,4637,20886,4637,2.61075,0.57963,NH3,4.54
146,0,0.0,0,20632,4633,20632,4633,2.579,0.57913,NH3,4.52
147,0,0.0,0,20658,4631,20658,4631,2.58225,0.57888,NH3,4.51
148,0,0.0,0,20424,4634,20424,4634,2.553,0.57925,NH3,4.52
149,0,0.0,0,20414,4649,20414,4649,2.55175,0.58113,NH3,4.59
150,0,0.0,0,20206,4648,20206,4648,2.52575,0.581,NH3,4.58
151,0,0.0,0,20242,4660,20242,4660,2.53025,0.5825,NH3,4.64
152,0,0.0,0,20016,4643,20016,4643,2.502,0.58038,NH3,4.56
153,0,0.0,0,20065,4649,20065,4649,2.50813,0.58113,NH3,4.59
154,0,0.0,0,19850,4661,19850,4661,2.48125,0.58263,NH3,4.64
155,0,0.0,0,19900,4667,19900,4667,2.4875,0.58338,NH3,4.67
156,0,0.0,0,19695,4670,19695,4670,2.46188,0.58375,NH3,4.68
157,0,0.0,0,19749,4673,19749,4673,2.46863,0.58413,NH3,4.69
158,0,0.0,0,19543,4658,19543,4658,2.44288,0.58225,NH3,4.63
159,0,0.0,0,19559,4628,19559,4628,2.44488,0.5785,NH3,4.5
160,0,0.0,0,19360,4715,19360,4715,2.42,0.58938,NH3,4.88
161,0,0.0,0,19361,4693,19361,4693,2.42013,0.58663,NH3,4.78
162,0,0.0,0,19207,4710,19207,4710,2.40088,0.58875,NH3,4.86
163,0,0.0,0,19146,4650,19146,4650,2.39325,0.58125,NH3,4.59
164,0,0.0,0,18969,4687,18969,4687,2.37113,0.58588,NH3,4.76
165,0,0.0,0,19056,4638,19056,4638,2.382,0.57975,NH3,4.54
166,0,0.0,0,18983,4650,18983,4650,2.37288,0.58125,NH3,4.59
167,0,0.0,0,18745,4717,18745,4717,2.34313,0.58963,NH3,4.89
168,0,0.0,0,18740,4690,18740,4690,2.3425,0.58625,NH3,4.77
169,0,0.0,0,18680,4685,18680,4685,2.335,0.58563,NH3,4.75
170,0,0.0,0,18717,4646,18717,4646,2.33963,0.58075,NH3,4.58
171,0,0.0,0,18546,4650,18546,4650,2.31825,0.58125,NH3,4.59
172,0,0.0,0,18597,4687,18597,4687,2.32463,0.58588,NH3,4.76
173,0,0.0,0,18479,4679,18479,4679,2.30988,0.58488,NH3,4.72
174,0,0.0,0,18566,4648,18566,4648,2.32075,0.581,NH3,4.58
175,0,0.0,0,18414,4712,18414,4712,2.30175,0.589,NH3,4.86
176,0,0.0,0,18499,4711,18499,4711,2.31238,0.58888,NH3,4.86
177,0,0.0,0,18465,4680,18465,4680,2.30813,0.585,NH3,4.72
178,0,0.0,0,18306,4713,18306,4713,2.28825,0.58913,NH3,4.87
179,0,0.0,0,18399,4700,18399,4700,2.29988,0.5875,NH3,4.81
180,0,0.0,0,18265,4636,18265,4636,2.28313,0.5795,NH3,4.53
181,0,0.0,0,18360,4710,18360,4710,2.295,0.58875,NH3,4.86
182,0,0.0,0,18321,4711,18321,4711,2.29013,0.58888,NH3,4.86
183,0,0.0,0,18281,4714,18281,4714,2.28513,0.58925,NH3,4.87
184,0,0.0,0,18236,4704,18236,4704,2.2795,0.588,NH3,4.83
185,0,0.0,0,18097,4657,18097,4657,2.26213,0.58213,NH3,4.62
186,0,0.0,0,18090,4715,18090,4715,2.26125,0.58938,NH3,4.88
187,0,0.0,0,18159,4714,18159,4714,2.26988,0.58925,NH3,4.87
188,0,0.0,0,18047,4718,18047,4718,2.25588,0.58975,NH3,4.89
189,0,0.0,0,18146,4711,18146,4711,2.26825,0.58888,NH3,4.86
190,0,0.0,0,18011,4711,18011,4711,2.25138,0.58888,NH3,4.86
191,0,0.0,0,18124,4656,18124,4656,2.2655,0.582,NH3,4.62
192,0,0.0,0,18095,4714,18095,4714,2.26188,0.58925,NH3,4.87
193,0,0.0,0,17959,4652,17959,4652,2.24488,0.5815,NH3,4.6
194,0,0.0,0,18067,4715,18067,4715,2.25838,0.58938,NH3,4.88
195,0,0.0,0,18025,4645,18025,4645,2.25313,0.58063,NH3,4.57
196,0,0.0,0,18053,4691,18053,4691,2.25663,0.58637,NH3,4.77
197,0,0.0,0,18021,4626,18021,4626,2.25262,0.57825,NH3,4.49
198,0,0.0,0,17907,4653,17907,4653,2.23838,0.58163,NH3,4.61
199,0,0.0,0,18012,4659,18012,4659,2.2515,0.58238,NH3,4.63
200,0,0.0,0,17871,4715,17871,4715,2.23388,0.58938,NH3,4.88
201,0,0.0,0,17973,4696,17973,4696,2.24663,0.587,NH3,4.79
202,0,0.0,0,17846,4696,17846,4696,2.23075,0.587,NH3,4.79
203,0,0.0,0,17966,4637,17966,4637,2.24575,0.57963,NH3,4.54
204,0,0.0,0,17834,4636,17834,4636,2.22925,0.5795,NH3,4.53
205,0,0.0,0,17930,4663,17930,4663,2.24125,0.58288,NH3,4.65
206,0,0.0,0,17822,4649,17822,4649,2.22775,0.58113,NH3,4.59
207,0,0.0,0,17815,4656,17815,4656,2.22688,0.582,NH3,4.62
208,0,0.0,0,17909,4709,17909,4709,2.23863,0.58863,NH3,4.85
209,0,0.0,0,17908,4633,17908,4633,2.2385,0.57913,NH3,4.52
210,0,0.0,0,17795,4670,17795,4670,2.22438,0.58375,NH3,4.68
211,0,0.0,0,17902,4645,17902,4645,2.23775,0.58063,NH3,4.57
212,0,0.0,0,17759,4654,17759,4654,2.21988,0.58175,NH3,4.61
213,0,0.0,0,17769,4689,17769,4689,2.22113,0.58613,NH3,4.76
214,0,0.0,0,17873,4713,17873,4713,2.23413,0.58913,NH3,4.87
215,0,0.0,0,17770,4672,17770,4672,2.22125,0.584,NH3,4.69
216,0,0.0,0,17859,4718,17859,4718,2.23238,0.58975,NH3,4.89
217,0,0.0,0,17741,4716,17741,4716,2.21763,0.5895,NH3,4.88
218,0,0.0,0,17847,4682,17847,4682,2.23088,0.58525,NH3,4.73
219,0,0.0,0,17731,4635,17731,4635,2.21638,0.57938,NH3,4.53
220,0,0.0,0,17845,4629,17845,4629,2.23063,0.57863,NH3,4.5
221,0,0.0,0,17837,4630,17837,4630,2.22963,0.57875,NH3,4.51
222,0,0.0,0,17756,4696,17756,4696,2.2195,0.587,NH3,4.79
223,0,0.0,0,17832,4670,17832,4670,2.229,0.58375,NH3,4.68
224,0,0.0,0,17713,4653,17713,4653,2.21413,0.58163,NH3,4.61
225,0,0.0,0,17820,4714,17820,4714,2.2275,0.58925,NH3,4.87
226,0,0.0,0,17772,4713,17772,4713,2.2215,0.58913,NH3,4.87
227,0,0.0,0,17801,4716,17801,4716,2.22513,0.5895,NH3,4.88
228,0,0.0,0,17720,4716,17720,4716,2.215,0.5895,NH3,4.88
229,0,0.0,0,17801,4639,17801,4639,2.22513,0.57988,NH3,4.55
230,0,0.0,0,17804,4680,17804,4680,2.2255,0.585,NH3,4.72
231,0,0.0,0,17668,4671,17668,4671,2.2085,0.58388,NH3,4.69
232,0,0.0,0,17796,4653,17796,4653,2.2245,0.58163,NH3,4.61
233,0,0.0,0,17664,4671,17664,4671,2.208,0.58388,NH3,4.69
234,0,0.0,0,17746,4717,17746,4717,2.21825,0.58963,NH3,4.89
235,0,0.0,0,17651,4711,17651,4711,2.20638,0.58888,NH3,4.86
236,0,0.0,0,17660,4651,17660,4651,2.2075,0.58138,NH3,4.6
237,0,0.0,0,17777,4670,17777,4670,2.22213,0.58375,NH3,4.68
238,0,0.0,0,17772,4711,17772,4711,2.2215,0.58888,NH3,4.86
239,0,0.0,0,17635,4676,17635,4676,2.20438,0.5845,NH3,4.71
240,0,0.0,0,17631,4661,17631,4661,2.20388,0.58263,NH3,4.64
241,0,0.0,0,17645,4643,17645,4643,2.20563,0.58038,NH3,4.56
242,0,0.0,0,17766,4695,17766,4695,2.22075,0.58688,NH3,4.79
243,0,0.0,0,17693,4716,17693,4716,2.21163,0.5895,NH3,4.88
244,0,0.0,0,17741,4645,17741,4645,2.21763,0.58063,NH3,4.57
245,0,0.0,0,17630,4639,17630,4639,2.20375,0.57988,NH3,4.55
246,0,0.0,0,17752,4637,17752,4637,2.219,0.57963,NH3,4.54
247,0,0.0,0,17753,4652,17753,4652,2.21913,0.5815,NH3,4.6
248,0,0.0,0,17631,4718,17631,4718,2.20388,0.58975,NH3,4.89
249,0,0.0,0,17740,4717,17740,4717,2.2175,0.58963,NH3,4.89
0,0,3.3,255,16338,4683,16338,4683,2.04225,0.58538,NH3,4.74
1,0,3.3,255,16787,4642,16787,4642,2.09838,0.58025,NH3,4.56
2,0,3.3,255,16974,4671,16974,4671,2.12175,0.58388,NH3,4.69
3,0,3.3,255,17365,4674,17365,4674,2.17063,0.58425,NH3,4.7
4,0,3.3,255,17653,4651,17653,4651,2.20663,0.58138,NH3,4.6
5,0,3.3,255,17795,4662,17795,4662,2.22438,0.58275,NH3,4.65
6,0,3.3,255,18125,4732,18125,4732,2.26562,0.5915,NH3,4.95
7,0,3.3,255,18354,4644,18354,4644,2.29425,0.5805,NH3,4.57
8,0,3.3,255,18588,4720,18588,4720,2.3235,0.59,NH3,4.9
9,0,3.3,255,18765,4689,18765,4689,2.34563,0.58613,NH3,4.76
10,0,3.3,255,19033,4682,19033,4682,2.37913,0.58525,NH3,4.73
11,0,3.3,255,19205,4680,19205,4680,2.40063,0.585,NH3,4.72
12,0,3.3,255,19408,4728,19408,4728,2.426,0.591,NH3,4.93
13,0,3.3,255,19465,4655,19465,4655,2.43313,0.58188,NH3,4.62
14,0,3.3,255,19768,4661,19768,4661,2.471,0.58263,NH3,4.64
15,0,3.3,255,19804,4673,19804,4673,2.4755,0.58413,NH3,4.69
16,0,3.3,255,20030,4641,20030,4641,2.50375,0.58013,NH3,4.55
17,0,3.3,255,20155,4654,20155,4654,2.51938,0.58175,NH3,4.61
18,0,3.3,255,20469,4703,20469,4703,2.55863,0.58788,NH3,4.83
19,0,3.3,255,20455,4727,20455,4727,2.55688,0.59088,NH3,4.93
20,0,3.3,255,20717,4705,20717,4705,2.58963,0.58813,NH3,4.83
21,0,3.3,255,20859,4671,20859,4671,2.60738,0.58388,NH3,4.69
22,0,3.3,255,20812,4729,20812,4729,2.6015,0.59113,NH3,4.94
23,0,3.3,255,20923,4643,20923,4643,2.61538,0.58038,NH3,4.56
24,0,3.3,255,21179,4660,21179,4660,2.64738,0.5825,NH3,4.64
25,0,3.3,255,21142,4710,21142,4710,2.64275,0.58875,NH3,4.86
26,0,3.3,255,21355,4703,21355,4703,2.66938,0.58788,NH3,4.83
27,0,3.3,255,21314,4728,21314,4728,2.66425,0.591,NH3,4.93
28,0,3.3,255,21531,4679,21531,4679,2.69138,0.58488,NH3,4.72
29,0,3.3,255,21480,4657,21480,4657,2.685,0.58213,NH3,4.62
30,0,3.3,255,21732,4653,21732,4653,2.7165,0.58163,NH3,4.61
31,0,3.3,255,21763,4735,21763,4735,2.72038,0.59188,NH3,4.97
32,0,3.3,255,21891,4704,21891,4704,2.73638,0.588,NH3,4.83
33,0,3.3,255,21967,4701,21967,4701,2.74588,0.58763,NH3,4.82
34,0,3.3,255,22018,4731,22018,4731,2.75225,0.59138,NH3,4.95
35,0,3.3,255,22096,4657,22096,4657,2.762,0.58213,NH3,4.62
36,0,3.3,255,22150,4657,22150,4657,2.76875,0.58213,NH3,4.62
37,0,3.3,255,22199,4724,22199,4724,2.77488,0.5905,NH3,4.92
38,0,3.3,255,22255,4726,22255,4726,2.78188,0.59075,NH3,4.93
39,0,3.3,255,22317,4661,22317,4661,2.78963,0.58263,NH3,4.64
40,0,3.3,255,22354,4717,22354,4717,2.79425,0.58963,NH3,4.89
41,0,3.3,255,22256,4697,22256,4697,2.782,0.58713,NH3,4.8
42,0,3.3,255,22445,4652,22445,4652,2.80563,0.5815,NH3,4.6
43,0,3.3,255,22487,4729,22487,4729,2.81088,0.59113,NH3,4.94
44,0,3.3,255,22543,4733,22543,4733,2.81788,0.59163,NH3,4.96
45,0,3.3,255,22510,4706,22510,4706,2.81375,0.58825,NH3,4.84
46,0,3.3,255,22694,4670,22694,4670,2.83675,0.58375,NH3,4.68
47,0,3.3,255,22573,4703,22573,4703,2.82163,0.58788,NH3,4.83
48,0,3.3,255,22749,4696,22749,4696,2.84363,0.587,NH3,4.79
49,0,3.3,255,22640,4659,22640,4659,2.83,0.58238,NH3,4.63
50,0,3.3,255,22801,4726,22801,4726,2.85013,0.59075,NH3,4.93
51,0,3.3,255,22699,4661,22699,4661,2.83738,0.58263,NH3,4.64
52,0,3.3,255,22864,4671,22864,4671,2.858,0.58388,NH3,4.69
53,0,3.3,255,22732,4644,22732,4644,2.8415,0.5805,NH3,4.57
54,0,3.3,255,22910,4689,22910,4689,2.86375,0.58613,NH3,4.76
55,0,3.3,255,22926,4729,22926,4729,2.86575,0.59113,NH3,4.94
56,0,3.3,255,22940,4709,22940,4709,2.8675,0.58863,NH3,4.85
57,0,3.3,255,22981,4724,22981,4724,2.87263,0.5905,NH3,4.92
58,0,3.3,255,22861,4645,22861,4645,2.85763,0.58063,NH3,4.57
59,0,3.3,255,22905,4656,22905,4656,2.86313,0.582,NH3,4.62
60,0,3.3,255,22932,4720,22932,4720,2.8665,0.59,NH3,4.9
61,0,3.3,255,22956,4716,22956,4716,2.8695,0.5895,NH3,4.88
62,0,3.3,255,23107,4716,23107,4716,2.88838,0.5895,NH3,4.88
63,0,3.3,255,22960,4640,22960,4640,2.87,0.58,NH3,4.55
64,0,3.3,255,22986,4726,22986,4726,2.87325,0.59075,NH3,4.93
65,0,3.3,255,22983,4719,22983,4719,2.87288,0.58988,NH3,4.9
66,0,3.3,255,23151,4712,23151,4712,2.89388,0.589,NH3,4.86
67,0,3.3,255,23145,4700,23145,4700,2.89313,0.5875,NH3,4.81
68,0,3.3,255,23179,4646,23179,4646,2.89738,0.58075,NH3,4.58
69,0,3.3,255,23178,4717,23178,4717,2.89725,0.58963,NH3,4.89
70,0,3.3,255,23201,4675,23201,4675,2.90013,0.58438,NH3,4.7
71,0,3.3,255,23048,4661,23048,4661,2.881,0.58263,NH3,4.64
72,0,3.3,255,23212,4649,23212,4649,2.9015,0.58113,NH3,4.59
73,0,3.3,255,23070,4663,23070,4663,2.88375,0.58288,NH3,4.65
74,0,3.3,255,23224,4732,23224,4732,2.903,0.5915,NH3,4.95
75,0,3.3,255,23177,4731,23177,4731,2.89713,0.59138,NH3,4.95
76,0,3.3,255,23260,4668,23260,4668,2.9075,0.5835,NH3,4.67
77,0,3.3,255,23260,4650,23260,4650,2.9075,0.58125,NH3,4.59
78,0,3.3,255,23261,4731,23261,4731,2.90763,0.59138,NH3,4.95
79,0,3.3,255,23279,4646,23279,4646,2.90988,0.58075,NH3,4.58
80,0,3.3,255,23185,4727,23185,4727,2.89813,0.59088,NH3,4.93
81,0,3.3,255,23130,4716,23130,4716,2.89125,0.5895,NH3,4.88
82,0,3.3,255,23298,4662,23298,4662,2.91225,0.58275,NH3,4.65
83,0,3.3,255,23297,4695,23297,4695,2.91213,0.58688,NH3,4.79
84,0,3.3,255,23182,4694,23182,4694,2.89775,0.58675,NH3,4.79
85,0,3.3,255,23290,4677,23290,4677,2.91125,0.58463,NH3,4.71
86,0,3.3,255,23298,4727,23298,4727,2.91225,0.59088,NH3,4.93
87,0,3.3,255,23318,4658,23318,4658,2.91475,0.58225,NH3,4.63
88,0,3.3,255,23326,4666,23326,4666,2.91575,0.58325,NH3,4.66
89,0,3.3,255,23289,4725,23289,4725,2.91113,0.59063,NH3,4.92
90,0,3.3,255,23253,4731,23253,4731,2.90663,0.59138,NH3,4.95
91,0,3.3,255,23319,4713,23319,4713,2.91488,0.58913,NH3,4.87
92,0,3.3,255,23329,4687,23329,4687,2.91613,0.58588,NH3,4.76
93,0,3.3,255,23175,4663,23175,4663,2.89688,0.58288,NH3,4.65
94,0,3.3,255,23219,4658,23219,4658,2.90238,0.58225,NH3,4.63
95,0,3.3,255,23309,4667,23309,4667,2.91363,0.58338,NH3,4.67
96,0,3.3,255,23299,4652,23299,4652,2.91238,0.5815,NH3,4.6
97,0,3.3,255,23164,4732,23164,4732,2.8955,0.5915,NH3,4.95
98,0,3.3,255,23327,4718,23327,4718,2.91588,0.58975,NH3,4.89
99,0,3.3,255,23327,4671,23327,4671,2.91588,0.58388,NH3,4.69
100,0,3.3,255,23179,4729,23179,4729,2.89738,0.59113,NH3,4.94
101,0,3.3,255,23174,4723,23174,4723,2.89675,0.59038,NH3,4.91
102,0,3.3,255,23206,4662,23206,4662,2.90075,0.58275,NH3,4.65
103,0,3.3,255,23173,4720,23173,4720,2.89663,0.59,NH3,4.9
104,0,3.3,255,23317,4730,23317,4730,2.91463,0.59125,NH3,4.94
105,0,3.3,255,23305,4676,23305,4676,2.91313,0.5845,NH3,4.71
106,0,3.3,255,23164,4717,23164,4717,2.8955,0.58963,NH3,4.89
107,0,3.3,255,23301,4645,23301,4645,2.91263,0.58063,NH3,4.57
108,0,3.3,255,23298,4642,23298,4642,2.91225,0.58025,NH3,4.56
109,0,3.3,255,23297,4646,23297,4646,2.91213,0.58075,NH3,4.58
110,0,3.3,255,23326,4661,23326,4661,2.91575,0.58263,NH3,4.64
111,0,3.3,255,23320,4669,23320,4669,2.915,0.58363,NH3,4.68
112,0,3.3,255,23178,4655,23178,4655,2.89725,0.58188,NH3,4.62
113,0,3.3,255,23184,4675,23184,4675,2.898,0.58438,NH3,4.7
114,0,3.3,255,23330,4734,23330,4734,2.91625,0.59175,NH3,4.96
115,0,3.3,255,23197,4712,23197,4712,2.89963,0.589,NH3,4.86
116,0,3.3,255,23341,4730,23341,4730,2.91763,0.59125,NH3,4.94
117,0,3.3,255,23214,4719,23214,4719,2.90175,0.58988,NH3,4.9
118,0,3.3,255,23351,4669,23351,4669,2.91888,0.58363,NH3,4.68
119,0,3.3,255,23357,4680,23357,4680,2.91963,0.585,NH3,4.72
120,0,3.3,255,23332,4732,23332,4732,2.9165,0.5915,NH3,4.95
121,0,3.3,255,23339,4655,23339,4655,2.91738,0.58188,NH3,4.62
122,0,3.3,255,23339,4731,23339,4731,2.91738,0.59138,NH3,4.95
123,0,3.3,255,23195,4723,23195,4723,2.89938,0.59038,NH3,4.91
124,0,3.3,255,23358,4699,23358,4699,2.91975,0.58738,NH3,4.81
125,0,0.0,0,25102,4719,25102,4719,3.13775,0.58988,NH3,4.9
126,0,0.0,0,24984,4649,24984,4649,3.123,0.58113,NH3,4.59
127,0,0.0,0,24637,4633,24637,4633,3.07963,0.57913,NH3,4.52
128,0,0.0,0,24426,4667,24426,4667,3.05325,0.58338,NH3,4.67
129,0,0.0,0,24368,4720,24368,4720,3.046,0.59,NH3,4.9
130,0,0.0,0,23989,4691,23989,4691,2.99863,0.58637,NH3,4.77
131,0,0.0,0,23906,4719,23906,4719,2.98825,0.58988,NH3,4.9
132,0,0.0,0,23581,4655,23581,4655,2.94763,0.58188,NH3,4.62
133,0,0.0,0,23492,4722,23492,4722,2.9365,0.59025,NH3,4.91
134,0,0.0,0,23125,4708,23125,4708,2.89063,0.5885,NH3,4.85
135,0,0.0,0,23038,4649,23038,4649,2.87975,0.58113,NH3,4.59
136,0,0.0,0,22847,4635,22847,4635,2.85588,0.57938,NH3,4.53
137,0,0.0,0,22578,4662,22578,4662,2.82225,0.58275,NH3,4.65
138,0,0.0,0,22304,4715,22304,4715,2.788,0.58938,NH3,4.88
139,0,0.0,0,21995,4723,21995,4723,2.74938,0.59038,NH3,4.91
140,0,0.0,0,21984,4677,21984,4677,2.748,0.58463,NH3,4.71
141,0,0.0,0,21835,4635,21835,4635,2.72938,0.57938,NH3,4.53
142,0,0.0,0,21486,4658,21486,4658,2.68575,0.58225,NH3,4.63
143,0,0.0,0,21388,4669,21388,4669,2.6735,0.58363,NH3,4.68
144,0,0.0,0,21190,4715,21190,4715,2.64875,0.58938,NH3,4.88
145,0,0.0,0,20928,4640,20928,4640,2.616,0.58,NH3,4.55
146,0,0.0,0,20790,4636,20790,4636,2.59875,0.5795,NH3,4.53
147,0,0.0,0,20683,4710,20683,4710,2.58538,0.58875,NH3,4.86
148,0,0.0,0,20698,4631,20698,4631,2.58725,0.57888,NH3,4.51
149,0,0.0,0,20464,4632,20464,4632,2.558,0.579,NH3,4.51
150,0,0.0,0,20504,4647,20504,4647,2.563,0.58088,NH3,4.58
151,0,0.0,0,20268,4651,20268,4651,2.5335,0.58138,NH3,4.6
152,0,0.0,0,20175,4639,20175,4639,2.52188,0.57988,NH3,4.55
153,0,0.0,0,20091,4703,20091,4703,2.51138,0.58788,NH3,4.83
154,0,0.0,0,19870,4719,19870,4719,2.48375,0.58988,NH3,4.9
155,0,0.0,0,19908,4706,19908,4706,2.4885,0.58825,NH3,4.84
156,0,0.0,0,19707,4716,19707,4716,2.46338,0.5895,NH3,4.88
157,0,0.0,0,19764,4656,19764,4656,2.4705,0.582,NH3,4.62
158,0,0.0,0,19543,4639,19543,4639,2.44288,0.57988,NH3,4.55
159,0,0.0,0,19453,4675,19453,4675,2.43163,0.58438,NH3,4.7
160,0,0.0,0,19355,4624,19355,4624,2.41938,0.578,NH3,4.48
161,0,0.0,0,19270,4649,19270,4649,2.40875,0.58113,NH3,4.59
162,0,0.0,0,19199,4659,19199,4659,2.39988,0.58238,NH3,4.63
163,0,0.0,0,19126,4637,19126,4637,2.39075,0.57963,NH3,4.54
164,0,0.0,0,18926,4680,18926,4680,2.36575,0.585,NH3,4.72
165,0,0.0,0,18862,4649,18862,4649,2.35775,0.58113,NH3,4.59
166,0,0.0,0,18933,4713,18933,4713,2.36663,0.58913,NH3,4.87
167,0,0.0,0,18779,4630,18779,4630,2.34738,0.57875,NH3,4.51
168,0,0.0,0,18862,4697,18862,4697,2.35775,0.58713,NH3,4.8
169,0,0.0,0,18703,4676,18703,4676,2.33788,0.5845,NH3,4.71
170,0,0.0,0,18762,4664,18762,4664,2.34525,0.583,NH3,4.65
171,0,0.0,0,18673,4715,18673,4715,2.33413,0.58938,NH3,4.88
172,0,0.0,0,18685,4710,18685,4710,2.33563,0.58875,NH3,4.86
173,0,0.0,0,18530,4714,18530,4714,2.31625,0.58925,NH3,4.87
174,0,0.0,0,18617,4679,18617,4679,2.32713,0.58488,NH3,4.72
175,0,0.0,0,18465,4633,18465,4633,2.30813,0.57913,NH3,4.52
176,0,0.0,0,18439,4642,18439,4642,2.30488,0.58025,NH3,4.56
177,0,0.0,0,18533,4644,18533,4644,2.31663,0.5805,NH3,4.57
178,0,0.0,0,18502,4649,18502,4649,2.31275,0.58113,NH3,4.59
179,0,0.0,0,18462,4667,18462,4667,2.30775,0.58338,NH3,4.67
180,0,0.0,0,18440,4669,18440,4669,2.305,0.58363,NH3,4.68
181,0,0.0,0,18363,4706,18363,4706,2.29538,0.58825,NH3,4.84
182,0,0.0,0,18391,4641,18391,4641,2.29888,0.58013,NH3,4.55
183,0,0.0,0,18249,4652,18249,4652,2.28113,0.5815,NH3,4.6
184,0,0.0,0,18337,4662,18337,4662,2.29213,0.58275,NH3,4.65
185,0,0.0,0,18187,4708,18187,4708,2.27338,0.5885,NH3,4.85
186,0,0.0,0,18284,4665,18284,4665,2.2855,0.58313,NH3,4.66
187,0,0.0,0,18159,4639,18159,4639,2.26988,0.57988,NH3,4.55
188,0,0.0,0,18125,4639,18125,4639,2.26562,0.57988,NH3,4.55
189,0,0.0,0,18234,4713,18234,4713,2.27925,0.58913,NH3,4.87
190,0,0.0,0,18200,4681,18200,4681,2.275,0.58513,NH3,4.73
191,0,0.0,0,18206,4656,18206,4656,2.27575,0.582,NH3,4.62
192,0,0.0,0,18183,4649,18183,4649,2.27288,0.58113,NH3,4.59
233,0,0.0,0,17784,4661,17784,4661,2.223,0.58263,NH3,4.64
234,0,0.0,0,17761,4679,17761,4679,2.22013,0.58488,NH3,4.72
235,0,0.0,0,17779,4663,17779,4663,2.22238,0.58288,NH3,4.65
236,0,0.0,0,17639,4719,17639,4719,2.20487,0.58988,NH3,4.9
237,0,0.0,0,17644,4709,17644,4709,2.2055,0.58863,NH3,4.85
238,0,0.0,0,17759,4633,17759,4633,2.21988,0.57913,NH3,4.52
239,0,0.0,0,17627,4696,17627,4696,2.20338,0.587,NH3,4.79
240,0,0.0,0,17749,4625,17749,4625,2.21863,0.57812,NH3,4.48
241,0,0.0,0,17673,4645,17673,4645,2.20913,0.58063,NH3,4.57
242,0,0.0,0,17748,4658,17748,4658,2.2185,0.58225,NH3,4.63
243,0,0.0,0,17697,4682,17697,4682,2.21213,0.58525,NH3,4.73
244,0,0.0,0,17732,4666,17732,4666,2.2165,0.58325,NH3,4.66
245,0,0.0,0,17613,4661,17613,4661,2.20163,0.58263,NH3,4.64
246,0,0.0,0,17738,4643,17738,4643,2.21725,0.58038,NH3,4.56
247,0,0.0,0,17621,4644,17621,4644,2.20263,0.5805,NH3,4.57
248,0,0.0,0,17720,4721,17720,4721,2.215,0.59013,NH3,4.9
249,0,0.0,0,17725,4632,17725,4632,2.21563,0.579,NH3,4.51
0,0,3.3,255,16337,4681,16337,4681,2.04212,0.58513,NH3,4.73
1,0,3.3,255,16577,4651,16577,4651,2.07213,0.58138,NH3,4.6
2,0,3.3,255,16870,4723,16870,4723,2.10875,0.59038,NH3,4.91
3,0,3.3,255,17263,4709,17263,4709,2.15788,0.58863,NH3,4.85
176,0,0.0,0,31889,6508,31889,6508,3.9862,0.8135,NH3,12.7
177,0,0.0,0,31900,6510,31900,6510,3.9876,0.8138,NH3,12.7
178,0,0.0,0,32061,6543,32061,6543,4.0077,0.8179,NH3,12.9
179,0,0.0,0,32159,6563,32159,6563,4.02,0.8204,NH3,13.0
180,0,0.0,0,32344,6600,32344,6600,4.043,0.8251,NH3,13.1
181,0,0.0,0,32673,6668,32673,6668,4.0842,0.8335,NH3,13.4
182,0,0.0,0,32755,6684,32755,6684,4.0944,0.8356,NH3,13.5
183,0,0.0,0,32430,6618,32430,6618,4.0538,0.8273,NH3,13.2
184,0,0.0,0,32857,6705,32857,6705,4.1072,0.8382,NH3,13.6
185,0,0.0,0,33006,6736,33006,6736,4.1258,0.842,NH3,13.7
186,0,0.0,0,33163,6768,33163,6768,4.1454,0.846,NH3,13.9
187,0,0.0,0,32830,6700,32830,6700,4.1038,0.8375,NH3,13.6
188,0,0.0,0,32959,6726,32959,6726,4.1199,0.8408,NH3,13.7
189,0,0.0,0,33359,6808,33359,6808,4.1699,0.851,NH3,14.0
190,0,0.0,0,33543,6845,33543,6845,4.1929,0.8557,NH3,14.2
191,0,0.0,0,33359,6808,33359,6808,4.1699,0.851,NH3,14.0
192,0,0.0,0,33340,6804,33340,6804,4.1675,0.8505,NH3,14.0
193,0,0.0,0,33496,6836,33496,6836,4.1871,0.8545,NH3,14.2
194,0,0.0,0,33684,6874,33684,6874,4.2106,0.8593,NH3,14.3
195,0,0.0,0,33668,6871,33668,6871,4.2086,0.8589,NH3,14.3
196,0,0.0,0,33782,6894,33782,6894,4.2228,0.8618,NH3,14.4
197,0,0.0,0,34009,6940,34009,6940,4.2512,0.8676,NH3,14.6
198,0,0.0,0,34312,7002,34312,7002,4.289,0.8753,NH3,14.9
199,0,0.0,0,34178,6975,34178,6975,4.2723,0.8719,NH3,14.8
200,0,0.0,0,34221,6984,34221,6984,4.2777,0.873,NH3,14.8
201,0,0.0,0,34633,7068,34633,7068,4.3292,0.8835,NH3,15.2
202,0,0.0,0,34708,7083,34708,7083,4.3385,0.8854,NH3,15.2
203,0,0.0,0,34786,7099,34786,7099,4.3483,0.8874,NH3,15.3
204,0,0.0,0,34880,7118,34880,7118,4.36,0.8898,NH3,15.4
205,0,0.0,0,34970,7136,34970,7136,4.3713,0.8921,NH3,15.5
206,0,0.0,0,34832,7108,34832,7108,4.3541,0.8886,NH3,15.4
207,0,0.0,0,34911,7124,34911,7124,4.3639,0.8906,NH3,15.4
208,0,0.0,0,35131,7169,35131,7169,4.3914,0.8962,NH3,15.6
209,0,0.0,0,34997,7142,34997,7142,4.3747,0.8928,NH3,15.5
210,0,0.0,0,35397,7224,35397,7224,4.4247,0.903,NH3,15.9
211,0,0.0,0,35185,7180,35185,7180,4.3982,0.8976,NH3,15.7
212,0,0.0,0,35342,7212,35342,7212,4.4178,0.9016,NH3,15.8
213,0,0.0,0,35354,7215,35354,7215,4.4193,0.9019,NH3,15.8
214,0,0.0,0,35311,7206,35311,7206,4.4139,0.9008,NH3,15.8
215,0,0.0,0,35444,7233,35444,7233,4.4306,0.9042,NH3,15.9
216,0,0.0,0,35860,7318,35860,7318,4.4825,0.9148,NH3,16.3
217,0,0.0,0,35648,7275,35648,7275,4.4561,0.9094,NH3,16.1
218,0,0.0,0,35692,7284,35692,7284,4.4615,0.9105,NH3,16.1
219,0,0.0,0,36005,7348,36005,7348,4.5007,0.9185,NH3,16.4
220,0,0.0,0,35770,7300,35770,7300,4.4713,0.9125,NH3,16.2
221,0,0.0,0,35915,7329,35915,7329,4.4894,0.9162,NH3,16.3
222,0,0.0,0,36008,7348,36008,7348,4.5011,0.9186,NH3,16.4
223,0,0.0,0,36244,7396,36244,7396,4.5305,0.9246,NH3,16.6
224,0,0.0,0,36216,7391,36216,7391,4.5271,0.9239,NH3,16.6
225,0,0.0,0,36252,7398,36252,7398,4.5315,0.9248,NH3,16.6
226,0,0.0,0,36530,7455,36530,7455,4.5663,0.9319,NH3,16.9
227,0,0.0,0,36534,7456,36534,7456,4.5668,0.932,NH3,16.9
228,0,0.0,0,36244,7396,36244,7396,4.5305,0.9246,NH3,16.6
229,0,0.0,0,36397,7428,36397,7428,4.5497,0.9285,NH3,16.7
230,0,0.0,0,36468,7442,36468,7442,4.5585,0.9303,NH3,16.8
231,0,0.0,0,36777,7505,36777,7505,4.5972,0.9382,NH3,17.1
232,0,0.0,0,36385,7425,36385,7425,4.5482,0.9282,NH3,16.7
233,0,0.0,0,36711,7492,36711,7492,4.5889,0.9365,NH3,17.0
234,0,0.0,0,36542,7457,36542,7457,4.5678,0.9322,NH3,16.9
235,0,0.0,0,36538,7456,36538,7456,4.5673,0.9321,NH3,16.9
236,0,0.0,0,36632,7476,36632,7476,4.5791,0.9345,NH3,17.0
237,0,0.0,0,36836,7517,36836,7517,4.6045,0.9397,NH3,17.1
238,0,0.0,0,36808,7512,36808,7512,4.6011,0.939,NH3,17.1
239,0,0.0,0,36965,7544,36965,7544,4.6207,0.943,NH3,17.3
240,0,0.0,0,37091,7569,37091,7569,4.6364,0.9462,NH3,17.4
241,0,0.0,0,36800,7510,36800,7510,4.6001,0.9388,NH3,17.1
242,0,0.0,0,36750,7500,36750,7500,4.5938,0.9375,NH3,17.1
243,0,0.0,0,36750,7500,36750,7500,4.5938,0.9375,NH3,17.1
244,0,0.0,0,36953,7541,36953,7541,4.6192,0.9427,NH3,17.2
245,0,0.0,0,36934,7537,36934,7537,4.6168,0.9422,NH3,17.2
246,0,0.0,0,36895,7529,36895,7529,4.6119,0.9412,NH3,17.2
247,0,0.0,0,36946,7540,36946,7540,4.6183,0.9425,NH3,17.2
248,0,0.0,0,37177,7587,37177,7587,4.6472,0.9484,NH3,17.4
249,0,0.0,0,36828,7516,36828,7516,4.6036,0.9395,NH3,17.1
0,0,3.3,255,36961,7543,36961,7543,4.6202,0.9429,NH3,17.3
1,0,3.3,255,36875,7525,36875,7525,4.6094,0.9407,NH3,17.2
2,0,3.3,255,36985,7548,36985,7548,4.6232,0.9435,NH3,17.3
3,0,3.3,255,36946,7540,36946,7540,4.6183,0.9425,NH3,17.2
4,0,3.3,255,36895,7529,36895,7529,4.6119,0.9412,NH3,17.2
5,0,3.3,255,37016,7554,37016,7554,4.6271,0.9443,NH3,17.3
6,0,3.3,255,37248,7601,37248,7601,4.656,0.9502,NH3,17.5
7,0,3.3,255,37181,7588,37181,7588,4.6477,0.9485,NH3,17.4
8,0,3.3,255,37184,7588,37184,7588,4.6481,0.9486,NH3,17.5
9,0,3.3,255,36969,7544,36969,7544,4.6212,0.9431,NH3,17.3
10,0,3.3,255,36883,7527,36883,7527,4.6104,0.9409,NH3,17.2
11,0,3.3,255,36777,7505,36777,7505,4.5972,0.9382,NH3,17.1
12,0,3.3,255,36691,7488,36691,7488,4.5864,0.936,NH3,17.0
13,0,3.3,255,36714,7492,36714,7492,4.5893,0.9366,NH3,17.0
14,0,3.3,255,36769,7504,36769,7504,4.5962,0.938,NH3,17.1
15,0,3.3,255,37008,7552,37008,7552,4.6261,0.9441,NH3,17.3
16,0,3.3,255,36593,7468,36593,7468,4.5742,0.9335,NH3,16.9
17,0,3.3,255,36608,7471,36608,7471,4.5761,0.9339,NH3,16.9
18,0,3.3,255,36753,7500,36753,7500,4.5942,0.9376,NH3,17.1
19,0,3.3,255,36816,7513,36816,7513,4.6021,0.9392,NH3,17.1
20,0,3.3,255,36408,7430,36408,7430,4.5511,0.9288,NH3,16.8
21,0,3.3,255,36416,7432,36416,7432,4.5521,0.929,NH3,16.8
22,0,3.3,255,36303,7408,36303,7408,4.5379,0.9261,NH3,16.7
23,0,3.3,255,36448,7438,36448,7438,4.556,0.9298,NH3,16.8
24,0,3.3,255,36424,7433,36424,7433,4.5531,0.9292,NH3,16.8
25,0,3.3,255,36472,7443,36472,7443,4.559,0.9304,NH3,16.8
26,0,3.3,255,36350,7418,36350,7418,4.5438,0.9273,NH3,16.7
27,0,3.3,255,36397,7428,36397,7428,4.5497,0.9285,NH3,16.7
28,0,3.3,255,35934,7333,35934,7333,4.4918,0.9167,NH3,16.3
29,0,3.3,255,36115,7370,36115,7370,4.5144,0.9213,NH3,16.5
30,0,3.3,255,35962,7339,35962,7339,4.4953,0.9174,NH3,16.4
31,0,3.3,255,35727,7291,35727,7291,4.4659,0.9114,NH3,16.1
32,0,3.3,255,35805,7307,35805,7307,4.4757,0.9134,NH3,16.2
33,0,3.3,255,35612,7268,35612,7268,4.4516,0.9085,NH3,16.0
34,0,3.3,255,35550,7255,35550,7255,4.4438,0.9069,NH3,16.0
35,0,3.3,255,35538,7252,35538,7252,4.4423,0.9066,NH3,16.0
36,0,3.3,255,35503,7245,35503,7245,4.4379,0.9057,NH3,15.9
37,0,3.3,255,35515,7248,35515,7248,4.4394,0.906,NH3,16.0
38,0,3.3,255,35648,7275,35648,7275,4.4561,0.9094,NH3,16.1
39,0,3.3,255,35178,7179,35178,7179,4.3973,0.8974,NH3,15.7
40,0,3.3,255,35174,7178,35174,7178,4.3968,0.8973,NH3,15.7
41,0,3.3,255,35374,7219,35374,7219,4.4218,0.9024,NH3,15.8
42,0,3.3,255,35044,7152,35044,7152,4.3806,0.894,NH3,15.5
43,0,3.3,255,35076,7158,35076,7158,4.3845,0.8948,NH3,15.6
44,0,3.3,255,34997,7142,34997,7142,4.3747,0.8928,NH3,15.5
45,0,3.3,255,34633,7068,34633,7068,4.3292,0.8835,NH3,15.2
46,0,3.3,255,34817,7105,34817,7105,4.3522,0.8882,NH3,15.3
47,0,3.3,255,34555,7052,34555,7052,4.3194,0.8815,NH3,15.1
48,0,3.3,255,34605,7062,34605,7062,4.3257,0.8828,NH3,15.1
49,0,3.3,255,34621,7065,34621,7065,4.3277,0.8832,NH3,15.2
50,0,3.3,255,34566,7054,34566,7054,4.3208,0.8818,NH3,15.1
51,0,3.3,255,34068,6952,34068,6952,4.2586,0.8691,NH3,14.7
52,0,3.3,255,34143,6968,34143,6968,4.2679,0.871,NH3,14.7
53,0,3.3,255,34312,7002,34312,7002,4.289,0.8753,NH3,14.9
54,0,3.3,255,34037,6946,34037,6946,4.2547,0.8683,NH3,14.6
55,0,3.3,255,33876,6913,33876,6913,4.2346,0.8642,NH3,14.5
56,0,3.3,255,34006,6940,34006,6940,4.2508,0.8675,NH3,14.6
57,0,3.3,255,33575,6852,33575,6852,4.1969,0.8565,NH3,14.2
58,0,3.3,255,33672,6872,33672,6872,4.2091,0.859,NH3,14.3
59,0,3.3,255,33355,6807,33355,6807,4.1694,0.8509,NH3,14.0
60,0,3.3,255,33194,6774,33194,6774,4.1493,0.8468,NH3,13.9
61,0,3.3,255,33382,6812,33382,6812,4.1728,0.8516,NH3,14.1
62,0,3.3,255,33382,6812,33382,6812,4.1728,0.8516,NH3,14.1
187,0,0.0,0,32830,6700,32830,6700,4.1038,0.8375,NH3,13.6
188,0,0.0,0,32959,6726,32959,6726,4.1199,0.8408,NH3,13.7
189,0,0.0,0,33359,6808,33359,6808,4.1699,0.851,NH3,14.0
190,0,0.0,0,33543,6845,33543,6845,4.1929,0.8557,NH3,14.2
191,0,0.0,0,33359,6808,33359,6808,4.1699,0.851,NH3,14.0
192,0,0.0,0,33340,6804,33340,6804,4.1675,0.8505,NH3,14.0
193,0,0.0,0,33496,6836,33496,6836,4.1871,0.8545,NH3,14.2
194,0,0.0,0,33684,6874,33684,6874,4.2106,0.8593,NH3,14.3
195,0,0.0,0,33668,6871,33668,6871,4.2086,0.8589,NH3,14.3
196,0,0.0,0,33782,6894,33782,6894,4.2228,0.8618,NH3,14.4
197,0,0.0,0,34009,6940,34009,6940,4.2512,0.8676,NH3,14.6
198,0,0.0,0,34312,7002,34312,7002,4.289,0.8753,NH3,14.9
199,0,0.0,0,34178,6975,34178,6975,4.2723,0.8719,NH3,14.8
200,0,0.0,0,34221,6984,34221,6984,4.2777,0.873,NH3,14.8
201,0,0.0,0,34633,7068,34633,7068,4.3292,0.8835,NH3,15.2
202,0,0.0,0,34708,7083,34708,7083,4.3385,0.8854,NH3,15.2
203,0,0.0,0,34786,7099,34786,7099,4.3483,0.8874,NH3,15.3
204,0,0.0,0,34880,7118,34880,7118,4.36,0.8898,NH3,15.4
205,0,0.0,0,34970,7136,34970,7136,4.3713,0.8921,NH3,15.5
206,0,0.0,0,34832,7108,34832,7108,4.3541,0.8886,NH3,15.4
207,0,0.0,0,34911,7124,34911,7124,4.3639,0.8906,NH3,15.4
208,0,0.0,0,35131,7169,35131,7169,4.3914,0.8962,NH3,15.6
209,0,0.0,0,34997,7142,34997,7142,4.3747,0.8928,NH3,15.5
210,0,0.0,0,35397,7224,35397,7224,4.4247,0.903,NH3,15.9
211,0,0.0,0,35185,7180,35185,7180,4.3982,0.8976,NH3,15.7
212,0,0.0,0,35342,7212,35342,7212,4.4178,0.9016,NH3,15.8
213,0,0.0,0,35354,7215,35354,7215,4.4193,0.9019,NH3,15.8
214,0,0.0,0,35311,7206,35311,7206,4.4139,0.9008,NH3,15.8
215,0,0.0,0,35444,7233,35444,7233,4.4306,0.9042,NH3,15.9
216,0,0.0,0,35860,7318,35860,7318,4.4825,0.9148,NH3,16.3
217,0,0.0,0,35648,7275,35648,7275,4.4561,0.9094,NH3,16.1
218,0,0.0,0,35692,7284,35692,7284,4.4615,0.9105,NH3,16.1
219,0,0.0,0,36005,7348,36005,7348,4.5007,0.9185,NH3,16.4
220,0,0.0,0,35770,7300,35770,7300,4.4713,0.9125,NH3,16.2
221,0,0.0,0,35915,7329,35915,7329,4.4894,0.9162,NH3,16.3
222,0,0.0,0,36008,7348,36008,7348,4.5011,0.9186,NH3,16.4
223,0,0.0,0,36244,7396,36244,7396,4.5305,0.9246,NH3,16.6
224,0,0.0,0,36216,7391,36216,7391,4.5271,0.9239,NH3,16.6
225,0,0.0,0,36252,7398,36252,7398,4.5315,0.9248,NH3,16.6
226,0,0.0,0,36530,7455,36530,7455,4.5663,0.9319,NH3,16.9
227,0,0.0,0,36534,7456,36534,7456,4.5668,0.932,NH3,16.9
228,0,0.0,0,36244,7396,36244,7396,4.5305,0.9246,NH3,16.6
229,0,0.0,0,36397,7428,36397,7428,4.5497,0.9285,NH3,16.7
230,0,0.0,0,36468,7442,36468,7442,4.5585,0.9303,NH3,16.8
231,0,0.0,0,36777,7505,36777,7505,4.5972,0.9382,NH3,17.1
232,0,0.0,0,36385,7425,36385,7425,4.5482,0.9282,NH3,16.7
233,0,0.0,0,36711,7492,36711,7492,4.5889,0.9365,NH3,17.0
234,0,0.0,0,36542,7457,36542,7457,4.5678,0.9322,NH3,16.9
235,0,0.0,0,36538,7456,36538,7456,4.5673,0.9321,NH3,16.9
236,0,0.0,0,36632,7476,36632,7476,4.5791,0.9345,NH3,17.0
237,0,0.0,0,36836,7517,36836,7517,4.6045,0.9397,NH3,17.1
238,0,0.0,0,36808,7512,36808,7512,4.6011,0.939,NH3,17.1
239,0,0.0,0,36965,7544,36965,7544,4.6207,0.943,NH3,17.3
240,0,0.0,0,37091,7569,37091,7569,4.6364,0.9462,NH3,17.4
241,0,0.0,0,36800,7510,36800,7510,4.6001,0.9388,NH3,17.1
242,0,0.0,0,36750,7500,36750,7500,4.5938,0.9375,NH3,17.1
243,0,0.0,0,36750,7500,36750,7500,4.5938,0.9375,NH3,17.1
244,0,0.0,0,36953,7541,36953,7541,4.6192,0.9427,NH3,17.2
245,0,0.0,0,36934,7537,36934,7537,4.6168,0.9422,NH3,17.2
246,0,0.0,0,36895,7529,36895,7529,4.6119,0.9412,NH3,17.2
247,0,0.0,0,36946,7540,36946,7540,4.6183,0.9425,NH3,17.2
248,0,0.0,0,37177,7587,37177,7587,4.6472,0.9484,NH3,17.4
249,0,0.0,0,36828,7516,36828,7516,4.6036,0.9395,NH3,17.1
0,0,3.3,255,36961,7543,36961,7543,4.6202,0.9429,NH3,17.3
1,0,3.3,255,36875,7525,36875,7525,4.6094,0.9407,NH3,17.2
2,0,3.3,255,36985,7548,36985,7548,4.6232,0.9435,NH3,17.3
3,0,3.3,255,36946,7540,36946,7540,4.6183,0.9425,NH3,17.2
4,0,3.3,255,36895,7529,36895,7529,4.6119,0.9412,NH3,17.2
5,0,3.3,255,37016,7554,37016,7554,4.6271,0.9443,NH3,17.3
6,0,3.3,255,37248,7601,37248,7601,4.656,0.9502,NH3,17.5
7,0,3.3,255,37181,7588,37181,7588,4.6477,0.9485,NH3,17.4
8,0,3.3,255,37184,7588,37184,7588,4.6481,0.9486,NH3,17.5
9,0,3.3,255,36969,7544,36969,7544,4.6212,0.9431,NH3,17.3
10,0,3.3,255,36883,7527,36883,7527,4.6104,0.9409,NH3,17.2
11,0,3.3,255,36777,7505,36777,7505,4.5972,0.9382,NH3,17.1
12,0,3.3,255,36691,7488,36691,7488,4.5864,0.936,NH3,17.0
13,0,3.3,255,36714,7492,36714,7492,4.5893,0.9366,NH3,17.0
14,0,3.3,255,36769,7504,36769,7504,4.5962,0.938,NH3,17.1
15,0,3.3,255,37008,7552,37008,7552,4.6261,0.9441,NH3,17.3
16,0,3.3,255,36593,7468,36593,7468,4.5742,0.9335,NH3,16.9
17,0,3.3,255,36608,7471,36608,7471,4.5761,0.9339,NH3,16.9
18,0,3.3,255,36753,7500,36753,7500,4.5942,0.9376,NH3,17.1
19,0,3.3,255,36816,7513,36816,7513,4.6021,0.9392,NH3,17.1
20,0,3.3,255,36408,7430,36408,7430,4.5511,0.9288,NH3,16.8
21,0,3.3,255,36416,7432,36416,7432,4.5521,0.929,NH3,16.8
22,0,3.3,255,36303,7408,36303,7408,4.5379,0.9261,NH3,16.7
23,0,3.3,255,36448,7438,36448,7438,4.556,0.9298,NH3,16.8
24,0,3.3,255,36424,7433,36424,7433,4.5531,0.9292,NH3,16.8
25,0,3.3,255,36472,7443,36472,7443,4.559,0.9304,NH3,16.8
26,0,3.3,255,36350,7418,36350,7418,4.5438,0.9273,NH3,16.7
27,0,3.3,255,36397,7428,36397,7428,4.5497,0.9285,NH3,16.7
28,0,3.3,255,35934,7333,35934,7333,4.4918,0.9167,NH3,16.3
29,0,3.3,255,36115,7370,36115,7370,4.5144,0.9213,NH3,16.5
30,0,3.3,255,35962,7339,35962,7339,4.4953,0.9174,NH3,16.4
31,0,3.3,255,35727,7291,35727,7291,4.4659,0.9114,NH3,16.1
32,0,3.3,255,35805,7307,35805,7307,4.4757,0.9134,NH3,16.2
33,0,3.3,255,35612,7268,35612,7268,4.4516,0.9085,NH3,16.0
34,0,3.3,255,35550,7255,35550,7255,4.4438,0.9069,NH3,16.0
35,0,3.3,255,35538,7252,35538,7252,4.4423,0.9066,NH3,16.0
36,0,3.3,255,35503,7245,35503,7245,4.4379,0.9057,NH3,15.9
37,0,3.3,255,35515,7248,35515,7248,4.4394,0.906,NH3,16.0
38,0,3.3,255,35648,7275,35648,7275,4.4561,0.9094,NH3,16.1
39,0,3.3,255,35178,7179,35178,7179,4.3973,0.8974,NH3,15.7
40,0,3.3,255,35174,7178,35174,7178,4.3968,0.8973,NH3,15.7
41,0,3.3,255,35374,7219,35374,7219,4.4218,0.9024,NH3,15.8
42,0,3.3,255,35044,7152,35044,7152,4.3806,0.894,NH3,15.5
43,0,3.3,255,35076,7158,35076,7158,4.3845,0.8948,NH3,15.6
44,0,3.3,255,34997,7142,34997,7142,4.3747,0.8928,NH3,15.5
45,0,3.3,255,34633,7068,34633,7068,4.3292,0.8835,NH3,15.2
46,0,3.3,255,34817,7105,34817,7105,4.3522,0.8882,NH3,15.3
47,0,3.3,255,34555,7052,34555,7052,4.3194,0.8815,NH3,15.1
48,0,3.3,255,34605,7062,34605,7062,4.3257,0.8828,NH3,15.1
49,0,3.3,255,34621,7065,34621,7065,4.3277,0.8832,NH3,15.2
50,0,3.3,255,34566,7054,34566,7054,4.3208,0.8818,NH3,15.1
51,0,3.3,255,34068,6952,34068,6952,4.2586,0.8691,NH3,14.7
52,0,3.3,255,34143,6968,34143,6968,4.2679,0.871,NH3,14.7
53,0,3.3,255,34312,7002,34312,7002,4.289,0.8753,NH3,14.9
54,0,3.3,255,34037,6946,34037,6946,4.2547,0.8683,NH3,14.6
55,0,3.3,255,33876,6913,33876,6913,4.2346,0.8642,NH3,14.5
56,0,3.3,255,34006,6940,34006,6940,4.2508,0.8675,NH3,14.6
57,0,3.3,255,33575,6852,33575,6852,4.1969,0.8565,NH3,14.2
58,0,3.3,255,33672,6872,33672,6872,4.2091,0.859,NH3,14.3
59,0,3.3,255,33355,6807,33355,6807,4.1694,0.8509,NH3,14.0
60,0,3.3,255,33194,6774,33194,6774,4.1493,0.8468,NH3,13.9
61,0,3.3,255,33382,6812,33382,6812,4.1728,0.8516,NH3,14.1
62,0,3.3,255,33382,6812,33382,6812,4.1728,0.8516,NH3,14.1
63,0,3.3,255,33088,6752,33088,6752,4.1361,0.8441,NH3,13.8
64,0,3.3,255,32908,6716,32908,6716,4.1136,0.8395,NH3,13.6
65,0,3.3,255,33049,6744,33049,6744,4.1312,0.8431,NH3,13.8
66,0,3.3,255,33026,6740,33026,6740,4.1283,0.8425,NH3,13.7
67,0,3.3,255,32618,6656,32618,6656,4.0773,0.8321,NH3,13.4
68,0,3.3,255,32438,6620,32438,6620,4.0548,0.8275,NH3,13.2
69,0,3.3,255,32563,6645,32563,6645,4.0704,0.8307,NH3,13.3
70,0,3.3,255,32238,6579,32238,6579,4.0298,0.8224,NH3,13.0
71,0,3.3,255,32124,6556,32124,6556,4.0156,0.8195,NH3,12.9
72,0,3.3,255,32030,6536,32030,6536,4.0038,0.8171,NH3,12.8
73,0,3.3,255,31975,6525,31975,6525,3.9969,0.8157,NH3,12.8
74,0,3.3,255,32238,6579,32238,6579,4.0298,0.8224,NH3,13.0
189,0,0.0,0,33359,6808,33359,6808,4.1699,0.851,NH3,14.0
190,0,0.0,0,33543,6845,33543,6845,4.1929,0.8557,NH3,14.2
191,0,0.0,0,33359,6808,33359,6808,4.1699,0.851,NH3,14.0
192,0,0.0,0,33340,6804,33340,6804,4.1675,0.8505,NH3,14.0
193,0,0.0,0,33496,6836,33496,6836,4.1871,0.8545,NH3,14.2
194,0,0.0,0,33684,6874,33684,6874,4.2106,0.8593,NH3,14.3
195,0,0.0,0,33668,6871,33668,6871,4.2086,0.8589,NH3,14.3
196,0,0.0,0,33782,6894,33782,6894,4.2228,0.8618,NH3,14.4
197,0,0.0,0,34009,6940,34009,6940,4.2512,0.8676,NH3,14.6
198,0,0.0,0,34312,7002,34312,7002,4.289,0.8753,NH3,14.9
199,0,0.0,0,34178,6975,34178,6975,4.2723,0.8719,NH3,14.8
200,0,0.0,0,34221,6984,34221,6984,4.2777,0.873,NH3,14.8
201,0,0.0,0,34633,7068,34633,7068,4.3292,0.8835,NH3,15.2
202,0,0.0,0,34708,7083,34708,7083,4.3385,0.8854,NH3,15.2
203,0,0.0,0,34786,7099,34786,7099,4.3483,0.8874,NH3,15.3
204,0,0.0,0,34880,7118,34880,7118,4.36,0.8898,NH3,15.4
205,0,0.0,0,34970,7136,34970,7136,4.3713,0.8921,NH3,15.5
206,0,0.0,0,34832,7108,34832,7108,4.3541,0.8886,NH3,15.4
207,0,0.0,0,34911,7124,34911,7124,4.3639,0.8906,NH3,15.4
208,0,0.0,0,35131,7169,35131,7169,4.3914,0.8962,NH3,15.6
209,0,0.0,0,34997,7142,34997,7142,4.3747,0.8928,NH3,15.5
210,0,0.0,0,35397,7224,35397,7224,4.4247,0.903,NH3,15.9
211,0,0.0,0,35185,7180,35185,7180,4.3982,0.8976,NH3,15.7
212,0,0.0,0,35342,7212,35342,7212,4.4178,0.9016,NH3,15.8
213,0,0.0,0,35354,7215,35354,7215,4.4193,0.9019,NH3,15.8
214,0,0.0,0,35311,7206,35311,7206,4.4139,0.9008,NH3,15.8
215,0,0.0,0,35444,7233,35444,7233,4.4306,0.9042,NH3,15.9
216,0,0.0,0,35860,7318,35860,7318,4.4825,0.9148,NH3,16.3
217,0,0.0,0,35648,7275,35648,7275,4.4561,0.9094,NH3,16.1
218,0,0.0,0,35692,7284,35692,7284,4.4615,0.9105,NH3,16.1
219,0,0.0,0,36005,7348,36005,7348,4.5007,0.9185,NH3,16.4
220,0,0.0,0,35770,7300,35770,7300,4.4713,0.9125,NH3,16.2
221,0,0.0,0,35915,7329,35915,7329,4.4894,0.9162,NH3,16.3
222,0,0.0,0,36008,7348,36008,7348,4.5011,0.9186,NH3,16.4
223,0,0.0,0,36244,7396,36244,7396,4.5305,0.9246,NH3,16.6
224,0,0.0,0,36216,7391,36216,7391,4.5271,0.9239,NH3,16.6
225,0,0.0,0,36252,7398,36252,7398,4.5315,0.9248,NH3,16.6
226,0,0.0,0,36530,7455,36530,7455,4.5663,0.9319,NH3,16.9
227,0,0.0,0,36534,7456,36534,7456,4.5668,0.932,NH3,16.9
228,0,0.0,0,36244,7396,36244,7396,4.5305,0.9246,NH3,16.6
229,0,0.0,0,36397,7428,36397,7428,4.5497,0.9285,NH3,16.7
230,0,0.0,0,36468,7442,36468,7442,4.5585,0.9303,NH3,16.8
231,0,0.0,0,36777,7505,36777,7505,4.5972,0.9382,NH3,17.1
232,0,0.0,0,36385,7425,36385,7425,4.5482,0.9282,NH3,16.7
233,0,0.0,0,36711,7492,36711,7492,4.5889,0.9365,NH3,17.0
234,0,0.0,0,36542,7457,36542,7457,4.5678,0.9322,NH3,16.9
235,0,0.0,0,36538,7456,36538,7456,4.5673,0.9321,NH3,16.9
236,0,0.0,0,36632,7476,36632,7476,4.5791,0.9345,NH3,17.0
237,0,0.0,0,36836,7517,36836,7517,4.6045,0.9397,NH3,17.1
238,0,0.0,0,36808,7512,36808,7512,4.6011,0.939,NH3,17.1
239,0,0.0,0,36965,7544,36965,7544,4.6207,0.943,NH3,17.3
240,0,0.0,0,37091,7569,37091,7569,4.6364,0.9462,NH3,17.4
241,0,0.0,0,36800,7510,36800,7510,4.6001,0.9388,NH3,17.1
242,0,0.0,0,36750,7500,36750,7500,4.5938,0.9375,NH3,17.1
243,0,0.0,0,36750,7500,36750,7500,4.5938,0.9375,NH3,17.1
244,0,0.0,0,36953,7541,36953,7541,4.6192,0.9427,NH3,17.2
245,0,0.0,0,36934,7537,36934,7537,4.6168,0.9422,NH3,17.2
246,0,0.0,0,36895,7529,36895,7529,4.6119,0.9412,NH3,17.2
247,0,0.0,0,36946,7540,36946,7540,4.6183,0.9425,NH3,17.2
248,0,0.0,0,37177,7587,37177,7587,4.6472,0.9484,NH3,17.4
249,0,0.0,0,36828,7516,36828,7516,4.6036,0.9395,NH3,17.1
0,0,3.3,255,36961,7543,36961,7543,4.6202,0.9429,NH3,17.3
1,0,3.3,255,36875,7525,36875,7525,4.6094,0.9407,NH3,17.2
2,0,3.3,255,36985,7548,36985,7548,4.6232,0.9435,NH3,17.3
3,0,3.3,255,36946,7540,36946,7540,4.6183,0.9425,NH3,17.2
4,0,3.3,255,36895,7529,36895,7529,4.6119,0.9412,NH3,17.2
5,0,3.3,255,37016,7554,37016,7554,4.6271,0.9443,NH3,17.3
6,0,3.3,255,37248,7601,37248,7601,4.656,0.9502,NH3,17.5
7,0,3.3,255,37181,7588,37181,7588,4.6477,0.9485,NH3,17.4
8,0,3.3,255,37184,7588,37184,7588,4.6481,0.9486,NH3,17.5
9,0,3.3,255,36969,7544,36969,7544,4.6212,0.9431,NH3,17.3
10,0,3.3,255,36883,7527,36883,7527,4.6104,0.9409,NH3,17.2
11,0,3.3,255,36777,7505,36777,7505,4.5972,0.9382,NH3,17.1
12,0,3.3,255,36691,7488,36691,7488,4.5864,0.936,NH3,17.0
13,0,3.3,255,36714,7492,36714,7492,4.5893,0.9366,NH3,17.0
14,0,3.3,255,36769,7504,36769,7504,4.5962,0.938,NH3,17.1
15,0,3.3,255,37008,7552,37008,7552,4.6261,0.9441,NH3,17.3
16,0,3.3,255,36593,7468,36593,7468,4.5742,0.9335,NH3,16.9
17,0,3.3,255,36608,7471,36608,7471,4.5761,0.9339,NH3,16.9
18,0,3.3,255,36753,7500,36753,7500,4.5942,0.9376,NH3,17.1
19,0,3.3,255,36816,7513,36816,7513,4.6021,0.9392,NH3,17.1
20,0,3.3,255,36408,7430,36408,7430,4.5511,0.9288,NH3,16.8
21,0,3.3,255,36416,7432,36416,7432,4.5521,0.929,NH3,16.8
22,0,3.3,255,36303,7408,36303,7408,4.5379,0.9261,NH3,16.7
23,0,3.3,255,36448,7438,36448,7438,4.556,0.9298,NH3,16.8
24,0,3.3,255,36424,7433,36424,7433,4.5531,0.9292,NH3,16.8
25,0,3.3,255,36472,7443,36472,7443,4.559,0.9304,NH3,16.8
26,0,3.3,255,36350,7418,36350,7418,4.5438,0.9273,NH3,16.7
27,0,3.3,255,36397,7428,36397,7428,4.5497,0.9285,NH3,16.7
28,0,3.3,255,35934,7333,35934,7333,4.4918,0.9167,NH3,16.3
29,0,3.3,255,36115,7370,36115,7370,4.5144,0.9213,NH3,16.5
30,0,3.3,255,35962,7339,35962,7339,4.4953,0.9174,NH3,16.4
31,0,3.3,255,35727,7291,35727,7291,4.4659,0.9114,NH3,16.1
32,0,3.3,255,35805,7307,35805,7307,4.4757,0.9134,NH3,16.2
33,0,3.3,255,35612,7268,35612,7268,4.4516,0.9085,NH3,16.0
34,0,3.3,255,35550,7255,35550,7255,4.4438,0.9069,NH3,16.0
35,0,3.3,255,35538,7252,35538,7252,4.4423,0.9066,NH3,16.0
36,0,3.3,255,35503,7245,35503,7245,4.4379,0.9057,NH3,15.9
37,0,3.3,255,35515,7248,35515,7248,4.4394,0.906,NH3,16.0
38,0,3.3,255,35648,7275,35648,7275,4.4561,0.9094,NH3,16.1
39,0,3.3,255,35178,7179,35178,7179,4.3973,0.8974,NH3,15.7
40,0,3.3,255,35174,7178,35174,7178,4.3968,0.8973,NH3,15.7
41,0,3.3,255,35374,7219,35374,7219,4.4218,0.9024,NH3,15.8
42,0,3.3,255,35044,7152,35044,7152,4.3806,0.894,NH3,15.5
43,0,3.3,255,35076,7158,35076,7158,4.3845,0.8948,NH3,15.6
44,0,3.3,255,34997,7142,34997,7142,4.3747,0.8928,NH3,15.5
45,0,3.3,255,34633,7068,34633,7068,4.3292,0.8835,NH3,15.2
46,0,3.3,255,34817,7105,34817,7105,4.3522,0.8882,NH3,15.3
47,0,3.3,255,34555,7052,34555,7052,4.3194,0.8815,NH3,15.1
48,0,3.3,255,34605,7062,34605,7062,4.3257,0.8828,NH3,15.1
49,0,3.3,255,34621,7065,34621,7065,4.3277,0.8832,NH3,15.2
50,0,3.3,255,34566,7054,34566,7054,4.3208,0.8818,NH3,15.1
51,0,3.3,255,34068,6952,34068,6952,4.2586,0.8691,NH3,14.7
52,0,3.3,255,34143,6968,34143,6968,4.2679,0.871,NH3,14.7
53,0,3.3,255,34312,7002,34312,7002,4.289,0.8753,NH3,14.9
54,0,3.3,255,34037,6946,34037,6946,4.2547,0.8683,NH3,14.6
55,0,3.3,255,33876,6913,33876,6913,4.2346,0.8642,NH3,14.5
56,0,3.3,255,34006,6940,34006,6940,4.2508,0.8675,NH3,14.6
57,0,3.3,255,33575,6852,33575,6852,4.1969,0.8565,NH3,14.2
58,0,3.3,255,33672,6872,33672,6872,4.2091,0.859,NH3,14.3
59,0,3.3,255,33355,6807,33355,6807,4.1694,0.8509,NH3,14.0
60,0,3.3,255,33194,6774,33194,6774,4.1493,0.8468,NH3,13.9
61,0,3.3,255,33382,6812,33382,6812,4.1728,0.8516,NH3,14.1
62,0,3.3,255,33382,6812,33382,6812,4.1728,0.8516,NH3,14.1
63,0,3.3,255,33088,6752,33088,6752,4.1361,0.8441,NH3,13.8
64,0,3.3,255,32908,6716,32908,6716,4.1136,0.8395,NH3,13.6
65,0,3.3,255,33049,6744,33049,6744,4.1312,0.8431,NH3,13.8
66,0,3.3,255,33026,6740,33026,6740,4.1283,0.8425,NH3,13.7
67,0,3.3,255,32618,6656,32618,6656,4.0773,0.8321,NH3,13.4
68,0,3.3,255,32438,6620,32438,6620,4.0548,0.8275,NH3,13.2
69,0,3.3,255,32563,6645,32563,6645,4.0704,0.8307,NH3,13.3
70,0,3.3,255,32238,6579,32238,6579,4.0298,0.8224,NH3,13.0
71,0,3.3,255,32124,6556,32124,6556,4.0156,0.8195,NH3,12.9
72,0,3.3,255,32030,6536,32030,6536,4.0038,0.8171,NH3,12.8
73,0,3.3,255,31975,6525,31975,6525,3.9969,0.8157,NH3,12.8
74,0,3.3,255,32238,6579,32238,6579,4.0298,0.8224,NH3,13.0
75,0,3.3,255,32156,6562,32156,6562,4.0195,0.8203,NH3,13.0
63,0,3.3,255,33088,6752,33088,6752,4.1361,0.8441,NH3,13.8
64,0,3.3,255,32908,6716,32908,6716,4.1136,0.8395,NH3,13.6
65,0,3.3,255,33049,6744,33049,6744,4.1312,0.8431,NH3,13.8
66,0,3.3,255,33026,6740,33026,6740,4.1283,0.8425,NH3,13.7
67,0,3.3,255,32618,6656,32618,6656,4.0773,0.8321,NH3,13.4
68,0,3.3,255,32438,6620,32438,6620,4.0548,0.8275,NH3,13.2
69,0,3.3,255,32563,6645,32563,6645,4.0704,0.8307,NH3,13.3
70,0,3.3,255,32238,6579,32238,6579,4.0298,0.8224,NH3,13.0
71,0,3.3,255,32124,6556,32124,6556,4.0156,0.8195,NH3,12.9
72,0,3.3,255,32030,6536,32030,6536,4.0038,0.8171,NH3,12.8
73,0,3.3,255,31975,6525,31975,6525,3.9969,0.8157,NH3,12.8
74,0,3.3,255,32238,6579,32238,6579,4.0298,0.8224,NH3,13.0
75,0,3.3,255,32156,6562,32156,6562,4.0195,0.8203,NH3,13.0
76,0,3.3,255,31756,6480,31756,6480,3.9695,0.8101,NH3,12.6
77,0,3.3,255,31756,6480,31756,6480,3.9695,0.8101,NH3,12.6
78,0,3.3,255,31869,6504,31869,6504,3.9837,0.813,NH3,12.7
79,0,3.3,255,31783,6486,31783,6486,3.9729,0.8108,NH3,12.6
80,0,3.3,255,31446,6417,31446,6417,3.9308,0.8022,NH3,12.3
81,0,3.3,255,31556,6440,31556,6440,3.9445,0.805,NH3,12.4
82,0,3.3,255,31532,6435,31532,6435,3.9416,0.8044,NH3,12.4
83,0,3.3,255,31426,6413,31426,6413,3.9283,0.8017,NH3,12.3
84,0,3.3,255,30940,6314,30940,6314,3.8676,0.7893,NH3,11.9
85,0,3.3,255,31211,6369,31211,6369,3.9014,0.7962,NH3,12.1
86,0,3.3,255,30897,6305,30897,6305,3.8622,0.7882,NH3,11.8
87,0,3.3,255,31112,6349,31112,6349,3.8891,0.7937,NH3,12.0
88,0,3.3,255,30713,6268,30713,6268,3.8392,0.7835,NH3,11.7
89,0,3.3,255,30588,6242,30588,6242,3.8235,0.7803,NH3,11.6
90,0,3.3,255,30592,6243,30592,6243,3.824,0.7804,NH3,11.6
91,0,3.3,255,30792,6284,30792,6284,3.849,0.7855,NH3,11.7
92,0,3.3,255,30380,6200,30380,6200,3.7975,0.775,NH3,11.4
93,0,3.3,255,30317,6187,30317,6187,3.7897,0.7734,NH3,11.3
94,0,3.3,255,30172,6157,30172,6157,3.7715,0.7697,NH3,11.2
95,0,3.3,255,30520,6228,30520,6228,3.8151,0.7786,NH3,11.5
96,0,3.3,255,30192,6161,30192,6161,3.774,0.7702,NH3,11.2
97,0,3.3,255,30392,6202,30392,6202,3.799,0.7753,NH3,11.4
98,0,3.3,255,30297,6183,30297,6183,3.7872,0.7729,NH3,11.3
99,0,3.3,255,30172,6157,30172,6157,3.7715,0.7697,NH3,11.2
100,0,3.3,255,29940,6110,29940,6110,3.7426,0.7638,NH3,11.0
101,0,3.3,255,30144,6152,30144,6152,3.7681,0.769,NH3,11.2
102,0,3.3,255,29662,6053,29662,6053,3.7078,0.7567,NH3,10.7
103,0,3.3,255,29670,6055,29670,6055,3.7088,0.7569,NH3,10.7
104,0,3.3,255,29709,6063,29709,6063,3.7137,0.7579,NH3,10.8
105,0,3.3,255,29670,6055,29670,6055,3.7088,0.7569,NH3,10.7
106,0,3.3,255,29796,6080,29796,6080,3.7245,0.7601,NH3,10.9
107,0,3.3,255,29858,6093,29858,6093,3.7323,0.7617,NH3,10.9
108,0,3.3,255,29505,6021,29505,6021,3.6882,0.7527,NH3,10.6
109,0,3.3,255,29564,6033,29564,6033,3.6956,0.7542,NH3,10.6
110,0,3.3,255,29721,6065,29721,6065,3.7152,0.7582,NH3,10.8
111,0,3.3,255,29686,6058,29686,6058,3.7108,0.7573,NH3,10.8
112,0,3.3,255,29278,5975,29278,5975,3.6598,0.7469,NH3,10.4
113,0,3.3,255,29216,5962,29216,5962,3.652,0.7453,NH3,10.3
114,0,3.3,255,29329,5985,29329,5985,3.6662,0.7482,NH3,10.4
115,0,3.3,255,29156,5950,29156,5950,3.6446,0.7438,NH3,10.3
116,0,3.3,255,29356,5991,29356,5991,3.6696,0.7489,NH3,10.5
117,0,3.3,255,29521,6024,29521,6024,3.6902,0.7531,NH3,10.6
118,0,3.3,255,29212,5961,29212,5961,3.6515,0.7452,NH3,10.3
119,0,3.3,255,29180,5955,29180,5955,3.6476,0.7444,NH3,10.3
120,0,3.3,255,29224,5964,29224,5964,3.653,0.7455,NH3,10.3
121,0,3.3,255,29470,6014,29470,6014,3.6838,0.7518,NH3,10.6
122,0,3.3,255,29380,5996,29380,5996,3.6726,0.7495,NH3,10.5
123,0,3.3,255,29164,5952,29164,5952,3.6456,0.744,NH3,10.3
124,0,3.3,255,29392,5998,29392,5998,3.674,0.7498,NH3,10.5
125,0,0.0,0,29086,5936,29086,5936,3.6358,0.742,NH3,10.2
126,0,0.0,0,29067,5932,29067,5932,3.6334,0.7415,NH3,10.2
127,0,0.0,0,28992,5916,28992,5916,3.624,0.7396,NH3,10.1
128,0,0.0,0,29024,5923,29024,5923,3.628,0.7404,NH3,10.2
129,0,0.0,0,29160,5951,29160,5951,3.6451,0.7439,NH3,10.3
130,0,0.0,0,29419,6004,29419,6004,3.6774,0.7505,NH3,10.5
131,0,0.0,0,29360,5992,29360,5992,3.6701,0.749,NH3,10.5
132,0,0.0,0,29455,6011,29455,6011,3.6819,0.7514,NH3,10.5
133,0,0.0,0,29102,5939,29102,5939,3.6378,0.7424,NH3,10.2
134,0,0.0,0,29117,5942,29117,5942,3.6397,0.7428,NH3,10.2
135,0,0.0,0,29509,6022,29509,6022,3.6887,0.7528,NH3,10.6
136,0,0.0,0,29106,5940,29106,5940,3.6383,0.7425,NH3,10.2
137,0,0.0,0,29216,5962,29216,5962,3.652,0.7453,NH3,10.3
138,0,0.0,0,29239,5967,29239,5967,3.6549,0.7459,NH3,10.4
139,0,0.0,0,29352,5990,29352,5990,3.6691,0.7488,NH3,10.5
140,0,0.0,0,29643,6049,29643,6049,3.7054,0.7562,NH3,10.7
141,0,0.0,0,29364,5992,29364,5992,3.6706,0.7491,NH3,10.5
142,0,0.0,0,29455,6011,29455,6011,3.6819,0.7514,NH3,10.5
143,0,0.0,0,29466,6013,29466,6013,3.6833,0.7517,NH3,10.6
144,0,0.0,0,29600,6040,29600,6040,3.7,0.7551,NH3,10.7
145,0,0.0,0,29612,6043,29612,6043,3.7015,0.7554,NH3,10.7
146,0,0.0,0,29619,6044,29619,6044,3.7024,0.7556,NH3,10.7
147,0,0.0,0,29988,6120,29988,6120,3.7485,0.765,NH3,11.0
148,0,0.0,0,29635,6048,29635,6048,3.7044,0.756,NH3,10.7
149,0,0.0,0,29831,6088,29831,6088,3.7289,0.761,NH3,10.9
150,0,0.0,0,29913,6104,29913,6104,3.7392,0.7631,NH3,11.0
151,0,0.0,0,29936,6109,29936,6109,3.7421,0.7637,NH3,11.0
152,0,0.0,0,30250,6173,30250,6173,3.7813,0.7717,NH3,11.3
153,0,0.0,0,30313,6186,30313,6186,3.7892,0.7733,NH3,11.3
154,0,0.0,0,30407,6205,30407,6205,3.8009,0.7757,NH3,11.4
155,0,0.0,0,30446,6213,30446,6213,3.8058,0.7767,NH3,11.4
156,0,0.0,0,30509,6226,30509,6226,3.8137,0.7783,NH3,11.5
157,0,0.0,0,30372,6198,30372,6198,3.7965,0.7748,NH3,11.4
158,0,0.0,0,30619,6248,30619,6248,3.8274,0.7811,NH3,11.6
159,0,0.0,0,30705,6266,30705,6266,3.8382,0.7833,NH3,11.7
160,0,0.0,0,30481,6220,30481,6220,3.8102,0.7776,NH3,11.5
161,0,0.0,0,30596,6244,30596,6244,3.8245,0.7805,NH3,11.6
162,0,0.0,0,30811,6288,30811,6288,3.8514,0.786,NH3,11.8
163,0,0.0,0,30611,6247,30611,6247,3.8264,0.7809,NH3,11.6
164,0,0.0,0,31116,6350,31116,6350,3.8896,0.7938,NH3,12.0
165,0,0.0,0,30881,6302,30881,6302,3.8602,0.7878,NH3,11.8
166,0,0.0,0,30936,6313,30936,6313,3.8671,0.7892,NH3,11.9
167,0,0.0,0,31328,6393,31328,6393,3.9161,0.7992,NH3,12.2
168,0,0.0,0,31234,6374,31234,6374,3.9043,0.7968,NH3,12.1
169,0,0.0,0,31199,6367,31199,6367,3.8999,0.7959,NH3,12.1
170,0,0.0,0,31348,6397,31348,6397,3.9185,0.7997,NH3,12.2
171,0,0.0,0,31320,6392,31320,6392,3.9151,0.799,NH3,12.2
172,0,0.0,0,31818,6493,31818,6493,3.9773,0.8117,NH3,12.7
173,0,0.0,0,31654,6460,31654,6460,3.9568,0.8075,NH3,12.5
174,0,0.0,0,31869,6504,31869,6504,3.9837,0.813,NH3,12.7
175,0,0.0,0,32096,6550,32096,6550,4.0121,0.8188,NH3,12.9
176,0,0.0,0,31991,6528,31991,6528,3.9989,0.8161,NH3,12.8
177,0,0.0,0,32038,6538,32038,6538,4.0048,0.8173,NH3,12.9
178,0,0.0,0,32320,6596,32320,6596,4.04,0.8245,NH3,13.1
179,0,0.0,0,32273,6586,32273,6586,4.0342,0.8233,NH3,13.1
180,0,0.0,0,32140,6559,32140,6559,4.0175,0.8199,NH3,12.9
181,0,0.0,0,32328,6597,32328,6597,4.041,0.8247,NH3,13.1
182,0,0.0,0,32676,6668,32676,6668,4.0846,0.8336,NH3,13.4
183,0,0.0,0,32504,6633,32504,6633,4.0631,0.8292,NH3,13.3
184,0,0.0,0,32673,6668,32673,6668,4.0842,0.8335,NH3,13.4
185,0,0.0,0,32963,6727,32963,6727,4.1204,0.8409,NH3,13.7
186,0,0.0,0,32759,6685,32759,6685,4.0949,0.8357,NH3,13.5
187,0,0.0,0,32944,6723,32944,6723,4.118,0.8404,NH3,13.7
188,0,0.0,0,33065,6748,33065,6748,4.1332,0.8435,NH3,13.8
189,0,0.0,0,33124,6760,33124,6760,4.1405,0.845,NH3,13.8
190,0,0.0,0,33328,6801,33328,6801,4.166,0.8502,NH3,14.0
76,0,3.3,255,31756,6480,31756,6480,3.9695,0.8101,NH3,12.6
77,0,3.3,255,31756,6480,31756,6480,3.9695,0.8101,NH3,12.6
78,0,3.3,255,31869,6504,31869,6504,3.9837,0.813,NH3,12.7
79,0,3.3,255,31783,6486,31783,6486,3.9729,0.8108,NH3,12.6
80,0,3.3,255,31446,6417,31446,6417,3.9308,0.8022,NH3,12.3
81,0,3.3,255,31556,6440,31556,6440,3.9445,0.805,NH3,12.4
82,0,3.3,255,31532,6435,31532,6435,3.9416,0.8044,NH3,12.4
83,0,3.3,255,31426,6413,31426,6413,3.9283,0.8017,NH3,12.3
84,0,3.3,255,30940,6314,30940,6314,3.8676,0.7893,NH3,11.9
85,0,3.3,255,31211,6369,31211,6369,3.9014,0.7962,NH3,12.1
86,0,3.3,255,30897,6305,30897,6305,3.8622,0.7882,NH3,11.8
87,0,3.3,255,31112,6349,31112,6349,3.8891,0.7937,NH3,12.0
88,0,3.3,255,30713,6268,30713,6268,3.8392,0.7835,NH3,11.7
89,0,3.3,255,30588,6242,30588,6242,3.8235,0.7803,NH3,11.6
90,0,3.3,255,30592,6243,30592,6243,3.824,0.7804,NH3,11.6
91,0,3.3,255,30792,6284,30792,6284,3.849,0.7855,NH3,11.7
92,0,3.3,255,30380,6200,30380,6200,3.7975,0.775,NH3,11.4
93,0,3.3,255,30317,6187,30317,6187,3.7897,0.7734,NH3,11.3
94,0,3.3,255,30172,6157,30172,6157,3.7715,0.7697,NH3,11.2
95,0,3.3,255,30520,6228,30520,6228,3.8151,0.7786,NH3,11.5
96,0,3.3,255,30192,6161,30192,6161,3.774,0.7702,NH3,11.2
97,0,3.3,255,30392,6202,30392,6202,3.799,0.7753,NH3,11.4
98,0,3.3,255,30297,6183,30297,6183,3.7872,0.7729,NH3,11.3
99,0,3.3,255,30172,6157,30172,6157,3.7715,0.7697,NH3,11.2
100,0,3.3,255,29940,6110,29940,6110,3.7426,0.7638,NH3,11.0
101,0,3.3,255,30144,6152,30144,6152,3.7681,0.769,NH3,11.2
102,0,3.3,255,29662,6053,29662,6053,3.7078,0.7567,NH3,10.7
103,0,3.3,255,29670,6055,29670,6055,3.7088,0.7569,NH3,10.7
104,0,3.3,255,29709,6063,29709,6063,3.7137,0.7579,NH3,10.8
105,0,3.3,255,29670,6055,29670,6055,3.7088,0.7569,NH3,10.7
106,0,3.3,255,29796,6080,29796,6080,3.7245,0.7601,NH3,10.9
107,0,3.3,255,29858,6093,29858,6093,3.7323,0.7617,NH3,10.9
108,0,3.3,255,29505,6021,29505,6021,3.6882,0.7527,NH3,10.6
109,0,3.3,255,29564,6033,29564,6033,3.6956,0.7542,NH3,10.6
110,0,3.3,255,29721,6065,29721,6065,3.7152,0.7582,NH3,10.8
111,0,3.3,255,29686,6058,29686,6058,3.7108,0.7573,NH3,10.8
112,0,3.3,255,29278,5975,29278,5975,3.6598,0.7469,NH3,10.4
113,0,3.3,255,29216,5962,29216,5962,3.652,0.7453,NH3,10.3
114,0,3.3,255,29329,5985,29329,5985,3.6662,0.7482,NH3,10.4
115,0,3.3,255,29156,5950,29156,5950,3.6446,0.7438,NH3,10.3
116,0,3.3,255,29356,5991,29356,5991,3.6696,0.7489,NH3,10.5
117,0,3.3,255,29521,6024,29521,6024,3.6902,0.7531,NH3,10.6
118,0,3.3,255,29212,5961,29212,5961,3.6515,0.7452,NH3,10.3
119,0,3.3,255,29180,5955,29180,5955,3.6476,0.7444,NH3,10.3
120,0,3.3,255,29224,5964,29224,5964,3.653,0.7455,NH3,10.3
121,0,3.3,255,29470,6014,29470,6014,3.6838,0.7518,NH3,10.6
122,0,3.3,255,29380,5996,29380,5996,3.6726,0.7495,NH3,10.5
123,0,3.3,255,29164,5952,29164,5952,3.6456,0.744,NH3,10.3
124,0,3.3,255,29392,5998,29392,5998,3.674,0.7498,NH3,10.5
125,0,0.0,0,29086,5936,29086,5936,3.6358,0.742,NH3,10.2
126,0,0.0,0,29067,5932,29067,5932,3.6334,0.7415,NH3,10.2
127,0,0.0,0,28992,5916,28992,5916,3.624,0.7396,NH3,10.1
128,0,0.0,0,29024,5923,29024,5923,3.628,0.7404,NH3,10.2
129,0,0.0,0,29160,5951,29160,5951,3.6451,0.7439,NH3,10.3
130,0,0.0,0,29419,6004,29419,6004,3.6774,0.7505,NH3,10.5
131,0,0.0,0,29360,5992,29360,5992,3.6701,0.749,NH3,10.5
132,0,0.0,0,29455,6011,29455,6011,3.6819,0.7514,NH3,10.5
133,0,0.0,0,29102,5939,29102,5939,3.6378,0.7424,NH3,10.2
134,0,0.0,0,29117,5942,29117,5942,3.6397,0.7428,NH3,10.2
135,0,0.0,0,29509,6022,29509,6022,3.6887,0.7528,NH3,10.6
136,0,0.0,0,29106,5940,29106,5940,3.6383,0.7425,NH3,10.2
137,0,0.0,0,29216,5962,29216,5962,3.652,0.7453,NH3,10.3
138,0,0.0,0,29239,5967,29239,5967,3.6549,0.7459,NH3,10.4
139,0,0.0,0,29352,5990,29352,5990,3.6691,0.7488,NH3,10.5
140,0,0.0,0,29643,6049,29643,6049,3.7054,0.7562,NH3,10.7
141,0,0.0,0,29364,5992,29364,5992,3.6706,0.7491,NH3,10.5
142,0,0.0,0,29455,6011,29455,6011,3.6819,0.7514,NH3,10.5
143,0,0.0,0,29466,6013,29466,6013,3.6833,0.7517,NH3,10.6
144,0,0.0,0,29600,6040,29600,6040,3.7,0.7551,NH3,10.7
145,0,0.0,0,29612,6043,29612,6043,3.7015,0.7554,NH3,10.7
146,0,0.0,0,29619,6044,29619,6044,3.7024,0.7556,NH3,10.7
147,0,0.0,0,29988,6120,29988,6120,3.7485,0.765,NH3,11.0
148,0,0.0,0,29635,6048,29635,6048,3.7044,0.756,NH3,10.7
149,0,0.0,0,29831,6088,29831,6088,3.7289,0.761,NH3,10.9
150,0,0.0,0,29913,6104,29913,6104,3.7392,0.7631,NH3,11.0
151,0,0.0,0,29936,6109,29936,6109,3.7421,0.7637,NH3,11.0
152,0,0.0,0,30250,6173,30250,6173,3.7813,0.7717,NH3,11.3
153,0,0.0,0,30313,6186,30313,6186,3.7892,0.7733,NH3,11.3
154,0,0.0,0,30407,6205,30407,6205,3.8009,0.7757,NH3,11.4
155,0,0.0,0,30446,6213,30446,6213,3.8058,0.7767,NH3,11.4
156,0,0.0,0,30509,6226,30509,6226,3.8137,0.7783,NH3,11.5
157,0,0.0,0,30372,6198,30372,6198,3.7965,0.7748,NH3,11.4
158,0,0.0,0,30619,6248,30619,6248,3.8274,0.7811,NH3,11.6
159,0,0.0,0,30705,6266,30705,6266,3.8382,0.7833,NH3,11.7
160,0,0.0,0,30481,6220,30481,6220,3.8102,0.7776,NH3,11.5
161,0,0.0,0,30596,6244,30596,6244,3.8245,0.7805,NH3,11.6
162,0,0.0,0,30811,6288,30811,6288,3.8514,0.786,NH3,11.8
163,0,0.0,0,30611,6247,30611,6247,3.8264,0.7809,NH3,11.6
164,0,0.0,0,31116,6350,31116,6350,3.8896,0.7938,NH3,12.0
165,0,0.0,0,30881,6302,30881,6302,3.8602,0.7878,NH3,11.8
166,0,0.0,0,30936,6313,30936,6313,3.8671,0.7892,NH3,11.9
167,0,0.0,0,31328,6393,31328,6393,3.9161,0.7992,NH3,12.2
168,0,0.0,0,31234,6374,31234,6374,3.9043,0.7968,NH3,12.1
169,0,0.0,0,31199,6367,31199,6367,3.8999,0.7959,NH3,12.1
170,0,0.0,0,31348,6397,31348,6397,3.9185,0.7997,NH3,12.2
171,0,0.0,0,31320,6392,31320,6392,3.9151,0.799,NH3,12.2
172,0,0.0,0,31818,6493,31818,6493,3.9773,0.8117,NH3,12.7
173,0,0.0,0,31654,6460,31654,6460,3.9568,0.8075,NH3,12.5
174,0,0.0,0,31869,6504,31869,6504,3.9837,0.813,NH3,12.7
175,0,0.0,0,32096,6550,32096,6550,4.0121,0.8188,NH3,12.9
176,0,0.0,0,31991,6528,31991,6528,3.9989,0.8161,NH3,12.8
177,0,0.0,0,32038,6538,32038,6538,4.0048,0.8173,NH3,12.9
178,0,0.0,0,32320,6596,32320,6596,4.04,0.8245,NH3,13.1
179,0,0.0,0,32273,6586,32273,6586,4.0342,0.8233,NH3,13.1
180,0,0.0,0,32140,6559,32140,6559,4.0175,0.8199,NH3,12.9
181,0,0.0,0,32328,6597,32328,6597,4.041,0.8247,NH3,13.1
182,0,0.0,0,32676,6668,32676,6668,4.0846,0.8336,NH3,13.4
183,0,0.0,0,32504,6633,32504,6633,4.0631,0.8292,NH3,13.3
184,0,0.0,0,32673,6668,32673,6668,4.0842,0.8335,NH3,13.4
185,0,0.0,0,32963,6727,32963,6727,4.1204,0.8409,NH3,13.7
186,0,0.0,0,32759,6685,32759,6685,4.0949,0.8357,NH3,13.5
187,0,0.0,0,32944,6723,32944,6723,4.118,0.8404,NH3,13.7
188,0,0.0,0,33065,6748,33065,6748,4.1332,0.8435,NH3,13.8
189,0,0.0,0,33124,6760,33124,6760,4.1405,0.845,NH3,13.8
190,0,0.0,0,33328,6801,33328,6801,4.166,0.8502,NH3,14.0
191,0,0.0,0,33292,6794,33292,6794,4.1616,0.8493,NH3,14.0
192,0,0.0,0,33516,6840,33516,6840,4.1895,0.855,NH3,14.2
193,0,0.0,0,33512,6839,33512,6839,4.189,0.8549,NH3,14.2
194,0,0.0,0,33810,6900,33810,6900,4.2263,0.8625,NH3,14.4
195,0,0.0,0,33974,6933,33974,6933,4.2468,0.8667,NH3,14.6
196,0,0.0,0,33732,6884,33732,6884,4.2165,0.8605,NH3,14.4
197,0,0.0,0,33806,6899,33806,6899,4.2258,0.8624,NH3,14.4
198,0,0.0,0,34052,6949,34052,6949,4.2566,0.8687,NH3,14.7
199,0,0.0,0,34056,6950,34056,6950,4.2571,0.8688,NH3,14.7
200,0,0.0,0,34413,7023,34413,7023,4.3017,0.8779,NH3,15.0
201,0,0.0,0,34182,6976,34182,6976,4.2728,0.872,NH3,14.8
75,0,3.3,255,32156,6562,32156,6562,4.0195,0.8203,NH3,13.0
76,0,3.3,255,31756,6480,31756,6480,3.9695,0.8101,NH3,12.6
77,0,3.3,255,31756,6480,31756,6480,3.9695,0.8101,NH3,12.6
78,0,3.3,255,31869,6504,31869,6504,3.9837,0.813,NH3,12.7
79,0,3.3,255,31783,6486,31783,6486,3.9729,0.8108,NH3,12.6
80,0,3.3,255,31446,6417,31446,6417,3.9308,0.8022,NH3,12.3
81,0,3.3,255,31556,6440,31556,6440,3.9445,0.805,NH3,12.4
82,0,3.3,255,31532,6435,31532,6435,3.9416,0.8044,NH3,12.4
83,0,3.3,255,31426,6413,31426,6413,3.9283,0.8017,NH3,12.3
84,0,3.3,255,30940,6314,30940,6314,3.8676,0.7893,NH3,11.9
85,0,3.3,255,31211,6369,31211,6369,3.9014,0.7962,NH3,12.1
86,0,3.3,255,30897,6305,30897,6305,3.8622,0.7882,NH3,11.8
87,0,3.3,255,31112,6349,31112,6349,3.8891,0.7937,NH3,12.0
88,0,3.3,255,30713,6268,30713,6268,3.8392,0.7835,NH3,11.7
89,0,3.3,255,30588,6242,30588,6242,3.8235,0.7803,NH3,11.6
90,0,3.3,255,30592,6243,30592,6243,3.824,0.7804,NH3,11.6
91,0,3.3,255,30792,6284,30792,6284,3.849,0.7855,NH3,11.7
92,0,3.3,255,30380,6200,30380,6200,3.7975,0.775,NH3,11.4
93,0,3.3,255,30317,6187,30317,6187,3.7897,0.7734,NH3,11.3
94,0,3.3,255,30172,6157,30172,6157,3.7715,0.7697,NH3,11.2
95,0,3.3,255,30520,6228,30520,6228,3.8151,0.7786,NH3,11.5
96,0,3.3,255,30192,6161,30192,6161,3.774,0.7702,NH3,11.2
97,0,3.3,255,30392,6202,30392,6202,3.799,0.7753,NH3,11.4
98,0,3.3,255,30297,6183,30297,6183,3.7872,0.7729,NH3,11.3
99,0,3.3,255,30172,6157,30172,6157,3.7715,0.7697,NH3,11.2
100,0,3.3,255,29940,6110,29940,6110,3.7426,0.7638,NH3,11.0
101,0,3.3,255,30144,6152,30144,6152,3.7681,0.769,NH3,11.2
102,0,3.3,255,29662,6053,29662,6053,3.7078,0.7567,NH3,10.7
103,0,3.3,255,29670,6055,29670,6055,3.7088,0.7569,NH3,10.7
104,0,3.3,255,29709,6063,29709,6063,3.7137,0.7579,NH3,10.8
105,0,3.3,255,29670,6055,29670,6055,3.7088,0.7569,NH3,10.7
106,0,3.3,255,29796,6080,29796,6080,3.7245,0.7601,NH3,10.9
107,0,3.3,255,29858,6093,29858,6093,3.7323,0.7617,NH3,10.9
108,0,3.3,255,29505,6021,29505,6021,3.6882,0.7527,NH3,10.6
109,0,3.3,255,29564,6033,29564,6033,3.6956,0.7542,NH3,10.6
110,0,3.3,255,29721,6065,29721,6065,3.7152,0.7582,NH3,10.8
111,0,3.3,255,29686,6058,29686,6058,3.7108,0.7573,NH3,10.8
112,0,3.3,255,29278,5975,29278,5975,3.6598,0.7469,NH3,10.4
113,0,3.3,255,29216,5962,29216,5962,3.652,0.7453,NH3,10.3
114,0,3.3,255,29329,5985,29329,5985,3.6662,0.7482,NH3,10.4
115,0,3.3,255,29156,5950,29156,5950,3.6446,0.7438,NH3,10.3
116,0,3.3,255,29356,5991,29356,5991,3.6696,0.7489,NH3,10.5
117,0,3.3,255,29521,6024,29521,6024,3.6902,0.7531,NH3,10.6
118,0,3.3,255,29212,5961,29212,5961,3.6515,0.7452,NH3,10.3
119,0,3.3,255,29180,5955,29180,5955,3.6476,0.7444,NH3,10.3
120,0,3.3,255,29224,5964,29224,5964,3.653,0.7455,NH3,10.3
121,0,3.3,255,29470,6014,29470,6014,3.6838,0.7518,NH3,10.6
122,0,3.3,255,29380,5996,29380,5996,3.6726,0.7495,NH3,10.5
123,0,3.3,255,29164,5952,29164,5952,3.6456,0.744,NH3,10.3
124,0,3.3,255,29392,5998,29392,5998,3.674,0.7498,NH3,10.5
125,0,0.0,0,29086,5936,29086,5936,3.6358,0.742,NH3,10.2
126,0,0.0,0,29067,5932,29067,5932,3.6334,0.7415,NH3,10.2
127,0,0.0,0,28992,5916,28992,5916,3.624,0.7396,NH3,10.1
128,0,0.0,0,29024,5923,29024,5923,3.628,0.7404,NH3,10.2
129,0,0.0,0,29160,5951,29160,5951,3.6451,0.7439,NH3,10.3
130,0,0.0,0,29419,6004,29419,6004,3.6774,0.7505,NH3,10.5
131,0,0.0,0,29360,5992,29360,5992,3.6701,0.749,NH3,10.5
132,0,0.0,0,29455,6011,29455,6011,3.6819,0.7514,NH3,10.5
133,0,0.0,0,29102,5939,29102,5939,3.6378,0.7424,NH3,10.2
134,0,0.0,0,29117,5942,29117,5942,3.6397,0.7428,NH3,10.2
135,0,0.0,0,29509,6022,29509,6022,3.6887,0.7528,NH3,10.6
136,0,0.0,0,29106,5940,29106,5940,3.6383,0.7425,NH3,10.2
137,0,0.0,0,29216,5962,29216,5962,3.652,0.7453,NH3,10.3
138,0,0.0,0,29239,5967,29239,5967,3.6549,0.7459,NH3,10.4
139,0,0.0,0,29352,5990,29352,5990,3.6691,0.7488,NH3,10.5
140,0,0.0,0,29643,6049,29643,6049,3.7054,0.7562,NH3,10.7
141,0,0.0,0,29364,5992,29364,5992,3.6706,0.7491,NH3,10.5
142,0,0.0,0,29455,6011,29455,6011,3.6819,0.7514,NH3,10.5
143,0,0.0,0,29466,6013,29466,6013,3.6833,0.7517,NH3,10.6
144,0,0.0,0,29600,6040,29600,6040,3.7,0.7551,NH3,10.7
145,0,0.0,0,29612,6043,29612,6043,3.7015,0.7554,NH3,10.7
146,0,0.0,0,29619,6044,29619,6044,3.7024,0.7556,NH3,10.7
147,0,0.0,0,29988,6120,29988,6120,3.7485,0.765,NH3,11.0
148,0,0.0,0,29635,6048,29635,6048,3.7044,0.756,NH3,10.7
149,0,0.0,0,29831,6088,29831,6088,3.7289,0.761,NH3,10.9
150,0,0.0,0,29913,6104,29913,6104,3.7392,0.7631,NH3,11.0
151,0,0.0,0,29936,6109,29936,6109,3.7421,0.7637,NH3,11.0
152,0,0.0,0,30250,6173,30250,6173,3.7813,0.7717,NH3,11.3
153,0,0.0,0,30313,6186,30313,6186,3.7892,0.7733,NH3,11.3
154,0,0.0,0,30407,6205,30407,6205,3.8009,0.7757,NH3,11.4
155,0,0.0,0,30446,6213,30446,6213,3.8058,0.7767,NH3,11.4
156,0,0.0,0,30509,6226,30509,6226,3.8137,0.7783,NH3,11.5
157,0,0.0,0,30372,6198,30372,6198,3.7965,0.7748,NH3,11.4
158,0,0.0,0,30619,6248,30619,6248,3.8274,0.7811,NH3,11.6
159,0,0.0,0,30705,6266,30705,6266,3.8382,0.7833,NH3,11.7
160,0,0.0,0,30481,6220,30481,6220,3.8102,0.7776,NH3,11.5
161,0,0.0,0,30596,6244,30596,6244,3.8245,0.7805,NH3,11.6
162,0,0.0,0,30811,6288,30811,6288,3.8514,0.786,NH3,11.8
163,0,0.0,0,30611,6247,30611,6247,3.8264,0.7809,NH3,11.6
164,0,0.0,0,31116,6350,31116,6350,3.8896,0.7938,NH3,12.0
165,0,0.0,0,30881,6302,30881,6302,3.8602,0.7878,NH3,11.8
166,0,0.0,0,30936,6313,30936,6313,3.8671,0.7892,NH3,11.9
167,0,0.0,0,31328,6393,31328,6393,3.9161,0.7992,NH3,12.2
168,0,0.0,0,31234,6374,31234,6374,3.9043,0.7968,NH3,12.1
169,0,0.0,0,31199,6367,31199,6367,3.8999,0.7959,NH3,12.1
170,0,0.0,0,31348,6397,31348,6397,3.9185,0.7997,NH3,12.2
171,0,0.0,0,31320,6392,31320,6392,3.9151,0.799,NH3,12.2
172,0,0.0,0,31818,6493,31818,6493,3.9773,0.8117,NH3,12.7
173,0,0.0,0,31654,6460,31654,6460,3.9568,0.8075,NH3,12.5
174,0,0.0,0,31869,6504,31869,6504,3.9837,0.813,NH3,12.7
175,0,0.0,0,32096,6550,32096,6550,4.0121,0.8188,NH3,12.9
176,0,0.0,0,31991,6528,31991,6528,3.9989,0.8161,NH3,12.8
177,0,0.0,0,32038,6538,32038,6538,4.0048,0.8173,NH3,12.9
178,0,0.0,0,32320,6596,32320,6596,4.04,0.8245,NH3,13.1
179,0,0.0,0,32273,6586,32273,6586,4.0342,0.8233,NH3,13.1
180,0,0.0,0,32140,6559,32140,6559,4.0175,0.8199,NH3,12.9
181,0,0.0,0,32328,6597,32328,6597,4.041,0.8247,NH3,13.1
182,0,0.0,0,32676,6668,32676,6668,4.0846,0.8336,NH3,13.4
183,0,0.0,0,32504,6633,32504,6633,4.0631,0.8292,NH3,13.3
184,0,0.0,0,32673,6668,32673,6668,4.0842,0.8335,NH3,13.4
185,0,0.0,0,32963,6727,32963,6727,4.1204,0.8409,NH3,13.7
186,0,0.0,0,32759,6685,32759,6685,4.0949,0.8357,NH3,13.5
187,0,0.0,0,32944,6723,32944,6723,4.118,0.8404,NH3,13.7
188,0,0.0,0,33065,6748,33065,6748,4.1332,0.8435,NH3,13.8
189,0,0.0,0,33124,6760,33124,6760,4.1405,0.845,NH3,13.8
190,0,0.0,0,33328,6801,33328,6801,4.166,0.8502,NH3,14.0
191,0,0.0,0,33292,6794,33292,6794,4.1616,0.8493,NH3,14.0
192,0,0.0,0,33516,6840,33516,6840,4.1895,0.855,NH3,14.2
193,0,0.0,0,33512,6839,33512,6839,4.189,0.8549,NH3,14.2
194,0,0.0,0,33810,6900,33810,6900,4.2263,0.8625,NH3,14.4
195,0,0.0,0,33974,6933,33974,6933,4.2468,0.8667,NH3,14.6
196,0,0.0,0,33732,6884,33732,6884,4.2165,0.8605,NH3,14.4
197,0,0.0,0,33806,6899,33806,6899,4.2258,0.8624,NH3,14.4
198,0,0.0,0,34052,6949,34052,6949,4.2566,0.8687,NH3,14.7
199,0,0.0,0,34056,6950,34056,6950,4.2571,0.8688,NH3,14.7
200,0,0.0,0,34413,7023,34413,7023,4.3017,0.8779,NH3,15.0
201,0,0.0,0,34182,6976,34182,6976,4.2728,0.872,NH3,14.8
191,0,0.0,0,33292,6794,33292,6794,4.1616,0.8493,NH3,14.0
192,0,0.0,0,33516,6840,33516,6840,4.1895,0.855,NH3,14.2
193,0,0.0,0,33512,6839,33512,6839,4.189,0.8549,NH3,14.2
194,0,0.0,0,33810,6900,33810,6900,4.2263,0.8625,NH3,14.4
195,0,0.0,0,33974,6933,33974,6933,4.2468,0.8667,NH3,14.6
196,0,0.0,0,33732,6884,33732,6884,4.2165,0.8605,NH3,14.4
197,0,0.0,0,33806,6899,33806,6899,4.2258,0.8624,NH3,14.4
198,0,0.0,0,34052,6949,34052,6949,4.2566,0.8687,NH3,14.7
199,0,0.0,0,34056,6950,34056,6950,4.2571,0.8688,NH3,14.7
200,0,0.0,0,34413,7023,34413,7023,4.3017,0.8779,NH3,15.0
201,0,0.0,0,34182,6976,34182,6976,4.2728,0.872,NH3,14.8
202,0,0.0,0,34555,7052,34555,7052,4.3194,0.8815,NH3,15.1
203,0,0.0,0,34515,7044,34515,7044,4.3144,0.8805,NH3,15.1
204,0,0.0,0,34601,7061,34601,7061,4.3252,0.8827,NH3,15.1
205,0,0.0,0,34700,7081,34700,7081,4.3375,0.8852,NH3,15.2
206,0,0.0,0,34712,7084,34712,7084,4.339,0.8855,NH3,15.2
207,0,0.0,0,35115,7166,35115,7166,4.3894,0.8958,NH3,15.6
208,0,0.0,0,34836,7109,34836,7109,4.3546,0.8887,NH3,15.4
209,0,0.0,0,35303,7204,35303,7204,4.4129,0.9006,NH3,15.8
210,0,0.0,0,35327,7209,35327,7209,4.4159,0.9012,NH3,15.8
211,0,0.0,0,35248,7193,35248,7193,4.4061,0.8992,NH3,15.7
212,0,0.0,0,35550,7255,35550,7255,4.4438,0.9069,NH3,16.0
213,0,0.0,0,35644,7274,35644,7274,4.4556,0.9093,NH3,16.1
214,0,0.0,0,35409,7226,35409,7226,4.4262,0.9033,NH3,15.9
215,0,0.0,0,35397,7224,35397,7224,4.4247,0.903,NH3,15.9
216,0,0.0,0,35492,7243,35492,7243,4.4365,0.9054,NH3,15.9
217,0,0.0,0,35903,7327,35903,7327,4.4879,0.9159,NH3,16.3
218,0,0.0,0,36001,7347,36001,7347,4.5002,0.9184,NH3,16.4
219,0,0.0,0,35688,7283,35688,7283,4.461,0.9104,NH3,16.1
220,0,0.0,0,36158,7379,36158,7379,4.5198,0.9224,NH3,16.5
221,0,0.0,0,35919,7330,35919,7330,4.4899,0.9163,NH3,16.3
222,0,0.0,0,36091,7365,36091,7365,4.5114,0.9207,NH3,16.5
223,0,0.0,0,35946,7336,35946,7336,4.4933,0.917,NH3,16.3
224,0,0.0,0,36138,7375,36138,7375,4.5173,0.9219,NH3,16.5
225,0,0.0,0,36326,7413,36326,7413,4.5408,0.9267,NH3,16.7
226,0,0.0,0,36444,7437,36444,7437,4.5555,0.9297,NH3,16.8
227,0,0.0,0,36295,7407,36295,7407,4.5369,0.9259,NH3,16.7
228,0,0.0,0,36252,7398,36252,7398,4.5315,0.9248,NH3,16.6
229,0,0.0,0,36656,7480,36656,7480,4.582,0.9351,NH3,17.0
230,0,0.0,0,36315,7411,36315,7411,4.5394,0.9264,NH3,16.7
231,0,0.0,0,36452,7439,36452,7439,4.5565,0.9299,NH3,16.8
232,0,0.0,0,36608,7471,36608,7471,4.5761,0.9339,NH3,16.9
233,0,0.0,0,36604,7470,36604,7470,4.5756,0.9338,NH3,16.9
234,0,0.0,0,36503,7449,36503,7449,4.5629,0.9312,NH3,16.8
235,0,0.0,0,36538,7456,36538,7456,4.5673,0.9321,NH3,16.9
236,0,0.0,0,36761,7502,36761,7502,4.5952,0.9378,NH3,17.1
237,0,0.0,0,36620,7473,36620,7473,4.5776,0.9342,NH3,16.9
238,0,0.0,0,36730,7496,36730,7496,4.5913,0.937,NH3,17.0
239,0,0.0,0,37071,7565,37071,7565,4.6339,0.9457,NH3,17.3
240,0,0.0,0,37091,7569,37091,7569,4.6364,0.9462,NH3,17.4
241,0,0.0,0,36918,7534,36918,7534,4.6148,0.9418,NH3,17.2
242,0,0.0,0,36949,7540,36949,7540,4.6187,0.9426,NH3,17.2
243,0,0.0,0,37145,7580,37145,7580,4.6432,0.9476,NH3,17.4
244,0,0.0,0,36792,7508,36792,7508,4.5991,0.9386,NH3,17.1
245,0,0.0,0,36816,7513,36816,7513,4.6021,0.9392,NH3,17.1
246,0,0.0,0,36871,7524,36871,7524,4.6089,0.9406,NH3,17.2
247,0,0.0,0,36808,7512,36808,7512,4.6011,0.939,NH3,17.1
248,0,0.0,0,36808,7512,36808,7512,4.6011,0.939,NH3,17.1
249,0,0.0,0,37192,7590,37192,7590,4.6491,0.9488,NH3,17.5
0,0,3.3,255,37067,7564,37067,7564,4.6334,0.9456,NH3,17.3
1,0,3.3,255,37232,7598,37232,7598,4.654,0.9498,NH3,17.5
2,0,3.3,255,37004,7552,37004,7552,4.6256,0.944,NH3,17.3
3,0,3.3,255,37016,7554,37016,7554,4.6271,0.9443,NH3,17.3
4,0,3.3,255,37244,7600,37244,7600,4.6555,0.9501,NH3,17.5
5,0,3.3,255,37200,7592,37200,7592,4.6501,0.949,NH3,17.5
6,0,3.3,255,37220,7596,37220,7596,4.6526,0.9495,NH3,17.5
7,0,3.3,255,36965,7544,36965,7544,4.6207,0.943,NH3,17.3
8,0,3.3,255,37060,7563,37060,7563,4.6325,0.9454,NH3,17.3
9,0,3.3,255,37028,7556,37028,7556,4.6285,0.9446,NH3,17.3
10,0,3.3,255,37130,7577,37130,7577,4.6413,0.9472,NH3,17.4
11,0,3.3,255,37142,7580,37142,7580,4.6428,0.9475,NH3,17.4
12,0,3.3,255,36903,7531,36903,7531,4.6129,0.9414,NH3,17.2
13,0,3.3,255,37044,7560,37044,7560,4.6305,0.945,NH3,17.3
14,0,3.3,255,36703,7490,36703,7490,4.5879,0.9363,NH3,17.0
15,0,3.3,255,36581,7465,36581,7465,4.5727,0.9332,NH3,16.9
16,0,3.3,255,36648,7479,36648,7479,4.581,0.9349,NH3,17.0
17,0,3.3,255,36910,7532,36910,7532,4.6138,0.9416,NH3,17.2
18,0,3.3,255,36726,7495,36726,7495,4.5908,0.9369,NH3,17.0
19,0,3.3,255,36542,7457,36542,7457,4.5678,0.9322,NH3,16.9
20,0,3.3,255,36452,7439,36452,7439,4.5565,0.9299,NH3,16.8
21,0,3.3,255,36604,7470,36604,7470,4.5756,0.9338,NH3,16.9
22,0,3.3,255,36338,7416,36338,7416,4.5423,0.927,NH3,16.7
23,0,3.3,255,36240,7396,36240,7396,4.5301,0.9245,NH3,16.6
24,0,3.3,255,36303,7408,36303,7408,4.5379,0.9261,NH3,16.7
25,0,3.3,255,36358,7420,36358,7420,4.5448,0.9275,NH3,16.7
26,0,3.3,255,36048,7356,36048,7356,4.506,0.9196,NH3,16.4
27,0,3.3,255,36377,7424,36377,7424,4.5472,0.928,NH3,16.7
28,0,3.3,255,36338,7416,36338,7416,4.5423,0.927,NH3,16.7
29,0,3.3,255,35938,7334,35938,7334,4.4923,0.9168,NH3,16.3
30,0,3.3,255,36173,7382,36173,7382,4.5217,0.9228,NH3,16.5
31,0,3.3,255,36091,7365,36091,7365,4.5114,0.9207,NH3,16.5
32,0,3.3,255,35969,7340,35969,7340,4.4962,0.9176,NH3,16.4
33,0,3.3,255,36005,7348,36005,7348,4.5007,0.9185,NH3,16.4
34,0,3.3,255,35688,7283,35688,7283,4.461,0.9104,NH3,16.1
35,0,3.3,255,35503,7245,35503,7245,4.4379,0.9057,NH3,15.9
36,0,3.3,255,35527,7250,35527,7250,4.4409,0.9063,NH3,16.0
37,0,3.3,255,35707,7287,35707,7287,4.4634,0.9109,NH3,16.1
38,0,3.3,255,35628,7271,35628,7271,4.4536,0.9089,NH3,16.1
39,0,3.3,255,35381,7220,35381,7220,4.4227,0.9026,NH3,15.8
40,0,3.3,255,35476,7240,35476,7240,4.4345,0.905,NH3,15.9
41,0,3.3,255,35080,7159,35080,7159,4.385,0.8949,NH3,15.6
42,0,3.3,255,34908,7124,34908,7124,4.3635,0.8905,NH3,15.4
43,0,3.3,255,35111,7165,35111,7165,4.3889,0.8957,NH3,15.6
44,0,3.3,255,34743,7090,34743,7090,4.3429,0.8863,NH3,15.3
45,0,3.3,255,35005,7144,35005,7144,4.3757,0.893,NH3,15.5
46,0,3.3,255,34551,7051,34551,7051,4.3189,0.8814,NH3,15.1
47,0,3.3,255,34460,7032,34460,7032,4.3076,0.8791,NH3,15.0
48,0,3.3,255,34433,7027,34433,7027,4.3042,0.8784,NH3,15.0
49,0,3.3,255,34672,7076,34672,7076,4.3341,0.8845,NH3,15.2
50,0,3.3,255,34413,7023,34413,7023,4.3017,0.8779,NH3,15.0
51,0,3.3,255,34252,6990,34252,6990,4.2816,0.8738,NH3,14.8
52,0,3.3,255,34045,6948,34045,6948,4.2557,0.8685,NH3,14.6
53,0,3.3,255,34284,6996,34284,6996,4.2855,0.8746,NH3,14.9
54,0,3.3,255,34194,6978,34194,6978,4.2743,0.8723,NH3,14.8
55,0,3.3,255,33708,6879,33708,6879,4.2135,0.8599,NH3,14.3
56,0,3.3,255,33794,6896,33794,6896,4.2243,0.8621,NH3,14.4
57,0,3.3,255,33606,6858,33606,6858,4.2008,0.8573,NH3,14.3
58,0,3.3,255,33418,6820,33418,6820,4.1773,0.8525,NH3,14.1
59,0,3.3,255,33336,6803,33336,6803,4.167,0.8504,NH3,14.0
60,0,3.3,255,33504,6837,33504,6837,4.188,0.8547,NH3,14.2
61,0,3.3,255,33108,6756,33108,6756,4.1385,0.8446,NH3,13.8
62,0,3.3,255,33124,6760,33124,6760,4.1405,0.845,NH3,13.8
63,0,3.3,255,33229,6781,33229,6781,4.1537,0.8477,NH3,13.9
64,0,3.3,255,33006,6736,33006,6736,4.1258,0.842,NH3,13.7
65,0,3.3,255,32904,6715,32904,6715,4.1131,0.8394,NH3,13.6
66,0,3.3,255,33026,6740,33026,6740,4.1283,0.8425,NH3,13.7
67,0,3.3,255,32700,6673,32700,6673,4.0876,0.8342,NH3,13.4
202,0,0.0,0,34555,7052,34555,7052,4.3194,0.8815,NH3,15.1
203,0,0.0,0,34515,7044,34515,7044,4.3144,0.8805,NH3,15.1
204,0,0.0,0,34601,7061,34601,7061,4.3252,0.8827,NH3,15.1
205,0,0.0,0,34700,7081,34700,7081,4.3375,0.8852,NH3,15.2
206,0,0.0,0,34712,7084,34712,7084,4.339,0.8855,NH3,15.2
207,0,0.0,0,35115,7166,35115,7166,4.3894,0.8958,NH3,15.6
208,0,0.0,0,34836,7109,34836,7109,4.3546,0.8887,NH3,15.4
209,0,0.0,0,35303,7204,35303,7204,4.4129,0.9006,NH3,15.8
210,0,0.0,0,35327,7209,35327,7209,4.4159,0.9012,NH3,15.8
211,0,0.0,0,35248,7193,35248,7193,4.4061,0.8992,NH3,15.7
212,0,0.0,0,35550,7255,35550,7255,4.4438,0.9069,NH3,16.0
213,0,0.0,0,35644,7274,35644,7274,4.4556,0.9093,NH3,16.1
214,0,0.0,0,35409,7226,35409,7226,4.4262,0.9033,NH3,15.9
215,0,0.0,0,35397,7224,35397,7224,4.4247,0.903,NH3,15.9
216,0,0.0,0,35492,7243,35492,7243,4.4365,0.9054,NH3,15.9
217,0,0.0,0,35903,7327,35903,7327,4.4879,0.9159,NH3,16.3
218,0,0.0,0,36001,7347,36001,7347,4.5002,0.9184,NH3,16.4
219,0,0.0,0,35688,7283,35688,7283,4.461,0.9104,NH3,16.1
220,0,0.0,0,36158,7379,36158,7379,4.5198,0.9224,NH3,16.5
221,0,0.0,0,35919,7330,35919,7330,4.4899,0.9163,NH3,16.3
222,0,0.0,0,36091,7365,36091,7365,4.5114,0.9207,NH3,16.5
223,0,0.0,0,35946,7336,35946,7336,4.4933,0.917,NH3,16.3
224,0,0.0,0,36138,7375,36138,7375,4.5173,0.9219,NH3,16.5
225,0,0.0,0,36326,7413,36326,7413,4.5408,0.9267,NH3,16.7
226,0,0.0,0,36444,7437,36444,7437,4.5555,0.9297,NH3,16.8
227,0,0.0,0,36295,7407,36295,7407,4.5369,0.9259,NH3,16.7
228,0,0.0,0,36252,7398,36252,7398,4.5315,0.9248,NH3,16.6
229,0,0.0,0,36656,7480,36656,7480,4.582,0.9351,NH3,17.0
230,0,0.0,0,36315,7411,36315,7411,4.5394,0.9264,NH3,16.7
231,0,0.0,0,36452,7439,36452,7439,4.5565,0.9299,NH3,16.8
232,0,0.0,0,36608,7471,36608,7471,4.5761,0.9339,NH3,16.9
233,0,0.0,0,36604,7470,36604,7470,4.5756,0.9338,NH3,16.9
234,0,0.0,0,36503,7449,36503,7449,4.5629,0.9312,NH3,16.8
235,0,0.0,0,36538,7456,36538,7456,4.5673,0.9321,NH3,16.9
236,0,0.0,0,36761,7502,36761,7502,4.5952,0.9378,NH3,17.1
237,0,0.0,0,36620,7473,36620,7473,4.5776,0.9342,NH3,16.9
238,0,0.0,0,36730,7496,36730,7496,4.5913,0.937,NH3,17.0
239,0,0.0,0,37071,7565,37071,7565,4.6339,0.9457,NH3,17.3
240,0,0.0,0,37091,7569,37091,7569,4.6364,0.9462,NH3,17.4
241,0,0.0,0,36918,7534,36918,7534,4.6148,0.9418,NH3,17.2
242,0,0.0,0,36949,7540,36949,7540,4.6187,0.9426,NH3,17.2
243,0,0.0,0,37145,7580,37145,7580,4.6432,0.9476,NH3,17.4
244,0,0.0,0,36792,7508,36792,7508,4.5991,0.9386,NH3,17.1
245,0,0.0,0,36816,7513,36816,7513,4.6021,0.9392,NH3,17.1
246,0,0.0,0,36871,7524,36871,7524,4.6089,0.9406,NH3,17.2
247,0,0.0,0,36808,7512,36808,7512,4.6011,0.939,NH3,17.1
248,0,0.0,0,36808,7512,36808,7512,4.6011,0.939,NH3,17.1
249,0,0.0,0,37192,7590,37192,7590,4.6491,0.9488,NH3,17.5
0,0,3.3,255,37067,7564,37067,7564,4.6334,0.9456,NH3,17.3
1,0,3.3,255,37232,7598,37232,7598,4.654,0.9498,NH3,17.5
2,0,3.3,255,37004,7552,37004,7552,4.6256,0.944,NH3,17.3
3,0,3.3,255,37016,7554,37016,7554,4.6271,0.9443,NH3,17.3
4,0,3.3,255,37244,7600,37244,7600,4.6555,0.9501,NH3,17.5
5,0,3.3,255,37200,7592,37200,7592,4.6501,0.949,NH3,17.5
6,0,3.3,255,37220,7596,37220,7596,4.6526,0.9495,NH3,17.5
7,0,3.3,255,36965,7544,36965,7544,4.6207,0.943,NH3,17.3
8,0,3.3,255,37060,7563,37060,7563,4.6325,0.9454,NH3,17.3
9,0,3.3,255,37028,7556,37028,7556,4.6285,0.9446,NH3,17.3
10,0,3.3,255,37130,7577,37130,7577,4.6413,0.9472,NH3,17.4
11,0,3.3,255,37142,7580,37142,7580,4.6428,0.9475,NH3,17.4
12,0,3.3,255,36903,7531,36903,7531,4.6129,0.9414,NH3,17.2
13,0,3.3,255,37044,7560,37044,7560,4.6305,0.945,NH3,17.3
14,0,3.3,255,36703,7490,36703,7490,4.5879,0.9363,NH3,17.0
15,0,3.3,255,36581,7465,36581,7465,4.5727,0.9332,NH3,16.9
16,0,3.3,255,36648,7479,36648,7479,4.581,0.9349,NH3,17.0
17,0,3.3,255,36910,7532,36910,7532,4.6138,0.9416,NH3,17.2
18,0,3.3,255,36726,7495,36726,7495,4.5908,0.9369,NH3,17.0
19,0,3.3,255,36542,7457,36542,7457,4.5678,0.9322,NH3,16.9
20,0,3.3,255,36452,7439,36452,7439,4.5565,0.9299,NH3,16.8
21,0,3.3,255,36604,7470,36604,7470,4.5756,0.9338,NH3,16.9
22,0,3.3,255,36338,7416,36338,7416,4.5423,0.927,NH3,16.7
23,0,3.3,255,36240,7396,36240,7396,4.5301,0.9245,NH3,16.6
24,0,3.3,255,36303,7408,36303,7408,4.5379,0.9261,NH3,16.7
25,0,3.3,255,36358,7420,36358,7420,4.5448,0.9275,NH3,16.7
26,0,3.3,255,36048,7356,36048,7356,4.506,0.9196,NH3,16.4
27,0,3.3,255,36377,7424,36377,7424,4.5472,0.928,NH3,16.7
28,0,3.3,255,36338,7416,36338,7416,4.5423,0.927,NH3,16.7
29,0,3.3,255,35938,7334,35938,7334,4.4923,0.9168,NH3,16.3
30,0,3.3,255,36173,7382,36173,7382,4.5217,0.9228,NH3,16.5
31,0,3.3,255,36091,7365,36091,7365,4.5114,0.9207,NH3,16.5
32,0,3.3,255,35969,7340,35969,7340,4.4962,0.9176,NH3,16.4
33,0,3.3,255,36005,7348,36005,7348,4.5007,0.9185,NH3,16.4
34,0,3.3,255,35688,7283,35688,7283,4.461,0.9104,NH3,16.1
35,0,3.3,255,35503,7245,35503,7245,4.4379,0.9057,NH3,15.9
36,0,3.3,255,35527,7250,35527,7250,4.4409,0.9063,NH3,16.0
37,0,3.3,255,35707,7287,35707,7287,4.4634,0.9109,NH3,16.1
38,0,3.3,255,35628,7271,35628,7271,4.4536,0.9089,NH3,16.1
39,0,3.3,255,35381,7220,35381,7220,4.4227,0.9026,NH3,15.8
40,0,3.3,255,35476,7240,35476,7240,4.4345,0.905,NH3,15.9
41,0,3.3,255,35080,7159,35080,7159,4.385,0.8949,NH3,15.6
42,0,3.3,255,34908,7124,34908,7124,4.3635,0.8905,NH3,15.4
43,0,3.3,255,35111,7165,35111,7165,4.3889,0.8957,NH3,15.6
44,0,3.3,255,34743,7090,34743,7090,4.3429,0.8863,NH3,15.3
45,0,3.3,255,35005,7144,35005,7144,4.3757,0.893,NH3,15.5
46,0,3.3,255,34551,7051,34551,7051,4.3189,0.8814,NH3,15.1
47,0,3.3,255,34460,7032,34460,7032,4.3076,0.8791,NH3,15.0
48,0,3.3,255,34433,7027,34433,7027,4.3042,0.8784,NH3,15.0
49,0,3.3,255,34672,7076,34672,7076,4.3341,0.8845,NH3,15.2
50,0,3.3,255,34413,7023,34413,7023,4.3017,0.8779,NH3,15.0
51,0,3.3,255,34252,6990,34252,6990,4.2816,0.8738,NH3,14.8
52,0,3.3,255,34045,6948,34045,6948,4.2557,0.8685,NH3,14.6
53,0,3.3,255,34284,6996,34284,6996,4.2855,0.8746,NH3,14.9
54,0,3.3,255,34194,6978,34194,6978,4.2743,0.8723,NH3,14.8
55,0,3.3,255,33708,6879,33708,6879,4.2135,0.8599,NH3,14.3
56,0,3.3,255,33794,6896,33794,6896,4.2243,0.8621,NH3,14.4
57,0,3.3,255,33606,6858,33606,6858,4.2008,0.8573,NH3,14.3
58,0,3.3,255,33418,6820,33418,6820,4.1773,0.8525,NH3,14.1
59,0,3.3,255,33336,6803,33336,6803,4.167,0.8504,NH3,14.0
60,0,3.3,255,33504,6837,33504,6837,4.188,0.8547,NH3,14.2
61,0,3.3,255,33108,6756,33108,6756,4.1385,0.8446,NH3,13.8
62,0,3.3,255,33124,6760,33124,6760,4.1405,0.845,NH3,13.8
63,0,3.3,255,33229,6781,33229,6781,4.1537,0.8477,NH3,13.9
64,0,3.3,255,33006,6736,33006,6736,4.1258,0.842,NH3,13.7
65,0,3.3,255,32904,6715,32904,6715,4.1131,0.8394,NH3,13.6
66,0,3.3,255,33026,6740,33026,6740,4.1283,0.8425,NH3,13.7
67,0,3.3,255,32700,6673,32700,6673,4.0876,0.8342,NH3,13.4
68,0,3.3,255,32814,6696,32814,6696,4.1018,0.8371,NH3,13.5
69,0,3.3,255,32344,6600,32344,6600,4.043,0.8251,NH3,13.1
70,0,3.3,255,32637,6660,32637,6660,4.0797,0.8326,NH3,13.4
71,0,3.3,255,32528,6638,32528,6638,4.066,0.8298,NH3,13.3
72,0,3.3,255,32434,6619,32434,6619,4.0543,0.8274,NH3,13.2
73,0,3.3,255,32085,6548,32085,6548,4.0107,0.8185,NH3,12.9
74,0,3.3,255,32088,6548,32088,6548,4.0111,0.8186,NH3,12.9
75,0,3.3,255,31799,6489,31799,6489,3.9749,0.8112,NH3,12.6
76,0,3.3,255,31704,6470,31704,6470,3.9631,0.8088,NH3,12.6
77,0,3.3,255,31712,6472,31712,6472,3.9641,0.809,NH3,12.6
78,0,3.3,255,31869,6504,31869,6504,3.9837,0.813,NH3,12.7
79,0,3.3,255,31799,6489,31799,6489,3.9749,0.8112,NH3,12.6
80,0,3.3,255,31650,6459,31650,6459,3.9563,0.8074,NH3,12.5
81,0,3.3,255,31504,6429,31504,6429,3.9381,0.8037,NH3,12.4
202,0,0.0,0,34555,7052,34555,7052,4.3194,0.8815,NH3,15.1
203,0,0.0,0,34515,7044,34515,7044,4.3144,0.8805,NH3,15.1
204,0,0.0,0,34601,7061,34601,7061,4.3252,0.8827,NH3,15.1
205,0,0.0,0,34700,7081,34700,7081,4.3375,0.8852,NH3,15.2
206,0,0.0,0,34712,7084,34712,7084,4.339,0.8855,NH3,15.2
207,0,0.0,0,35115,7166,35115,7166,4.3894,0.8958,NH3,15.6
208,0,0.0,0,34836,7109,34836,7109,4.3546,0.8887,NH3,15.4
209,0,0.0,0,35303,7204,35303,7204,4.4129,0.9006,NH3,15.8
210,0,0.0,0,35327,7209,35327,7209,4.4159,0.9012,NH3,15.8
211,0,0.0,0,35248,7193,35248,7193,4.4061,0.8992,NH3,15.7
212,0,0.0,0,35550,7255,35550,7255,4.4438,0.9069,NH3,16.0
213,0,0.0,0,35644,7274,35644,7274,4.4556,0.9093,NH3,16.1
214,0,0.0,0,35409,7226,35409,7226,4.4262,0.9033,NH3,15.9
215,0,0.0,0,35397,7224,35397,7224,4.4247,0.903,NH3,15.9
216,0,0.0,0,35492,7243,35492,7243,4.4365,0.9054,NH3,15.9
217,0,0.0,0,35903,7327,35903,7327,4.4879,0.9159,NH3,16.3
218,0,0.0,0,36001,7347,36001,7347,4.5002,0.9184,NH3,16.4
219,0,0.0,0,35688,7283,35688,7283,4.461,0.9104,NH3,16.1
220,0,0.0,0,36158,7379,36158,7379,4.5198,0.9224,NH3,16.5
221,0,0.0,0,35919,7330,35919,7330,4.4899,0.9163,NH3,16.3
222,0,0.0,0,36091,7365,36091,7365,4.5114,0.9207,NH3,16.5
223,0,0.0,0,35946,7336,35946,7336,4.4933,0.917,NH3,16.3
224,0,0.0,0,36138,7375,36138,7375,4.5173,0.9219,NH3,16.5
225,0,0.0,0,36326,7413,36326,7413,4.5408,0.9267,NH3,16.7
226,0,0.0,0,36444,7437,36444,7437,4.5555,0.9297,NH3,16.8
227,0,0.0,0,36295,7407,36295,7407,4.5369,0.9259,NH3,16.7
228,0,0.0,0,36252,7398,36252,7398,4.5315,0.9248,NH3,16.6
229,0,0.0,0,36656,7480,36656,7480,4.582,0.9351,NH3,17.0
230,0,0.0,0,36315,7411,36315,7411,4.5394,0.9264,NH3,16.7
231,0,0.0,0,36452,7439,36452,7439,4.5565,0.9299,NH3,16.8
232,0,0.0,0,36608,7471,36608,7471,4.5761,0.9339,NH3,16.9
233,0,0.0,0,36604,7470,36604,7470,4.5756,0.9338,NH3,16.9
234,0,0.0,0,36503,7449,36503,7449,4.5629,0.9312,NH3,16.8
235,0,0.0,0,36538,7456,36538,7456,4.5673,0.9321,NH3,16.9
236,0,0.0,0,36761,7502,36761,7502,4.5952,0.9378,NH3,17.1
237,0,0.0,0,36620,7473,36620,7473,4.5776,0.9342,NH3,16.9
238,0,0.0,0,36730,7496,36730,7496,4.5913,0.937,NH3,17.0
239,0,0.0,0,37071,7565,37071,7565,4.6339,0.9457,NH3,17.3
240,0,0.0,0,37091,7569,37091,7569,4.6364,0.9462,NH3,17.4
241,0,0.0,0,36918,7534,36918,7534,4.6148,0.9418,NH3,17.2
242,0,0.0,0,36949,7540,36949,7540,4.6187,0.9426,NH3,17.2
243,0,0.0,0,37145,7580,37145,7580,4.6432,0.9476,NH3,17.4
244,0,0.0,0,36792,7508,36792,7508,4.5991,0.9386,NH3,17.1
245,0,0.0,0,36816,7513,36816,7513,4.6021,0.9392,NH3,17.1
246,0,0.0,0,36871,7524,36871,7524,4.6089,0.9406,NH3,17.2
247,0,0.0,0,36808,7512,36808,7512,4.6011,0.939,NH3,17.1
248,0,0.0,0,36808,7512,36808,7512,4.6011,0.939,NH3,17.1
249,0,0.0,0,37192,7590,37192,7590,4.6491,0.9488,NH3,17.5
0,0,3.3,255,37067,7564,37067,7564,4.6334,0.9456,NH3,17.3
1,0,3.3,255,37232,7598,37232,7598,4.654,0.9498,NH3,17.5
2,0,3.3,255,37004,7552,37004,7552,4.6256,0.944,NH3,17.3
3,0,3.3,255,37016,7554,37016,7554,4.6271,0.9443,NH3,17.3
4,0,3.3,255,37244,7600,37244,7600,4.6555,0.9501,NH3,17.5
5,0,3.3,255,37200,7592,37200,7592,4.6501,0.949,NH3,17.5
6,0,3.3,255,37220,7596,37220,7596,4.6526,0.9495,NH3,17.5
7,0,3.3,255,36965,7544,36965,7544,4.6207,0.943,NH3,17.3
8,0,3.3,255,37060,7563,37060,7563,4.6325,0.9454,NH3,17.3
9,0,3.3,255,37028,7556,37028,7556,4.6285,0.9446,NH3,17.3
10,0,3.3,255,37130,7577,37130,7577,4.6413,0.9472,NH3,17.4
11,0,3.3,255,37142,7580,37142,7580,4.6428,0.9475,NH3,17.4
12,0,3.3,255,36903,7531,36903,7531,4.6129,0.9414,NH3,17.2
13,0,3.3,255,37044,7560,37044,7560,4.6305,0.945,NH3,17.3
14,0,3.3,255,36703,7490,36703,7490,4.5879,0.9363,NH3,17.0
15,0,3.3,255,36581,7465,36581,7465,4.5727,0.9332,NH3,16.9
16,0,3.3,255,36648,7479,36648,7479,4.581,0.9349,NH3,17.0
17,0,3.3,255,36910,7532,36910,7532,4.6138,0.9416,NH3,17.2
18,0,3.3,255,36726,7495,36726,7495,4.5908,0.9369,NH3,17.0
19,0,3.3,255,36542,7457,36542,7457,4.5678,0.9322,NH3,16.9
20,0,3.3,255,36452,7439,36452,7439,4.5565,0.9299,NH3,16.8
21,0,3.3,255,36604,7470,36604,7470,4.5756,0.9338,NH3,16.9
22,0,3.3,255,36338,7416,36338,7416,4.5423,0.927,NH3,16.7
23,0,3.3,255,36240,7396,36240,7396,4.5301,0.9245,NH3,16.6
24,0,3.3,255,36303,7408,36303,7408,4.5379,0.9261,NH3,16.7
25,0,3.3,255,36358,7420,36358,7420,4.5448,0.9275,NH3,16.7
26,0,3.3,255,36048,7356,36048,7356,4.506,0.9196,NH3,16.4
27,0,3.3,255,36377,7424,36377,7424,4.5472,0.928,NH3,16.7
28,0,3.3,255,36338,7416,36338,7416,4.5423,0.927,NH3,16.7
29,0,3.3,255,35938,7334,35938,7334,4.4923,0.9168,NH3,16.3
30,0,3.3,255,36173,7382,36173,7382,4.5217,0.9228,NH3,16.5
31,0,3.3,255,36091,7365,36091,7365,4.5114,0.9207,NH3,16.5
32,0,3.3,255,35969,7340,35969,7340,4.4962,0.9176,NH3,16.4
33,0,3.3,255,36005,7348,36005,7348,4.5007,0.9185,NH3,16.4
34,0,3.3,255,35688,7283,35688,7283,4.461,0.9104,NH3,16.1
35,0,3.3,255,35503,7245,35503,7245,4.4379,0.9057,NH3,15.9
36,0,3.3,255,35527,7250,35527,7250,4.4409,0.9063,NH3,16.0
37,0,3.3,255,35707,7287,35707,7287,4.4634,0.9109,NH3,16.1
38,0,3.3,255,35628,7271,35628,7271,4.4536,0.9089,NH3,16.1
39,0,3.3,255,35381,7220,35381,7220,4.4227,0.9026,NH3,15.8
40,0,3.3,255,35476,7240,35476,7240,4.4345,0.905,NH3,15.9
41,0,3.3,255,35080,7159,35080,7159,4.385,0.8949,NH3,15.6
42,0,3.3,255,34908,7124,34908,7124,4.3635,0.8905,NH3,15.4
43,0,3.3,255,35111,7165,35111,7165,4.3889,0.8957,NH3,15.6
44,0,3.3,255,34743,7090,34743,7090,4.3429,0.8863,NH3,15.3
45,0,3.3,255,35005,7144,35005,7144,4.3757,0.893,NH3,15.5
46,0,3.3,255,34551,7051,34551,7051,4.3189,0.8814,NH3,15.1
47,0,3.3,255,34460,7032,34460,7032,4.3076,0.8791,NH3,15.0
48,0,3.3,255,34433,7027,34433,7027,4.3042,0.8784,NH3,15.0
49,0,3.3,255,34672,7076,34672,7076,4.3341,0.8845,NH3,15.2
50,0,3.3,255,34413,7023,34413,7023,4.3017,0.8779,NH3,15.0
51,0,3.3,255,34252,6990,34252,6990,4.2816,0.8738,NH3,14.8
52,0,3.3,255,34045,6948,34045,6948,4.2557,0.8685,NH3,14.6
53,0,3.3,255,34284,6996,34284,6996,4.2855,0.8746,NH3,14.9
54,0,3.3,255,34194,6978,34194,6978,4.2743,0.8723,NH3,14.8
55,0,3.3,255,33708,6879,33708,6879,4.2135,0.8599,NH3,14.3
56,0,3.3,255,33794,6896,33794,6896,4.2243,0.8621,NH3,14.4
57,0,3.3,255,33606,6858,33606,6858,4.2008,0.8573,NH3,14.3
58,0,3.3,255,33418,6820,33418,6820,4.1773,0.8525,NH3,14.1
59,0,3.3,255,33336,6803,33336,6803,4.167,0.8504,NH3,14.0
60,0,3.3,255,33504,6837,33504,6837,4.188,0.8547,NH3,14.2
61,0,3.3,255,33108,6756,33108,6756,4.1385,0.8446,NH3,13.8
62,0,3.3,255,33124,6760,33124,6760,4.1405,0.845,NH3,13.8
63,0,3.3,255,33229,6781,33229,6781,4.1537,0.8477,NH3,13.9
64,0,3.3,255,33006,6736,33006,6736,4.1258,0.842,NH3,13.7
65,0,3.3,255,32904,6715,32904,6715,4.1131,0.8394,NH3,13.6
66,0,3.3,255,33026,6740,33026,6740,4.1283,0.8425,NH3,13.7
67,0,3.3,255,32700,6673,32700,6673,4.0876,0.8342,NH3,13.4
68,0,3.3,255,32814,6696,32814,6696,4.1018,0.8371,NH3,13.5
69,0,3.3,255,32344,6600,32344,6600,4.043,0.8251,NH3,13.1
70,0,3.3,255,32637,6660,32637,6660,4.0797,0.8326,NH3,13.4
71,0,3.3,255,32528,6638,32528,6638,4.066,0.8298,NH3,13.3
72,0,3.3,255,32434,6619,32434,6619,4.0543,0.8274,NH3,13.2
73,0,3.3,255,32085,6548,32085,6548,4.0107,0.8185,NH3,12.9
74,0,3.3,255,32088,6548,32088,6548,4.0111,0.8186,NH3,12.9
75,0,3.3,255,31799,6489,31799,6489,3.9749,0.8112,NH3,12.6
76,0,3.3,255,31704,6470,31704,6470,3.9631,0.8088,NH3,12.6
77,0,3.3,255,31712,6472,31712,6472,3.9641,0.809,NH3,12.6
78,0,3.3,255,31869,6504,31869,6504,3.9837,0.813,NH3,12.7
79,0,3.3,255,31799,6489,31799,6489,3.9749,0.8112,NH3,12.6
80,0,3.3,255,31650,6459,31650,6459,3.9563,0.8074,NH3,12.5
81,0,3.3,255,31504,6429,31504,6429,3.9381,0.8037,NH3,12.4
68,0,3.3,255,32814,6696,32814,6696,4.1018,0.8371,NH3,13.5
69,0,3.3,255,32344,6600,32344,6600,4.043,0.8251,NH3,13.1
70,0,3.3,255,32637,6660,32637,6660,4.0797,0.8326,NH3,13.4
71,0,3.3,255,32528,6638,32528,6638,4.066,0.8298,NH3,13.3
72,0,3.3,255,32434,6619,32434,6619,4.0543,0.8274,NH3,13.2
73,0,3.3,255,32085,6548,32085,6548,4.0107,0.8185,NH3,12.9
74,0,3.3,255,32088,6548,32088,6548,4.0111,0.8186,NH3,12.9
75,0,3.3,255,31799,6489,31799,6489,3.9749,0.8112,NH3,12.6
76,0,3.3,255,31704,6470,31704,6470,3.9631,0.8088,NH3,12.6
77,0,3.3,255,31712,6472,31712,6472,3.9641,0.809,NH3,12.6
78,0,3.3,255,31869,6504,31869,6504,3.9837,0.813,NH3,12.7
79,0,3.3,255,31799,6489,31799,6489,3.9749,0.8112,NH3,12.6
80,0,3.3,255,31650,6459,31650,6459,3.9563,0.8074,NH3,12.5
81,0,3.3,255,31504,6429,31504,6429,3.9381,0.8037,NH3,12.4
82,0,3.3,255,31226,6372,31226,6372,3.9033,0.7966,NH3,12.1
83,0,3.3,255,31368,6401,31368,6401,3.921,0.8002,NH3,12.3
84,0,3.3,255,31038,6334,31038,6334,3.8798,0.7918,NH3,12.0
85,0,3.3,255,30936,6313,30936,6313,3.8671,0.7892,NH3,11.9
86,0,3.3,255,31160,6359,31160,6359,3.895,0.7949,NH3,12.1
87,0,3.3,255,30964,6319,30964,6319,3.8705,0.7899,NH3,11.9
88,0,3.3,255,30776,6280,30776,6280,3.847,0.7851,NH3,11.7
89,0,3.3,255,30536,6232,30536,6232,3.8171,0.779,NH3,11.5
90,0,3.3,255,30560,6236,30560,6236,3.82,0.7796,NH3,11.5
91,0,3.3,255,30384,6200,30384,6200,3.798,0.7751,NH3,11.4
92,0,3.3,255,30313,6186,30313,6186,3.7892,0.7733,NH3,11.3
93,0,3.3,255,30321,6188,30321,6188,3.7902,0.7735,NH3,11.3
94,0,3.3,255,30285,6180,30285,6180,3.7857,0.7726,NH3,11.3
95,0,3.3,255,30270,6177,30270,6177,3.7838,0.7722,NH3,11.3
96,0,3.3,255,30164,6156,30164,6156,3.7706,0.7695,NH3,11.2
97,0,3.3,255,30392,6202,30392,6202,3.799,0.7753,NH3,11.4
98,0,3.3,255,29976,6117,29976,6117,3.747,0.7647,NH3,11.0
99,0,3.3,255,29964,6115,29964,6115,3.7456,0.7644,NH3,11.0
100,0,3.3,255,29784,6078,29784,6078,3.723,0.7598,NH3,10.8
101,0,3.3,255,30148,6152,30148,6152,3.7686,0.7691,NH3,11.2
102,0,3.3,255,30093,6141,30093,6141,3.7617,0.7677,NH3,11.1
103,0,3.3,255,29843,6090,29843,6090,3.7304,0.7613,NH3,10.9
104,0,3.3,255,29658,6052,29658,6052,3.7073,0.7566,NH3,10.7
105,0,3.3,255,29643,6049,29643,6049,3.7054,0.7562,NH3,10.7
106,0,3.3,255,29886,6099,29886,6099,3.7358,0.7624,NH3,10.9
107,0,3.3,255,29847,6091,29847,6091,3.7309,0.7614,NH3,10.9
108,0,3.3,255,29796,6080,29796,6080,3.7245,0.7601,NH3,10.9
109,0,3.3,255,29536,6028,29536,6028,3.6921,0.7535,NH3,10.6
110,0,3.3,255,29721,6065,29721,6065,3.7152,0.7582,NH3,10.8
111,0,3.3,255,29360,5992,29360,5992,3.6701,0.749,NH3,10.5
112,0,3.3,255,29651,6051,29651,6051,3.7064,0.7564,NH3,10.7
113,0,3.3,255,29517,6024,29517,6024,3.6897,0.753,NH3,10.6
114,0,3.3,255,29368,5993,29368,5993,3.6711,0.7492,NH3,10.5
115,0,3.3,255,29344,5988,29344,5988,3.6681,0.7486,NH3,10.5
116,0,3.3,255,29152,5949,29152,5949,3.6441,0.7437,NH3,10.3
117,0,3.3,255,29176,5954,29176,5954,3.6471,0.7443,NH3,10.3
118,0,3.3,255,29145,5948,29145,5948,3.6432,0.7435,NH3,10.3
119,0,3.3,255,29419,6004,29419,6004,3.6774,0.7505,NH3,10.5
120,0,3.3,255,29490,6018,29490,6018,3.6863,0.7523,NH3,10.6
121,0,3.3,255,29459,6012,29459,6012,3.6824,0.7515,NH3,10.6
122,0,3.3,255,29196,5958,29196,5958,3.6495,0.7448,NH3,10.3
123,0,3.3,255,29200,5959,29200,5959,3.65,0.7449,NH3,10.3
124,0,3.3,255,29137,5946,29137,5946,3.6422,0.7433,NH3,10.3
125,0,0.0,0,29039,5926,29039,5926,3.6299,0.7408,NH3,10.2
126,0,0.0,0,29106,5940,29106,5940,3.6383,0.7425,NH3,10.2
127,0,0.0,0,29404,6000,29404,6000,3.6755,0.7501,NH3,10.5
128,0,0.0,0,28988,5916,28988,5916,3.6236,0.7395,NH3,10.1
129,0,0.0,0,29106,5940,29106,5940,3.6383,0.7425,NH3,10.2
130,0,0.0,0,29333,5986,29333,5986,3.6667,0.7483,NH3,10.4
131,0,0.0,0,29102,5939,29102,5939,3.6378,0.7424,NH3,10.2
132,0,0.0,0,29466,6013,29466,6013,3.6833,0.7517,NH3,10.6
133,0,0.0,0,29416,6003,29416,6003,3.677,0.7504,NH3,10.5
134,0,0.0,0,29243,5968,29243,5968,3.6554,0.746,NH3,10.4
135,0,0.0,0,29521,6024,29521,6024,3.6902,0.7531,NH3,10.6
136,0,0.0,0,29156,5950,29156,5950,3.6446,0.7438,NH3,10.3
137,0,0.0,0,29568,6034,29568,6034,3.6961,0.7543,NH3,10.7
138,0,0.0,0,29596,6040,29596,6040,3.6995,0.755,NH3,10.7
139,0,0.0,0,29635,6048,29635,6048,3.7044,0.756,NH3,10.7
140,0,0.0,0,29670,6055,29670,6055,3.7088,0.7569,NH3,10.7
141,0,0.0,0,29733,6068,29733,6068,3.7167,0.7585,NH3,10.8
142,0,0.0,0,29466,6013,29466,6013,3.6833,0.7517,NH3,10.6
143,0,0.0,0,29474,6015,29474,6015,3.6843,0.7519,NH3,10.6
144,0,0.0,0,29639,6048,29639,6048,3.7049,0.7561,NH3,10.7
145,0,0.0,0,29721,6065,29721,6065,3.7152,0.7582,NH3,10.8
146,0,0.0,0,29740,6069,29740,6069,3.7176,0.7587,NH3,10.8
147,0,0.0,0,29968,6116,29968,6116,3.746,0.7645,NH3,11.0
148,0,0.0,0,29905,6103,29905,6103,3.7382,0.7629,NH3,11.0
149,0,0.0,0,29709,6063,29709,6063,3.7137,0.7579,NH3,10.8
150,0,0.0,0,29936,6109,29936,6109,3.7421,0.7637,NH3,11.0
151,0,0.0,0,30043,6131,30043,6131,3.7554,0.7664,NH3,11.1
152,0,0.0,0,30278,6179,30278,6179,3.7848,0.7724,NH3,11.3
153,0,0.0,0,29948,6112,29948,6112,3.7436,0.764,NH3,11.0
154,0,0.0,0,30380,6200,30380,6200,3.7975,0.775,NH3,11.4
155,0,0.0,0,30388,6201,30388,6201,3.7985,0.7752,NH3,11.4
156,0,0.0,0,30340,6192,30340,6192,3.7926,0.774,NH3,11.3
157,0,0.0,0,30266,6176,30266,6176,3.7833,0.7721,NH3,11.3
158,0,0.0,0,30392,6202,30392,6202,3.799,0.7753,NH3,11.4
159,0,0.0,0,30642,6253,30642,6253,3.8303,0.7817,NH3,11.6
160,0,0.0,0,30493,6223,30493,6223,3.8117,0.7779,NH3,11.5
161,0,0.0,0,30520,6228,30520,6228,3.8151,0.7786,NH3,11.5
162,0,0.0,0,30646,6254,30646,6254,3.8308,0.7818,NH3,11.6
163,0,0.0,0,31069,6340,31069,6340,3.8837,0.7926,NH3,12.0
164,0,0.0,0,30901,6306,30901,6306,3.8627,0.7883,NH3,11.8
165,0,0.0,0,30799,6285,30799,6285,3.8499,0.7857,NH3,11.7
166,0,0.0,0,30877,6301,30877,6301,3.8597,0.7877,NH3,11.8
167,0,0.0,0,31046,6336,31046,6336,3.8808,0.792,NH3,12.0
168,0,0.0,0,31446,6417,31446,6417,3.9308,0.8022,NH3,12.3
169,0,0.0,0,31380,6404,31380,6404,3.9225,0.8005,NH3,12.3
170,0,0.0,0,31638,6456,31638,6456,3.9548,0.8071,NH3,12.5
171,0,0.0,0,31736,6476,31736,6476,3.967,0.8096,NH3,12.6
172,0,0.0,0,31830,6496,31830,6496,3.9788,0.812,NH3,12.7
173,0,0.0,0,31908,6512,31908,6512,3.9886,0.814,NH3,12.7
174,0,0.0,0,31716,6472,31716,6472,3.9646,0.8091,NH3,12.6
175,0,0.0,0,31975,6525,31975,6525,3.9969,0.8157,NH3,12.8
176,0,0.0,0,32085,6548,32085,6548,4.0107,0.8185,NH3,12.9
177,0,0.0,0,32042,6539,32042,6539,4.0053,0.8174,NH3,12.9
178,0,0.0,0,32022,6535,32022,6535,4.0028,0.8169,NH3,12.8
179,0,0.0,0,32449,6622,32449,6622,4.0562,0.8278,NH3,13.2
180,0,0.0,0,32164,6564,32164,6564,4.0205,0.8205,NH3,13.0
181,0,0.0,0,32284,6588,32284,6588,4.0356,0.8236,NH3,13.1
182,0,0.0,0,32752,6684,32752,6684,4.094,0.8355,NH3,13.5
183,0,0.0,0,32720,6677,32720,6677,4.09,0.8347,NH3,13.5
184,0,0.0,0,32752,6684,32752,6684,4.094,0.8355,NH3,13.5
185,0,0.0,0,33080,6751,33080,6751,4.1351,0.8439,NH3,13.8
186,0,0.0,0,33179,6771,33179,6771,4.1474,0.8464,NH3,13.9
187,0,0.0,0,33268,6789,33268,6789,4.1586,0.8487,NH3,14.0
188,0,0.0,0,33320,6800,33320,6800,4.165,0.85,NH3,14.0
189,0,0.0,0,33237,6783,33237,6783,4.1547,0.8479,NH3,13.9
190,0,0.0,0,33233,6782,33233,6782,4.1542,0.8478,NH3,13.9
191,0,0.0,0,33355,6807,33355,6807,4.1694,0.8509,NH3,14.0
192,0,0.0,0,33751,6888,33751,6888,4.2189,0.861,NH3,14.4
193,0,0.0,0,33582,6853,33582,6853,4.1978,0.8567,NH3,14.2
82,0,3.3,255,31226,6372,31226,6372,3.9033,0.7966,NH3,12.1
83,0,3.3,255,31368,6401,31368,6401,3.921,0.8002,NH3,12.3
84,0,3.3,255,31038,6334,31038,6334,3.8798,0.7918,NH3,12.0
85,0,3.3,255,30936,6313,30936,6313,3.8671,0.7892,NH3,11.9
86,0,3.3,255,31160,6359,31160,6359,3.895,0.7949,NH3,12.1
87,0,3.3,255,30964,6319,30964,6319,3.8705,0.7899,NH3,11.9
88,0,3.3,255,30776,6280,30776,6280,3.847,0.7851,NH3,11.7
89,0,3.3,255,30536,6232,30536,6232,3.8171,0.779,NH3,11.5
90,0,3.3,255,30560,6236,30560,6236,3.82,0.7796,NH3,11.5
91,0,3.3,255,30384,6200,30384,6200,3.798,0.7751,NH3,11.4
92,0,3.3,255,30313,6186,30313,6186,3.7892,0.7733,NH3,11.3
93,0,3.3,255,30321,6188,30321,6188,3.7902,0.7735,NH3,11.3
94,0,3.3,255,30285,6180,30285,6180,3.7857,0.7726,NH3,11.3
95,0,3.3,255,30270,6177,30270,6177,3.7838,0.7722,NH3,11.3
96,0,3.3,255,30164,6156,30164,6156,3.7706,0.7695,NH3,11.2
97,0,3.3,255,30392,6202,30392,6202,3.799,0.7753,NH3,11.4
98,0,3.3,255,29976,6117,29976,6117,3.747,0.7647,NH3,11.0
99,0,3.3,255,29964,6115,29964,6115,3.7456,0.7644,NH3,11.0
100,0,3.3,255,29784,6078,29784,6078,3.723,0.7598,NH3,10.8
101,0,3.3,255,30148,6152,30148,6152,3.7686,0.7691,NH3,11.2
102,0,3.3,255,30093,6141,30093,6141,3.7617,0.7677,NH3,11.1
103,0,3.3,255,29843,6090,29843,6090,3.7304,0.7613,NH3,10.9
104,0,3.3,255,29658,6052,29658,6052,3.7073,0.7566,NH3,10.7
105,0,3.3,255,29643,6049,29643,6049,3.7054,0.7562,NH3,10.7
106,0,3.3,255,29886,6099,29886,6099,3.7358,0.7624,NH3,10.9
107,0,3.3,255,29847,6091,29847,6091,3.7309,0.7614,NH3,10.9
108,0,3.3,255,29796,6080,29796,6080,3.7245,0.7601,NH3,10.9
109,0,3.3,255,29536,6028,29536,6028,3.6921,0.7535,NH3,10.6
110,0,3.3,255,29721,6065,29721,6065,3.7152,0.7582,NH3,10.8
111,0,3.3,255,29360,5992,29360,5992,3.6701,0.749,NH3,10.5
112,0,3.3,255,29651,6051,29651,6051,3.7064,0.7564,NH3,10.7
113,0,3.3,255,29517,6024,29517,6024,3.6897,0.753,NH3,10.6
114,0,3.3,255,29368,5993,29368,5993,3.6711,0.7492,NH3,10.5
115,0,3.3,255,29344,5988,29344,5988,3.6681,0.7486,NH3,10.5
116,0,3.3,255,29152,5949,29152,5949,3.6441,0.7437,NH3,10.3
117,0,3.3,255,29176,5954,29176,5954,3.6471,0.7443,NH3,10.3
118,0,3.3,255,29145,5948,29145,5948,3.6432,0.7435,NH3,10.3
119,0,3.3,255,29419,6004,29419,6004,3.6774,0.7505,NH3,10.5
120,0,3.3,255,29490,6018,29490,6018,3.6863,0.7523,NH3,10.6
121,0,3.3,255,29459,6012,29459,6012,3.6824,0.7515,NH3,10.6
122,0,3.3,255,29196,5958,29196,5958,3.6495,0.7448,NH3,10.3
123,0,3.3,255,29200,5959,29200,5959,3.65,0.7449,NH3,10.3
124,0,3.3,255,29137,5946,29137,5946,3.6422,0.7433,NH3,10.3
125,0,0.0,0,29039,5926,29039,5926,3.6299,0.7408,NH3,10.2
126,0,0.0,0,29106,5940,29106,5940,3.6383,0.7425,NH3,10.2
127,0,0.0,0,29404,6000,29404,6000,3.6755,0.7501,NH3,10.5
128,0,0.0,0,28988,5916,28988,5916,3.6236,0.7395,NH3,10.1
129,0,0.0,0,29106,5940,29106,5940,3.6383,0.7425,NH3,10.2
130,0,0.0,0,29333,5986,29333,5986,3.6667,0.7483,NH3,10.4
131,0,0.0,0,29102,5939,29102,5939,3.6378,0.7424,NH3,10.2
132,0,0.0,0,29466,6013,29466,6013,3.6833,0.7517,NH3,10.6
133,0,0.0,0,29416,6003,29416,6003,3.677,0.7504,NH3,10.5
134,0,0.0,0,29243,5968,29243,5968,3.6554,0.746,NH3,10.4
135,0,0.0,0,29521,6024,29521,6024,3.6902,0.7531,NH3,10.6
136,0,0.0,0,29156,5950,29156,5950,3.6446,0.7438,NH3,10.3
137,0,0.0,0,29568,6034,29568,6034,3.6961,0.7543,NH3,10.7
138,0,0.0,0,29596,6040,29596,6040,3.6995,0.755,NH3,10.7
139,0,0.0,0,29635,6048,29635,6048,3.7044,0.756,NH3,10.7
140,0,0.0,0,29670,6055,29670,6055,3.7088,0.7569,NH3,10.7
141,0,0.0,0,29733,6068,29733,6068,3.7167,0.7585,NH3,10.8
142,0,0.0,0,29466,6013,29466,6013,3.6833,0.7517,NH3,10.6
143,0,0.0,0,29474,6015,29474,6015,3.6843,0.7519,NH3,10.6
144,0,0.0,0,29639,6048,29639,6048,3.7049,0.7561,NH3,10.7
145,0,0.0,0,29721,6065,29721,6065,3.7152,0.7582,NH3,10.8
146,0,0.0,0,29740,6069,29740,6069,3.7176,0.7587,NH3,10.8
147,0,0.0,0,29968,6116,29968,6116,3.746,0.7645,NH3,11.0
148,0,0.0,0,29905,6103,29905,6103,3.7382,0.7629,NH3,11.0
149,0,0.0,0,29709,6063,29709,6063,3.7137,0.7579,NH3,10.8
150,0,0.0,0,29936,6109,29936,6109,3.7421,0.7637,NH3,11.0
151,0,0.0,0,30043,6131,30043,6131,3.7554,0.7664,NH3,11.1
152,0,0.0,0,30278,6179,30278,6179,3.7848,0.7724,NH3,11.3
153,0,0.0,0,29948,6112,29948,6112,3.7436,0.764,NH3,11.0
154,0,0.0,0,30380,6200,30380,6200,3.7975,0.775,NH3,11.4
155,0,0.0,0,30388,6201,30388,6201,3.7985,0.7752,NH3,11.4
156,0,0.0,0,30340,6192,30340,6192,3.7926,0.774,NH3,11.3
157,0,0.0,0,30266,6176,30266,6176,3.7833,0.7721,NH3,11.3
158,0,0.0,0,30392,6202,30392,6202,3.799,0.7753,NH3,11.4
159,0,0.0,0,30642,6253,30642,6253,3.8303,0.7817,NH3,11.6
160,0,0.0,0,30493,6223,30493,6223,3.8117,0.7779,NH3,11.5
161,0,0.0,0,30520,6228,30520,6228,3.8151,0.7786,NH3,11.5
162,0,0.0,0,30646,6254,30646,6254,3.8308,0.7818,NH3,11.6
163,0,0.0,0,31069,6340,31069,6340,3.8837,0.7926,NH3,12.0
164,0,0.0,0,30901,6306,30901,6306,3.8627,0.7883,NH3,11.8
165,0,0.0,0,30799,6285,30799,6285,3.8499,0.7857,NH3,11.7
166,0,0.0,0,30877,6301,30877,6301,3.8597,0.7877,NH3,11.8
167,0,0.0,0,31046,6336,31046,6336,3.8808,0.792,NH3,12.0
168,0,0.0,0,31446,6417,31446,6417,3.9308,0.8022,NH3,12.3
169,0,0.0,0,31380,6404,31380,6404,3.9225,0.8005,NH3,12.3
170,0,0.0,0,31638,6456,31638,6456,3.9548,0.8071,NH3,12.5
171,0,0.0,0,31736,6476,31736,6476,3.967,0.8096,NH3,12.6
172,0,0.0,0,31830,6496,31830,6496,3.9788,0.812,NH3,12.7
173,0,0.0,0,31908,6512,31908,6512,3.9886,0.814,NH3,12.7
174,0,0.0,0,31716,6472,31716,6472,3.9646,0.8091,NH3,12.6
175,0,0.0,0,31975,6525,31975,6525,3.9969,0.8157,NH3,12.8
176,0,0.0,0,32085,6548,32085,6548,4.0107,0.8185,NH3,12.9
177,0,0.0,0,32042,6539,32042,6539,4.0053,0.8174,NH3,12.9
178,0,0.0,0,32022,6535,32022,6535,4.0028,0.8169,NH3,12.8
179,0,0.0,0,32449,6622,32449,6622,4.0562,0.8278,NH3,13.2
180,0,0.0,0,32164,6564,32164,6564,4.0205,0.8205,NH3,13.0
181,0,0.0,0,32284,6588,32284,6588,4.0356,0.8236,NH3,13.1
182,0,0.0,0,32752,6684,32752,6684,4.094,0.8355,NH3,13.5
183,0,0.0,0,32720,6677,32720,6677,4.09,0.8347,NH3,13.5
184,0,0.0,0,32752,6684,32752,6684,4.094,0.8355,NH3,13.5
185,0,0.0,0,33080,6751,33080,6751,4.1351,0.8439,NH3,13.8
186,0,0.0,0,33179,6771,33179,6771,4.1474,0.8464,NH3,13.9
187,0,0.0,0,33268,6789,33268,6789,4.1586,0.8487,NH3,14.0
188,0,0.0,0,33320,6800,33320,6800,4.165,0.85,NH3,14.0
189,0,0.0,0,33237,6783,33237,6783,4.1547,0.8479,NH3,13.9
190,0,0.0,0,33233,6782,33233,6782,4.1542,0.8478,NH3,13.9
191,0,0.0,0,33355,6807,33355,6807,4.1694,0.8509,NH3,14.0
192,0,0.0,0,33751,6888,33751,6888,4.2189,0.861,NH3,14.4
193,0,0.0,0,33582,6853,33582,6853,4.1978,0.8567,NH3,14.2
194,0,0.0,0,33825,6903,33825,6903,4.2282,0.8629,NH3,14.5
195,0,0.0,0,33696,6876,33696,6876,4.212,0.8596,NH3,14.3
196,0,0.0,0,34104,6960,34104,6960,4.263,0.87,NH3,14.7
197,0,0.0,0,33841,6906,33841,6906,4.2302,0.8633,NH3,14.5
198,0,0.0,0,34280,6996,34280,6996,4.2851,0.8745,NH3,14.9
199,0,0.0,0,34045,6948,34045,6948,4.2557,0.8685,NH3,14.6
200,0,0.0,0,34531,7047,34531,7047,4.3164,0.8809,NH3,15.1
201,0,0.0,0,34613,7064,34613,7064,4.3267,0.883,NH3,15.2
202,0,0.0,0,34272,6994,34272,6994,4.2841,0.8743,NH3,14.9
203,0,0.0,0,34515,7044,34515,7044,4.3144,0.8805,NH3,15.1
204,0,0.0,0,34594,7060,34594,7060,4.3243,0.8825,NH3,15.1
205,0,0.0,0,34970,7136,34970,7136,4.3713,0.8921,NH3,15.5
206,0,0.0,0,34758,7093,34758,7093,4.3448,0.8867,NH3,15.3
207,0,0.0,0,34754,7092,34754,7092,4.3443,0.8866,NH3,15.3
208,0,0.0,0,34935,7129,34935,7129,4.3669,0.8912,NH3,15.4
82,0,3.3,255,31226,6372,31226,6372,3.9033,0.7966,NH3,12.1
83,0,3.3,255,31368,6401,31368,6401,3.921,0.8002,NH3,12.3
84,0,3.3,255,31038,6334,31038,6334,3.8798,0.7918,NH3,12.0
85,0,3.3,255,30936,6313,30936,6313,3.8671,0.7892,NH3,11.9
86,0,3.3,255,31160,6359,31160,6359,3.895,0.7949,NH3,12.1
87,0,3.3,255,30964,6319,30964,6319,3.8705,0.7899,NH3,11.9
88,0,3.3,255,30776,6280,30776,6280,3.847,0.7851,NH3,11.7
89,0,3.3,255,30536,6232,30536,6232,3.8171,0.779,NH3,11.5
90,0,3.3,255,30560,6236,30560,6236,3.82,0.7796,NH3,11.5
91,0,3.3,255,30384,6200,30384,6200,3.798,0.7751,NH3,11.4
92,0,3.3,255,30313,6186,30313,6186,3.7892,0.7733,NH3,11.3
93,0,3.3,255,30321,6188,30321,6188,3.7902,0.7735,NH3,11.3
94,0,3.3,255,30285,6180,30285,6180,3.7857,0.7726,NH3,11.3
95,0,3.3,255,30270,6177,30270,6177,3.7838,0.7722,NH3,11.3
96,0,3.3,255,30164,6156,30164,6156,3.7706,0.7695,NH3,11.2
97,0,3.3,255,30392,6202,30392,6202,3.799,0.7753,NH3,11.4
98,0,3.3,255,29976,6117,29976,6117,3.747,0.7647,NH3,11.0
99,0,3.3,255,29964,6115,29964,6115,3.7456,0.7644,NH3,11.0
100,0,3.3,255,29784,6078,29784,6078,3.723,0.7598,NH3,10.8
101,0,3.3,255,30148,6152,30148,6152,3.7686,0.7691,NH3,11.2
102,0,3.3,255,30093,6141,30093,6141,3.7617,0.7677,NH3,11.1
103,0,3.3,255,29843,6090,29843,6090,3.7304,0.7613,NH3,10.9
104,0,3.3,255,29658,6052,29658,6052,3.7073,0.7566,NH3,10.7
105,0,3.3,255,29643,6049,29643,6049,3.7054,0.7562,NH3,10.7
106,0,3.3,255,29886,6099,29886,6099,3.7358,0.7624,NH3,10.9
107,0,3.3,255,29847,6091,29847,6091,3.7309,0.7614,NH3,10.9
108,0,3.3,255,29796,6080,29796,6080,3.7245,0.7601,NH3,10.9
109,0,3.3,255,29536,6028,29536,6028,3.6921,0.7535,NH3,10.6
110,0,3.3,255,29721,6065,29721,6065,3.7152,0.7582,NH3,10.8
111,0,3.3,255,29360,5992,29360,5992,3.6701,0.749,NH3,10.5
112,0,3.3,255,29651,6051,29651,6051,3.7064,0.7564,NH3,10.7
113,0,3.3,255,29517,6024,29517,6024,3.6897,0.753,NH3,10.6
114,0,3.3,255,29368,5993,29368,5993,3.6711,0.7492,NH3,10.5
115,0,3.3,255,29344,5988,29344,5988,3.6681,0.7486,NH3,10.5
116,0,3.3,255,29152,5949,29152,5949,3.6441,0.7437,NH3,10.3
117,0,3.3,255,29176,5954,29176,5954,3.6471,0.7443,NH3,10.3
118,0,3.3,255,29145,5948,29145,5948,3.6432,0.7435,NH3,10.3
119,0,3.3,255,29419,6004,29419,6004,3.6774,0.7505,NH3,10.5
120,0,3.3,255,29490,6018,29490,6018,3.6863,0.7523,NH3,10.6
121,0,3.3,255,29459,6012,29459,6012,3.6824,0.7515,NH3,10.6
122,0,3.3,255,29196,5958,29196,5958,3.6495,0.7448,NH3,10.3
123,0,3.3,255,29200,5959,29200,5959,3.65,0.7449,NH3,10.3
124,0,3.3,255,29137,5946,29137,5946,3.6422,0.7433,NH3,10.3
125,0,0.0,0,29039,5926,29039,5926,3.6299,0.7408,NH3,10.2
126,0,0.0,0,29106,5940,29106,5940,3.6383,0.7425,NH3,10.2
127,0,0.0,0,29404,6000,29404,6000,3.6755,0.7501,NH3,10.5
128,0,0.0,0,28988,5916,28988,5916,3.6236,0.7395,NH3,10.1
129,0,0.0,0,29106,5940,29106,5940,3.6383,0.7425,NH3,10.2
130,0,0.0,0,29333,5986,29333,5986,3.6667,0.7483,NH3,10.4
131,0,0.0,0,29102,5939,29102,5939,3.6378,0.7424,NH3,10.2
132,0,0.0,0,29466,6013,29466,6013,3.6833,0.7517,NH3,10.6
133,0,0.0,0,29416,6003,29416,6003,3.677,0.7504,NH3,10.5
134,0,0.0,0,29243,5968,29243,5968,3.6554,0.746,NH3,10.4
135,0,0.0,0,29521,6024,29521,6024,3.6902,0.7531,NH3,10.6
136,0,0.0,0,29156,5950,29156,5950,3.6446,0.7438,NH3,10.3
137,0,0.0,0,29568,6034,29568,6034,3.6961,0.7543,NH3,10.7
138,0,0.0,0,29596,6040,29596,6040,3.6995,0.755,NH3,10.7
139,0,0.0,0,29635,6048,29635,6048,3.7044,0.756,NH3,10.7
140,0,0.0,0,29670,6055,29670,6055,3.7088,0.7569,NH3,10.7
141,0,0.0,0,29733,6068,29733,6068,3.7167,0.7585,NH3,10.8
142,0,0.0,0,29466,6013,29466,6013,3.6833,0.7517,NH3,10.6
143,0,0.0,0,29474,6015,29474,6015,3.6843,0.7519,NH3,10.6
144,0,0.0,0,29639,6048,29639,6048,3.7049,0.7561,NH3,10.7
145,0,0.0,0,29721,6065,29721,6065,3.7152,0.7582,NH3,10.8
146,0,0.0,0,29740,6069,29740,6069,3.7176,0.7587,NH3,10.8
147,0,0.0,0,29968,6116,29968,6116,3.746,0.7645,NH3,11.0
148,0,0.0,0,29905,6103,29905,6103,3.7382,0.7629,NH3,11.0
149,0,0.0,0,29709,6063,29709,6063,3.7137,0.7579,NH3,10.8
150,0,0.0,0,29936,6109,29936,6109,3.7421,0.7637,NH3,11.0
151,0,0.0,0,30043,6131,30043,6131,3.7554,0.7664,NH3,11.1
152,0,0.0,0,30278,6179,30278,6179,3.7848,0.7724,NH3,11.3
153,0,0.0,0,29948,6112,29948,6112,3.7436,0.764,NH3,11.0
154,0,0.0,0,30380,6200,30380,6200,3.7975,0.775,NH3,11.4
155,0,0.0,0,30388,6201,30388,6201,3.7985,0.7752,NH3,11.4
156,0,0.0,0,30340,6192,30340,6192,3.7926,0.774,NH3,11.3
157,0,0.0,0,30266,6176,30266,6176,3.7833,0.7721,NH3,11.3
158,0,0.0,0,30392,6202,30392,6202,3.799,0.7753,NH3,11.4
159,0,0.0,0,30642,6253,30642,6253,3.8303,0.7817,NH3,11.6
160,0,0.0,0,30493,6223,30493,6223,3.8117,0.7779,NH3,11.5
161,0,0.0,0,30520,6228,30520,6228,3.8151,0.7786,NH3,11.5
162,0,0.0,0,30646,6254,30646,6254,3.8308,0.7818,NH3,11.6
163,0,0.0,0,31069,6340,31069,6340,3.8837,0.7926,NH3,12.0
164,0,0.0,0,30901,6306,30901,6306,3.8627,0.7883,NH3,11.8
165,0,0.0,0,30799,6285,30799,6285,3.8499,0.7857,NH3,11.7
166,0,0.0,0,30877,6301,30877,6301,3.8597,0.7877,NH3,11.8
167,0,0.0,0,31046,6336,31046,6336,3.8808,0.792,NH3,12.0
168,0,0.0,0,31446,6417,31446,6417,3.9308,0.8022,NH3,12.3
169,0,0.0,0,31380,6404,31380,6404,3.9225,0.8005,NH3,12.3
170,0,0.0,0,31638,6456,31638,6456,3.9548,0.8071,NH3,12.5
171,0,0.0,0,31736,6476,31736,6476,3.967,0.8096,NH3,12.6
172,0,0.0,0,31830,6496,31830,6496,3.9788,0.812,NH3,12.7
173,0,0.0,0,31908,6512,31908,6512,3.9886,0.814,NH3,12.7
174,0,0.0,0,31716,6472,31716,6472,3.9646,0.8091,NH3,12.6
175,0,0.0,0,31975,6525,31975,6525,3.9969,0.8157,NH3,12.8
176,0,0.0,0,32085,6548,32085,6548,4.0107,0.8185,NH3,12.9
177,0,0.0,0,32042,6539,32042,6539,4.0053,0.8174,NH3,12.9
178,0,0.0,0,32022,6535,32022,6535,4.0028,0.8169,NH3,12.8
179,0,0.0,0,32449,6622,32449,6622,4.0562,0.8278,NH3,13.2
180,0,0.0,0,32164,6564,32164,6564,4.0205,0.8205,NH3,13.0
181,0,0.0,0,32284,6588,32284,6588,4.0356,0.8236,NH3,13.1
182,0,0.0,0,32752,6684,32752,6684,4.094,0.8355,NH3,13.5
183,0,0.0,0,32720,6677,32720,6677,4.09,0.8347,NH3,13.5
184,0,0.0,0,32752,6684,32752,6684,4.094,0.8355,NH3,13.5
185,0,0.0,0,33080,6751,33080,6751,4.1351,0.8439,NH3,13.8
186,0,0.0,0,33179,6771,33179,6771,4.1474,0.8464,NH3,13.9
187,0,0.0,0,33268,6789,33268,6789,4.1586,0.8487,NH3,14.0
188,0,0.0,0,33320,6800,33320,6800,4.165,0.85,NH3,14.0
189,0,0.0,0,33237,6783,33237,6783,4.1547,0.8479,NH3,13.9
190,0,0.0,0,33233,6782,33233,6782,4.1542,0.8478,NH3,13.9
191,0,0.0,0,33355,6807,33355,6807,4.1694,0.8509,NH3,14.0
192,0,0.0,0,33751,6888,33751,6888,4.2189,0.861,NH3,14.4
193,0,0.0,0,33582,6853,33582,6853,4.1978,0.8567,NH3,14.2
194,0,0.0,0,33825,6903,33825,6903,4.2282,0.8629,NH3,14.5
195,0,0.0,0,33696,6876,33696,6876,4.212,0.8596,NH3,14.3
196,0,0.0,0,34104,6960,34104,6960,4.263,0.87,NH3,14.7
197,0,0.0,0,33841,6906,33841,6906,4.2302,0.8633,NH3,14.5
198,0,0.0,0,34280,6996,34280,6996,4.2851,0.8745,NH3,14.9
199,0,0.0,0,34045,6948,34045,6948,4.2557,0.8685,NH3,14.6
200,0,0.0,0,34531,7047,34531,7047,4.3164,0.8809,NH3,15.1
201,0,0.0,0,34613,7064,34613,7064,4.3267,0.883,NH3,15.2
202,0,0.0,0,34272,6994,34272,6994,4.2841,0.8743,NH3,14.9
203,0,0.0,0,34515,7044,34515,7044,4.3144,0.8805,NH3,15.1
204,0,0.0,0,34594,7060,34594,7060,4.3243,0.8825,NH3,15.1
205,0,0.0,0,34970,7136,34970,7136,4.3713,0.8921,NH3,15.5
206,0,0.0,0,34758,7093,34758,7093,4.3448,0.8867,NH3,15.3
207,0,0.0,0,34754,7092,34754,7092,4.3443,0.8866,NH3,15.3
208,0,0.0,0,34935,7129,34935,7129,4.3669,0.8912,NH3,15.4